plant_id,id,leaf_length,leaf_angle,droopiness,distance,leaf_width,azimuth_deg
synth_lf_0000,0,0.24050897413735378,57.339483720771455,-83.24482743167091,0.032644291487835944,0.0324770286849303,347.85933812850357
synth_lf_0000,1,0.2525230901243515,72.84818848117649,-135.49618110913903,0.09802614764084264,0.0324770286849303,235.58267178316112
synth_lf_0000,2,0.22217359168384865,48.430718042370735,-71.21486481677762,0.0988249879986079,0.0324770286849303,348.66969022510636
synth_lf_0000,3,0.23584164279216335,67.38408426562599,-90.26076563083421,0.042754614099880996,0.0324770286849303,223.49371647069256
synth_lf_0000,4,0.3141180912502771,51.76936470476093,-71.66323587095954,0.07374079104277559,0.0324770286849303,9.415510186590495
synth_lf_0000,5,0.22956384109644398,85.40994883890198,-81.94440060132887,0.018842588241540077,0.0324770286849303,130.3017846343172
synth_lf_0000,6,0.5101195701601018,50.42992462018424,56.205654682621336,0.048722878524931144,0.0324770286849303,28.216574825452426
synth_lf_0001,0,0.3090896850527403,70.44623901409213,-63.598415894742075,0.06577065926308491,0.04457650189788912,345.8847241698057
synth_lf_0001,1,0.217958730617837,46.52992520204305,-6.958297363446334,0.047795694404321305,0.04457650189788912,176.77715507090278
synth_lf_0001,2,0.41017222542030296,45.83902081721078,62.822007634135744,0.10280508237232353,0.04457650189788912,37.05716044877238
synth_lf_0001,3,0.2842591333706846,45.572363263092384,9.003211367189401,0.055025306575770955,0.04457650189788912,216.8574082061034
synth_lf_0001,4,0.30024105448043786,78.84373643942499,-85.4834736864857,0.019010989036367637,0.04457650189788912,10.297506838918366
synth_lf_0001,5,0.4839928503939688,66.4326181626803,-30.888743027217423,0.032995869819229945,0.04457650189788912,163.07344161121057
synth_lf_0002,0,0.2792621460815869,88.0,-101.23082689978828,0.05806371084507988,0.05205971647436812,1.8944519914144484
synth_lf_0002,1,0.11549603952327883,57.95991426866887,-78.54967211300584,0.038633500615737566,0.05205971647436812,131.571187370865
synth_lf_0002,2,0.2841899785764877,61.32313510627822,-108.63062244960922,0.017778533687272426,0.05205971647436812,322.40025036001504
synth_lf_0002,3,0.3196925639075767,83.09934405278375,-10.541995359373999,0.0032500000000000003,0.05205971647436812,126.14208613281204
synth_lf_0002,4,0.31751656028159336,57.06607985997917,-18.851485252992614,0.017612470951316617,0.05205971647436812,6.487237799343347
synth_lf_0002,5,0.3761611287122737,88.0,15.717760491036842,0.021022087137892238,0.05205971647436812,190.06551179216228
synth_lf_0003,0,0.05,57.46220091858174,-105.62175070119143,0.0730328057882345,0.02223957704271269,15.73647737108048
synth_lf_0003,1,0.16345170550461371,75.12536748880723,-40.59671647885622,0.02271887018573895,0.02223957704271269,184.67890174274484
synth_lf_0003,2,0.39904720001705496,88.0,-22.3191415382396,0.024412791170626603,0.02223957704271269,350.0782417810319
synth_lf_0003,3,0.18090521968012874,79.4640027082432,-161.9750124222868,0.054017802230293954,0.02223957704271269,179.1685036935694
synth_lf_0003,4,0.18210335816785744,65.04680645799974,-29.565556579871636,0.005,0.02223957704271269,23.990822654994872
synth_lf_0003,5,0.4300536506624356,72.47524279601362,-37.276158682356424,0.04637442981407404,0.02223957704271269,191.53719343454316
synth_lf_0003,6,0.31895182708429304,77.58438379422125,-63.15501027542825,0.03302755957440474,0.02223957704271269,323.16366177463647
synth_lf_0004,0,0.19025279631582664,71.00407920972347,-40.58787606042577,0.013675835763501315,0.06944967717639602,10.077817170106158
synth_lf_0004,1,0.43542380909863776,52.96813763208178,-121.219613786551,0.051721639302678216,0.06944967717639602,198.8043917926982
synth_lf_0004,2,0.2944591534810372,88.0,-46.97154835079722,0.005,0.06944967717639602,53.64345453283869
synth_lf_0004,3,0.19491925070798877,75.80572951013436,-62.9077647992147,0.060606139197234385,0.06944967717639602,171.24276535459012
synth_lf_0004,4,0.31620782522109847,65.71573883856428,3.8412711990607136,0.02931247465504219,0.06944967717639602,341.87759665909846
synth_lf_0004,5,0.28224838954010006,88.0,-16.182682581208507,0.012550719055004744,0.06944967717639602,205.36467139952993
synth_lf_0004,6,0.16622653916052005,81.63627752455521,-110.09103330809492,0.04280216574128235,0.06944967717639602,40.89666503527474
synth_lf_0005,0,0.08297051673066366,46.74194657358851,51.00146247044985,0.005,0.039356581434136645,10.739267668435929
synth_lf_0005,1,0.17669912843602523,58.51745826635003,-84.80714552008153,0.02630203585315236,0.039356581434136645,227.48654313051935
synth_lf_0005,2,0.2578929448256767,59.19803034007117,-88.7647326613062,0.04306569671822102,0.039356581434136645,14.228445805464844
synth_lf_0005,3,0.19083736066086832,57.886805384470385,-12.530363089433749,0.0037639697937599226,0.039356581434136645,158.84259130370492
synth_lf_0005,4,0.20485663439171892,58.22816982381771,89.77241433029445,0.007838582808111196,0.039356581434136645,2.4395131418574465
synth_lf_0005,5,0.3073487039256754,73.79248361747656,-11.793896718269618,0.026736677524822346,0.039356581434136645,221.43296498530617
synth_lf_0006,0,0.2379410753306753,44.05705487774769,-115.88146194506243,0.12327784262706558,0.021587625997969262,21.556935856460363
synth_lf_0006,1,0.2654752145052976,54.08100976634851,-203.45644387479803,0.10610731365703555,0.021587625997969262,210.65209956983935
synth_lf_0006,2,0.28254533238405477,56.10281117647831,-191.39744978299888,0.046800646959976606,0.021587625997969262,297.36475881406517
synth_lf_0006,3,0.5001998588754593,62.33470936858453,-127.25864079980262,0.04282934566540598,0.021587625997969262,223.74265803241792
synth_lf_0006,4,0.2238049544783161,69.21424545820325,-108.62940925056617,0.05274579678139853,0.021587625997969262,26.110415636348762
synth_lf_0006,5,0.4581057001282435,66.79270164813555,-83.61057164950864,0.03741872982993502,0.021587625997969262,204.34688530934864
synth_lf_0006,6,0.23951311285732274,77.17456905080559,-66.31502750650432,0.0032500000000000003,0.021587625997969262,54.88466579291344
synth_lf_0007,0,0.17808666656652433,48.33920514962187,-132.68458508575864,0.01901641511854466,0.03800896623805019,13.965176453470926
synth_lf_0007,1,0.18007291555423321,37.24495643640315,-163.4170355713418,0.031397813150094975,0.03800896623805019,133.13018477069633
synth_lf_0007,2,0.10399785713521553,46.18606888026004,-10.171242656660773,0.005,0.03800896623805019,36.29992632145644
synth_lf_0007,3,0.29699048730601585,85.96493847424041,-81.67768224890375,0.04555924743840245,0.03800896623805019,238.3511916291626
synth_lf_0007,4,0.3369701742568213,80.65253283832315,-3.159842413106002,0.03321986063929869,0.03800896623805019,354.13267958216886
synth_lf_0007,5,0.12480999127994316,68.92325574139954,-6.298113816829904,0.04299156702127546,0.03800896623805019,181.52203266581046
synth_lf_0007,6,0.4134818323239491,76.73320126576768,-92.7951192185257,0.024866254867334577,0.03800896623805019,299.78895807970434
synth_lf_0008,0,0.23454169418611948,48.089403971914024,-134.14274344986796,0.1396126915872664,0.042494724309543035,2.812640045888066
synth_lf_0008,1,0.4277103937167489,63.41470513659505,-163.5554743601967,0.039962568536516196,0.042494724309543035,186.5575223270531
synth_lf_0008,2,0.4269575131175154,48.708660849691725,-47.00118586748731,0.09688465631886942,0.042494724309543035,345.025700161327
synth_lf_0008,3,0.500980937768705,72.82751878988928,-148.52005027001755,0.0683659994442313,0.042494724309543035,185.0938828373629
synth_lf_0008,4,0.4141709931252418,64.84514678232112,-50.42718707733464,0.06534332560893007,0.042494724309543035,15.218969313890398
synth_lf_0008,5,0.2850175901289989,84.68131525156154,-101.05763086856507,0.05653965618358078,0.042494724309543035,199.75619788701158
synth_lf_0008,6,0.4404804741884609,88.0,-67.58214430589096,0.059637540748305955,0.042494724309543035,357.0731909517792
synth_lf_0008,7,0.3623402326547717,88.0,26.369312196962554,0.05599187698283222,0.042494724309543035,193.27352717542908
synth_lf_0009,0,0.23730990599311608,40.22439501171473,-181.69235353170416,0.007732894766371304,0.0377729433066736,320.2112463595579
synth_lf_0009,1,0.38952691254052474,40.26809164242177,-160.49619474659116,0.005,0.0377729433066736,191.67407354831516
synth_lf_0009,2,0.5343968057293853,61.991177044840555,-199.5687311526134,0.006429750156338749,0.0377729433066736,18.72885868012912
synth_lf_0009,3,0.3424446744172497,74.81004082098205,-141.03145820798898,0.048056025020455036,0.0377729433066736,240.69132241881516
synth_lf_0009,4,0.40734587065630695,86.2018103154124,-205.31461817943975,0.0032500000000000003,0.0377729433066736,300.7153538310472
synth_lf_0009,5,0.36432073916571417,62.41337715471037,-218.45767467768428,0.015455738185814149,0.0377729433066736,174.26720362729782
synth_lf_0009,6,0.30455547363799296,68.55149388740864,-117.53685196306748,0.0032500000000000003,0.0377729433066736,11.991281389849064
synth_lf_0010,0,0.08535890222392602,64.45494283914547,-71.82628445676671,0.05910759914898894,0.02328689459194574,13.195802190576561
synth_lf_0010,1,0.2225188220846745,77.94004193013893,-151.43033885058912,0.021499724720496015,0.02328689459194574,164.1042952889961
synth_lf_0010,2,0.22156274138374854,62.34056799905673,4.861380443101865,0.03820176036256194,0.02328689459194574,78.67441778001319
synth_lf_0010,3,0.22977753790545097,85.20679187488807,-78.97530672390344,0.03287202834271226,0.02328689459194574,209.59035234660917
synth_lf_0010,4,0.23492266995454228,73.92518769520328,-1.365361767016413,0.0032500000000000003,0.02328689459194574,17.087236827052493
synth_lf_0010,5,0.16166121229205643,66.95335399292304,-77.73739954121726,0.06527449332688427,0.02328689459194574,148.5562588062719
synth_lf_0011,0,0.1601461975143179,77.39044248861622,-71.4367441168811,0.0499698159435286,0.03566823887548132,53.883303977805745
synth_lf_0011,1,0.3924128405299733,66.91280407491682,-126.50322883978447,0.02350060501504845,0.03566823887548132,223.08889690862804
synth_lf_0011,2,0.26221821718068167,63.6757306756897,-70.90987461108513,0.07211878119333348,0.03566823887548132,332.42054081056483
synth_lf_0011,3,0.29901395504274775,60.04738963370741,-65.21905711266591,0.05406515266829599,0.03566823887548132,98.7358108262589
synth_lf_0011,4,0.4785616875070376,77.86408118715474,-54.82001591839849,0.028456532157261325,0.03566823887548132,330.8846962334678
synth_lf_0011,5,0.2853043726312857,86.39602684359811,-115.50517439892481,0.015439311156092345,0.03566823887548132,98.54358609506562
synth_lf_0011,6,0.33015104035764986,76.93393346397121,39.12261466588531,0.012916790793424546,0.03566823887548132,351.88924394118567
synth_lf_0012,0,0.1377370901444499,67.78551717047701,0.8791580275160413,0.0655258807551541,0.011499271932897216,32.282669591865854
synth_lf_0012,1,0.2033543880555106,80.03758730536362,44.209143648167334,0.027346079860340988,0.011499271932897216,131.53394185838576
synth_lf_0012,2,0.11151111513817066,59.77333846079672,-81.62569798940186,0.0032500000000000003,0.011499271932897216,31.3826256982872
synth_lf_0012,3,0.3612642686163151,63.176522270207556,-79.52964427863233,0.0032500000000000003,0.011499271932897216,242.165257550378
synth_lf_0012,4,0.3551667277444649,82.64742033408336,26.26354501337281,0.0032500000000000003,0.011499271932897216,32.65225013797374
synth_lf_0013,0,0.07735877315119274,86.24418360849994,-43.52696876155033,0.10897561176948564,0.03194014849163657,5.139630950802852
synth_lf_0013,1,0.2387105392316472,76.20738171098822,-67.28139245820044,0.025635754635686726,0.03194014849163657,152.8116350987515
synth_lf_0013,2,0.3664638129638191,59.747812644662176,-76.55360068345436,0.03693394173844869,0.03194014849163657,56.82509011049484
synth_lf_0013,3,0.32003570488985544,63.807282004632015,-60.26572030076928,0.020604604580893547,0.03194014849163657,161.86154471903012
synth_lf_0013,4,0.32809601209736394,49.700229703265876,-114.34784632083664,0.03266851038565265,0.03194014849163657,19.882982004144424
synth_lf_0013,5,0.47164288127207277,61.04064893979258,-41.46994644282731,0.07517238601381321,0.03194014849163657,161.9979380255943
synth_lf_0014,0,0.12498452772430392,73.17297715466654,-104.74953674464875,0.1375058746682537,0.028860135300481267,359.6920608991365
synth_lf_0014,1,0.29571906156888905,84.33122603266764,-107.00111938254297,0.04049600243893326,0.028860135300481267,191.4280680382293
synth_lf_0014,2,0.3785687633872283,62.54221000856173,46.49212346865071,0.0032500000000000003,0.028860135300481267,43.75083035322416
synth_lf_0014,3,0.25728316926803796,85.64832225006379,-82.78463689060845,0.0259184905989778,0.028860135300481267,188.21053875635175
synth_lf_0014,4,0.25643124193286254,60.47091165139037,31.235491211010906,0.0032500000000000003,0.028860135300481267,340.65854102190076
synth_lf_0014,5,0.30885438779080426,58.227703893689515,-20.363087246246792,0.041740167773753806,0.028860135300481267,188.10363843999278
synth_lf_0015,0,0.33568217952618695,38.43388576876794,-95.05371235200933,0.07119487480535526,0.040536029172430536,268.4061627701624
synth_lf_0015,1,0.34948604239926545,53.982240311826224,-170.99102777300882,0.005,0.040536029172430536,141.96204256744818
synth_lf_0015,2,0.47003310357102157,54.86238692991734,-147.37795396852513,0.005,0.040536029172430536,284.54437585742346
synth_lf_0015,3,0.3980441714082026,64.37248237837268,-218.39513630277497,0.005,0.040536029172430536,173.27788313324777
synth_lf_0015,4,0.06268821816241466,79.13684005471563,-94.65192646193485,0.02559930416562268,0.040536029172430536,15.591292449066145
synth_lf_0015,5,0.6038515790220631,67.6544268361328,-194.64730183258297,0.03926440442917031,0.040536029172430536,144.98053104535688
synth_lf_0016,0,0.2583536415786661,60.87788922090732,-137.69140916596854,0.005,0.039907735709912594,8.62005674090681
synth_lf_0016,1,0.285306138774096,66.48613067793913,-91.172253260421,0.04169934218154407,0.039907735709912594,173.29410698853408
synth_lf_0016,2,0.384514184420645,59.2559102399463,-128.97601783182984,0.02899972999899254,0.039907735709912594,28.7821277496721
synth_lf_0016,3,0.1839857871275903,82.00980032616013,-14.146368659247862,0.005,0.039907735709912594,115.69419126871838
synth_lf_0016,4,0.338991583880696,83.1564861415988,-58.59990309614058,0.02352583303023011,0.039907735709912594,12.485727387079578
synth_lf_0016,5,0.36990520063875987,88.0,-70.217745936467,0.016247939091549975,0.039907735709912594,149.96960481760004
synth_lf_0016,6,0.30785435430569186,88.0,56.578843928739644,0.0032500000000000003,0.039907735709912594,332.0487057834994
synth_lf_0017,0,0.35350000533855713,77.49907568308123,-190.14426903698555,0.14401845754642745,0.048548319742478654,67.67815863869754
synth_lf_0017,1,0.6407285368053144,61.73437193033758,-179.2903220659443,0.06488486905973226,0.048548319742478654,121.65300232767875
synth_lf_0017,2,0.5712309134818775,88.0,-108.05878637734278,0.058042435733684616,0.048548319742478654,309.7369247198249
synth_lf_0017,3,0.6368481935060423,63.773251206221225,-257.9316746391173,0.07579692737409005,0.048548319742478654,188.405879500433
synth_lf_0017,4,0.512769097292283,57.693722605868885,-190.59929682025228,0.055860442761644466,0.048548319742478654,311.1623345414324
synth_lf_0017,5,0.47985555278420444,70.306829248771,-157.90075910581552,0.12525458167907522,0.048548319742478654,232.2417998316986
synth_lf_0017,6,0.5284210213369821,74.10528144141823,-137.883896625193,0.07698272055721248,0.048548319742478654,50.9848896340643
synth_lf_0017,7,0.41999085616681475,84.48036477634191,-119.0154745804834,0.09919020908737357,0.048548319742478654,209.24459837529412
synth_lf_0017,8,0.4717904930013068,54.797550302565384,-77.77791197457782,0.024045747130663955,0.048548319742478654,327.0311247608663
synth_lf_0017,9,0.4652280160527059,68.73458323843917,-109.95977816964971,0.06937819407696481,0.048548319742478654,151.32533434766447
synth_lf_0018,0,0.37798934219941094,64.95052667326142,-23.42863770340766,0.14143826756679606,0.04851269255408757,338.42369590540443
synth_lf_0018,1,0.43599398719524707,80.43335688731437,-159.96562660455817,0.06663630675235688,0.04851269255408757,160.90473495944207
synth_lf_0018,2,0.2658651577303272,56.42511927354006,-121.59454802332708,0.005,0.04851269255408757,4.933495045645657
synth_lf_0018,3,0.4458368673476254,53.52832619045594,-92.43946708033482,0.031190314956182574,0.04851269255408757,220.17940843565202
synth_lf_0018,4,0.2971758673627064,50.054371220597275,13.770356585669091,0.04089530130380878,0.04851269255408757,17.964717451392744
synth_lf_0018,5,0.30475037299133007,73.95089122719696,-90.48462925324083,0.055880425521052206,0.04851269255408757,194.9960195931751
synth_lf_0018,6,0.27751065736682035,68.36742928628749,-38.32859304847173,0.033606912400570774,0.04851269255408757,31.22152565006104
synth_lf_0018,7,0.40703035585973846,68.47390656715046,-115.09020860463171,0.05442228253236864,0.04851269255408757,182.4599654997121
synth_lf_0019,0,0.3605947208274858,78.02055160302235,-36.58712069515965,0.01487709326618341,0.03341058613443253,29.265750548878597
synth_lf_0019,1,0.30181986723731946,68.88133996140236,-5.454490815787068,0.03688032644053026,0.03341058613443253,140.3631882413334
synth_lf_0019,2,0.2395760690127085,46.35652759123177,-108.03754270082582,0.0844724001996028,0.03341058613443253,350.68102638422164
synth_lf_0019,3,0.09032423691124974,34.770255259785664,-140.07368602149822,0.012372223191074347,0.03341058613443253,161.03299353126943
synth_lf_0019,4,0.29855494113510994,77.78483093012088,42.371358672656186,0.04765356586323437,0.03341058613443253,7.685406577776689
synth_lf_0019,5,0.4029370829102244,84.96386823854986,-29.7936812431692,0.03201250647291434,0.03341058613443253,165.2550788209967
synth_lf_0020,0,0.06785978284821884,35.26703330765075,-50.51851609474592,0.05443877177093223,0.053034293781402696,320.177390858897
synth_lf_0020,1,0.29701798538371094,43.65345555969757,-34.7407631028117,0.031494986063565863,0.053034293781402696,206.9174670732221
synth_lf_0020,2,0.4593548200620506,78.56243594442476,-83.53168741679303,0.05834457957058262,0.053034293781402696,347.07073433892
synth_lf_0020,3,0.3253841838934583,83.10092570534611,30.96433463257842,0.030626378181922945,0.053034293781402696,166.90985645414844
synth_lf_0020,4,0.501306542825277,88.0,-25.21947274491437,0.04790509737970406,0.053034293781402696,22.987472998635553
synth_lf_0020,5,0.40528808681371775,79.35921732549409,-93.14213584187925,0.00726637818257906,0.053034293781402696,168.1044906662455
synth_lf_0021,0,0.19171775448077583,70.04155321214476,-127.66023464355213,0.06507883836172607,0.03384241850234058,12.545764052310936
synth_lf_0021,1,0.16035982016064707,33.041705172170744,-76.35002445314547,0.025666790821428934,0.03384241850234058,166.98896128598136
synth_lf_0021,2,0.3289292035664745,63.82858599370629,-81.40483380491648,0.05597647811449691,0.03384241850234058,39.240739333721535
synth_lf_0021,3,0.22256217476183934,70.41947369092449,-85.97864480148058,0.005,0.03384241850234058,205.7661255976185
synth_lf_0021,4,0.26330907369557466,55.59315745319179,-67.34540940087327,0.022087507869698358,0.03384241850234058,63.83905598792114
synth_lf_0021,5,0.30682763031574234,62.784980863053526,-56.20424966841021,0.008716315884321138,0.03384241850234058,225.8565136101937
synth_lf_0021,6,0.24090251144289315,56.76855697884816,-22.22081982140336,0.043522153880744874,0.03384241850234058,22.462977058141632
synth_lf_0022,0,0.3161514156962766,74.37930589655613,-241.71139868438263,0.1684697942227577,0.023504336416316274,21.5119210001645
synth_lf_0022,1,0.3453840533187947,81.14981875837593,-141.78488709061708,0.026044749959548485,0.023504336416316274,174.43097283437484
synth_lf_0022,2,0.18374199132007984,82.25308542329421,-105.53937507161886,0.04509342776008354,0.023504336416316274,34.02079343298169
synth_lf_0022,3,0.29980039009011333,64.49412405406527,-164.6023508011156,0.013720830553425963,0.023504336416316274,114.85920371442228
synth_lf_0022,4,0.36381108714591615,86.91063779616128,-111.38067165110571,0.006707924909644212,0.023504336416316274,45.67499296402116
synth_lf_0022,5,0.3554807911354107,81.51188703859286,-14.323704959335984,0.030671068193530087,0.023504336416316274,195.19238199790948
synth_lf_0022,6,0.4098872608976455,74.3636567060871,22.816162403159566,0.029270728004492038,0.023504336416316274,57.82089214357052
synth_lf_0023,0,0.5164415118908892,58.89220479727332,-126.2381449306026,0.03304701630260686,0.034167184288369304,0.4458591453049632
synth_lf_0023,1,0.3022375194759491,50.99041821400124,-108.19772749991293,0.04710697501207747,0.034167184288369304,160.2996698365439
synth_lf_0023,2,0.3223755191043396,56.2261170742115,-200.4504551493494,0.06484715218258354,0.034167184288369304,350.60706121497276
synth_lf_0023,3,0.6503951958974126,42.9534014017446,-171.82506253609583,0.15332031740744567,0.034167184288369304,183.2772594526797
synth_lf_0023,4,0.5931394735881794,67.47693020329055,-112.32704084756858,0.05151782172212076,0.034167184288369304,345.0568224910809
synth_lf_0023,5,0.4137488890749127,72.7600167300921,-72.02212269859334,0.0658063377645802,0.034167184288369304,154.61064326921417
synth_lf_0023,6,0.3879862222051953,77.32509513485441,-49.426280120556775,0.020857694730277578,0.034167184288369304,54.23926897685965
synth_lf_0023,7,0.45269974860170314,68.34990451915341,-127.91296439687937,0.028072561531076654,0.034167184288369304,167.01138137048565
synth_lf_0023,8,0.3776548507267464,72.16924932761596,-57.29359187736674,0.04627994305887628,0.034167184288369304,347.96364487346045
synth_lf_0024,0,0.28286405031629913,51.236648321145296,-182.09610817508252,0.06729223168282765,0.029379858330386643,2.376928470082821
synth_lf_0024,1,0.30035174749955207,70.83569826323541,-160.56680447276204,0.012852676611746567,0.029379858330386643,182.30318097246467
synth_lf_0024,2,0.2704134187500144,58.41584192521762,-114.7085661268166,0.02013879909436731,0.029379858330386643,356.7682923588998
synth_lf_0024,3,0.31761065092612717,70.63506572997119,-48.44617380350854,0.04000231888664476,0.029379858330386643,173.3912480896155
synth_lf_0024,4,0.3826846607438773,54.37247394905797,-31.058062586769836,0.03590456242428951,0.029379858330386643,62.25951303651152
synth_lf_0024,5,0.3548897330030569,65.57595533910421,-64.99370044408695,0.01569188920594078,0.029379858330386643,136.36166425475358
synth_lf_0024,6,0.41229446198453484,62.97155361667625,-66.31094579012313,0.03936857645974831,0.029379858330386643,17.51220173298543
synth_lf_0025,0,0.17788654979773663,48.48041858600923,-40.8871998700067,0.0844730196192223,0.02882140013566944,348.432695278276
synth_lf_0025,1,0.0954156708465714,46.9331039686571,-50.9985608187982,0.016067631538378587,0.02882140013566944,213.16217294518418
synth_lf_0025,2,0.21903653035696066,87.46535745949312,-9.262943239158574,0.0032500000000000003,0.02882140013566944,31.27009383159509
synth_lf_0025,3,0.16837529646397184,71.2605037813941,-25.940858329043134,0.0032500000000000003,0.02882140013566944,162.91498072077536
synth_lf_0025,4,0.1766495801383431,81.1650474916845,-33.90051457249849,0.030835227210725475,0.02882140013566944,352.8990093606034
synth_lf_0026,0,0.14422031619851725,70.94854709315489,-108.07117526974781,0.13849662142798733,0.07345156420122012,357.4309800743019
synth_lf_0026,1,0.38402315850707985,62.344352549451486,-171.59324620548,0.027703832015686627,0.07345156420122012,176.80883617977565
synth_lf_0026,2,0.45911323472336807,57.43301191408419,-189.27522232362008,0.09286667475902967,0.07345156420122012,18.531363074683554
synth_lf_0026,3,0.35366571263313756,71.8284116986416,-175.30910816015765,0.06650079774361059,0.07345156420122012,193.7670980733419
synth_lf_0026,4,0.4790752707595024,43.036441921034154,-93.65410683257365,0.04653326981120614,0.07345156420122012,356.78240665405906
synth_lf_0026,5,0.378725098450982,52.768537577572125,-158.7761910641578,0.06062375403454617,0.07345156420122012,108.25339503214548
synth_lf_0026,6,0.4132559861430723,49.50425009569023,-105.91849248403229,0.021662464633932423,0.07345156420122012,61.63561427493437
synth_lf_0026,7,0.43117235145598887,83.62036643287067,-104.83563396895808,0.06783865060895804,0.07345156420122012,149.22577288166713
synth_lf_0027,0,0.05,66.01127067233551,-64.95330039473947,0.010364647260169758,0.03645784232141813,42.76250272004236
synth_lf_0027,1,0.05,63.642186615105906,67.43954495239564,0.005,0.03645784232141813,187.86958790012758
synth_lf_0027,2,0.21963280300321233,88.0,0.049051725406854985,0.04356336374490622,0.03645784232141813,340.532295708229
synth_lf_0027,3,0.3799296947874463,79.81972437711613,22.954492934552665,0.05363555826548616,0.03645784232141813,161.8652295702126
synth_lf_0027,4,0.07002178037781912,55.467108506366245,21.79877098502094,0.0032500000000000003,0.03645784232141813,5.2026845949804965
synth_lf_0028,0,0.2712916215644348,68.89059600229753,-97.61763838253373,0.053144314799640255,0.04940273409236488,350.20459503485597
synth_lf_0028,1,0.5019877674537625,52.56832590306273,-62.33359108962983,0.031483685050220825,0.04940273409236488,153.2177465721827
synth_lf_0028,2,0.24714856687410716,75.09955770712506,-33.22774606111991,0.03903335456332671,0.04940273409236488,13.219043532058436
synth_lf_0028,3,0.4492446183399811,69.22707368977784,-35.48563532108051,0.030798966648937977,0.04940273409236488,170.8473511317128
synth_lf_0028,4,0.46349562648443055,68.58547218966703,-36.23100071773197,0.05369017704680179,0.04940273409236488,13.04355995435401
synth_lf_0028,5,0.3901937268896141,77.57376996312877,5.866924392212134,0.01029621299324114,0.04940273409236488,179.92033313622755
synth_lf_0028,6,0.27762719627112503,72.02552470329496,-18.62975334150438,0.0032500000000000003,0.04940273409236488,9.91021682903397
synth_lf_0029,0,0.29452460636565164,44.786578250212926,-30.47108853081552,0.08010654250231711,0.02654531945836773,17.164591009155124
synth_lf_0029,1,0.2108394628773818,57.872712257773664,-166.81960894908127,0.027744529460938104,0.02654531945836773,154.97023163176945
synth_lf_0029,2,0.26873565038730124,54.138367490528765,-41.14472662036161,0.005,0.02654531945836773,5.697219061673934
synth_lf_0029,3,0.271595075887227,57.19594993389943,-158.78892563702738,0.09630573310453341,0.02654531945836773,188.87582334278136
synth_lf_0029,4,0.17247920439482367,65.47703126667388,-77.49820340279217,0.03893482399990761,0.02654531945836773,349.42380146838093
synth_lf_0029,5,0.4777801052021219,46.520802907902386,-6.475591125287281,0.03871718605778059,0.02654531945836773,204.06572915602544
synth_lf_0029,6,0.21759154048229934,87.49150353119668,-56.474333379837766,0.033891547820179745,0.02654531945836773,17.647187097128153
synth_lf_0030,0,0.09077010143297568,41.23105379442775,-67.80519662537138,0.11074299476992813,0.044743043321909697,19.032461803335142
synth_lf_0030,1,0.302043066476434,86.10815390936745,-159.52261299568553,0.00837354797341142,0.044743043321909697,127.62571798817686
synth_lf_0030,2,0.05,52.89487320792884,-50.708472969428975,0.021565578563009512,0.044743043321909697,340.22622925203154
synth_lf_0030,3,0.23525291840959786,47.4180770858603,-104.50852089015004,0.0032500000000000003,0.044743043321909697,176.60212316260845
synth_lf_0030,4,0.2945689611519948,64.99399965356334,-61.554722774812426,0.006934997082003853,0.044743043321909697,76.69663774106505
synth_lf_0030,5,0.44368120180795667,81.87642937054098,-175.94019516391546,0.02263477155406937,0.044743043321909697,178.33020830677253
synth_lf_0030,6,0.11907806531208248,55.12322155471179,-49.78439037620825,0.0032500000000000003,0.044743043321909697,344.60845823468276
synth_lf_0031,0,0.35773106667224747,65.86267640667941,-108.065352767575,0.0791724331316711,0.025663928887901092,321.571464221659
synth_lf_0031,1,0.2890774104956664,87.03897143894669,-205.17785648988468,0.09620250467544317,0.025663928887901092,185.1644384802179
synth_lf_0031,2,0.2750633633150443,82.1038212245306,-177.3698562202461,0.03280059660228802,0.025663928887901092,18.088407323788545
synth_lf_0031,3,0.4793105508879466,82.9944578319982,-103.91989034740209,0.01321980655582121,0.025663928887901092,195.22874434422374
synth_lf_0031,4,0.20051933018418033,39.349043999015635,0.8229481787556239,0.023121482368040354,0.025663928887901092,357.4386064052186
synth_lf_0031,5,0.2762327437532285,88.0,-87.84466190313941,0.021404282061771224,0.025663928887901092,119.66221156652216
synth_lf_0031,6,0.37616852896328506,68.28430423478027,-135.66707195676494,0.038475041933012974,0.025663928887901092,24.238700572060452
synth_lf_0032,0,0.3136543036262552,75.3950975815151,-200.40265919957702,0.14933681198011112,0.0796963841555335,1.4855571519938762
synth_lf_0032,1,0.29346292135959123,59.33576694951776,-77.0863621597157,0.015096785817293856,0.0796963841555335,165.21253848830412
synth_lf_0032,2,0.39338774185113895,57.91588989185559,-69.20463821666252,0.014880996156004996,0.0796963841555335,37.62315670875262
synth_lf_0032,3,0.47324285860591564,62.18863686027094,-76.30196682783611,0.023977276385410477,0.0796963841555335,159.15085271151474
synth_lf_0032,4,0.22410950831853763,52.041728898123864,-22.64152740397045,0.012739070749494341,0.0796963841555335,3.6562784844929865
synth_lf_0032,5,0.45015690191515995,39.43396657017084,-127.19221275740523,0.05265019270129305,0.0796963841555335,75.2565117977108
synth_lf_0032,6,0.35206668292437554,66.54564894890615,-109.19172220892702,0.0032500000000000003,0.0796963841555335,324.3733234991669
synth_lf_0032,7,0.5093698324583161,60.6770670290299,17.359416660803205,0.03589474633881419,0.0796963841555335,192.3176867015345
synth_lf_0033,0,0.05,66.14159233550717,-50.10908688467659,0.008785476723614044,0.028845617094200388,40.914676468476124
synth_lf_0033,1,0.3326640758082029,67.5714397620496,8.532512206013948,0.08257575263203752,0.028845617094200388,198.46445833698232
synth_lf_0033,2,0.34018530819514026,72.16609976670173,-47.62199966446861,0.026206846769325685,0.028845617094200388,331.4041458246184
synth_lf_0033,3,0.24375895424692007,73.54508958081871,53.001844003422725,0.04784864373876256,0.028845617094200388,189.77907222022316
synth_lf_0033,4,0.1257970918493742,80.58244071680971,19.139058290986377,0.05781598542434529,0.028845617094200388,4.188964459836029
synth_lf_0034,0,0.22875459946394364,75.8728348361425,-71.02258856894458,0.05601751587368147,0.05859397221553124,13.383395677890844
synth_lf_0034,1,0.3713719954324025,72.62638421666011,-126.73384207998389,0.019763493160719802,0.05859397221553124,194.37831130120966
synth_lf_0034,2,0.10848876308776037,53.258957456089774,-112.20807138470647,0.02002803451656984,0.05859397221553124,59.017056984898545
synth_lf_0034,3,0.4473230946615493,76.32311370370385,-17.549947086740218,0.03260249166339384,0.05859397221553124,153.4816349724049
synth_lf_0034,4,0.4516083741750246,59.86274670212181,-75.39878102080203,0.005,0.05859397221553124,28.623323612152262
synth_lf_0034,5,0.18376681494319616,84.98420439035932,-79.87789474696201,0.06624543216060633,0.05859397221553124,117.74386372434367
synth_lf_0034,6,0.4358589439064798,88.0,-11.427782988537686,0.07754915368702349,0.05859397221553124,353.66697939944856
synth_lf_0035,0,0.3149365699139237,60.14302657702986,-204.6204937420923,0.16438498913305355,0.05645425732968186,10.232991438502191
synth_lf_0035,1,0.3748103159053098,51.47012209282885,-227.53516664300878,0.04663815389209563,0.05645425732968186,206.40522980334097
synth_lf_0035,2,0.4143034780420993,56.55624038979993,-201.34596972877688,0.009862457874565252,0.05645425732968186,11.604431045785702
synth_lf_0035,3,0.39110031264958744,42.83820665836065,-116.5633719011804,0.007608646473728789,0.05645425732968186,158.40153164933804
synth_lf_0035,4,0.5610573136292977,79.8400634595283,-106.56792696218247,0.030413666082362095,0.05645425732968186,345.06053269792653
synth_lf_0035,5,0.5337731789253307,60.33545437533678,-145.15291412935383,0.03417549077824223,0.05645425732968186,226.79963769252288
synth_lf_0035,6,0.3568793141100276,53.12298585018664,-99.16163783839349,0.07504806178997142,0.05645425732968186,356.2669560864656
synth_lf_0035,7,0.42223132525778206,60.853087664318195,-118.1710797691159,0.03372260796167204,0.05645425732968186,194.59212001924016
synth_lf_0036,0,0.2955001699835216,72.81795119051739,-148.7204748222556,0.02873986048265706,0.05251276562384602,18.012469859441723
synth_lf_0036,1,0.4142412519954827,71.77373455836369,-242.3946270992682,0.046725680164242486,0.05251276562384602,124.84029490655271
synth_lf_0036,2,0.37451670193857556,66.10320460461998,-264.4046612538411,0.03185694923716252,0.05251276562384602,352.59902127764525
synth_lf_0036,3,0.3703731342708806,43.69430217462994,-112.91206749490695,0.03154326779062264,0.05251276562384602,183.049313955505
synth_lf_0036,4,0.2625012544853626,51.35591921139462,-174.10124071746907,0.025808533088586022,0.05251276562384602,27.563122571259328
synth_lf_0036,5,0.41218695555649404,46.496882322942426,-264.8462752114067,0.04902093204631781,0.05251276562384602,153.07449964567138
synth_lf_0036,6,0.28166679113946613,70.40861297151845,-145.71293251187438,0.03178216558865768,0.05251276562384602,312.59255697906747
synth_lf_0036,7,0.4386784573291874,75.1186429087562,-109.19350934945076,0.023004724578525603,0.05251276562384602,129.5511041689308
synth_lf_0036,8,0.4525482919615762,61.01677450069409,-124.00933408903693,0.039350374556290424,0.05251276562384602,11.990856520197212
synth_lf_0037,0,0.43810730174518625,49.79547489098411,-85.87364797740749,0.05121401038796957,0.04438392717322795,333.4065032420165
synth_lf_0037,1,0.486847118429118,75.99607144685098,-82.44694474536172,0.07325519175431573,0.04438392717322795,140.81861437363364
synth_lf_0037,2,0.5711206201556709,64.39857674271299,-150.1897790479682,0.05313466698419517,0.04438392717322795,61.38938982900214
synth_lf_0037,3,0.4119450532380964,73.8268497394139,-130.77649633570883,0.005,0.04438392717322795,213.3977609745209
synth_lf_0037,4,0.30505092477047535,57.198581410492096,-96.15925555851152,0.036985025884211355,0.04438392717322795,298.16332140694533
synth_lf_0037,5,0.5847626536347137,61.43143330929097,-178.42046398012235,0.05847122600859673,0.04438392717322795,133.75848783942
synth_lf_0037,6,0.47064451461755574,59.25033811250047,-13.687879875583334,0.0815167391031085,0.04438392717322795,318.1815349948447
synth_lf_0037,7,0.36523963891439415,61.95286448486021,-35.04958182760883,0.025806268936290934,0.04438392717322795,279.50896388374167
synth_lf_0038,0,0.19769330222925827,74.80361831050567,-101.35408998328695,0.08133989785390064,0.041082756254410914,334.48031279645966
synth_lf_0038,1,0.40290844359158323,56.92667366669845,-103.85217783160375,0.0786306275675753,0.041082756254410914,167.82554465725997
synth_lf_0038,2,0.47156547506112645,75.45821992868062,-156.88765821773745,0.005,0.041082756254410914,16.70491644950141
synth_lf_0038,3,0.2555425313078077,67.02393011402475,-6.146491896021885,0.03479280332216728,0.041082756254410914,193.48131415376554
synth_lf_0038,4,0.1309846072968386,77.69203689630253,-62.752194531616155,0.0032500000000000003,0.041082756254410914,333.14902417521876
synth_lf_0038,5,0.36864731095798164,83.66021075237381,-86.40439307242383,0.045121380254007026,0.041082756254410914,187.48111498617686
synth_lf_0038,6,0.19157107161470158,80.36538346998766,5.725240128556802,0.042708755943632715,0.041082756254410914,347.7507290932192
synth_lf_0039,0,0.28684168832539864,46.66180147040677,-110.60378606691717,0.07354530222206351,0.04269461035116833,353.8676408535943
synth_lf_0039,1,0.30328106133452565,45.92419013321288,-161.74845628976036,0.06995045720600446,0.04269461035116833,120.86746316296022
synth_lf_0039,2,0.42496152786868036,43.67370081705907,-137.8320257238205,0.07597178372746882,0.04269461035116833,59.82560700842953
synth_lf_0039,3,0.42946246397321425,37.743242770408706,-184.96647403628114,0.035728308322835446,0.04269461035116833,177.02750299714717
synth_lf_0039,4,0.5865487352017456,59.39220431679438,-23.52447414818242,0.09386180550435622,0.04269461035116833,1.3442388960422704
synth_lf_0039,5,0.4974828023661033,58.74753901104835,-166.94521054443703,0.03560782494267683,0.04269461035116833,202.75855435623714
synth_lf_0039,6,0.21360655537233422,53.30582712760196,-23.512205099933837,0.012466192271606402,0.04269461035116833,335.8944967274506
synth_lf_0039,7,0.5280456942344427,40.60004537413412,-91.44957220650932,0.047304620318877826,0.04269461035116833,143.33886127327742
synth_lf_0040,0,0.20962194117034405,50.51688813693516,-6.324371004876241,0.08245566830163942,0.03904656132710191,8.589228522220697
synth_lf_0040,1,0.39181223954762917,70.72416271780602,-128.38433721781425,0.007917927752689694,0.03904656132710191,195.52534267621712
synth_lf_0040,2,0.2424035597283717,71.11756505694181,-60.92834844335546,0.04981767264166535,0.03904656132710191,357.24113210664484
synth_lf_0040,3,0.231150205513725,75.80796242482998,-122.5748577923455,0.07589917637094147,0.03904656132710191,124.64338452465432
synth_lf_0040,4,0.42183310690284576,88.0,-13.026575165628515,0.10230142376978113,0.03904656132710191,356.451749514138
synth_lf_0040,5,0.39673984944429996,33.424772372728576,-67.48797179627861,0.03843896543604389,0.03904656132710191,205.0605736942132
synth_lf_0040,6,0.21792992177189277,88.0,-56.765893793802036,0.060022733140008104,0.03904656132710191,343.15659448464976
synth_lf_0040,7,0.12954789150099394,81.46367716968385,-66.67367926972524,0.05257257476208485,0.03904656132710191,198.40907965598944
synth_lf_0041,0,0.1011407857962002,75.34054626167432,-164.0670970843786,0.013044638651688329,0.030969559915220088,320.7790853614938
synth_lf_0041,1,0.29682904645065766,47.86414645574838,7.210790198047391,0.011675928165485835,0.030969559915220088,189.90289468956334
synth_lf_0041,2,0.1734408929572454,60.441820181895956,-14.915677585056947,0.005,0.030969559915220088,20.000186066708523
synth_lf_0041,3,0.2943468953059568,60.14517553848388,-48.443566656649296,0.005,0.030969559915220088,235.3453913967719
synth_lf_0041,4,0.20885470248787882,67.0344355194156,-30.260816293493036,0.037168386599771154,0.030969559915220088,5.286580999313969
synth_lf_0041,5,0.27876289649649466,80.7986903358102,-51.45815935529115,0.02912835806245045,0.030969559915220088,245.75576620653067
synth_lf_0042,0,0.05,57.62558306259711,-30.98399895913237,0.11260723563095779,0.019701201149977955,354.5526104194726
synth_lf_0042,1,0.1275402767286925,65.21855779775635,2.418842768849558,0.032297716635899296,0.019701201149977955,232.93129064993633
synth_lf_0042,2,0.05581081802833707,67.10949237646456,-123.43020003834182,0.043478192732525865,0.019701201149977955,24.539598862566038
synth_lf_0042,3,0.3774323213016363,72.68176029031827,-25.79565667181742,0.005734423091995053,0.019701201149977955,132.39776829997334
synth_lf_0042,4,0.30984508369096603,69.18539648141984,-60.43171932833329,0.008439662763400727,0.019701201149977955,352.76905110531015
synth_lf_0043,0,0.31768552387992877,46.11488278846426,-129.40422634801726,0.06838625892130971,0.031133403735813782,330.8611189404085
synth_lf_0043,1,0.05372882777744248,53.32453241436871,-122.46959715048044,0.0165203511426444,0.031133403735813782,220.04817193724097
synth_lf_0043,2,0.19531982788062896,59.599015406111725,-129.34819271606239,0.01863088875554276,0.031133403735813782,1.5038202165761732
synth_lf_0043,3,0.4110221497970297,76.76821575765737,-116.01526028434233,0.019560230681150967,0.031133403735813782,171.32254770521456
synth_lf_0043,4,0.4272908625262425,42.902461003478635,-45.93744167879774,0.03162879348792406,0.031133403735813782,320.59077512881584
synth_lf_0044,0,0.27505093549739024,80.73372184277336,-90.92434782161345,0.08287793736403987,0.04100559880927058,59.86751698799237
synth_lf_0044,1,0.30971786941953,48.82830056524716,-49.71571789839449,0.011228063324428498,0.04100559880927058,188.53817228252777
synth_lf_0044,2,0.3650915546738078,57.70919009313457,-66.8213829283336,0.019629557374194646,0.04100559880927058,339.8608165185868
synth_lf_0044,3,0.46842479186447394,48.820178683546345,-70.56873545320425,0.05560999481699375,0.04100559880927058,153.96701233106
synth_lf_0044,4,0.2588351783510849,58.064538463627684,-29.904239732233997,0.05074667484384544,0.04100559880927058,9.317276625868999
synth_lf_0044,5,0.5071589375303781,68.49146961105266,-181.3211198847446,0.08006875517614351,0.04100559880927058,115.95568147749827
synth_lf_0044,6,0.4086915541212536,76.4042542228605,-44.6409455487386,0.059553907399179616,0.04100559880927058,355.36807784952816
synth_lf_0045,0,0.24906341124661707,59.021076266577225,-123.60307753169802,0.05528224089019096,0.024242791293203624,352.72109481017173
synth_lf_0045,1,0.3207140114137027,42.9537288555425,-162.98817692123998,0.013143737358425145,0.024242791293203624,194.80186518583778
synth_lf_0045,2,0.32966238913219775,79.9520367640381,-97.04956313633016,0.005,0.024242791293203624,334.41573429977075
synth_lf_0045,3,0.441537718113851,38.328726134231346,-98.03792883262723,0.021134116344040055,0.024242791293203624,162.87452579880733
synth_lf_0045,4,0.16634061354677926,67.7850009867589,-92.47576504258615,0.0173290350960316,0.024242791293203624,352.9682594308449
synth_lf_0045,5,0.4702015031568872,56.800716138422715,-133.99029692883602,0.019436255319905428,0.024242791293203624,198.91807922513715
synth_lf_0045,6,0.35462800394167304,58.2287298726704,33.44320775167894,0.0032500000000000003,0.024242791293203624,38.23033609680897
synth_lf_0046,0,0.05,38.76787927375673,37.63060926865174,0.01352020492691157,0.03087341664393381,336.4727815905869
synth_lf_0046,1,0.2424282415570263,46.20444569953065,-14.550159144098089,0.007614699182254964,0.03087341664393381,231.49419797828168
synth_lf_0046,2,0.06134663478012972,86.54427900742016,-77.37148475070603,0.005,0.03087341664393381,343.28917901453457
synth_lf_0046,3,0.20149186807833463,81.70292176164654,14.904643434296084,0.058809790807744844,0.03087341664393381,121.46783043320431
synth_lf_0046,4,0.2932381868581108,74.59852739563618,-157.07507535930102,0.033581516112113324,0.03087341664393381,346.34270385363004
synth_lf_0046,5,0.3969312372647258,75.45142124369755,-10.098723198187097,0.05580364474973525,0.03087341664393381,217.57766942945375
synth_lf_0047,0,0.09607344794648356,78.7661202870229,34.585681496586446,0.04242192870457598,0.008267685627834191,353.7230218141637
synth_lf_0047,1,0.15652618993381326,87.41241047192102,-133.251558458263,0.005,0.008267685627834191,187.2723261527097
synth_lf_0047,2,0.1639000027072367,50.23994600738793,-43.61391052584223,0.013724106435472463,0.008267685627834191,2.611090296328996
synth_lf_0047,3,0.30885858195501875,64.99475617926011,-48.06086587817495,0.039237803900750566,0.008267685627834191,188.65541467406103
synth_lf_0047,4,0.14390882719427234,81.79368682351941,-81.3366781689557,0.02306727930304503,0.008267685627834191,32.956486816902725
synth_lf_0047,5,0.20054204259933067,58.75354500667417,28.869099953959626,0.0032500000000000003,0.008267685627834191,161.75404130225695
synth_lf_0048,0,0.2528889494295554,54.19305775680152,-11.59104812938574,0.027708846251745915,0.007320486349293515,296.6532473887123
synth_lf_0048,1,0.2670266799379073,56.86431194115593,-44.88306531236603,0.005,0.007320486349293515,150.03351986962292
synth_lf_0048,2,0.261864062132846,86.29729197616246,-140.96014521697572,0.0443719676899179,0.007320486349293515,345.00645980876556
synth_lf_0048,3,0.3437515701160848,78.20268333415972,-111.45778913589854,0.016412753825503456,0.007320486349293515,183.96944427549067
synth_lf_0048,4,0.30289629699143583,55.63925016438448,57.87156444718043,0.04838739342765319,0.007320486349293515,311.42065199381045
synth_lf_0049,0,0.3939962040214678,59.625682548730694,-111.03366322253943,0.07835664615916564,0.05135632757227065,300.2819099693592
synth_lf_0049,1,0.11059258718138634,83.7971602078822,-113.50455547778152,0.005,0.05135632757227065,171.59168392155993
synth_lf_0049,2,0.4480081956208599,70.98646761195207,-117.33256853881451,0.06969095283052008,0.05135632757227065,28.82805479276408
synth_lf_0049,3,0.19310742456776064,88.0,-156.79756153696172,0.08724594707747196,0.05135632757227065,183.82256256823712
synth_lf_0049,4,0.33425614962804834,48.41129230417356,-107.9296599367018,0.05662337305613893,0.05135632757227065,308.99505312872407
synth_lf_0049,5,0.4907892023818937,85.63396104804801,-105.64227557029379,0.03446764855669763,0.05135632757227065,144.0861058864018
synth_lf_0049,6,0.3758404068485953,76.64394651848693,-80.12783379853944,0.04220078928622898,0.05135632757227065,31.563487631113276
synth_lf_0049,7,0.4898042188111521,58.39404222512796,39.745418264785016,0.01293139252000218,0.05135632757227065,168.26572582244148
synth_lf_0050,0,0.05,64.38134835204387,-90.58481295499897,0.0367130575449715,0.040276486710020695,6.112564765092961
synth_lf_0050,1,0.05,62.3365361252396,-163.48129235303531,0.019430017041554806,0.040276486710020695,192.6540508423323
synth_lf_0050,2,0.3990498328645864,64.97515076884659,-77.21726999978893,0.005,0.040276486710020695,324.4858935990545
synth_lf_0050,3,0.44140046020927615,78.83976426291505,-22.916088466873816,0.03421070917844821,0.040276486710020695,188.12282070884123
synth_lf_0050,4,0.24131267324596628,82.02515096663151,-52.86015821675181,0.009183240908835892,0.040276486710020695,33.00113607098592
synth_lf_0050,5,0.39212512874737293,67.54465014160697,-42.650011079343,0.0032500000000000003,0.040276486710020695,181.37717025469715
synth_lf_0051,0,0.3484664680798636,63.74747318490894,-122.96137374600391,0.042131903504447385,0.051745950237213324,348.4875531061006
synth_lf_0051,1,0.2547187067183433,61.026983328523116,-97.13825127554674,0.041886199580481974,0.051745950237213324,144.56632693069392
synth_lf_0051,2,0.10039971073527959,53.783556403629916,-77.66078765529606,0.004467524227229899,0.051745950237213324,41.15039179481994
synth_lf_0051,3,0.13368533452567627,62.260677430936745,-33.89696440788743,0.0032500000000000003,0.051745950237213324,128.85402623135042
synth_lf_0051,4,0.25017828466787295,79.97780634342227,-61.03056925874755,0.006030416986973376,0.051745950237213324,31.91342553733432
synth_lf_0051,5,0.22125367132206245,82.67070328500103,-113.19443096836001,0.02449776274056849,0.051745950237213324,123.9401943175169
synth_lf_0052,0,0.40072579294097904,35.85265311115162,-243.80515632685893,0.05220385934546441,0.03741712974388805,356.187507259041
synth_lf_0052,1,0.4614335276613749,61.10882170731759,-158.0033508385775,0.10607454506786662,0.03741712974388805,130.4785806430845
synth_lf_0052,2,0.4221040284610862,61.828097872837205,-181.52574533936223,0.049664295496629235,0.03741712974388805,357.78884052901304
synth_lf_0052,3,0.5771248650041717,62.84502165125414,-274.25718570726576,0.07413301782149496,0.03741712974388805,182.00898311478556
synth_lf_0052,4,0.4131626173206808,60.61817303047888,-84.91275345977124,0.04697017366063392,0.03741712974388805,22.507852133998767
synth_lf_0052,5,0.473923115908276,65.85266165098867,-50.34860638814452,0.03418740020254748,0.03741712974388805,209.6506030318194
synth_lf_0052,6,0.5323186945291101,52.755081552353566,-195.14902809946216,0.05450767559364207,0.03741712974388805,18.756785635546294
synth_lf_0052,7,0.45424094514513347,82.24843553616674,-141.74712765125187,0.05667365043354098,0.03741712974388805,99.84739724241376
synth_lf_0053,0,0.060591060363665905,56.09663423983893,-41.71464307434276,0.04112066414755448,0.05670053195632855,347.06483040098715
synth_lf_0053,1,0.1777514048365715,27.35324180400079,-167.7990508534655,0.04222013239939924,0.05670053195632855,213.47454544243607
synth_lf_0053,2,0.3591451347890606,49.272570967517844,-151.50060498349632,0.010707977853424616,0.05670053195632855,326.3260365685511
synth_lf_0053,3,0.4023384471107394,55.47531872986311,-83.38433356013107,0.012726499559900954,0.05670053195632855,181.27873154152735
synth_lf_0053,4,0.21901449052066835,53.9151941411794,-105.91185787966397,0.07113645096812304,0.05670053195632855,24.77784445665236
synth_lf_0053,5,0.3136307322479591,68.48447202281318,-14.073896594279546,0.09148434310978036,0.05670053195632855,209.15636536378133
synth_lf_0053,6,0.2924359192017415,43.565048233072794,-109.80722007642052,0.051362363620946025,0.05670053195632855,339.07978367821465
synth_lf_0054,0,0.1775745149074471,52.60376382727416,-120.88899223720162,0.0499960762560705,0.047767834770222416,354.1646961334178
synth_lf_0054,1,0.30112805819836,78.94285878549564,-128.14825205627454,0.015058154347492754,0.047767834770222416,166.6555058917811
synth_lf_0054,2,0.46411297642203686,30.454785936239585,-168.46460058619851,0.06751093512666655,0.047767834770222416,345.08923401539477
synth_lf_0054,3,0.35509239252172725,49.166480153017474,-193.22308477159473,0.017168900126861918,0.047767834770222416,143.68638757717707
synth_lf_0054,4,0.3058598422842786,67.35035385007568,-80.78552185874793,0.05886540408845543,0.047767834770222416,43.6579513100952
synth_lf_0054,5,0.41443835116761335,57.87469268857995,-114.08527156066403,0.04381634878628426,0.047767834770222416,212.5196282275988
synth_lf_0054,6,0.4021359990638393,62.58013734071723,-51.62845959580987,0.010672808488751555,0.047767834770222416,3.9027331053484886
synth_lf_0054,7,0.6274686211200262,42.80744638022341,-125.18714279764123,0.029082146349028323,0.047767834770222416,197.05738482795323
synth_lf_0055,0,0.17245518771745075,30.204367980407834,-110.69819522059188,0.1020101323479699,0.03753830123258233,9.356079282738794
synth_lf_0055,1,0.14148379693715898,69.28200868416066,-243.92322562548605,0.005,0.03753830123258233,175.86431631478564
synth_lf_0055,2,0.2500927849365222,65.65719589984654,-141.57493725793364,0.044514788244497346,0.03753830123258233,308.9368609199888
synth_lf_0055,3,0.4752009974872965,84.3162906320657,-35.126911691835275,0.019789895165882646,0.03753830123258233,189.21617634507345
synth_lf_0055,4,0.4407620259428211,81.37259123799282,-48.82639820375738,0.029292411857221624,0.03753830123258233,351.9497612218838
synth_lf_0055,5,0.2519942445437543,42.166091022689116,-91.69262733444907,0.03209024626974923,0.03753830123258233,143.9907034526234
synth_lf_0055,6,0.2493838402747737,45.08602162840838,-11.220481144386405,0.02871674024143193,0.03753830123258233,17.808297800589116
synth_lf_0056,0,0.24583221438408737,53.861859012989896,-173.81364724033085,0.12091928311254843,0.034965221275403496,21.538776933875702
synth_lf_0056,1,0.2064571967063567,51.09762592326729,-141.87262990122957,0.029946552203270263,0.034965221275403496,167.1436768968624
synth_lf_0056,2,0.3261206115106345,86.69521926070765,-32.64181246817952,0.05534764929459027,0.034965221275403496,358.1390630307842
synth_lf_0056,3,0.14857192266188782,48.94829993965658,-33.87480479054796,0.04646775928677558,0.034965221275403496,221.382454687105
synth_lf_0056,4,0.40045457520001587,68.74271260303249,-102.10642401708307,0.01804002255514435,0.034965221275403496,358.6348559127806
synth_lf_0056,5,0.2953769160895353,75.73212913469834,-27.2137838357636,0.007190303629610609,0.034965221275403496,203.97224238154945
synth_lf_0056,6,0.21902907436218533,55.59799384133243,-14.484360736252398,0.023528230521034792,0.034965221275403496,15.843910214080779
synth_lf_0057,0,0.20712205597421768,82.23443205409421,-155.14935274321041,0.0533239962263888,0.03548829694986108,330.24012735828575
synth_lf_0057,1,0.28595027564403186,51.559440458172034,-48.00824063148757,0.005,0.03548829694986108,161.5588719748657
synth_lf_0057,2,0.22945158321060308,84.78466890589164,-128.3674989951246,0.04771460802873596,0.03548829694986108,345.35564010301283
synth_lf_0057,3,0.33105741744040673,72.32733323025549,-41.172009229802406,0.0032500000000000003,0.03548829694986108,169.00597033584268
synth_lf_0057,4,0.3063909171720002,68.52486585805183,-62.00439795378493,0.011469992519815984,0.03548829694986108,339.6573608878799
synth_lf_0057,5,0.28653007088527427,62.17858061425548,-75.92060722675426,0.007351279594050426,0.03548829694986108,153.3287278963595
synth_lf_0058,0,0.342428742745473,82.01587146095754,-166.29196221379664,0.07058793108416397,0.0154798054110667,19.38686884321302
synth_lf_0058,1,0.2930024996926967,56.650203961297194,-145.22459933616742,0.05440932249528356,0.0154798054110667,178.2165078100647
synth_lf_0058,2,0.3888656280596396,57.53283294523554,-64.72618051839231,0.0886498060902282,0.0154798054110667,349.1731208921283
synth_lf_0058,3,0.39596968964767154,82.30352945415731,-188.74078859927533,0.016152220015539075,0.0154798054110667,147.73937508644286
synth_lf_0058,4,0.27888329564305203,88.0,-43.25917976735945,0.0032500000000000003,0.0154798054110667,332.2552889248831
synth_lf_0058,5,0.2709961096831447,55.60562968014382,-41.74218887016032,0.021817792246119988,0.0154798054110667,126.96701708308592
synth_lf_0058,6,0.2667282143524137,84.05781869411199,25.651712316269965,0.02984114925195967,0.0154798054110667,27.563326015793564
synth_lf_0058,7,0.27626415899799706,61.710824404430454,-104.3638437967404,0.029682513850491872,0.0154798054110667,174.113476222112
synth_lf_0059,0,0.1453091012131482,57.57335928248772,-62.71465317622237,0.012021447186824172,0.037830642144248625,54.50752796896036
synth_lf_0059,1,0.36883180049895997,40.6671863414802,-113.10995386529824,0.005,0.037830642144248625,178.6410913333796
synth_lf_0059,2,0.24875175460314097,40.2118484284831,-51.08624887496002,0.018326887603041516,0.037830642144248625,22.038840483186164
synth_lf_0059,3,0.2754521985249542,47.16616731907994,-103.76539998581741,0.0032500000000000003,0.037830642144248625,164.8670274240751
synth_lf_0059,4,0.07201728432798327,83.92789132522961,-48.111759468373606,0.016331465113901336,0.037830642144248625,289.5114260892916
synth_lf_0060,0,0.27628416711796766,68.9496682976563,-85.58867637821218,0.07164502540274581,0.05879286125307808,7.865555185367117
synth_lf_0060,1,0.27834416766442616,45.226226744035806,-258.6303607003907,0.0234261660095922,0.05879286125307808,138.28753564811794
synth_lf_0060,2,0.37519133999244353,55.00374887211608,-69.10741440451869,0.05877495668691605,0.05879286125307808,310.9824804900978
synth_lf_0060,3,0.4778476944734291,81.90318184353022,-89.18580084726419,0.08775869158276067,0.05879286125307808,204.21667755316162
synth_lf_0060,4,0.42748908942630226,83.9740389307113,-79.42940445153988,0.1124889031164388,0.05879286125307808,64.69475205433685
synth_lf_0060,5,0.37745574378453484,87.88518738676534,-111.63057418347148,0.07717709751630619,0.05879286125307808,215.32789322755923
synth_lf_0060,6,0.4440226522316562,84.92003920270241,-65.85007507941377,0.07039308932055445,0.05879286125307808,16.247510362806906
synth_lf_0060,7,0.21737283373478877,67.547774815977,-126.16565858642224,0.07370694170800035,0.05879286125307808,221.01862484961953
synth_lf_0060,8,0.42049645385556716,80.87478190628167,-123.79611349428106,0.060520078872571756,0.05879286125307808,28.307328757568257
synth_lf_0061,0,0.1764820018442375,60.94855582373289,-164.9708007818569,0.08940301382530234,0.04493055061012027,6.5694819933105215
synth_lf_0061,1,0.4243859101465669,63.32500600899198,-116.14408004158375,0.0812649730737241,0.04493055061012027,151.45883010524616
synth_lf_0061,2,0.45808823940627563,62.17613124087344,-156.61450171932125,0.012943777332628609,0.04493055061012027,71.05125668609094
synth_lf_0061,3,0.4723568214492051,61.074897037994155,-58.578739330597735,0.08463734218688271,0.04493055061012027,176.80787960227224
synth_lf_0061,4,0.2478297691813692,67.51233719551561,-114.30784092307401,0.016434219166965566,0.04493055061012027,354.62809771167883
synth_lf_0061,5,0.3598566212848153,56.442957368195664,-73.38311380566442,0.03686751362000199,0.04493055061012027,192.10493962611633
synth_lf_0061,6,0.21744557682587018,73.05370655194763,-40.57844613566299,0.050618702371246875,0.04493055061012027,20.51299604577366
synth_lf_0061,7,0.4317027485335093,61.99681936535171,-11.35982262579293,0.03689662625432074,0.04493055061012027,210.6056058462127
synth_lf_0062,0,0.06532622568089447,83.70339393598496,-173.67292206647875,0.07833185947726516,0.03552454910948331,353.41078884125784
synth_lf_0062,1,0.317748948790263,54.82202559460461,-131.22217971858564,0.05037158822727328,0.03552454910948331,134.9994081889572
synth_lf_0062,2,0.36040329567711105,74.58203673272037,-72.13742158624936,0.04528280862530161,0.03552454910948331,56.31586148571279
synth_lf_0062,3,0.26841276712471085,76.78180184539134,-29.694874927729394,0.05606871324258808,0.03552454910948331,122.63661372640524
synth_lf_0062,4,0.29285146158475966,62.40765004971105,-17.36231257208923,0.013658744278243483,0.03552454910948331,37.56518741440789
synth_lf_0062,5,0.27884460647894543,79.08930273165107,-94.43425084355802,0.007706327859007479,0.03552454910948331,205.24236522429385
synth_lf_0062,6,0.31271447527083385,71.93280882256269,-59.69997082286962,0.057737720781024716,0.03552454910948331,323.399302545351
synth_lf_0063,0,0.2481124846622491,84.35780005127192,-72.60171097070861,0.06833906679336134,0.045824629352628404,340.08852823391607
synth_lf_0063,1,0.19509181563846237,74.01053850556367,-60.85220114752327,0.005,0.045824629352628404,159.30324978985993
synth_lf_0063,2,0.33784235900153486,55.647151106566476,-53.61719775443822,0.005,0.045824629352628404,356.31712318844086
synth_lf_0063,3,0.41891446599155807,88.0,5.676451485031883,0.048493671684512824,0.045824629352628404,176.07181761666607
synth_lf_0063,4,0.421292411297377,79.38093511490844,-37.149148163989224,0.019635137986824692,0.045824629352628404,346.45102895106106
synth_lf_0063,5,0.5323912995985205,77.35253753720133,-57.39649694734338,0.0032500000000000003,0.045824629352628404,215.4734456740456
synth_lf_0063,6,0.2998653795918117,79.70238182574782,45.10106164826481,0.006124513384691388,0.045824629352628404,347.6287312445029
synth_lf_0063,7,0.502687732611631,66.56544834548441,-80.96216624083203,0.019517877124592395,0.045824629352628404,182.94578127611044
synth_lf_0064,0,0.3269631538261776,44.664656398129026,-106.0562773884501,0.13189326782375926,0.0682047174938381,351.30461350901396
synth_lf_0064,1,0.3901343468798864,65.22847554061671,-135.89100446693888,0.09101933269373129,0.0682047174938381,180.30987724046014
synth_lf_0064,2,0.4467141191932852,79.66548053294426,-166.61830435559472,0.06558389135227334,0.0682047174938381,25.6937842365179
synth_lf_0064,3,0.23761013260527925,66.70113756167596,-140.57756170605228,0.028586818208488796,0.0682047174938381,172.2092358171427
synth_lf_0064,4,0.3553800024515893,88.0,-145.54685725762073,0.03041564173815395,0.0682047174938381,345.7286663790861
synth_lf_0064,5,0.6316572181675174,74.83268747387868,-254.42382845301796,0.0659014640103045,0.0682047174938381,192.71376866279354
synth_lf_0064,6,0.39448593048612035,71.92257151074689,-74.619029531031,0.022738083856206043,0.0682047174938381,55.57456969558825
synth_lf_0064,7,0.26327859772075857,68.46788790480177,-146.37167087335166,0.031314785045608924,0.0682047174938381,167.37212040665077
synth_lf_0065,0,0.09691003546611968,52.40594877206398,-135.74161707763528,0.07260717695354629,0.0627344443444003,24.960229275644377
synth_lf_0065,1,0.2804829017669047,68.28520046688205,-31.56878006603732,0.005,0.0627344443444003,158.21308065190334
synth_lf_0065,2,0.2814734075556863,44.62634060852145,-126.19762659698873,0.007495166911009918,0.0627344443444003,14.823832119539702
synth_lf_0065,3,0.3028894993018306,50.46380054992919,-85.54241550724406,0.018155214628604158,0.0627344443444003,194.23315766888493
synth_lf_0065,4,0.33183974625045287,78.50166911795401,-57.302141849233934,0.005,0.0627344443444003,33.195880856635995
synth_lf_0065,5,0.20866207891240263,75.16352924976077,2.5712586833532924,0.03056570025571157,0.0627344443444003,127.23028302725481
synth_lf_0065,6,0.4318289486374868,73.4332178880004,-18.50833670580014,0.023606810453435375,0.0627344443444003,341.6309298534379
synth_lf_0066,0,0.2777742473657764,50.525254441248684,-128.47835456427535,0.11256636803802372,0.03222489271714051,336.1670168109167
synth_lf_0066,1,0.5430693775579514,57.61095743710429,-171.8781118868768,0.0973444363109309,0.03222489271714051,195.69426646207913
synth_lf_0066,2,0.3397517248818192,49.51104943668872,-194.46945251001233,0.005,0.03222489271714051,2.995913923387832
synth_lf_0066,3,0.30023155822660935,46.86037964683701,-134.82978843800475,0.08899602032397164,0.03222489271714051,240.0153548272732
synth_lf_0066,4,0.488869469739196,13.440344696270827,-129.63640120328142,0.05143862520187217,0.03222489271714051,314.74105188147416
synth_lf_0066,5,0.4607066348470169,64.32425325170342,-158.39164651575965,0.06025416534651421,0.03222489271714051,178.24853902099449
synth_lf_0066,6,0.2182192540308367,55.9175822172108,1.816342477434361,0.0712685003001147,0.03222489271714051,330.3097265741085
synth_lf_0067,0,0.14172778139969053,87.90362987674227,-42.57880049215831,0.10628835129321298,0.04136224403662425,11.26654458272641
synth_lf_0067,1,0.12818261452421814,66.0580075842473,-161.7251211436951,0.028105646716934857,0.04136224403662425,182.52184835194655
synth_lf_0067,2,0.11612186189505155,76.4373283413052,-23.75896905868972,0.02302898055414767,0.04136224403662425,342.2035265937666
synth_lf_0067,3,0.24319535563046707,69.96359339359304,30.311101182812664,0.018990964202889926,0.04136224403662425,92.31757591860003
synth_lf_0067,4,0.4723218033992169,74.87444192753762,-21.013892722290766,0.040166753677390005,0.04136224403662425,2.662753447455316
synth_lf_0067,5,0.2666873585912446,67.2511658981321,-37.01761169947549,0.03800270271460451,0.04136224403662425,147.70388235565792
synth_lf_0068,0,0.12468672648726319,77.06008008713265,-72.83150582196399,0.06730038875400247,0.0311448376588393,43.309545948580016
synth_lf_0068,1,0.21624598588928512,63.096825641070694,-104.59229078921959,0.01878956026494956,0.0311448376588393,167.97265611297487
synth_lf_0068,2,0.303549161304233,68.6226830834254,-44.65100374360035,0.00854199932525642,0.0311448376588393,279.31599132011854
synth_lf_0068,3,0.22382799296866684,56.75995029686912,21.47367685518322,0.05446511308906786,0.0311448376588393,128.52492809318494
synth_lf_0068,4,0.4082966083595372,88.0,-17.040571427937657,0.08727215898924692,0.0311448376588393,3.8575876170395986
synth_lf_0068,5,0.2325592554831759,87.17818339769435,-6.432402281929495,0.04815846815640313,0.0311448376588393,221.06002414999875
synth_lf_0068,6,0.33505586003622434,86.2476475209038,-40.760597951667656,0.06307828437046728,0.0311448376588393,24.056032111862123
synth_lf_0069,0,0.33340299119778893,56.332998271284644,-116.50067656180083,0.06125902344438613,0.04217939775262316,45.20970573872835
synth_lf_0069,1,0.4424780424114841,63.13578319210253,-125.68996109650794,0.019208425495237127,0.04217939775262316,234.66778761584325
synth_lf_0069,2,0.3339898255954426,67.46099529619747,-105.54009990338754,0.020080861540368526,0.04217939775262316,72.21092979854524
synth_lf_0069,3,0.42767130332606595,72.49612810997756,-152.8943147186138,0.026075092156234013,0.04217939775262316,122.23455033219483
synth_lf_0069,4,0.31220971398598873,73.95912488160877,-60.05952478452723,0.04331848016006249,0.04217939775262316,346.84841451968157
synth_lf_0069,5,0.47144457450735766,64.10390023299126,-53.20997893931741,0.040729267324918134,0.04217939775262316,187.87697229675825
synth_lf_0070,0,0.3213240938562003,42.6238223416369,-83.07585520225031,0.09064255204834731,0.044970004556316605,322.6937660361502
synth_lf_0070,1,0.3891346763887546,81.43686949016083,-67.74493237537547,0.024607669231349077,0.044970004556316605,158.00825045521842
synth_lf_0070,2,0.35226634671191925,78.19750353458738,-62.00982341154018,0.0032500000000000003,0.044970004556316605,353.9618461248078
synth_lf_0070,3,0.2824744685420023,77.79665417192065,-129.7097328643029,0.0032500000000000003,0.044970004556316605,196.77000592221066
synth_lf_0070,4,0.28778090080215196,67.80265635009961,-122.75558387780559,0.0032500000000000003,0.044970004556316605,331.5102864769807
synth_lf_0070,5,0.30400261276644774,66.26277736084211,-75.27735012623256,0.0032500000000000003,0.044970004556316605,209.1125113418659
synth_lf_0071,0,0.2815715083524484,82.60469304975169,-83.84341068775379,0.10976775743202016,0.0456762344137999,332.1182460436708
synth_lf_0071,1,0.42174089783808766,66.79472091526999,-124.32763204382486,0.08691205310577223,0.0456762344137999,196.36575226840097
synth_lf_0071,2,0.26690642411931303,68.75937580360066,-113.82729685855865,0.005275185432235784,0.0456762344137999,10.023683927885827
synth_lf_0071,3,0.157709652470147,71.22888279672058,-6.556181397978172,0.005,0.0456762344137999,156.47857030918397
synth_lf_0071,4,0.3551461282023466,83.85283858219958,-48.871140663827916,0.029967423042139788,0.0456762344137999,356.30245456492946
synth_lf_0071,5,0.5486656062699795,78.70695923157551,-129.60182518033022,0.028368451635558345,0.0456762344137999,139.7918975270535
synth_lf_0071,6,0.40131169376410364,66.22859633191955,-32.851530007739214,0.039231296417648276,0.0456762344137999,40.92338936457941
synth_lf_0072,0,0.1453186720493298,52.67578053921224,-86.09351371899417,0.026178109787724585,0.04115163311652696,347.8743324648542
synth_lf_0072,1,0.05,59.45651532573685,-84.6774171631398,0.005,0.04115163311652696,232.29626853912876
synth_lf_0072,2,0.1856553566622621,55.874788478050725,26.788447469042794,0.05958530792372815,0.04115163311652696,15.037263441140453
synth_lf_0072,3,0.27247902329125573,48.73590972789777,-40.90659065074721,0.036152695962162126,0.04115163311652696,207.28610328265745
synth_lf_0072,4,0.15334943907235027,77.46975836296066,0.5027513910613877,0.021239454298113886,0.04115163311652696,13.785992040719293
synth_lf_0073,0,0.31214598816155525,38.32130123085577,-175.72719206362336,0.005,0.04673347565097606,17.360191638057305
synth_lf_0073,1,0.2894603893759665,40.08081532129946,-62.32793484558617,0.04354706146403975,0.04673347565097606,195.04115932108988
synth_lf_0073,2,0.25154717421291767,36.740540216687315,-164.73438987218964,0.048711342039995206,0.04673347565097606,335.1988177304876
synth_lf_0073,3,0.3985577662488762,62.59374548578282,-128.21320662969612,0.02305629862439913,0.04673347565097606,196.3398366412739
synth_lf_0073,4,0.41407539976130825,51.04833432058347,-151.5931261079632,0.026533038127328785,0.04673347565097606,338.7223971788403
synth_lf_0073,5,0.2873251840887031,53.93526272754636,-80.78664685364632,0.046370021462437516,0.04673347565097606,169.38058842488658
synth_lf_0073,6,0.24136142103565733,48.636399666697415,-99.06288509374987,0.027569794195884265,0.04673347565097606,29.11382739793271
synth_lf_0074,0,0.33417825976321863,51.22495146946994,-102.73884204205928,0.02838226270033578,0.04512433218175643,322.7306394615875
synth_lf_0074,1,0.302626342557195,24.27627263144019,-304.19512056943563,0.0966278160755897,0.04512433218175643,207.7334049430646
synth_lf_0074,2,0.373436534572854,83.01516167382658,-79.3637207771745,0.055295707971226064,0.04512433218175643,338.42229007972435
synth_lf_0074,3,0.37323416409751564,40.41700126505324,-178.08005451093206,0.005,0.04512433218175643,205.12603171287458
synth_lf_0074,4,0.22868340718808397,77.66857660864129,-17.31879610070169,0.025325899404628288,0.04512433218175643,39.459987571604984
synth_lf_0074,5,0.4727180533763461,56.49246350485152,-108.12479817733933,0.057742351920967994,0.04512433218175643,178.0583014113373
synth_lf_0074,6,0.41728946765327735,51.46238396062483,9.318243734380516,0.0032500000000000003,0.04512433218175643,15.157187139575854
synth_lf_0075,0,0.45868789649897856,45.27915887453383,-159.20066270300967,0.09274825256942476,0.07000364860210254,326.95956753422115
synth_lf_0075,1,0.443989908204832,61.56480581855883,-177.65805606405632,0.04287833274318623,0.07000364860210254,191.59599203475142
synth_lf_0075,2,0.13924410758224853,55.858755125338334,-113.07812900677396,0.06101248753210133,0.07000364860210254,52.71708796982267
synth_lf_0075,3,0.3600288257679284,61.25452230967408,-73.36713156679201,0.024218046299529887,0.07000364860210254,187.8019728047318
synth_lf_0075,4,0.3364870564695084,65.81348447684492,-84.16049200943557,0.013502014931104405,0.07000364860210254,338.3040146891419
synth_lf_0075,5,0.49331900523290095,86.75093447941933,-35.79613532175546,0.010386069224512372,0.07000364860210254,176.36555182302743
synth_lf_0075,6,0.25269383610738316,88.0,-73.54558290184369,0.022122886234412477,0.07000364860210254,309.56206540139533
synth_lf_0076,0,0.19874327626527333,66.42987411892618,-68.21533449211458,0.09405784619082015,0.021743794614744773,53.89640079422234
synth_lf_0076,1,0.27773213264901336,50.633366542523504,-154.6041313989402,0.027435007042483903,0.021743794614744773,198.33071897118214
synth_lf_0076,2,0.18746464288407255,68.80465175839589,-79.198458891348,0.037499495625335125,0.021743794614744773,11.862828052352313
synth_lf_0076,3,0.25263116807621505,67.52399370011327,-87.39778982923981,0.053283985867405244,0.021743794614744773,190.9961355891129
synth_lf_0076,4,0.24631879047062671,60.39297106165008,-94.40534493020286,0.011278673154945407,0.021743794614744773,24.525654326513973
synth_lf_0076,5,0.334937406692471,47.74974571005904,-18.292978211000495,0.06413878823246066,0.021743794614744773,170.66381157433977
synth_lf_0076,6,0.21812938732788212,50.17690530971896,-38.32055497014146,0.010130062174945066,0.021743794614744773,32.27945614531495
synth_lf_0077,0,0.05,39.47333594023007,-69.12669253772548,0.005,0.01578730546017878,32.12080544860911
synth_lf_0077,1,0.12002596772535118,40.77611274935184,-165.42736613511434,0.02255999160432967,0.01578730546017878,168.7286144998264
synth_lf_0077,2,0.0970211355475085,44.29398914119693,-106.34339411004693,0.005,0.01578730546017878,340.65098095192656
synth_lf_0077,3,0.2074355808185753,50.98722127015778,-129.11775192483623,0.038764599667753405,0.01578730546017878,180.75005007687116
synth_lf_0077,4,0.38093962509545387,63.47285460812401,-115.84348490818996,0.03882578868625224,0.01578730546017878,303.14618159596773
synth_lf_0078,0,0.3142799518400012,84.10594571526059,-237.39819603781794,0.08207604463392815,0.03664339016859696,12.68721051194023
synth_lf_0078,1,0.19741473972486398,55.82611813649428,-32.79778467988568,0.08317086321644812,0.03664339016859696,225.40410548112587
synth_lf_0078,2,0.4661473165427175,49.99635545602724,-91.02204916237272,0.06858916730159742,0.03664339016859696,34.07289293673938
synth_lf_0078,3,0.4113311592383988,53.16292890043717,-167.20316377753824,0.0908382775512595,0.03664339016859696,139.2749599331794
synth_lf_0078,4,0.34372380117997636,53.27237298061881,-6.138417119412814,0.057650182476390054,0.03664339016859696,346.9129045011633
synth_lf_0078,5,0.3947634445957337,71.21089072304022,-105.55432030323063,0.05121854820005964,0.03664339016859696,172.69857704761262
synth_lf_0078,6,0.34951485037977,86.01886227477324,-17.303436391710004,0.047223621014796206,0.03664339016859696,307.38166046692254
synth_lf_0079,0,0.3602064754225049,47.21116629814388,-124.93196885403347,0.035893836420600504,0.06952493524292995,11.88561368511388
synth_lf_0079,1,0.3145528552982314,58.365496546223554,-68.9301673422319,0.005,0.06952493524292995,167.82232312928306
synth_lf_0079,2,0.17716787029988598,66.28152636713436,-40.53795265928285,0.04927367270198495,0.06952493524292995,347.1447005241083
synth_lf_0079,3,0.36046812665357736,45.001546204261864,-177.48742418170372,0.005,0.06952493524292995,190.7704610701751
synth_lf_0079,4,0.335909608701456,51.61026814364594,-176.9274451722381,0.04100291468350131,0.06952493524292995,336.3293233223975
synth_lf_0079,5,0.4090026182297878,52.30546189814366,-76.97791040405421,0.035967258328716986,0.06952493524292995,236.5233820172765
synth_lf_0079,6,0.3635943547840968,44.84875174802916,-48.73327717646862,0.024544214099874746,0.06952493524292995,23.487851774036244
synth_lf_0079,7,0.33829641295461715,84.19313790625253,-86.0757971923216,0.0032500000000000003,0.06952493524292995,202.15159800536912
synth_lf_0080,0,0.16409409506680606,62.68113938224889,-101.7001066403285,0.08207090340097346,0.04454497146894725,23.587998104727554
synth_lf_0080,1,0.18783080418242465,75.83707342328096,11.879368555836763,0.017704999490609306,0.04454497146894725,166.75619071990903
synth_lf_0080,2,0.13959972102870735,71.42260706487903,71.73285333090797,0.062299776388154225,0.04454497146894725,342.41775470548697
synth_lf_0080,3,0.2857473031888373,88.0,-5.577647910036973,0.03572326548334066,0.04454497146894725,179.67717407601515
synth_lf_0080,4,0.217939782485566,86.4491200126843,-1.5391746047705706,0.024818847714526807,0.04454497146894725,273.8600292654796
synth_lf_0080,5,0.2537441635366601,86.97731328822664,11.052762711203783,0.037570761868592664,0.04454497146894725,102.35833804680613
synth_lf_0081,0,0.10542027120491712,70.43693199718413,-83.44863391395594,0.054842346194792224,0.036377347918326086,318.63526382699445
synth_lf_0081,1,0.2936540575431225,41.71918837839437,-60.26930748312764,0.05609081956462009,0.036377347918326086,168.43399391626298
synth_lf_0081,2,0.13981929539145901,53.97507380135377,-71.7770071546163,0.005,0.036377347918326086,315.4879659729944
synth_lf_0081,3,0.33932257751037453,60.91652206125808,-94.0394437614591,0.005,0.036377347918326086,103.77901470970664
synth_lf_0081,4,0.2875076195383265,81.17057279857049,34.796007813846046,0.00975572308858013,0.036377347918326086,338.99834343850466
synth_lf_0081,5,0.47576862150935567,52.01105839308325,-55.959586929660055,0.028763242595407065,0.036377347918326086,225.63299597975617
synth_lf_0081,6,0.4237333252282396,74.54314100490666,-71.47951877393281,0.0497165551609729,0.036377347918326086,3.855847413077754
synth_lf_0082,0,0.15962241638889285,51.211570804536024,-102.19362589181391,0.09013127889356426,0.0067407692577442675,334.9000747320911
synth_lf_0082,1,0.5301979218642929,80.1048609520146,-95.18413528904912,0.031002751695903566,0.0067407692577442675,152.5966848952583
synth_lf_0082,2,0.31158157199768677,40.99377845431463,-69.53805843549674,0.005,0.0067407692577442675,330.88463031028897
synth_lf_0082,3,0.2027894753334908,51.333877720072145,-56.36209664687587,0.03175772276561192,0.0067407692577442675,196.05496811799674
synth_lf_0082,4,0.385902809780141,46.62589658552126,-24.91799793169733,0.06236141403820888,0.0067407692577442675,341.28259181932106
synth_lf_0082,5,0.1993805376910227,22.074758036891808,-114.73726709275212,0.039493203689499864,0.0067407692577442675,143.78905397422238
synth_lf_0082,6,0.1957422478259207,41.28736291987512,-21.379723828654374,0.01653658241588934,0.0067407692577442675,27.05271554015758
synth_lf_0083,0,0.21177066135691597,71.49572911473757,-155.5980813520326,0.10592027163076183,0.03501033448098029,356.3694687624949
synth_lf_0083,1,0.25517424238843794,45.28913759197376,-3.855257254997312,0.0416061756277867,0.03501033448098029,162.79454817307675
synth_lf_0083,2,0.4137201594298766,42.68563758048545,-31.50826182791633,0.11998790117384078,0.03501033448098029,315.7628365558944
synth_lf_0083,3,0.44942730788365887,62.109962949020385,-9.743859221695757,0.03937045947420146,0.03501033448098029,183.55024180703174
synth_lf_0083,4,0.27645301021410096,63.84735538875176,-106.39523529501176,0.02337487193731944,0.03501033448098029,80.12568550695357
synth_lf_0083,5,0.4210089062787885,68.90275073279851,-77.0213000914597,0.0602434938744579,0.03501033448098029,176.18699411148123
synth_lf_0083,6,0.26533975741864335,40.370732224071574,70.0901037156011,0.00702010774672877,0.03501033448098029,344.36741197254946
synth_lf_0084,0,0.23511081223309965,54.74250706508708,48.56749230250995,0.0687406816851147,0.012927185634342711,31.71703360103925
synth_lf_0084,1,0.13696169630800825,88.0,-33.78137918342006,0.005,0.012927185634342711,178.89860856538624
synth_lf_0084,2,0.05,71.54816827957316,-51.25309364200903,0.0032500000000000003,0.012927185634342711,14.540730563885234
synth_lf_0084,3,0.13859833698483015,68.25182385234227,-73.37183376661473,0.0032500000000000003,0.012927185634342711,169.92108688389555
synth_lf_0084,4,0.2847609272937876,77.66751105282145,54.566711770518694,0.01926080615725607,0.012927185634342711,48.46260889471296
synth_lf_0084,5,0.29532973373414023,64.91658880873692,-52.39007513999811,0.0032500000000000003,0.012927185634342711,89.89573500445522
synth_lf_0084,6,0.26286137737845316,56.861994546202936,28.238566771213417,0.0032500000000000003,0.012927185634342711,341.6462230129621
synth_lf_0085,0,0.30968060290279065,80.37367918600889,-166.1497794028825,0.092262688867179,0.056831420166163694,54.52708816647196
synth_lf_0085,1,0.33882560941365786,74.69928844807441,-233.5404986392034,0.03515615564857721,0.056831420166163694,220.56643329234564
synth_lf_0085,2,0.43532727931491233,58.769129439830145,-132.33189202510235,0.07117223493719488,0.056831420166163694,23.337375394904882
synth_lf_0085,3,0.5710997696098439,76.61944201794377,-103.01170010469066,0.05894105974558083,0.056831420166163694,179.4789976613098
synth_lf_0085,4,0.5288963116651136,75.75520767579843,-177.5165704045848,0.0452811870933157,0.056831420166163694,341.5796496592968
synth_lf_0085,5,0.2973792404788987,88.0,-80.29399424507486,0.03430816130906254,0.056831420166163694,231.26062809347115
synth_lf_0085,6,0.19259923845831517,88.0,-54.58927234242039,0.06232756607168691,0.056831420166163694,358.9867688621241
synth_lf_0085,7,0.4261033648066744,67.46945360549792,-33.98532334621537,0.04561842380196905,0.056831420166163694,141.05632710417763
synth_lf_0086,0,0.05,63.7015056594671,-37.016811727764875,0.044277555855901686,0.030294860764139463,345.98932507573994
synth_lf_0086,1,0.23809003119992497,71.16552855640596,-59.641545210035396,0.005,0.030294860764139463,206.7838435568429
synth_lf_0086,2,0.19231380210485594,58.09828045787618,-162.1094402867406,0.035633639880356144,0.030294860764139463,66.07408381389041
synth_lf_0086,3,0.3854086921408256,88.0,-64.31778107436585,0.040773382315592105,0.030294860764139463,184.858369007826
synth_lf_0086,4,0.36001026563013444,88.0,21.566213730787922,0.061780421363233716,0.030294860764139463,306.44194286239167
synth_lf_0086,5,0.16055051742697873,78.43867187734381,-99.18279627813172,0.022772038151065797,0.030294860764139463,165.5445034645594
synth_lf_0087,0,0.30851106483033497,41.94904925372965,-160.05264404455636,0.07869813209447941,0.04044310006886338,9.144666079800102
synth_lf_0087,1,0.41307751001298026,43.02790816441079,-235.98951917360344,0.04206890958585378,0.04044310006886338,181.85319041008452
synth_lf_0087,2,0.36465237514792154,49.86914184753704,-71.85514574295858,0.02510156879739157,0.04044310006886338,42.20897757342158
synth_lf_0087,3,0.34441436455431806,45.97457598768806,-118.1631323086419,0.005,0.04044310006886338,218.3592348096646
synth_lf_0087,4,0.47478235344412345,38.96579756964603,-73.3144923040675,0.031038069750771047,0.04044310006886338,351.6163302099478
synth_lf_0087,5,0.4233106774725752,50.63190387206361,-75.7452629979104,0.03863854776704088,0.04044310006886338,151.97672658638908
synth_lf_0087,6,0.48069341211542105,29.57369981136264,-21.99740796594675,0.026635810888392945,0.04044310006886338,333.85327447929353
synth_lf_0087,7,0.4556513177201168,33.28391441023696,-108.0104177217996,0.0321575108767657,0.04044310006886338,171.6429421790583
synth_lf_0088,0,0.3041602086716494,53.27714523566794,-111.21132173963645,0.10222542977017758,0.032646642833959794,313.78715373802515
synth_lf_0088,1,0.12870081449745913,63.26918061604178,-130.58151489850698,0.037193817293929655,0.032646642833959794,240.88021166550425
synth_lf_0088,2,0.3253658449612101,66.62877237723552,-78.73697534580981,0.005,0.032646642833959794,0.40931362976169794
synth_lf_0088,3,0.2501636566986188,50.31159142285951,-112.38069670349391,0.021710131283861085,0.032646642833959794,187.36276441429175
synth_lf_0088,4,0.33572301127530074,88.0,-94.12072743972503,0.03803616978401859,0.032646642833959794,331.30050454407046
synth_lf_0088,5,0.32612826147863944,41.750046972390976,5.809879844427144,0.02752831536568084,0.032646642833959794,227.55163251546992
synth_lf_0089,0,0.11793387358634107,53.313726849340235,-127.83363872649583,0.07692103387207035,0.03811083105319914,343.3199945454342
synth_lf_0089,1,0.40185321770976834,46.199000421456205,-96.81565533704952,0.05102940910137208,0.03811083105319914,176.87873789138135
synth_lf_0089,2,0.3937601365631605,53.88382959388925,-134.4528696562339,0.026085119596899874,0.03811083105319914,359.69655189097324
synth_lf_0089,3,0.3749026447549715,49.29430798352117,21.944010465011146,0.0032500000000000003,0.03811083105319914,212.00820676501678
synth_lf_0089,4,0.27845577232878893,83.26616015750267,-116.53832657882995,0.023052673185632856,0.03811083105319914,352.2405536044065
synth_lf_0089,5,0.326148432187947,75.91008117582346,-5.108155391482036,0.020478962179080958,0.03811083105319914,187.5401247379341
synth_lf_0089,6,0.47294306376910755,60.916269543109,-120.2969956679882,0.025198170334469576,0.03811083105319914,0.2964452950177474
synth_lf_0090,0,0.1623793992369711,53.16027836594802,-72.10762492600746,0.10920851219249525,0.03847058286802803,30.213493560372914
synth_lf_0090,1,0.2267561480662037,41.085366225265645,5.889105772027079,0.016954487076565855,0.03847058286802803,159.50794097348762
synth_lf_0090,2,0.19948425007973306,63.26599627287618,107.24677536551735,0.005,0.03847058286802803,32.00781136238214
synth_lf_0090,3,0.3735056233685705,63.88686197930975,39.576014715737955,0.005,0.03847058286802803,104.66893294917293
synth_lf_0090,4,0.29316792049525153,63.52059023472983,-137.3711456030697,0.029767181313920782,0.03847058286802803,60.19452437478128
synth_lf_0090,5,0.29343461605733495,73.3600243932104,-24.95219367101942,0.02739132980577525,0.03847058286802803,112.25819639123733
synth_lf_0090,6,0.24908626790078606,68.23978761321746,-46.61595388307826,0.0032500000000000003,0.03847058286802803,349.2911610403785
synth_lf_0091,0,0.17282848085974162,51.4693207668914,10.516132698630763,0.13193667749529248,0.025549138840183287,344.82570484026553
synth_lf_0091,1,0.07505946396089282,67.6525861668987,-51.28039216585921,0.06298651850760152,0.025549138840183287,189.07405180607643
synth_lf_0091,2,0.1301151335649016,78.2139388767318,46.53644500927197,0.0032500000000000003,0.025549138840183287,55.49795854621976
synth_lf_0091,3,0.18606644469751815,45.15890453368292,46.328232439075464,0.028203647723219302,0.025549138840183287,212.053021319928
synth_lf_0092,0,0.13902065599415686,72.47853910800872,-93.88288261850593,0.0548912333392142,0.04335333576957567,355.49847871615873
synth_lf_0092,1,0.29874954283491517,70.6477025500195,-132.88914126777132,0.031019298965455043,0.04335333576957567,137.37633326467773
synth_lf_0092,2,0.11151329207830227,59.9851827460909,-41.98469790603188,0.04236957562960097,0.04335333576957567,290.5584863839075
synth_lf_0092,3,0.3779507135055421,55.84430146752116,-158.79305746682155,0.06342249150144856,0.04335333576957567,137.3101205068881
synth_lf_0092,4,0.4288608864026658,59.54617414140536,-31.86510298258336,0.04715292353969284,0.04335333576957567,60.11432409065071
synth_lf_0092,5,0.19714071891600246,84.33493919783922,-67.79683294980572,0.058104978440271494,0.04335333576957567,146.58621824848103
synth_lf_0092,6,0.3989147672242332,73.77242492565826,0.4972680679179007,0.019125245028382133,0.04335333576957567,30.46253272368176
synth_lf_0093,0,0.13094702200882208,66.50481637384816,-108.57578181895259,0.040380706685704745,0.03710372311143946,6.827898613910577
synth_lf_0093,1,0.10925415458072224,88.0,-79.15564311359397,0.10504416711559825,0.03710372311143946,170.75162033545604
synth_lf_0093,2,0.1987217982368928,47.278307468901275,-32.16337071076632,0.03581540521595194,0.03710372311143946,1.2551047429891469
synth_lf_0093,3,0.05,87.1048439823478,-14.934688548784202,0.039658785017448996,0.03710372311143946,161.4533741948576
synth_lf_0093,4,0.1430553678764135,78.24326031918184,-13.521083907990517,0.024009032847094547,0.03710372311143946,27.101272475990868
synth_lf_0093,5,0.2741528136321806,88.0,47.46364380852023,0.0032500000000000003,0.03710372311143946,151.98940068158845
synth_lf_0094,0,0.235937596730974,37.54366868359429,-128.3070183866329,0.09669640010197968,0.015945039945012777,351.9249355170244
synth_lf_0094,1,0.08573806821025318,69.68776619984497,-39.6956231121149,0.0723728964505913,0.015945039945012777,221.23155463633503
synth_lf_0094,2,0.3380523959218688,55.863163650807664,-139.53120403059333,0.02713475112098647,0.015945039945012777,326.6786206012978
synth_lf_0094,3,0.1894258001836027,63.38380833434635,-54.41769519571651,0.02710033891137214,0.015945039945012777,207.14446743898657
synth_lf_0094,4,0.30514593032845316,77.35986027187867,45.52029767240378,0.021609658487104444,0.015945039945012777,330.9370176065851
synth_lf_0094,5,0.3297002032672049,43.07164702810968,-71.99046678492616,0.019061237401984878,0.015945039945012777,206.48379055350813
synth_lf_0095,0,0.05,54.962169386898196,-170.69563904781612,0.005,0.005,28.24128128420726
synth_lf_0095,1,0.31581532986573024,42.98429044972831,-184.84885480685094,0.005,0.005,243.9879060170856
synth_lf_0095,2,0.05,72.15673572709873,-86.97895689112563,0.012021648010136724,0.005,340.1150310551242
synth_lf_0095,3,0.17876352488805486,53.8030903016554,-213.7061309260725,0.0032500000000000003,0.005,147.07519872759303
synth_lf_0096,0,0.12714826557589218,83.90869617497269,-63.67540822933505,0.03802147067989191,0.005,12.657033212530171
synth_lf_0096,1,0.05,64.62187873401743,17.348749619207382,0.07159378129199778,0.005,158.1195332695424
synth_lf_0096,2,0.19375969543728178,88.0,33.27287336025321,0.017944708146461506,0.005,321.0514839811472
synth_lf_0096,3,0.21188511977196237,70.85801466311767,4.190291776435529,0.012668681019909277,0.005,109.42558214207497
synth_lf_0096,4,0.23422455438513873,72.2344586766765,50.20321265549856,0.02583842110094387,0.005,349.3777496304957
synth_lf_0097,0,0.10775146564183263,43.28988034011152,-83.95277544819751,0.046267075015378856,0.0367525784473962,344.88463543894284
synth_lf_0097,1,0.24812382948090667,42.90728515012458,-155.80391860555105,0.04553697433132199,0.0367525784473962,161.48116296822923
synth_lf_0097,2,0.47531902055823394,40.93592843750295,-33.536563161169894,0.005,0.0367525784473962,18.72006065713782
synth_lf_0097,3,0.37562189219868103,51.53509111132069,-133.7822833375329,0.045994629136029135,0.0367525784473962,224.0912848807012
synth_lf_0097,4,0.3872157646165856,61.23850247923396,-43.08138650961078,0.044763470751777425,0.0367525784473962,21.927469940633387
synth_lf_0097,5,0.3173638715338704,48.37175310415653,-50.909049587599036,0.01765525969833073,0.0367525784473962,178.70688408275373
synth_lf_0097,6,0.28347605214128463,70.94271874067945,-63.718911679880755,0.031727517496166285,0.0367525784473962,8.62416663678141
synth_lf_0098,0,0.13950731120627377,40.10318781277659,-40.76148473819293,0.023125369775211253,0.02364222218895877,350.1613130298324
synth_lf_0098,1,0.18661092280578348,21.19000204744194,-134.21862879705586,0.0032500000000000003,0.02364222218895877,147.79211969296531
synth_lf_0098,2,0.34111189674951253,49.47284332900033,-20.960747831470123,0.0032500000000000003,0.02364222218895877,359.78584107956175
synth_lf_0098,3,0.21671720594248972,71.3355608126744,-93.85864779680819,0.0032500000000000003,0.02364222218895877,166.24754050893011
synth_lf_0098,4,0.19155838388002902,70.07999341269597,-66.02989865524177,0.0032500000000000003,0.02364222218895877,310.60874498543535
synth_lf_0099,0,0.19433572785695946,40.527672671493185,-143.73193400620377,0.08449225548303305,0.019999321764008877,70.40618187902197
synth_lf_0099,1,0.1842622899057932,40.48560834265032,-102.97956720402397,0.019884746998021535,0.019999321764008877,188.15940414352562
synth_lf_0099,2,0.42328627281771114,53.921219206218204,-98.81744290472786,0.011376354663257572,0.019999321764008877,29.894497264081622
synth_lf_0099,3,0.22474915737880738,43.11958762897234,-59.54530418154366,0.0032500000000000003,0.019999321764008877,186.79786132453683
synth_lf_0099,4,0.08478834178496536,77.18969336370432,-125.09721079875726,0.027202227853153894,0.019999321764008877,39.731641131072024
synth_lf_0099,5,0.4298923197958127,70.46889328134591,-183.617602358053,0.012758816330266695,0.019999321764008877,240.17055991187874
synth_lf_0100,0,0.18826057758795656,43.11230067863783,-69.42175944380067,0.005,0.03137287021389867,325.3343129018399
synth_lf_0100,1,0.09603239929486179,57.23603602983668,-39.4202347487493,0.005,0.03137287021389867,231.97715574531412
synth_lf_0100,2,0.24573904872513164,55.77860804627522,-24.008153351858127,0.005,0.03137287021389867,53.20495256693937
synth_lf_0100,3,0.2849412793069032,56.45821793005898,-9.2948940837721,0.0416684880714787,0.03137287021389867,170.32318892742967
synth_lf_0100,4,0.4824047082937777,54.07497830814025,-52.21590150136787,0.017729960144459826,0.03137287021389867,71.06675027969311
synth_lf_0101,0,0.21664720266117463,86.3358316377205,12.143050895202435,0.0834721806749183,0.04554397260529543,34.601868964500206
synth_lf_0101,1,0.3395022831947373,61.77606250755464,-30.921665748677,0.005,0.04554397260529543,201.71323004996614
synth_lf_0101,2,0.22325104524830658,83.32040117681638,-34.61259407635349,0.015241798160866828,0.04554397260529543,50.55149679118915
synth_lf_0101,3,0.13215118380755125,72.24650990674697,-69.16635242787407,0.046005231640990865,0.04554397260529543,129.48045427470004
synth_lf_0101,4,0.3350659257613716,75.94051188285253,9.582699921136513,0.015731609462159322,0.04554397260529543,323.9407017023883
synth_lf_0101,5,0.3194826287257977,64.79998081529274,-93.11639401510197,0.033921604199899175,0.04554397260529543,218.88299525433195
synth_lf_0102,0,0.12792938517059457,53.798931314189474,-68.37960392588357,0.043001928939744985,0.03412790637332325,338.99135256304436
synth_lf_0102,1,0.11533344549364284,68.91391905889137,-25.748855581698542,0.005,0.03412790637332325,185.06440605336365
synth_lf_0102,2,0.2258710341159712,30.965812157968212,1.3985324878005727,0.0393256591360013,0.03412790637332325,10.723725266357064
synth_lf_0102,3,0.30530427105749847,56.02170133595078,-51.89951453831816,0.047917875831546594,0.03412790637332325,175.01345240377134
synth_lf_0102,4,0.2628541615730074,55.27106557009028,-27.288566205928944,0.006202442429972004,0.03412790637332325,316.07302108972044
synth_lf_0102,5,0.3593266381165986,65.42245059350387,-24.487303720976186,0.013305540679475461,0.03412790637332325,195.0668530400868
synth_lf_0103,0,0.41911162897417314,75.40257829514812,-62.1812592619863,0.048539192706447847,0.047351102303914185,22.564789925986396
synth_lf_0103,1,0.21998126578205957,69.29223485689624,-133.9540512051299,0.005,0.047351102303914185,164.35676024736003
synth_lf_0103,2,0.44823337646282757,79.81878697891862,-71.44407290413533,0.03795161482507117,0.047351102303914185,306.77047196219047
synth_lf_0103,3,0.4627959571450523,68.52819012467059,-19.848568512180403,0.08707571257388855,0.047351102303914185,156.2894638627315
synth_lf_0103,4,0.09528975242456467,88.0,-152.04320623691692,0.03151818709028785,0.047351102303914185,18.141160462185667
synth_lf_0103,5,0.4156014636487372,88.0,-60.718590739379096,0.02937865249780552,0.047351102303914185,175.74658703904993
synth_lf_0103,6,0.41445700643785166,88.0,-17.830677300065183,0.028178944579753003,0.047351102303914185,339.6515493546865
synth_lf_0103,7,0.4273076534126996,79.07872557846785,69.56247362341267,0.016552922318802628,0.047351102303914185,177.7452945917862
synth_lf_0104,0,0.15698814931964755,63.47069926967918,-87.06924339760563,0.022884637079893293,0.022046255475585884,31.32220592373351
synth_lf_0104,1,0.20255248281165691,72.00826145703938,-95.4368898981102,0.039231336253931284,0.022046255475585884,143.63077621931433
synth_lf_0104,2,0.30843121922701006,63.40837210937243,-36.554082735589986,0.0718358564484274,0.022046255475585884,319.29664042010376
synth_lf_0104,3,0.3448457903935333,74.767829694299,-81.08890100481642,0.07178572304646375,0.022046255475585884,207.71957599235702
synth_lf_0104,4,0.23068355641571242,59.6611806529222,-86.27806774507852,0.007381360126872199,0.022046255475585884,33.78139209227993
synth_lf_0104,5,0.3902572337977079,63.39728969826026,-46.7063950045431,0.024362993726857296,0.022046255475585884,145.89560990628172
synth_lf_0104,6,0.1859245317881139,88.0,-48.98552849059569,0.0682043738561282,0.022046255475585884,41.82812534062532
synth_lf_0105,0,0.2555649586127781,74.03196107369907,-85.49415111814572,0.08479267003456821,0.0316756611937003,6.969564747852731
synth_lf_0105,1,0.24987397144568776,36.206412134907836,-121.75048577125422,0.08282186896692409,0.0316756611937003,180.29693990397544
synth_lf_0105,2,0.294784508575037,52.342310691146785,-48.353564591841725,0.02932591700290368,0.0316756611937003,356.56245367758527
synth_lf_0105,3,0.5550203809663542,73.20948000593114,-112.12519646521454,0.026517045018442882,0.0316756611937003,131.1619511080949
synth_lf_0105,4,0.4525825297752503,55.31231396909991,-27.95532094932763,0.03583853893715478,0.0316756611937003,318.99041780315997
synth_lf_0105,5,0.23168151421372954,59.41537855863511,30.6531914213826,0.00430653229760022,0.0316756611937003,205.58940718282565
synth_lf_0105,6,0.22939727596371137,66.29148898619233,-90.99540127560134,0.0032500000000000003,0.0316756611937003,39.34491401343507
synth_lf_0106,0,0.21930250519272812,47.93749610411061,-119.1921034210009,0.005,0.01967850930322742,25.9298434152543
synth_lf_0106,1,0.21473850880538006,74.31402191001928,-71.05006877045233,0.006185436811382703,0.01967850930322742,223.51234333080916
synth_lf_0106,2,0.20707490911539195,55.10152355547163,-54.847285128806796,0.005,0.01967850930322742,16.21291372416539
synth_lf_0106,3,0.15134429953809764,81.2323650263621,0.14996624095550537,0.017876941935975336,0.01967850930322742,148.51182940203336
synth_lf_0106,4,0.26320393789840135,69.43280006481406,-3.4229257460664932,0.0032500000000000003,0.01967850930322742,20.586953636076373
synth_lf_0106,5,0.09026143773185447,88.0,3.5359112282848586,0.0032500000000000003,0.01967850930322742,211.54441741043888
synth_lf_0107,0,0.19906967308292248,49.42739030548109,-126.48788461136664,0.005,0.034191146513882595,19.34754579273607
synth_lf_0107,1,0.25255571121144327,55.33723148830097,-53.60537232884434,0.005,0.034191146513882595,198.1682573325266
synth_lf_0107,2,0.19687714779294577,67.10316065527091,-80.30578453855819,0.023443776795532594,0.034191146513882595,12.6036583542338
synth_lf_0107,3,0.3815186129012692,48.04368496566234,-99.61942551211612,0.0032500000000000003,0.034191146513882595,197.86302995984977
synth_lf_0107,4,0.4287594030360924,60.78041415434687,-116.46542908659265,0.014438702885986133,0.034191146513882595,19.852134757037334
synth_lf_0108,0,0.18897490798370833,31.542641239340384,-98.28321797186565,0.026489983274746172,0.04269163771703016,3.079077101335338
synth_lf_0108,1,0.13244295017401853,88.0,-75.38738414876612,0.05791392408538404,0.04269163771703016,183.96391984815457
synth_lf_0108,2,0.2317943218146432,48.03876802218901,-54.94738616502609,0.06081686314604857,0.04269163771703016,325.60036784837246
synth_lf_0108,3,0.44540959011109327,55.511679693634605,-30.217704211669897,0.019889360456008524,0.04269163771703016,176.7000720356067
synth_lf_0108,4,0.2569598456651482,68.25428341378888,22.57493415476081,0.0032500000000000003,0.04269163771703016,17.30092319039204
synth_lf_0108,5,0.3888643115571012,76.110788556926,-9.100292565816062,0.018286764889681194,0.04269163771703016,182.15674766012603
synth_lf_0108,6,0.3376731847936556,68.09790564624926,7.146975888077918,0.041487834807655034,0.04269163771703016,341.91734424882907
synth_lf_0109,0,0.10464959163678653,83.0634057955047,-68.30537220981714,0.08357300770603585,0.014983830529279811,15.922640876055347
synth_lf_0109,1,0.09801742240513754,73.5818147270871,-85.75267982868968,0.03392809166847003,0.014983830529279811,142.5012646436552
synth_lf_0109,2,0.22744070118301726,60.0883642836525,-23.47947288747621,0.04864289748939811,0.014983830529279811,17.584807555085945
synth_lf_0109,3,0.20221244251663972,58.61094497607467,21.66938464033933,0.015169006463750145,0.014983830529279811,167.02556471907087
synth_lf_0109,4,0.2015787128431498,65.15430181666437,26.4555556619219,0.016649700077006904,0.014983830529279811,38.742215484828534
synth_lf_0109,5,0.3002373707633784,86.84208185780827,-80.68897575978446,0.05038251933938546,0.014983830529279811,199.18946594014585
synth_lf_0110,0,0.30497197941106013,71.42426306534881,-82.61489665262376,0.039726771329168103,0.05825945296208725,13.052043911489447
synth_lf_0110,1,0.26434287803034245,51.98236757765997,-82.362939015455,0.09349384693871284,0.05825945296208725,158.14495514749592
synth_lf_0110,2,0.4290197258631575,83.1197670301656,-79.03028526007454,0.10486637625589351,0.05825945296208725,344.5762209132446
synth_lf_0110,3,0.3072094804728316,59.54616334776763,-142.6081827676253,0.005,0.05825945296208725,207.42569364749625
synth_lf_0110,4,0.28533279600028866,70.89110450683087,-23.165772238759956,0.010981379410104124,0.05825945296208725,359.62851214785405
synth_lf_0110,5,0.3530310384505639,85.20279819659643,-110.28732743829178,0.025920796014502534,0.05825945296208725,183.8922233582109
synth_lf_0110,6,0.35217195808652296,80.35503521884269,-138.52434769076064,0.049241339939682695,0.05825945296208725,352.6355744067582
synth_lf_0110,7,0.5327476696265463,62.98448104201037,-103.48848944630842,0.05924540122423276,0.05825945296208725,188.58732335972422
synth_lf_0111,0,0.21519765130039495,72.46481118608624,-128.6773803332248,0.09845607979522497,0.044812327198677934,326.94195454756755
synth_lf_0111,1,0.3400754890714965,64.25956253984475,-159.59006005761003,0.05507008897641875,0.044812327198677934,193.37891300176693
synth_lf_0111,2,0.2963039383435045,74.86232390756297,-130.4860637444043,0.02253004690347767,0.044812327198677934,359.1460044771948
synth_lf_0111,3,0.43889457687183914,62.787010502017196,-117.84021021262382,0.021858890094706825,0.044812327198677934,253.7110984925689
synth_lf_0111,4,0.10513505984810836,53.79098969658413,-9.645473806648212,0.040222087391348284,0.044812327198677934,346.46936380552154
synth_lf_0111,5,0.440537099063867,83.9906041249247,30.43557303783598,0.0529701623460749,0.044812327198677934,139.61995896169856
synth_lf_0111,6,0.350634577307405,70.30804827987275,-57.65526616643715,0.03696062016040893,0.044812327198677934,39.66718796096279
synth_lf_0112,0,0.2999501982459932,46.05957437811445,-180.76360252775862,0.014464377130629591,0.057378093264505776,15.056703307840648
synth_lf_0112,1,0.10572823631509559,23.78064004618663,-134.81032747567016,0.04368667960156935,0.057378093264505776,147.65424123722977
synth_lf_0112,2,0.19839313408128623,16.629551320463584,-99.77184244655321,0.08610148015328006,0.057378093264505776,329.2167778337382
synth_lf_0112,3,0.43331884015845445,88.0,-123.83786771731768,0.0736350437963208,0.057378093264505776,172.28638882672965
synth_lf_0112,4,0.4417621393944279,59.0700904228029,-70.76168587723672,0.03751313461977308,0.057378093264505776,47.16903522736766
synth_lf_0112,5,0.30403232607331815,51.45795377065743,-130.13471125362443,0.07180028731800643,0.057378093264505776,162.35158489094113
synth_lf_0113,0,0.2702429019621857,52.46773272536103,-193.2158144771933,0.05697730926355092,0.02122345258820153,359.42647174218615
synth_lf_0113,1,0.2447806632469887,44.232669273586936,-30.82154106271721,0.016412185043583025,0.02122345258820153,190.4958911073937
synth_lf_0113,2,0.27946774492050014,63.63862572061372,-56.80717672897696,0.04084629456577145,0.02122345258820153,29.002600894348348
synth_lf_0113,3,0.21020897418656784,68.92559781249645,-10.211709771830542,0.0032500000000000003,0.02122345258820153,249.8440239390285
synth_lf_0113,4,0.23827175716407978,64.22855260376639,-62.07379585770231,0.0032500000000000003,0.02122345258820153,350.85876298786366
synth_lf_0113,5,0.10065386414043387,67.76358287650397,-42.8611083854603,0.025755570840134554,0.02122345258820153,165.51952099038874
synth_lf_0114,0,0.15595150713767075,65.46705958439283,-128.0338867737237,0.005,0.04960719536237836,357.2822854751039
synth_lf_0114,1,0.24917543683723475,36.22404917953925,-134.32720682913387,0.08190872625455102,0.04960719536237836,143.7357994642869
synth_lf_0114,2,0.31183235774229084,66.7237432662349,-182.54159896104318,0.005,0.04960719536237836,358.9956757717373
synth_lf_0114,3,0.3569590274553551,62.66190096965606,-144.8737541239743,0.02715401160393547,0.04960719536237836,147.72299578886032
synth_lf_0114,4,0.355286565346104,58.85610944590197,-56.90657720812846,0.0647273749600839,0.04960719536237836,355.23420608075776
synth_lf_0114,5,0.28027659549284245,54.757315774729534,-88.41849001790929,0.03943256066918965,0.04960719536237836,167.1049452091105
synth_lf_0114,6,0.4102731245698368,57.75513227804804,-24.97637183640188,0.0032500000000000003,0.04960719536237836,19.080096331194227
synth_lf_0115,0,0.08266601500827193,37.98787525316035,-99.93554583375287,0.05661276484902039,0.05056876816506249,34.904912890013605
synth_lf_0115,1,0.24485860593430175,27.535415880722233,-103.91932307620763,0.02986361241855684,0.05056876816506249,198.48674126098567
synth_lf_0115,2,0.3420185390378675,65.85353978961616,-32.835135245910486,0.03039598999535477,0.05056876816506249,348.62724403313763
synth_lf_0115,3,0.4381483030617176,62.87095343752149,73.28089555933329,0.012580431386480767,0.05056876816506249,168.17287022516325
synth_lf_0115,4,0.1723091080414207,80.30080650609692,-60.125765866533136,0.04072763072670191,0.05056876816506249,29.814272287008066
synth_lf_0115,5,0.45699839553160626,61.67368215729513,-100.07832439106241,0.007031375614848367,0.05056876816506249,180.48217454997393
synth_lf_0115,6,0.5065939464009998,57.7826843821353,-43.6043004964476,0.009991978204592246,0.05056876816506249,349.32749322063296
synth_lf_0116,0,0.4074663069265828,55.248653744182896,-179.7345276957644,0.03643250654704546,0.052347914076380696,38.373725117363115
synth_lf_0116,1,0.46058424722063257,36.504603300207975,-150.27368916169883,0.02186309124314994,0.052347914076380696,124.76413338693543
synth_lf_0116,2,0.3227828257562728,58.42196727435005,-75.64178898820686,0.046774989385278534,0.052347914076380696,301.8686820668789
synth_lf_0116,3,0.28338550999613876,52.975145973111054,-97.34989361816324,0.0497222877930545,0.052347914076380696,197.4214406468176
synth_lf_0116,4,0.34400081675378175,67.39472290521087,-55.956375803646694,0.011206694315081922,0.052347914076380696,329.8826541543847
synth_lf_0116,5,0.39884481572362923,56.81403216471955,-139.8816661242762,0.034457383541902836,0.052347914076380696,118.30579221031428
synth_lf_0116,6,0.3701565180247954,63.41449716451598,-122.10428863785378,0.030287494537018095,0.052347914076380696,328.5036064002902
synth_lf_0117,0,0.35863337528000616,69.11764965407357,-95.97776988027073,0.050545700701039274,0.05697120366819004,311.65893381241773
synth_lf_0117,1,0.3769035087690278,81.47065639553378,7.6040129121981295,0.005,0.05697120366819004,162.1310463827557
synth_lf_0117,2,0.21860768246656928,63.7043486128989,-33.11641326144141,0.019850508549391598,0.05697120366819004,38.31968651096798
synth_lf_0117,3,0.30475699050561694,74.1963075521106,-140.71578102577584,0.013342351499803957,0.05697120366819004,130.18323342903898
synth_lf_0117,4,0.207699073053897,75.19085630336087,37.32088278230328,0.07144376987984749,0.05697120366819004,5.369503178698096
synth_lf_0117,5,0.32307938974138606,61.17123501407397,-39.216826682800914,0.023894351135902023,0.05697120366819004,179.9288889071811
synth_lf_0117,6,0.17171917534819905,67.19536769203431,-1.717401346443026,0.02404385667157877,0.05697120366819004,27.075340665693147
synth_lf_0118,0,0.28030167777927656,52.56943893807434,-139.75445940836116,0.09946101683591388,0.03181123754078001,339.00082369781626
synth_lf_0118,1,0.28445611052739717,52.45812114372714,-166.82808161834632,0.07440010293204971,0.03181123754078001,190.67197105800398
synth_lf_0118,2,0.3778309830138872,61.584575317123985,-87.39584014120013,0.012635285269235276,0.03181123754078001,349.04137924971093
synth_lf_0118,3,0.3494523868570207,57.98981182497249,-11.672613051148026,0.0392718622624601,0.03181123754078001,155.57059636766257
synth_lf_0118,4,0.24437759253313168,55.80223646332169,26.631732423369876,0.06044747685627448,0.03181123754078001,31.94267702409934
synth_lf_0118,5,0.41271471991460895,88.0,64.69522803961326,0.06573201918375074,0.03181123754078001,135.05216377650947
synth_lf_0118,6,0.16346359431874533,58.808620881560685,-47.635593716811535,0.016492635680669564,0.03181123754078001,8.482822566913683
synth_lf_0119,0,0.21068950804810205,76.02871755590307,-57.362020574142264,0.04316681183000844,0.05297113012252784,340.02874815830785
synth_lf_0119,1,0.21894894272557516,60.26934012932892,-36.647522099570594,0.05631607503848968,0.05297113012252784,161.55711896143802
synth_lf_0119,2,0.29372054541617965,56.70234464243402,-98.9616681752498,0.007280949053155922,0.05297113012252784,44.22315716037315
synth_lf_0119,3,0.1224649379820801,71.32385648638721,-148.22771461150174,0.01892622600948177,0.05297113012252784,182.13369888772058
synth_lf_0119,4,0.24030432447241457,57.32694443171079,27.475595192829722,0.008866269022798258,0.05297113012252784,338.54178266952727
synth_lf_0120,0,0.051829604677562535,47.42634436247789,-63.74143157944111,0.10092270487163002,0.05404504844053923,333.5278584907208
synth_lf_0120,1,0.22171272353211285,40.203670452898734,-191.96029283034915,0.06496615585394336,0.05404504844053923,215.8714165802869
synth_lf_0120,2,0.22229785051206005,67.60029904597991,-82.30106872291385,0.005,0.05404504844053923,32.5251051056282
synth_lf_0120,3,0.23764835182711377,55.216292786383725,-116.33917919258357,0.012492214978120053,0.05404504844053923,227.14965346331178
synth_lf_0120,4,0.3085603762852335,49.86596341807773,-117.03680112130256,0.028862773122170678,0.05404504844053923,344.8512099456301
synth_lf_0120,5,0.30830298357790864,70.63636525963011,-27.552416769041002,0.04730631363855562,0.05404504844053923,196.51899061522215
synth_lf_0120,6,0.3644793850892085,33.1009794165208,-66.90692898510846,0.0032500000000000003,0.05404504844053923,346.7291054811981
synth_lf_0121,0,0.2650667146681096,66.99598208380687,-50.97460775648411,0.08039633850373873,0.03225820784775821,16.782502018750623
synth_lf_0121,1,0.2949209775048263,73.9082806144311,-90.76330626131293,0.005,0.03225820784775821,144.15898884986746
synth_lf_0121,2,0.30110585730787104,45.44684506345726,-28.40064024736855,0.07177483789902657,0.03225820784775821,353.04560273313746
synth_lf_0121,3,0.3041375009251272,75.33693890768892,-19.280647391350385,0.018132784470771355,0.03225820784775821,238.91532158348286
synth_lf_0121,4,0.3398396474123092,88.0,-77.13332326424252,0.00807033537386616,0.03225820784775821,342.66165224102156
synth_lf_0121,5,0.3920235049298133,64.87168942901758,-83.73969745725975,0.018941682772599677,0.03225820784775821,167.70053646183976
synth_lf_0121,6,0.3672530061812913,49.48148176047765,-165.5503538022469,0.03197086413465246,0.03225820784775821,350.4076636285956
synth_lf_0122,0,0.30948035358636367,72.07501004942306,-78.55516624346075,0.005,0.04878553533188166,344.98518129912117
synth_lf_0122,1,0.12704165217681662,71.28578710117537,-111.99431203307844,0.017739749191538486,0.04878553533188166,208.097610113885
synth_lf_0122,2,0.2499528577115591,66.09099888024267,-4.716721400678416,0.005,0.04878553533188166,354.25564392547113
synth_lf_0122,3,0.2827368692357204,75.86274289559816,11.15787917761017,0.02769332611464032,0.04878553533188166,217.49816958428107
synth_lf_0122,4,0.3522126400665877,66.33561285022859,-64.6402395238846,0.023034617414529647,0.04878553533188166,320.0466698441537
synth_lf_0122,5,0.24919228218828268,73.48013157127069,25.984146174209855,0.0032500000000000003,0.04878553533188166,215.36323961907397
synth_lf_0123,0,0.12085409076625374,28.61871061080541,-122.87282265148693,0.011718923109484317,0.045842432960825304,21.32337720255474
synth_lf_0123,1,0.291658480224919,47.056269281218654,-121.62634473629011,0.04883546478881885,0.045842432960825304,177.55194569031286
synth_lf_0123,2,0.36561771866343007,44.50253277144752,-148.94994565797415,0.043614621340170676,0.045842432960825304,307.5469875288284
synth_lf_0123,3,0.28951973429415834,60.057631577449555,-62.78453328420462,0.0032500000000000003,0.045842432960825304,254.23565857562198
synth_lf_0123,4,0.29502150120792886,32.55264984084588,-119.07225048682692,0.04319893512230275,0.045842432960825304,315.0536806268922
synth_lf_0124,0,0.14241788425711935,53.75411815157397,-120.50126287810146,0.08067695134111422,0.02022271810239629,334.9563582234173
synth_lf_0124,1,0.2899950654976583,48.877303735200044,-22.444254140944295,0.010058277357906757,0.02022271810239629,152.10048494723955
synth_lf_0124,2,0.3093150940256171,64.59107467248427,-73.74353818552092,0.053792853649635125,0.02022271810239629,300.98947793509785
synth_lf_0124,3,0.43709242493338046,37.61770406289626,-80.1876720138592,0.05191264296200812,0.02022271810239629,159.21754094323182
synth_lf_0124,4,0.3805706289607883,36.3750445559089,-12.380705735454683,0.05125425656770188,0.02022271810239629,22.180775505897827
synth_lf_0124,5,0.25000655373341496,54.52753475697721,26.85377673356644,0.08771423766634588,0.02022271810239629,199.39681347635837
synth_lf_0124,6,0.46568676384881535,69.9733050104925,-90.21415759118776,0.0265837304198686,0.02022271810239629,344.78279446995884
synth_lf_0125,0,0.07315382039386348,53.467667418261726,-87.57696571298925,0.06458615229372733,0.06412348577438626,23.47870396819489
synth_lf_0125,1,0.1674635161718765,27.504974018373655,-165.89387293088,0.07098045181553986,0.06412348577438626,143.48448347307644
synth_lf_0125,2,0.2339590650843683,63.44325100610221,-63.342463436067945,0.05073216957349859,0.06412348577438626,321.22829204475534
synth_lf_0125,3,0.334452088422927,57.483192807779304,-92.44007917913764,0.06361293286209134,0.06412348577438626,146.12797288295587
synth_lf_0125,4,0.0808124774810029,76.32291059829016,-114.17542387628366,0.028192931887278727,0.06412348577438626,334.784912106806
synth_lf_0125,5,0.41346212521868725,76.45453403412141,-99.71225222185247,0.03550959255579551,0.06412348577438626,171.6202704813977
synth_lf_0126,0,0.2863771574186998,37.21184698824545,-119.8502382226124,0.1444166078543224,0.0360743254061022,334.4158067525834
synth_lf_0126,1,0.34707965692928666,44.26996391587886,-91.96543116528292,0.05531781810785265,0.0360743254061022,222.99850323403396
synth_lf_0126,2,0.3339647094557117,26.097004457849895,-166.1605963674731,0.034118189974131644,0.0360743254061022,29.73596992144593
synth_lf_0126,3,0.29313886823873503,47.49589280501162,-222.6060455056744,0.04903031659525759,0.0360743254061022,186.61208036113487
synth_lf_0126,4,0.3307136358833834,31.021202950609144,-100.45782358631399,0.03756614051985445,0.0360743254061022,359.19927219522174
synth_lf_0126,5,0.4327316577024681,54.48234881346585,-118.93563330043314,0.017714283857374172,0.0360743254061022,233.8944363450811
synth_lf_0127,0,0.2209169812777513,65.2186624205702,-58.25953751587371,0.005,0.04403174496627153,5.7479311442461585
synth_lf_0127,1,0.446025525326583,70.07890786895895,-60.2363102530273,0.01215959205157287,0.04403174496627153,127.53497725732203
synth_lf_0127,2,0.18487884640357566,59.87987118115931,-59.73335414520396,0.012330444544645191,0.04403174496627153,340.5193099873577
synth_lf_0127,3,0.2765598608681244,60.26122221155938,-98.16414513456488,0.021553003075444582,0.04403174496627153,250.97996078257017
synth_lf_0127,4,0.47869254889026264,76.0066813667725,-88.53677065451657,0.009385563886356143,0.04403174496627153,339.0269563740462
synth_lf_0127,5,0.3443664228395364,71.29199754222459,-71.04316815863633,0.00395809510493332,0.04403174496627153,143.8849186262603
synth_lf_0127,6,0.24124558834342932,61.47094239757768,-4.775244260022344,0.0032500000000000003,0.04403174496627153,2.9411491086320893
synth_lf_0128,0,0.27953489113939034,62.12852204198589,-95.16159816333438,0.10416979810271632,0.031098530114441674,68.65748801261643
synth_lf_0128,1,0.2755101466580222,42.99917009760148,-108.66072172908314,0.09772515468833046,0.031098530114441674,191.75613918936196
synth_lf_0128,2,0.2352758946311556,88.0,-69.69890180739156,0.02106586620675003,0.031098530114441674,9.254438091506415
synth_lf_0128,3,0.25528019851390793,85.96355480644199,-63.63136862951719,0.011078768822882671,0.031098530114441674,147.2206187587634
synth_lf_0128,4,0.513532201256033,63.144336961539956,-125.04844002035273,0.022016510334949235,0.031098530114441674,355.95044853237357
synth_lf_0128,5,0.2649849234389032,46.30073176492614,-94.22475158961802,0.05830658991984739,0.031098530114441674,161.10892286822445
synth_lf_0129,0,0.25203637894844033,65.38059170055071,-70.14121266113806,0.07291567026602783,0.03478641199927114,39.63292108252567
synth_lf_0129,1,0.12817855528716848,69.24512394958631,-118.05281038448136,0.11651198752561001,0.03478641199927114,268.95252940684026
synth_lf_0129,2,0.33218768492136536,70.57294250764996,-183.66467318349166,0.03045766326470755,0.03478641199927114,2.79685947182503
synth_lf_0129,3,0.35103310084444656,72.60111939885864,-94.79479271911042,0.005,0.03478641199927114,188.93889559081902
synth_lf_0129,4,0.31024372485650736,64.34614683890553,-70.22220277219408,0.06418186384618706,0.03478641199927114,327.0887176424519
synth_lf_0129,5,0.45478901546802486,88.0,-85.62765855529103,0.048891123996376344,0.03478641199927114,152.1372598489354
synth_lf_0129,6,0.1661188699129262,67.64809560956199,-81.38114981560977,0.04940312877825421,0.03478641199927114,350.0815351768297
synth_lf_0130,0,0.23241346710573887,71.36035073534634,62.505519725897216,0.026696224819540364,0.022526211457359335,341.3616759087378
synth_lf_0130,1,0.20295667101618062,40.77751252584415,-161.4386270330254,0.06273739357991293,0.022526211457359335,138.76010149203103
synth_lf_0130,2,0.12484411436977025,52.66237321034117,-19.685015542166127,0.005,0.022526211457359335,28.661101125006383
synth_lf_0130,3,0.48324350266454946,62.1388181744163,-99.81948546610172,0.0070169444002324555,0.022526211457359335,230.418769561486
synth_lf_0130,4,0.40171483174940714,51.65226220935191,-4.189214766337507,0.03698623810109066,0.022526211457359335,15.524971581801083
synth_lf_0130,5,0.24010138433426578,50.07585426291036,-137.73170351568692,0.030843428667840244,0.022526211457359335,212.8659617573586
synth_lf_0130,6,0.32083765707889345,69.87221537631852,-115.91829034804869,0.01858265346946806,0.022526211457359335,345.86942173422267
synth_lf_0130,7,0.1871562331963914,75.45482903216195,-130.40563615212417,0.049772398731036935,0.022526211457359335,186.5391465330299
synth_lf_0131,0,0.451648798498848,49.32870378609028,-47.12278325354188,0.06908092218049805,0.038994599486147044,304.1911143518086
synth_lf_0131,1,0.24900767043811267,54.25335456275484,-67.33373397768032,0.005212050468738606,0.038994599486147044,197.24085662824103
synth_lf_0131,2,0.13820994671230624,71.75348099597605,-42.89016239894347,0.06792014254502995,0.038994599486147044,354.49576499134605
synth_lf_0131,3,0.3472899648021692,63.610965703848805,-197.69639804446754,0.005,0.038994599486147044,183.62333379233064
synth_lf_0131,4,0.18428016742176268,74.32239016662628,-71.65530758910968,0.030925480141019014,0.038994599486147044,347.39961190527004
synth_lf_0131,5,0.3030245935033191,61.435556413505864,9.774324104085096,0.0358937554336759,0.038994599486147044,232.77933565346711
synth_lf_0131,6,0.4375591575383341,59.02513017422802,-125.24392443946942,0.04187186098003961,0.038994599486147044,329.8353054739255
synth_lf_0132,0,0.29308610391830237,43.85732728695951,-126.14696744590985,0.005,0.028889356479941612,316.94923063525215
synth_lf_0132,1,0.2156025259325599,63.52874997025272,-44.357380462788214,0.007546310929192737,0.028889356479941612,224.87442729965522
synth_lf_0132,2,0.18498412806916992,67.61330337114107,-103.29518534940041,0.005,0.028889356479941612,23.51247439536189
synth_lf_0132,3,0.32423884175665485,76.14844055008095,-85.86232973773326,0.06457678235873104,0.028889356479941612,143.13857713232306
synth_lf_0132,4,0.20706266098021514,45.818867082421946,-42.08032148212034,0.04758873879201839,0.028889356479941612,49.90762317817473
synth_lf_0133,0,0.23078603011045384,88.0,-86.91568080628095,0.0842131316804634,0.029225600066880672,28.418594986692256
synth_lf_0133,1,0.2735430319741626,84.40720516196922,-64.57000269487459,0.01706483860819376,0.029225600066880672,195.56672253353554
synth_lf_0133,2,0.3645428935307228,81.94062253042628,-140.62564329397787,0.036961306603536574,0.029225600066880672,358.271950018431
synth_lf_0133,3,0.32644580397940964,77.42329514142618,-106.45127459472721,0.01868654571341898,0.029225600066880672,235.6464203839356
synth_lf_0133,4,0.2659445318973319,83.94755271867955,16.635611311382796,0.008827519468781143,0.029225600066880672,337.3957293287451
synth_lf_0133,5,0.3009369089423044,84.68246183778191,-29.121477030150043,0.029115548729299768,0.029225600066880672,236.37105292763079
synth_lf_0134,0,0.24431230373866808,82.31949439783173,-105.75115851297282,0.04938102003034273,0.04786037679902094,359.72710109140814
synth_lf_0134,1,0.4021325153609823,76.69012751237219,-101.30351695156116,0.04233051549386654,0.04786037679902094,213.2605121890121
synth_lf_0134,2,0.21571632202755855,82.37233693987062,-8.498344094451241,0.09201681476107573,0.04786037679902094,358.39866093960694
synth_lf_0134,3,0.20907786938946843,72.12356562185755,-147.50040834452108,0.07351650059732957,0.04786037679902094,163.0732781338321
synth_lf_0134,4,0.1935751073792697,46.217437823053714,-48.397950854611416,0.07011520452022416,0.04786037679902094,323.4514693447535
synth_lf_0134,5,0.3963396098179637,68.73927543677341,-26.814892504436994,0.03136260105827553,0.04786037679902094,188.35708076939636
synth_lf_0134,6,0.4140385096245355,73.7120233666845,-0.18671058942993568,0.023994108905096446,0.04786037679902094,315.7993684415326
synth_lf_0135,0,0.23600659169968238,73.6124541755149,-106.91470374616702,0.14388321084140115,0.025599710132750794,1.9048048722724398
synth_lf_0135,1,0.40589007609385613,16.80847048608127,-156.315453617059,0.08262741000158777,0.025599710132750794,128.85912707941068
synth_lf_0135,2,0.4285748821226385,53.02466560894141,-64.223492328714,0.02095844244898218,0.025599710132750794,20.017493778727214
synth_lf_0135,3,0.6023054245870549,54.284085704064104,-17.551651808304143,0.08458520881264601,0.025599710132750794,191.59278071108054
synth_lf_0135,4,0.38856019198807557,52.212731792400106,-57.0451551649206,0.02969561041549118,0.025599710132750794,295.82776871717783
synth_lf_0135,5,0.38012459743230725,83.198540131579,-87.61093887145871,0.03810723684774232,0.025599710132750794,179.65393516561062
synth_lf_0135,6,0.4157061184915645,68.56004114519753,-119.86435599521704,0.03455153376193488,0.025599710132750794,37.62343484320877
synth_lf_0136,0,0.32991589456700504,38.958289708510534,-230.19271872406117,0.06168422730727468,0.06600188875547441,338.4701255124522
synth_lf_0136,1,0.5667496890636544,46.24686909544964,-117.09133223815346,0.07775088281375801,0.06600188875547441,171.23454932235515
synth_lf_0136,2,0.5554620620156173,61.98954065339948,-207.87920106045658,0.06301288451861037,0.06600188875547441,11.028464963390093
synth_lf_0136,3,0.5162803192682227,53.73138050369755,-242.40933083488034,0.048018293574211765,0.06600188875547441,232.68357913530463
synth_lf_0136,4,0.449488202632461,68.48758286236624,-74.93059918733334,0.04005791313251461,0.06600188875547441,335.2200215819297
synth_lf_0136,5,0.6221916515969059,43.021824368630966,-94.50536435797896,0.07913586329827739,0.06600188875547441,178.64328225085717
synth_lf_0136,6,0.553599974089852,56.7899521492519,-159.79649233176747,0.048010504028452985,0.06600188875547441,348.38383535487696
synth_lf_0136,7,0.3558374149457263,66.90545642061636,-166.51186787922333,0.03934488953334772,0.06600188875547441,223.23414678553627
synth_lf_0136,8,0.45875738258137666,48.62043686227561,-234.06027353887396,0.05549807577413931,0.06600188875547441,40.00823508246276
synth_lf_0137,0,0.339342855304852,76.15608459789586,-82.05105338502204,0.13307859903341082,0.0477964502603508,335.976486804253
synth_lf_0137,1,0.3560936012958966,34.12387659685953,-55.97458946746876,0.014763499956449391,0.0477964502603508,163.5000315207888
synth_lf_0137,2,0.3608822185199105,64.51013014532128,-65.99894196797982,0.07458046137383587,0.0477964502603508,60.34805210972826
synth_lf_0137,3,0.4845187068090203,56.03697744204875,-125.63660292639021,0.06320031546680177,0.0477964502603508,211.337860287676
synth_lf_0137,4,0.2878294560062691,45.77002892821169,-137.89806589480855,0.022663486092711124,0.0477964502603508,343.60874603545926
synth_lf_0137,5,0.2904023302646441,88.0,-95.77868600585875,0.060557213515263414,0.0477964502603508,135.50812919938232
synth_lf_0137,6,0.053116126872149394,70.47676467607067,-49.16142994377962,0.05228221791527831,0.0477964502603508,32.84306229948311
synth_lf_0138,0,0.2900856133341134,68.54149324695838,-74.87896374780559,0.029603807625134957,0.07452624080093667,46.309134361741165
synth_lf_0138,1,0.25001208472102204,64.18190591230201,-147.0953853554227,0.005919393778344361,0.07452624080093667,153.7623976914089
synth_lf_0138,2,0.23061161182461382,40.56958143514177,-139.6202976251995,0.02912129623344619,0.07452624080093667,262.78248139365076
synth_lf_0138,3,0.4038439092126318,65.53953915184923,42.88319394813496,0.012467336185721692,0.07452624080093667,192.91250601237687
synth_lf_0138,4,0.25005969085653074,74.27946975412323,-13.327893125813805,0.005,0.07452624080093667,348.5236102351771
synth_lf_0138,5,0.26467572837222697,88.0,34.382730854217016,0.012088838578392555,0.07452624080093667,205.5341366117051
synth_lf_0138,6,0.2307248415910693,46.11833259035267,-177.92178382447253,0.04348978423243338,0.07452624080093667,3.0930603014219287
synth_lf_0139,0,0.1674057500705985,60.35566039285868,-182.51812728197248,0.018364277356462323,0.050069940553185116,332.038200009086
synth_lf_0139,1,0.43556957413925357,38.82638212195241,-61.06404661937122,0.03823174819574598,0.050069940553185116,139.0184285698392
synth_lf_0139,2,0.1912688887980411,66.18116507256971,-86.94007880385863,0.0032500000000000003,0.050069940553185116,26.59299271584365
synth_lf_0139,3,0.28524852184646443,71.2396546396422,-60.11934321069626,0.013573465434956552,0.050069940553185116,194.8458033565339
synth_lf_0139,4,0.198872785048105,69.99116125012071,-48.45000197023059,0.0032500000000000003,0.050069940553185116,329.7777808901261
synth_lf_0139,5,0.18227653430877305,78.62162173318643,-176.7533895857452,0.008725099831037355,0.050069940553185116,157.05728137208268
synth_lf_0140,0,0.3394161411512723,52.91595888558374,-79.75025001311849,0.027208592581382515,0.04645043271989102,333.97917397632546
synth_lf_0140,1,0.3425990415747228,60.22884110181697,-37.634101086310096,0.030047670182034886,0.04645043271989102,129.90605768693993
synth_lf_0140,2,0.42431381600993706,74.94097977761281,-107.2522911683767,0.08505847822634596,0.04645043271989102,334.7441258667284
synth_lf_0140,3,0.38655502785787776,85.8926774217174,-34.38087416198073,0.01976988226707682,0.04645043271989102,155.13085218451374
synth_lf_0140,4,0.3833888310252992,65.54458325857942,-5.847317853534506,0.03707033202146673,0.04645043271989102,348.9881555442995
synth_lf_0140,5,0.34201378851850694,82.23674959070873,-71.48870325150608,0.03507174532869158,0.04645043271989102,158.26317134792737
synth_lf_0140,6,0.34821356578035184,62.570454345481636,-89.23982665273095,0.053002036758164305,0.04645043271989102,358.1583920981791
synth_lf_0141,0,0.35357007192811934,60.16373930969792,-157.88914136552975,0.07496140744021197,0.07732451025352413,350.4188859234908
synth_lf_0141,1,0.4250123608785743,58.9751722048695,-61.73463293735291,0.06934565298100853,0.07732451025352413,166.47920154279097
synth_lf_0141,2,0.33927392985741633,71.15715064462795,-54.48093029457638,0.046431228529282005,0.07732451025352413,19.884573164103585
synth_lf_0141,3,0.6534351608720378,74.09098752903131,-137.60340312873194,0.09912232824657743,0.07732451025352413,207.69776311531723
synth_lf_0141,4,0.4231118299637637,58.922096086493696,-114.574929071582,0.04431501830711198,0.07732451025352413,4.406980816342639
synth_lf_0141,5,0.35737789125262415,71.6062604022891,-23.75941469469842,0.08194482067180063,0.07732451025352413,198.56731797749887
synth_lf_0141,6,0.2709555254259985,61.89469504896891,1.5963303300188585,0.0222072332500089,0.07732451025352413,17.1483753290413
synth_lf_0141,7,0.3753343382898864,88.0,1.8761650733956827,0.0262842307201352,0.07732451025352413,141.29116374420278
synth_lf_0141,8,0.4032818582318724,74.46142843360775,-45.378125379512554,0.039492255100502804,0.07732451025352413,335.25097342126196
synth_lf_0142,0,0.32312763863246813,85.4425407356182,-169.7702038465994,0.05003386224945501,0.04333982372996427,300.22745730631146
synth_lf_0142,1,0.2894659087032133,60.529815734602586,-133.75113520469694,0.06907291073157582,0.04333982372996427,220.5099873506724
synth_lf_0142,2,0.28921750576521205,61.86103981556802,-185.6124282399083,0.03914250312792746,0.04333982372996427,37.75847687494627
synth_lf_0142,3,0.46754981585612937,88.0,-155.47841873198234,0.005,0.04333982372996427,245.10083811712548
synth_lf_0142,4,0.34083433108401623,55.73499985663323,-52.71010341492911,0.033449775781253153,0.04333982372996427,352.9192957001244
synth_lf_0142,5,0.47140360558026934,63.122148504677305,-62.3530659928998,0.03969611155306032,0.04333982372996427,182.75226629843132
synth_lf_0142,6,0.21327883364331082,66.78771980556789,-83.34080907163465,0.02283909407113046,0.04333982372996427,345.00839247209797
synth_lf_0142,7,0.33498250763660953,55.60151051433333,-78.39640987055903,0.027775561477255288,0.04333982372996427,184.77526304487787
synth_lf_0143,0,0.25540515362831717,42.3958105309967,-98.4104460248684,0.06503967869875948,0.04492205507314324,36.1453080461264
synth_lf_0143,1,0.16528835708444156,80.236258567962,-100.15910986670966,0.020264508332543216,0.04492205507314324,180.93252333862574
synth_lf_0143,2,0.3854529845507898,56.637523605368855,-106.93392732209266,0.0799121611831825,0.04492205507314324,19.04179171441399
synth_lf_0143,3,0.32940398480275335,36.010348987124814,-166.31936717866893,0.005,0.04492205507314324,190.80052208304346
synth_lf_0143,4,0.35270398507753004,80.93732396748229,-61.700192789924856,0.021217964578349402,0.04492205507314324,312.9524909884839
synth_lf_0143,5,0.5172307052985146,77.64176323792974,-86.40416074469043,0.039140343383659945,0.04492205507314324,152.64323174390245
synth_lf_0143,6,0.4242504496291245,43.97384584085067,-92.87727958852824,0.037327018680114045,0.04492205507314324,14.204122494931426
synth_lf_0144,0,0.20176045911080984,82.80104754845334,21.37664124219932,0.026022549625021492,0.04390552681039581,24.718977148513947
synth_lf_0144,1,0.2324234985810009,64.85211372206633,-85.66985928544716,0.06148586515170771,0.04390552681039581,190.69769643927856
synth_lf_0144,2,0.1146439602445137,57.71555134098336,-102.24722116842305,0.005,0.04390552681039581,352.97886540470824
synth_lf_0144,3,0.29148474062512336,86.03627399761956,-12.768686744883277,0.024815288732149634,0.04390552681039581,258.8258316838576
synth_lf_0144,4,0.22609905788545293,88.0,-28.465111813750948,0.0032500000000000003,0.04390552681039581,337.72645822202264
synth_lf_0144,5,0.3223449214335251,85.28095562178257,9.41252575301511,0.031478140020452273,0.04390552681039581,173.13767292144723
synth_lf_0145,0,0.1760353847670174,38.93638445589595,-1.1505244243622172,0.05273733762972171,0.005,2.086626514984105
synth_lf_0145,1,0.23155921460650142,41.532121319416035,-27.749313408845076,0.0032500000000000003,0.005,115.66744263035
synth_lf_0145,2,0.1534102084124696,54.457245254898126,-19.587696412929343,0.0032500000000000003,0.005,29.36371638514163
synth_lf_0145,3,0.2719602829876105,75.31812840490909,-189.75085996828955,0.0032500000000000003,0.005,181.72243653051532
synth_lf_0145,4,0.1647710929443399,78.13419366902644,-80.71422251090598,0.0032500000000000003,0.005,347.2200343614393
synth_lf_0146,0,0.4440542084316958,60.21440858250123,-247.8679004280176,0.1339982079591333,0.0446090473759049,320.6381259427729
synth_lf_0146,1,0.40899095380137634,38.22151337814173,-161.5032579361894,0.07792383652335633,0.0446090473759049,170.9469669298722
synth_lf_0146,2,0.40499307672783713,50.74124198793289,-112.60331112886287,0.053457169881086626,0.0446090473759049,300.75998716143994
synth_lf_0146,3,0.38626812470736827,56.13919981907982,-122.06508520281213,0.05919066243644093,0.0446090473759049,149.7402286621337
synth_lf_0146,4,0.3709387626081212,79.72663522469162,8.41140175788243,0.04430232248549327,0.0446090473759049,43.00312406959529
synth_lf_0146,5,0.3502485590432279,84.42748769011293,-208.12649928357462,0.03721756517117309,0.0446090473759049,189.55077902078438
synth_lf_0146,6,0.5291329646824876,54.00703135184894,10.244191865140934,0.025784021442187773,0.0446090473759049,340.06863884417226
synth_lf_0146,7,0.2994234924088011,86.70955912571007,-131.2841641238866,0.012180656833513347,0.0446090473759049,177.62673680603484
synth_lf_0146,8,0.4240574263511128,55.401953551368535,-136.46665286348656,0.024580148965366262,0.0446090473759049,18.276792847313118
synth_lf_0147,0,0.4635836146663963,71.98254144011237,-111.60462726772934,0.09004910788414282,0.05836451302202279,1.8802211583663189
synth_lf_0147,1,0.4025420969878457,73.46021706318692,-117.3370180628832,0.017579842385859426,0.05836451302202279,227.63488829037814
synth_lf_0147,2,0.2970250976024769,84.40101315387315,-130.1396518150986,0.007359441401183137,0.05836451302202279,49.29418983766345
synth_lf_0147,3,0.34367562097813437,88.0,-14.196453425540355,0.052297327434306026,0.05836451302202279,221.7161602769031
synth_lf_0147,4,0.3539038094513393,86.01487723037636,-9.052536104321788,0.07215795697069484,0.05836451302202279,356.49841290166046
synth_lf_0147,5,0.2528544959977532,88.0,-37.854679502780996,0.09353978028277649,0.05836451302202279,225.2601808268197
synth_lf_0147,6,0.28496139565109013,79.01104903447961,-15.390163044416603,0.024361801848507114,0.05836451302202279,342.325048344808
synth_lf_0147,7,0.16764355893718494,62.27402157465774,-54.42336693077711,0.0032500000000000003,0.05836451302202279,206.6597593203096
synth_lf_0148,0,0.21535665548974442,59.802605245896764,-105.8218266248806,0.08327395524934672,0.026046850981418984,16.198447332270312
synth_lf_0148,1,0.3439877270107363,64.19853887252891,-221.84625632888705,0.005,0.026046850981418984,160.44783464943538
synth_lf_0148,2,0.3532473488944907,62.2227107632977,-126.01533911692636,0.014498516533152785,0.026046850981418984,18.311780936949674
synth_lf_0148,3,0.37044740397184067,55.8558414395208,94.45618666057103,0.049156964045607904,0.026046850981418984,156.40626827535425
synth_lf_0148,4,0.530273397647011,72.59347085216467,-69.39664805677042,0.028749525780936706,0.026046850981418984,346.2824575778084
synth_lf_0148,5,0.19686836958971468,46.07207988500062,-13.807604384781015,0.07344498668839108,0.026046850981418984,209.38430225213312
synth_lf_0148,6,0.3162404810697112,86.9150401999183,-36.85142396165756,0.028047597777471654,0.026046850981418984,354.7614988165094
synth_lf_0149,0,0.2607132958806764,76.28553866191234,-202.04928382364238,0.04429342006516351,0.03165819264182172,59.83680770703882
synth_lf_0149,1,0.3663987332605646,53.75375457556061,-101.14223661681555,0.005,0.03165819264182172,198.43569241459596
synth_lf_0149,2,0.46380888663665476,81.19070111907715,-52.67539716007364,0.014005831292632383,0.03165819264182172,44.845756471020366
synth_lf_0149,3,0.30825160325203327,49.42281792532504,-108.67546664525548,0.09803566780524434,0.03165819264182172,225.178232195188
synth_lf_0149,4,0.14698208683838493,54.88207616983389,21.729405371323253,0.05626025380869898,0.03165819264182172,313.22339619651996
synth_lf_0149,5,0.27341537800244065,72.18972812413071,-52.91817421238794,0.05271901175148595,0.03165819264182172,202.46832812649654
synth_lf_0149,6,0.3465746595154765,70.49802444080886,-118.43636735672514,0.009714964179092728,0.03165819264182172,333.36717201708393
synth_lf_0150,0,0.11271531942410991,39.251560088008056,-53.39362977998945,0.015276245327031618,0.0268022970652862,55.99849434234674
synth_lf_0150,1,0.22389260924937932,70.97136664953133,-149.18235882381384,0.005,0.0268022970652862,253.9353379405813
synth_lf_0150,2,0.06311002437914642,50.54776856674121,-40.22037197140884,0.010158143491637956,0.0268022970652862,349.322375181643
synth_lf_0150,3,0.24002562313118456,88.0,68.63062163070967,0.041234918316235034,0.0268022970652862,193.50446648287368
synth_lf_0150,4,0.052823244717508766,81.42250319843242,41.55037745803641,0.01582034717538008,0.0268022970652862,352.8165187994732
synth_lf_0150,5,0.257022699520586,62.059890718471955,-57.627143204112016,0.017091846028976555,0.0268022970652862,252.2089787993409
synth_lf_0151,0,0.25883907643143095,66.38353232366799,-155.1981343144143,0.04619726186723961,0.045383912545415,349.12926917421674
synth_lf_0151,1,0.08717616331081549,77.98147790149407,-75.99150824246263,0.005,0.045383912545415,156.844231525689
synth_lf_0151,2,0.27488018230791156,68.31990072332722,-30.915214228204647,0.005,0.045383912545415,332.991122481291
synth_lf_0151,3,0.5024134044161431,81.43615642459434,-102.98143398364047,0.05553966001209508,0.045383912545415,174.4204892515429
synth_lf_0151,4,0.14899323118819402,61.689645381214774,-146.64441968246535,0.04708348101691031,0.045383912545415,349.89338386647114
synth_lf_0151,5,0.38534552458031074,88.0,-120.10859639817204,0.029811691506101304,0.045383912545415,181.57685357206844
synth_lf_0151,6,0.34240289730605494,60.86647891533141,-79.99217343566113,0.0032500000000000003,0.045383912545415,54.01272102866005
synth_lf_0151,7,0.39333118212308754,86.50889271865094,-70.26541275545752,0.04267358119512938,0.045383912545415,202.31405371072447
synth_lf_0152,0,0.25717671280358934,39.72345679522307,-150.57066440271566,0.08407457005335248,0.03902826775268698,28.305621682331793
synth_lf_0152,1,0.28666970617406945,46.94644307032739,-91.43503983780354,0.03817489377102355,0.03902826775268698,160.53076963657972
synth_lf_0152,2,0.2743264383499271,52.19409539620078,-79.57520858514978,0.005,0.03902826775268698,358.2698800744421
synth_lf_0152,3,0.24505529192456793,88.0,-109.24199044935568,0.08298875068333696,0.03902826775268698,184.68610607408266
synth_lf_0152,4,0.5541693497107572,58.57930027388727,-79.0810676236742,0.05191156655901135,0.03902826775268698,348.7464999673716
synth_lf_0152,5,0.2913385011817499,65.00188482793722,-70.33459765038153,0.04413943688710352,0.03902826775268698,176.3266151868022
synth_lf_0152,6,0.36214759973414207,88.0,5.6837611146927145,0.058624609569609805,0.03902826775268698,358.37217561130797
synth_lf_0153,0,0.05,67.76439623485385,50.53787120372164,0.10538295892425302,0.03571118668734847,27.383765826376187
synth_lf_0153,1,0.15459865335835932,61.429959918439245,-83.24029680072618,0.03830367311201579,0.03571118668734847,116.30205613040613
synth_lf_0153,2,0.1050629557068293,66.55679436900209,-93.69404965760167,0.08095838597621388,0.03571118668734847,0.5045043418924706
synth_lf_0153,3,0.34421991914813227,62.450739175887165,26.38971956074726,0.02304886126126793,0.03571118668734847,165.51646399834965
synth_lf_0153,4,0.2730929558673146,83.09972350608606,39.20283664646598,0.009302827942934421,0.03571118668734847,336.45700363829326
synth_lf_0153,5,0.19669089696648656,88.0,38.09994200961272,0.07550521477046265,0.03571118668734847,132.74804078191187
synth_lf_0154,0,0.23877704064368002,62.99172349882114,-47.82691100014174,0.005,0.0161264981810008,5.849410710853551
synth_lf_0154,1,0.09528532985994606,51.865985451469534,-159.86512460075193,0.029542797563872257,0.0161264981810008,169.8034066589327
synth_lf_0154,2,0.2618470888147749,69.77864888095725,-79.88435115206079,0.05081781488476883,0.0161264981810008,321.55076591860444
synth_lf_0154,3,0.2902880448868264,69.43286408737319,-153.19510134223611,0.005,0.0161264981810008,189.78070880685846
synth_lf_0154,4,0.37064667589390426,75.92257460438643,75.59815639662212,0.0865890930729012,0.0161264981810008,338.732235488564
synth_lf_0154,5,0.4586505061479813,62.9464768469743,-36.09731976100817,0.04464929494713578,0.0161264981810008,147.67060703884056
synth_lf_0154,6,0.43258351558126296,64.97356130566321,38.36134558555314,0.033636092114139045,0.0161264981810008,337.6546934710623
synth_lf_0155,0,0.16665405728573823,73.4967947170685,-152.3791939413777,0.06788987042938496,0.02236949147189183,343.17622486942133
synth_lf_0155,1,0.2566610437962156,69.27840423955195,-64.16729620982666,0.021781713858328073,0.02236949147189183,216.6346079829781
synth_lf_0155,2,0.2825968214004073,45.417131194725776,-114.44818620491083,0.005,0.02236949147189183,341.5189431719127
synth_lf_0155,3,0.309448080490094,71.16478816067541,-116.96613161898057,0.04174061852454959,0.02236949147189183,173.36113719572222
synth_lf_0155,4,0.1173563297999356,64.87447777086332,-18.429366244165212,0.010487047069546833,0.02236949147189183,55.46105605819582
synth_lf_0155,5,0.363624902779486,74.62396844008097,33.46009559020938,0.05400911615479393,0.02236949147189183,227.34711344754783
synth_lf_0156,0,0.2879459676521646,64.53537681742489,-118.14623463859259,0.058733921094622735,0.019678025975870834,321.7389419717554
synth_lf_0156,1,0.26909535865553386,63.84143593379572,-137.1423955453117,0.005,0.019678025975870834,179.45024539010186
synth_lf_0156,2,0.3203005129426136,55.48094458085411,-42.690472532191436,0.08957096612173898,0.019678025975870834,352.21143930402246
synth_lf_0156,3,0.42627271281557905,60.34329058835677,-111.68560085735962,0.035511318537161725,0.019678025975870834,188.07164132798596
synth_lf_0156,4,0.3655249269627529,42.13426607197431,-57.065967926974224,0.005423056617464034,0.019678025975870834,26.754555865084512
synth_lf_0156,5,0.35250962670018393,73.58044979429162,-75.25542290011134,0.028077649464670583,0.019678025975870834,148.5248933558421
synth_lf_0157,0,0.3080107304185101,53.28513744308382,-68.52835284238986,0.06717043002399234,0.03927960255425361,26.114872918944062
synth_lf_0157,1,0.20239232845173039,54.19972617336954,0.9938488407181438,0.04595193271337201,0.03927960255425361,193.2348938654445
synth_lf_0157,2,0.40888484441039485,73.37428027683013,-64.33417620977418,0.005327665337125968,0.03927960255425361,337.71719997888306
synth_lf_0157,3,0.4131206046476961,54.14707860463876,70.34003561906195,0.05913322652456901,0.03927960255425361,169.6849327243799
synth_lf_0157,4,0.2248348745312158,64.12809352875196,-34.09431618257472,0.04369360407378726,0.03927960255425361,348.19946787185484
synth_lf_0157,5,0.3658867385019861,53.24696028824006,-30.587681365942753,0.03707681791200146,0.03927960255425361,179.3592408952527
synth_lf_0158,0,0.13512350366221823,48.00780102128974,-94.39426476188208,0.018128976210295526,0.042523285046020855,8.584662259912916
synth_lf_0158,1,0.05,57.086877310527214,-88.37102631868581,0.005,0.042523285046020855,167.8046123154585
synth_lf_0158,2,0.39544237713922364,26.558562343319462,-168.54116994245018,0.005,0.042523285046020855,49.54040170615167
synth_lf_0158,3,0.27770602986116644,43.498757961006845,-25.060353388328537,0.017347901613760514,0.042523285046020855,185.15649234407465
synth_lf_0158,4,0.2688543906350215,68.24013688086127,-11.259820870458356,0.0032500000000000003,0.042523285046020855,43.02013174810577
synth_lf_0158,5,0.3053683902579271,60.41307209429788,-99.7937502903257,0.0032500000000000003,0.042523285046020855,177.53997789489415
synth_lf_0159,0,0.2735435646254109,78.6779948162774,-171.788131894994,0.06534862941577002,0.053159704320449114,1.1509516355225864
synth_lf_0159,1,0.3755006914455439,70.63165134242718,-161.1913490833649,0.08708104243445004,0.053159704320449114,161.2500380142713
synth_lf_0159,2,0.4630138169895005,71.86976911547762,-110.10033994994303,0.007130984360107347,0.053159704320449114,36.79197139708043
synth_lf_0159,3,0.45706222030209515,63.999573870002216,-35.26176347982533,0.02712937914257674,0.053159704320449114,185.50062333707842
synth_lf_0159,4,0.3892348349927469,69.68465103551067,-124.4064749863918,0.025537116871255188,0.053159704320449114,18.357784378425663
synth_lf_0159,5,0.3302750557276565,68.82251093036778,-69.74217439251552,0.015973920672820243,0.053159704320449114,190.6775243661075
synth_lf_0159,6,0.12021189270570248,44.09671875316252,-46.67264388652674,0.0032500000000000003,0.053159704320449114,1.1187332983918168
synth_lf_0159,7,0.43188689611230324,70.75378232084638,-141.8715915749006,0.037383793853108784,0.053159704320449114,158.00680737738003
synth_lf_0160,0,0.3022085820535674,59.293705849348505,-70.12495167837366,0.032035842976835247,0.03677409914211138,12.630153969422897
synth_lf_0160,1,0.1800949741968758,67.22057071245723,-209.97703187285464,0.01595620423637152,0.03677409914211138,178.25786863872983
synth_lf_0160,2,0.2416313203793345,52.218597258417724,-14.549078393759714,0.005,0.03677409914211138,14.349949846139623
synth_lf_0160,3,0.4294693756650794,80.61969175407566,-68.98395634606906,0.044388150544869914,0.03677409914211138,173.8333725397422
synth_lf_0160,4,0.37212512230993955,65.4223103889248,-61.33623824136597,0.02613410637533023,0.03677409914211138,41.19983505813559
synth_lf_0160,5,0.32496674345896875,63.141503500762,-51.200517268884255,0.004550795225868936,0.03677409914211138,215.05444418665832
synth_lf_0160,6,0.18541723203630645,77.1919120685769,-9.359286055623649,0.0032500000000000003,0.03677409914211138,105.0385563840548
synth_lf_0161,0,0.3006352232455224,72.49345779801496,-164.78698947485515,0.08418556946081765,0.05943459130983708,350.6716305232004
synth_lf_0161,1,0.3950383576818162,58.25187479076064,-170.2238342981588,0.05608969079502411,0.05943459130983708,185.26595986924133
synth_lf_0161,2,0.381073683900218,56.92360097624365,-178.68330320577897,0.046865054842319856,0.05943459130983708,348.92940389084185
synth_lf_0161,3,0.5723783296844114,62.218112611564166,-101.88903247325615,0.032823737350390514,0.05943459130983708,164.36388040107
synth_lf_0161,4,0.2762647516063831,79.40945026437831,-178.27005764334763,0.05955033633568747,0.05943459130983708,18.64665155384239
synth_lf_0161,5,0.6575521810214482,56.64173304517366,-121.33271865916822,0.07552665608182124,0.05943459130983708,156.65135700696726
synth_lf_0161,6,0.2612933324409512,30.08807771181541,-98.65027468023908,0.06229052220510487,0.05943459130983708,5.393656143059616
synth_lf_0161,7,0.40129138087405425,61.62638165778854,-196.19484609503928,0.0791314035490609,0.05943459130983708,224.11276356536519
synth_lf_0162,0,0.22011827111531598,54.23626460040748,-113.3245208920045,0.058365484615544985,0.041998155375217526,41.16613590939909
synth_lf_0162,1,0.18487236026772336,60.098732812064064,-156.485581912049,0.011247144168183657,0.041998155375217526,130.9403973692522
synth_lf_0162,2,0.11864191425817058,82.25161690567361,-164.89453640223138,0.023736950196948797,0.041998155375217526,346.3196255753324
synth_lf_0162,3,0.3189718959661097,81.1398480391669,-64.96243781199868,0.020472382663969793,0.041998155375217526,178.19815428577317
synth_lf_0162,4,0.29591254605328776,62.899906292032895,-63.543470798732095,0.016341404588775747,0.041998155375217526,348.87576691445884
synth_lf_0162,5,0.2869648040479079,43.21204234318072,-116.55466610762704,0.02141141019265559,0.041998155375217526,186.02246429031948
synth_lf_0162,6,0.37597563617505114,83.49146413533761,-18.51410202254198,0.004027984857961299,0.041998155375217526,335.222664904607
synth_lf_0163,0,0.07661419018402077,54.078388138694926,-64.65215236450652,0.06401011042114102,0.03798991448972583,25.421466473160674
synth_lf_0163,1,0.33951085571737494,84.63010424970788,-108.73376439110136,0.005,0.03798991448972583,200.12501982819504
synth_lf_0163,2,0.08349826688709377,74.06134273752352,-52.02846751559396,0.005,0.03798991448972583,281.21762304105505
synth_lf_0163,3,0.3405460893273968,72.46460535319639,13.200338286576837,0.005,0.03798991448972583,191.96839560277363
synth_lf_0163,4,0.31471552999670915,68.35005500172713,-181.18047271221144,0.04113899484855192,0.03798991448972583,333.2575778001269
synth_lf_0163,5,0.3624087327170253,70.56691428567818,-84.60327373546944,0.0489290083234174,0.03798991448972583,154.92524516865774
synth_lf_0163,6,0.3687326143823038,88.0,2.388554844164574,0.036816776000227674,0.03798991448972583,21.502204985683875
synth_lf_0164,0,0.25935158221646465,62.035918156955084,-174.76139689151304,0.045622750749531885,0.028042516026684866,314.69308384743493
synth_lf_0164,1,0.3793845054472247,55.83334043254834,-97.38432666572817,0.026284933338386114,0.028042516026684866,127.55551393592279
synth_lf_0164,2,0.18797925939458754,67.0758676161563,-87.0768469962582,0.0342796446669967,0.028042516026684866,53.49614581258925
synth_lf_0164,3,0.32719658860180584,70.67750674006089,-113.11235791923603,0.02672347141560464,0.028042516026684866,163.98203944961153
synth_lf_0164,4,0.30582493128161387,54.19301450752253,54.10989461811606,0.09452283385520516,0.028042516026684866,3.3371323550119314
synth_lf_0164,5,0.45022619612397785,61.5118714694819,-98.8340692782243,0.05557980693283428,0.028042516026684866,167.2105526525562
synth_lf_0164,6,0.34247492200787477,72.0287157167344,4.540371540559022,0.04429132526364544,0.028042516026684866,23.258480119636488
synth_lf_0164,7,0.2502936710798088,61.95657960284215,-86.1282436512291,0.006305853356348689,0.028042516026684866,179.5930816057048
synth_lf_0165,0,0.45672139863941197,82.41825171014261,-160.33076859359122,0.031071165330180645,0.0368628573845685,26.68640317249474
synth_lf_0165,1,0.42906633645722014,66.41446424945603,-168.5995445051767,0.024201339414650375,0.0368628573845685,235.4761628400547
synth_lf_0165,2,0.41537834877991636,75.66603397662419,-182.64923385411205,0.04910932136992686,0.0368628573845685,349.8123876682096
synth_lf_0165,3,0.5270373705711613,82.1909510961979,-46.0703994449449,0.027518741092218704,0.0368628573845685,162.78298052190917
synth_lf_0165,4,0.3280072178837551,74.14576609265437,-111.95533680366887,0.07197019700099422,0.0368628573845685,356.14782805964694
synth_lf_0165,5,0.3572392392173424,76.86072161585636,-107.90396139892955,0.06127559817490234,0.0368628573845685,186.49485979005613
synth_lf_0165,6,0.4324543481474966,79.23511924770469,-110.53351718533352,0.06435952226571338,0.0368628573845685,9.740094574952536
synth_lf_0165,7,0.45358931552199694,58.174119609364496,-76.15134727375039,0.06259293242392051,0.0368628573845685,212.07618246119864
synth_lf_0166,0,0.15636159859828952,88.0,-135.70065035120967,0.15608780522487425,0.030832792519665052,84.63495725197592
synth_lf_0166,1,0.31828954861382,61.31096865386079,-19.877155472016966,0.04200053064599067,0.030832792519665052,139.69054770296242
synth_lf_0166,2,0.28490193576032075,57.12189975510546,-59.30059992963362,0.07031901215142794,0.030832792519665052,20.343056998221982
synth_lf_0166,3,0.31815127141575616,72.20010697766828,-26.721210954432195,0.043833616118037634,0.030832792519665052,220.2247020025144
synth_lf_0166,4,0.2851347418066049,58.87916387486525,8.518950829872018,0.05569015785835531,0.030832792519665052,32.28067573536225
synth_lf_0166,5,0.2502417540998922,68.03775864967395,-33.96908835969937,0.035257092385700975,0.030832792519665052,186.55639528906295
synth_lf_0166,6,0.05,82.60473844511483,-140.31662739938702,0.0032500000000000003,0.030832792519665052,324.30065148274184
synth_lf_0167,0,0.23140084956449575,61.67941533566989,-79.3375781912479,0.10178107025442906,0.022584983319540283,5.257456917071725
synth_lf_0167,1,0.329044504580721,67.12620937793098,-96.11210452477347,0.03381269915493112,0.022584983319540283,185.29985984663807
synth_lf_0167,2,0.3032465738761266,52.26597189234327,-25.333317442312207,0.020948236865232363,0.022584983319540283,339.64670732267155
synth_lf_0167,3,0.3940761899707891,58.10609709662007,-86.29153025495268,0.0032500000000000003,0.022584983319540283,154.05268899690907
synth_lf_0167,4,0.05,61.023216992005814,-38.22131231579767,0.02208436970788703,0.022584983319540283,331.55256241246013
synth_lf_0167,5,0.24327488597422406,67.21006805968068,-10.865738608162257,0.03641372190223933,0.022584983319540283,234.47493349296383
synth_lf_0168,0,0.19272112999339985,74.36281133590688,-20.53761513402469,0.09167948204289092,0.03839376561616774,343.0597311399198
synth_lf_0168,1,0.3577724622091331,53.58902262503811,-96.78963411554577,0.12920560396653577,0.03839376561616774,160.96027426851433
synth_lf_0168,2,0.26185759607413794,55.71929963306553,-153.83929780990255,0.03180763904038755,0.03839376561616774,8.824512610469242
synth_lf_0168,3,0.2621266938700445,62.373921217359246,-180.5441391230571,0.061189820236064715,0.03839376561616774,155.30006503937147
synth_lf_0168,4,0.2786612154607819,88.0,-81.61566862186422,0.034573975312692996,0.03839376561616774,27.024402947922454
synth_lf_0168,5,0.5316857763688464,70.7247574433488,-127.29195944506748,0.04893329089674684,0.03839376561616774,169.65215629773775
synth_lf_0168,6,0.4720081431288976,75.79650058467551,30.908675985389735,0.013540493808374536,0.03839376561616774,346.89146447345456
synth_lf_0168,7,0.3033503367837789,56.957707840832356,-144.13019518760171,0.05001017432553091,0.03839376561616774,186.28006518988013
synth_lf_0169,0,0.15137527446461374,74.37542260618926,-60.373270010966344,0.005,0.060070616135545055,346.3451102997476
synth_lf_0169,1,0.40897174059734387,88.0,-82.61606447045955,0.005,0.060070616135545055,116.63160213218276
synth_lf_0169,2,0.18034223311568454,66.37854789118609,-35.261195517197805,0.007961957867340034,0.060070616135545055,340.78859969732696
synth_lf_0169,3,0.2570353177279964,39.735266201056945,-256.69493801569547,0.07291612651523532,0.060070616135545055,188.9513134949782
synth_lf_0169,4,0.2747917924970891,74.4382392200278,-28.862283231932974,0.0032500000000000003,0.060070616135545055,308.0221019775214
synth_lf_0169,5,0.31802269183163984,49.00590806762622,-0.12402084476795494,0.03696882533488044,0.060070616135545055,194.09489738407046
synth_lf_0169,6,0.12139789708998605,87.05843002443677,-108.98330511048123,0.0032500000000000003,0.060070616135545055,33.78531593805042
synth_lf_0170,0,0.24655271947650928,60.63299322150857,-237.4407376097845,0.09501173805586781,0.029266417660585596,313.88933586245355
synth_lf_0170,1,0.21677440909222484,74.02846803716233,-124.31676425158633,0.03258861835689372,0.029266417660585596,155.66839918940204
synth_lf_0170,2,0.4482746025426804,64.30217913877865,-81.6294081660794,0.09820267651894884,0.029266417660585596,5.948157034377516
synth_lf_0170,3,0.373788959040058,48.84542178450972,-77.24971898046805,0.05517180739257902,0.029266417660585596,213.6558406902633
synth_lf_0170,4,0.3718723023406772,60.140083876740476,-70.01484916492015,0.05884002076980478,0.029266417660585596,339.36841526768603
synth_lf_0170,5,0.3891939181578986,84.74459424722318,-53.5542263515046,0.04140177772167104,0.029266417660585596,136.58491301170636
synth_lf_0170,6,0.24952668453756466,88.0,-152.13019350228433,0.0454502005605185,0.029266417660585596,347.3747426004534
synth_lf_0170,7,0.38283292821631537,77.3276327616156,-41.78264492766544,0.05571041874845639,0.029266417660585596,174.52928336624382
synth_lf_0171,0,0.377118767360206,72.98386420151351,-185.2810578776658,0.025555017527712942,0.03879485445119251,346.2792970519096
synth_lf_0171,1,0.3437589528306914,63.764028148143254,-107.198589829861,0.026898467579672528,0.03879485445119251,150.93637841110495
synth_lf_0171,2,0.31003401925892976,50.87073564240285,-127.68113664363432,0.05394706056805009,0.03879485445119251,332.1268516835094
synth_lf_0171,3,0.29867593470589954,71.29189639366079,-89.6924482168964,0.005,0.03879485445119251,167.81372886971644
synth_lf_0171,4,0.4027509815365769,82.62039379359084,-73.43213457963883,0.06221332958765602,0.03879485445119251,1.2073800004289978
synth_lf_0171,5,0.30759408905978103,64.70252473596913,-2.128003629957817,0.0032500000000000003,0.03879485445119251,162.78443996817418
synth_lf_0171,6,0.30884258772668854,88.0,-73.78903894945425,0.04114078639104985,0.03879485445119251,31.67458274208002
synth_lf_0172,0,0.2984281272106293,54.191502226854276,-66.23433540593817,0.005,0.043660679617388225,40.99325373637855
synth_lf_0172,1,0.35452336749612634,68.3568861735789,-98.10206355050293,0.009575974263428074,0.043660679617388225,190.27921445478742
synth_lf_0172,2,0.24764518475487773,32.96193659737069,9.458709982352133,0.031347900354595774,0.043660679617388225,337.22279541927065
synth_lf_0172,3,0.1649841065030047,63.37058394623871,-21.563889545739805,0.005,0.043660679617388225,195.4970109309055
synth_lf_0172,4,0.33243055846227804,56.574082864257356,-21.264601236164104,0.03871999250917866,0.043660679617388225,350.8005345436801
synth_lf_0172,5,0.240540075956919,79.98929887899169,-152.86853360536048,0.05124938103721124,0.043660679617388225,206.17848977777487
synth_lf_0173,0,0.16479090843668248,63.96519138354242,-144.31963151283924,0.011305326274029345,0.04760618190032535,41.41611282845004
synth_lf_0173,1,0.15434896813202972,59.54953104382781,-115.12685607468518,0.007756374499514347,0.04760618190032535,164.2042869021964
synth_lf_0173,2,0.4766401127571894,70.22950873430098,-48.46143783179272,0.04229282402787859,0.04760618190032535,25.160396540842157
synth_lf_0173,3,0.44726237778605604,50.712231295008074,-124.29241628602551,0.06501585674216497,0.04760618190032535,129.5903515228465
synth_lf_0173,4,0.3144404197415536,60.35867232778874,-90.8896313054156,0.0032500000000000003,0.04760618190032535,330.0708812848126
synth_lf_0173,5,0.27217319078292135,58.88101274373984,-110.17844399088298,0.022687072265626017,0.04760618190032535,133.99889124514618
synth_lf_0174,0,0.08103112142515943,49.883723371654916,-26.819873740729875,0.04168024589931193,0.04749836273023504,8.861848640924935
synth_lf_0174,1,0.07793644271986858,28.9999440219168,-139.8404052808111,0.013967810464906328,0.04749836273023504,155.71903557791524
synth_lf_0174,2,0.31825398586960574,32.30023326808085,-116.93346478025452,0.005,0.04749836273023504,355.1561496312912
synth_lf_0174,3,0.3926507024234278,68.07367415429249,-63.94114118766004,0.048408847457074654,0.04749836273023504,208.21239540455565
synth_lf_0174,4,0.11036945118087388,54.467293128835195,-197.23215671762162,0.05903483556753921,0.04749836273023504,39.29016051385281
synth_lf_0175,0,0.1275557428268651,49.86012123801421,-105.99571459460275,0.05977921226439191,0.02576000512127425,319.2216913857115
synth_lf_0175,1,0.23878068397739305,37.693107537518515,-12.005059156860725,0.04845170026480246,0.02576000512127425,169.35855250121358
synth_lf_0175,2,0.20903146129211972,55.04837655259898,-158.4266069498211,0.04460526617952172,0.02576000512127425,16.82466767771001
synth_lf_0175,3,0.15827626209592155,33.28801867860308,-73.52059327010404,0.005,0.02576000512127425,166.50588875366907
synth_lf_0175,4,0.2104194090280468,59.24232131422359,-131.7939857388617,0.048457105996213334,0.02576000512127425,12.203857003664211
synth_lf_0175,5,0.19070300640414972,72.14362444947265,-104.66681982976328,0.03157005643018952,0.02576000512127425,191.65776892580607
synth_lf_0175,6,0.2027643061748568,77.97192585898958,-129.51998470983193,0.005860812685739858,0.02576000512127425,9.196646191168384
synth_lf_0176,0,0.15082050593730606,58.12350338585175,-117.34272350383212,0.03259403036812813,0.045762719151752396,43.30933434102351
synth_lf_0176,1,0.11975500772347192,67.1739033617751,-179.57570576001828,0.005,0.045762719151752396,257.9004339753408
synth_lf_0176,2,0.33984454680779963,60.41810912938405,-82.773811099065,0.03820023139924944,0.045762719151752396,325.81320372106387
synth_lf_0176,3,0.4416494679973233,88.0,-120.30244676746523,0.039559436410662605,0.045762719151752396,228.32750887067436
synth_lf_0176,4,0.45266143208679654,58.204093721974445,-93.87969660278343,0.05038970057806325,0.045762719151752396,305.5437084020707
synth_lf_0176,5,0.38304415951752463,45.550922503375475,-94.60663492089978,0.0066419806754866965,0.045762719151752396,253.150204140043
synth_lf_0176,6,0.18267081882687752,56.84749709821119,-145.7582086808681,0.008399217590853034,0.045762719151752396,348.9214867597266
synth_lf_0177,0,0.05,50.41947190316843,-40.05753199248109,0.03640380411968771,0.03373933753351834,337.79817424168516
synth_lf_0177,1,0.30470749494403976,67.73886169261206,-20.505062994280465,0.0032500000000000003,0.03373933753351834,186.86722847281305
synth_lf_0177,2,0.3362640123783816,82.85878241568048,-51.66652893606083,0.0032500000000000003,0.03373933753351834,340.29375884122976
synth_lf_0177,3,0.28556888077564685,58.36626395893351,47.52496272808383,0.005003652837499068,0.03373933753351834,137.75125286590708
synth_lf_0177,4,0.3103910421801887,67.331516222089,1.390227729525237,0.0032500000000000003,0.03373933753351834,342.3181044010337
synth_lf_0177,5,0.2243948610784307,88.0,-26.82412128719962,0.006638976173775464,0.03373933753351834,203.20786911577238
synth_lf_0178,0,0.24263805066382438,50.24390989682334,-137.98149288917764,0.05180167442514926,0.07025272376767072,353.21655262333843
synth_lf_0178,1,0.26050584106759445,53.74732490987844,-45.008671327550594,0.005,0.07025272376767072,195.98837208148169
synth_lf_0178,2,0.18855832460989658,51.680161437824324,26.224463350010296,0.005,0.07025272376767072,21.389131116717465
synth_lf_0178,3,0.405145830933885,55.26762759434807,-74.69753131571949,0.05816514736637447,0.07025272376767072,183.7219991177924
synth_lf_0178,4,0.1589570963859924,67.68914187402713,-40.48643993195268,0.036713063524316185,0.07025272376767072,328.81407769803604
synth_lf_0178,5,0.08341615660173668,82.7482195909132,-108.83106956905598,0.0032500000000000003,0.07025272376767072,181.9941226611652
synth_lf_0179,0,0.23203920433132097,50.01096043903397,-140.0747869453679,0.07311432225722789,0.04887262302094801,6.851124503689722
synth_lf_0179,1,0.3322203484322111,41.44634851865037,-98.9327155300431,0.03213935744155566,0.04887262302094801,118.81765375757628
synth_lf_0179,2,0.4963940784629585,61.78686916916874,-98.179096466323,0.005,0.04887262302094801,322.1461230792012
synth_lf_0179,3,0.497015909558457,62.58024266069581,-149.41403892068047,0.027808154471311422,0.04887262302094801,190.85499165555552
synth_lf_0179,4,0.2717525176892859,49.60607752787164,-118.27425602812616,0.046541937873477726,0.04887262302094801,34.9651191518667
synth_lf_0179,5,0.45324494813460386,70.39314190120001,-212.19698139696658,0.042663370171757066,0.04887262302094801,238.5848414695589
synth_lf_0179,6,0.342431262799831,72.73732086170223,-38.706431785968284,0.030289798095161108,0.04887262302094801,330.7589491238002
synth_lf_0179,7,0.3893933420332459,70.6938903848372,-76.09338215794685,0.040650914129108276,0.04887262302094801,192.51673342857066
synth_lf_0180,0,0.4106949405606919,81.84318777752266,-96.75614892333964,0.005,0.033389786304168265,311.80577246690854
synth_lf_0180,1,0.2540618949186518,63.537135908923936,-85.04959387368257,0.005,0.033389786304168265,197.10133757762105
synth_lf_0180,2,0.40308606671049546,53.93741447842068,-93.65339044192828,0.023282376736617153,0.033389786304168265,322.58182075497876
synth_lf_0180,3,0.33096525661649634,60.277568306937766,-92.19515601870232,0.005,0.033389786304168265,178.20148120456338
synth_lf_0180,4,0.24374077546924927,70.89250112769656,-76.08966350677855,0.005,0.033389786304168265,357.9933455710757
synth_lf_0180,5,0.5660860332402825,78.76480741804879,-157.54727545926872,0.029525489861244446,0.033389786304168265,268.2414743743067
synth_lf_0180,6,0.35247629114921947,71.99769190492425,-110.85387272888084,0.022772603581254037,0.033389786304168265,4.086216630673562
synth_lf_0180,7,0.34055831075108706,61.64103197637074,-18.376002485321223,0.0032500000000000003,0.033389786304168265,223.27775921535545
synth_lf_0181,0,0.4093709635129539,51.16828269273694,-147.71392992452343,0.11742287209465571,0.030515703358300776,36.199690153369254
synth_lf_0181,1,0.16452595052933713,48.151912289556854,-111.59911875575241,0.04949182151613028,0.030515703358300776,136.71015697021568
synth_lf_0181,2,0.5263688906656081,29.503658995339357,-127.63795044520732,0.014274966775535445,0.030515703358300776,55.49702726657671
synth_lf_0181,3,0.3466235056590543,51.81530487538508,-102.10565244229657,0.0060834767035792825,0.030515703358300776,176.3848054531055
synth_lf_0181,4,0.44792259817667723,47.364070026665644,-73.06744592000364,0.07316646592122426,0.030515703358300776,100.58859562138218
synth_lf_0181,5,0.35481390161125664,50.93252683019648,-141.19568747888297,0.05656604797642928,0.030515703358300776,182.69329784423917
synth_lf_0181,6,0.26816843804652357,48.32495400233543,6.801547705294354,0.00585369674547359,0.030515703358300776,331.3217856387014
synth_lf_0181,7,0.2582125333618405,51.060824026404084,4.194676156248036,0.011062490370448418,0.030515703358300776,240.14103721413358
synth_lf_0181,8,0.25729379530873836,70.18915140727012,-170.32729888902145,0.015140460870613328,0.030515703358300776,9.19011627012128
synth_lf_0182,0,0.35421890272749046,58.16700560930739,-170.67068065545442,0.049585831397507996,0.061411827504017705,354.58894663071123
synth_lf_0182,1,0.4371298072123384,65.67700328153065,-164.040581350168,0.06078351354828422,0.061411827504017705,122.09427436195482
synth_lf_0182,2,0.1456158485455399,88.0,14.54162777870107,0.029625072095003303,0.061411827504017705,15.967881431277874
synth_lf_0182,3,0.39315109006177107,66.51694714750481,-135.96032600460353,0.005,0.061411827504017705,234.04978260248572
synth_lf_0182,4,0.3061585767373527,87.8782370174352,-88.00896737459784,0.03202308249027291,0.061411827504017705,24.747082640308463
synth_lf_0182,5,0.34022879148567853,73.85034059471386,-55.281332055721734,0.05911326385903497,0.061411827504017705,186.7491459058109
synth_lf_0183,0,0.311105443886995,80.84737682853027,-115.11860935755237,0.08039411617836885,0.04067331558000252,48.136495306910504
synth_lf_0183,1,0.4420153079387802,54.719045045418454,-55.41816087380785,0.040312383824844755,0.04067331558000252,241.0981009960963
synth_lf_0183,2,0.30580365209356264,53.42912966171702,-70.64250642584267,0.005,0.04067331558000252,342.3573281093574
synth_lf_0183,3,0.3097730547732435,70.16245145772942,-149.27223438043578,0.04651231701018754,0.04067331558000252,161.99261849818367
synth_lf_0183,4,0.43354402023653776,64.70613320415877,-90.64964717445922,0.026630167162000867,0.04067331558000252,307.29398399163426
synth_lf_0183,5,0.23668259577694037,67.0979857937806,-131.219183661935,0.0032500000000000003,0.04067331558000252,223.80848904822233
synth_lf_0183,6,0.4581779027643518,70.84462144122116,-78.07933680400808,0.02334738876508143,0.04067331558000252,353.5345928443894
synth_lf_0184,0,0.22688939390145632,74.31847404988069,-79.35116858574573,0.05072536574377369,0.04342665715623968,344.81402509279985
synth_lf_0184,1,0.27041300414580555,75.11833046835743,-178.7368720441524,0.03247598356654453,0.04342665715623968,231.70164902609548
synth_lf_0184,2,0.23574322234394773,54.34967611825644,-73.37953798458064,0.07806944830829848,0.04342665715623968,6.372325217359219
synth_lf_0184,3,0.435081090263317,83.52283715084572,-119.88414430630203,0.005,0.04342665715623968,145.9804229086041
synth_lf_0184,4,0.38761890989918174,74.78632858501855,-16.741278018586243,0.02352474337345902,0.04342665715623968,343.36017935881773
synth_lf_0184,5,0.25143923502467225,52.00527143673098,-222.58173670280385,0.03797012142301159,0.04342665715623968,236.84188070649793
synth_lf_0184,6,0.4025510495355097,67.83131862592697,31.617405811348178,0.043447562979313965,0.04342665715623968,22.872479754461665
synth_lf_0185,0,0.31566957957123376,55.86571407194239,-86.77612314367812,0.0449529956958496,0.024205497291199966,15.784158971518892
synth_lf_0185,1,0.38659745252812894,65.07208339492131,-148.7567153376569,0.00956504321118785,0.024205497291199966,233.62720887328163
synth_lf_0185,2,0.16073581040627782,51.13083597755895,-98.70124242422091,0.005,0.024205497291199966,318.0085789697229
synth_lf_0185,3,0.22877946420861747,75.02819763439265,-133.5657866189168,0.0362746115810062,0.024205497291199966,155.10202385489822
synth_lf_0185,4,0.39415291541037356,64.46584933782961,-53.0418996839444,0.0032500000000000003,0.024205497291199966,347.69698296862987
synth_lf_0185,5,0.28536211517899074,80.12840570290034,-48.02178521508623,0.0032500000000000003,0.024205497291199966,179.86221262599668
synth_lf_0186,0,0.05,80.33868055913045,-156.67155406904683,0.04849291375682332,0.014885856127569952,9.805755529864019
synth_lf_0186,1,0.3124542950413298,65.81197836126834,-151.00195143189848,0.0032500000000000003,0.014885856127569952,182.16390110755694
synth_lf_0186,2,0.10663973270842553,58.24799972799672,47.8653499577508,0.0032500000000000003,0.014885856127569952,346.51868398129363
synth_lf_0186,3,0.2839728911296005,53.70693426404853,5.624801919636923,0.019470390644811802,0.014885856127569952,143.73608521818977
synth_lf_0186,4,0.47928860614655977,69.02222375186312,-54.01516398875084,0.0032500000000000003,0.014885856127569952,327.0182087994333
synth_lf_0187,0,0.32121656118639624,55.612896356662226,-120.54057387769025,0.1313723373720488,0.05247869287849513,16.398124718111173
synth_lf_0187,1,0.40263226068955515,39.02657655734407,-66.04682832386307,0.10458594792332698,0.05247869287849513,177.17891508193517
synth_lf_0187,2,0.5921968327516204,43.033638475935184,-155.42242440650497,0.03378532189105879,0.05247869287849513,353.7716969802982
synth_lf_0187,3,0.46459978548144176,58.79328662986483,-177.39281496070151,0.04020142131620419,0.05247869287849513,183.1220636151661
synth_lf_0187,4,0.4429708776325582,57.90960958941607,-53.40661091774332,0.0187931143567515,0.05247869287849513,329.73805930075457
synth_lf_0187,5,0.45329734948152994,88.0,-128.58550275224968,0.045122517887056186,0.05247869287849513,213.56130203018165
synth_lf_0187,6,0.4161530023240785,73.02221775767399,-153.4392936577862,0.02915309082145312,0.05247869287849513,334.0836780554612
synth_lf_0187,7,0.33617522713301035,60.89756518821299,-96.4695258150336,0.052958960597978784,0.05247869287849513,173.86272142429698
synth_lf_0187,8,0.5659805211552342,69.82184356589505,-180.6211291686143,0.004193832836516421,0.05247869287849513,5.022184353025068
synth_lf_0188,0,0.10058108634373704,73.06952268221792,-126.15178063792261,0.041601430683475396,0.030521410831011658,13.44989862215076
synth_lf_0188,1,0.20978582868219003,33.6695652242623,-124.22853572671669,0.01624594266090143,0.030521410831011658,220.11806783946508
synth_lf_0188,2,0.13214325454870965,55.048717735467015,-119.58246998996978,0.020027669303848656,0.030521410831011658,346.6693264705416
synth_lf_0188,3,0.4124138508926727,46.234347998992654,-69.71065792230819,0.05328348158289177,0.030521410831011658,172.9603436366168
synth_lf_0188,4,0.402616716296986,47.40329514727674,-23.47306817357926,0.05940763765048556,0.030521410831011658,358.84736663541935
synth_lf_0188,5,0.35432365550479666,71.2773494255328,-86.88831657355878,0.029056285593399754,0.030521410831011658,175.45683617979648
synth_lf_0188,6,0.4789623934315494,65.47319783516825,-7.2744630532347045,0.01822983248305099,0.030521410831011658,35.10305151163766
synth_lf_0189,0,0.2677031198961162,88.0,-102.8348227292314,0.13580093143923916,0.03880042040886975,315.23090488727036
synth_lf_0189,1,0.12256502984686424,75.81410456564055,-146.19948572218513,0.09867470233704087,0.03880042040886975,172.91597212723048
synth_lf_0189,2,0.3762037300818937,44.7806886893768,-73.007809526166,0.04453365185549358,0.03880042040886975,340.06957080303664
synth_lf_0189,3,0.4884238505032166,39.170367601006745,-105.75650233652948,0.03302240166257041,0.03880042040886975,264.58804997440507
synth_lf_0189,4,0.22156776292659575,65.06249581350627,-80.96022783139065,0.05100622691339709,0.03880042040886975,0.6808057502269094
synth_lf_0189,5,0.2635317111375254,69.74715573408649,-89.90333308997918,0.05977981438066249,0.03880042040886975,127.18040964840532
synth_lf_0189,6,0.3577425128046838,59.85723676243,0.4682855349364452,0.07583397434755923,0.03880042040886975,30.483760984084483
synth_lf_0190,0,0.2811802435327898,74.86115329517811,-195.88573007727686,0.028651683032969978,0.048932226219269695,15.56520308021949
synth_lf_0190,1,0.44283978966260995,61.66948500465493,-19.54350090033998,0.014629783229092704,0.048932226219269695,190.10689714284203
synth_lf_0190,2,0.33655435862989413,66.12048622688074,-86.21020770672477,0.0032500000000000003,0.048932226219269695,25.294808168606778
synth_lf_0190,3,0.347400855691742,30.244955044621623,-60.39373869098346,0.0032500000000000003,0.048932226219269695,158.55082785330808
synth_lf_0190,4,0.4370547878952839,83.7819360570288,-112.78854377696115,0.0032500000000000003,0.048932226219269695,297.16897822879355
synth_lf_0190,5,0.4399998608833796,72.01038898704599,7.695413179179411,0.0032500000000000003,0.048932226219269695,175.00437667634344
synth_lf_0190,6,0.2755952144147939,53.356164224974734,-1.474257320849027,0.0032500000000000003,0.048932226219269695,352.89954951242953
synth_lf_0191,0,0.4095249006474134,58.31130012274243,-154.51997707200752,0.05591678332859301,0.04585393605365674,42.09168594058447
synth_lf_0191,1,0.15223852691523318,86.30630341595048,-109.37846215501877,0.005,0.04585393605365674,163.60441397670206
synth_lf_0191,2,0.30516350772570394,62.492469418816874,-189.00369958019996,0.029800631910258533,0.04585393605365674,23.223817313039547
synth_lf_0191,3,0.3192005741276559,56.50494627099407,-110.45721289742599,0.07356067648984349,0.04585393605365674,241.39720870605322
synth_lf_0191,4,0.4471564290003358,38.78937430767452,-97.27315821733276,0.029768768671305117,0.04585393605365674,48.75704389476084
synth_lf_0191,5,0.4789922862093902,52.61877066681814,-165.88196224015905,0.06604973089156631,0.04585393605365674,175.03515125615445
synth_lf_0191,6,0.1812561919444079,54.306319155897974,-44.33356810577132,0.012135212381333069,0.04585393605365674,349.01730461752504
synth_lf_0192,0,0.251317038835248,73.30597032467003,-115.63161616181245,0.055315153420274855,0.03093000955835889,28.039296331632638
synth_lf_0192,1,0.22225959517838217,68.95778049972033,-35.39001692816995,0.012012370756149686,0.03093000955835889,178.78467365517662
synth_lf_0192,2,0.4278830548576715,77.65170524876734,-40.50135536595809,0.05818189175885299,0.03093000955835889,18.557095192960105
synth_lf_0192,3,0.22894952305543526,68.68383643209316,-96.41145137284671,0.005,0.03093000955835889,148.19147339697935
synth_lf_0192,4,0.22500812641664952,88.0,1.0050601228935818,0.005,0.03093000955835889,354.5026487759692
synth_lf_0192,5,0.30400018990021066,78.44194163255231,37.86365103136149,0.07433447761911878,0.03093000955835889,135.36112213591093
synth_lf_0192,6,0.2981101734531353,70.43699884302333,17.75411024730265,0.01589140171949488,0.03093000955835889,2.8569707136480247
synth_lf_0193,0,0.37038288222646726,80.30223844763947,-47.43643512487671,0.014303908095046988,0.07747445217998015,7.970647194982138
synth_lf_0193,1,0.28234922178763744,68.07438114198058,-210.7620478869203,0.07717031538673225,0.07747445217998015,208.90300099663108
synth_lf_0193,2,0.4454299005761986,79.46623557692823,-189.08262746281918,0.035736324059095076,0.07747445217998015,30.70798551707088
synth_lf_0193,3,0.5188085103478524,88.0,-72.65606686484502,0.0745024423833713,0.07747445217998015,184.24864034937787
synth_lf_0193,4,0.6132536891958504,80.43757329068009,-28.470630334231632,0.037597708696556625,0.07747445217998015,76.39896412069743
synth_lf_0193,5,0.347680773792822,65.35012139270033,-45.24261168274774,0.057686827491290775,0.07747445217998015,157.47879776719572
synth_lf_0193,6,0.38192568228300394,85.65743169612246,-8.00778762565685,0.008906838971059426,0.07747445217998015,20.545862781960068
synth_lf_0193,7,0.34238431506267936,86.13204836884151,-60.273065887015804,0.033585609869763,0.07747445217998015,165.0373312915408
synth_lf_0193,8,0.411610373164412,69.31711566570009,-48.50903712512172,0.029015934611386174,0.07747445217998015,24.514003978850724
synth_lf_0194,0,0.3332755298610188,55.207714268981995,-69.33244699687678,0.11526152280798466,0.04274094197804344,40.793387324220944
synth_lf_0194,1,0.19138638177216669,43.2274183253685,-184.12251883986164,0.020043385826243425,0.04274094197804344,172.34603301870138
synth_lf_0194,2,0.3228929603071403,64.21328235207909,-134.46224044326797,0.061654901613242725,0.04274094197804344,28.573075152080435
synth_lf_0194,3,0.5687323727565805,77.87154666227067,-49.290010235444704,0.013389341693690368,0.04274094197804344,201.16219720693812
synth_lf_0194,4,0.31567198561830745,75.4260235507848,-45.8949063543799,0.07751509815781897,0.04274094197804344,14.810782728161143
synth_lf_0194,5,0.1260807224424862,69.88203208851655,-76.29716523636075,0.06310247690101328,0.04274094197804344,180.36367810910883
synth_lf_0194,6,0.5305906441156097,88.0,-97.76554205770591,0.04553892784233056,0.04274094197804344,15.824530963000598
synth_lf_0194,7,0.5560463383802529,47.97520698524951,-183.06445103411357,0.056192400915827286,0.04274094197804344,166.3893110954673
synth_lf_0195,0,0.22180874911445872,51.725624672066395,-22.63968365573416,0.05114498072831002,0.044060526779984704,47.82356675951522
synth_lf_0195,1,0.34181221760701125,60.914028861135364,-76.42191379752616,0.005,0.044060526779984704,198.7058853115747
synth_lf_0195,2,0.26362682938938403,56.62231816132179,-126.23270227115528,0.05531405372153349,0.044060526779984704,348.3667065040041
synth_lf_0195,3,0.3210823359524007,69.9100052261397,-11.445121487581716,0.008310846469386627,0.044060526779984704,181.61590971823478
synth_lf_0195,4,0.257928061136632,64.29039030982226,-29.53721739738682,0.0032500000000000003,0.044060526779984704,14.134517553126898
synth_lf_0195,5,0.31511550112133974,49.82403116959141,-67.08616699037852,0.03986379238917999,0.044060526779984704,202.06253886049944
synth_lf_0195,6,0.5039519657762754,74.561208581484,-48.49346250496279,0.0032500000000000003,0.044060526779984704,309.2227953931954
synth_lf_0196,0,0.28063052990458504,64.47155605433241,-108.70659727083766,0.02863740445922903,0.059682634901930015,319.16255945974825
synth_lf_0196,1,0.32672450906067335,49.56191517151397,-153.85380273420844,0.04954993500289784,0.059682634901930015,208.86826312085748
synth_lf_0196,2,0.09770075761622415,60.19807825689194,-95.77716796931523,0.039753255468052084,0.059682634901930015,38.79147401544776
synth_lf_0196,3,0.2674982435082977,47.922923658039636,-1.9953158997915708,0.05211302047636948,0.059682634901930015,219.6958618935348
synth_lf_0196,4,0.39535630059008864,72.20958750997055,5.3079547530135045,0.013300297864342354,0.059682634901930015,342.1834522421625
synth_lf_0196,5,0.24485887239882648,81.88877135448087,-44.24852662987789,0.06011605666542805,0.059682634901930015,189.5242900129722
synth_lf_0197,0,0.07182006692355515,57.82227613742644,-88.59910566988323,0.0626431849674868,0.047994195958838685,352.20944042501935
synth_lf_0197,1,0.1530060048489428,82.53921583934003,-46.02434842559451,0.018809841981443975,0.047994195958838685,154.6410981303262
synth_lf_0197,2,0.22947594374293717,73.16555426396005,8.505034392178821,0.005,0.047994195958838685,17.07178650424504
synth_lf_0197,3,0.3348685120607333,61.925211479603206,13.439423256603021,0.016722468628743777,0.047994195958838685,167.26410574353906
synth_lf_0197,4,0.1513485751685274,73.40886074657901,-32.39390412449451,0.005,0.047994195958838685,50.170531101037
synth_lf_0197,5,0.3118383948467237,71.84702476832891,-67.91840747243252,0.06733428603358654,0.047994195958838685,198.4138625429356
synth_lf_0198,0,0.1341908918789697,46.1179541473014,-103.8973371670303,0.0767519297354153,0.038032030798389654,347.2877527608073
synth_lf_0198,1,0.18495221061406147,45.254939555750326,-121.99347873760175,0.03153927931830176,0.038032030798389654,153.84688126968425
synth_lf_0198,2,0.28006067701504345,67.60249445038579,-170.3849911719003,0.031619444417990535,0.038032030798389654,0.7835505058134231
synth_lf_0198,3,0.23267104801806698,78.49936528566155,-108.08271532480659,0.0032500000000000003,0.038032030798389654,181.4254448454734
synth_lf_0198,4,0.47667059693561664,88.0,-106.1163009827796,0.03420623359949806,0.038032030798389654,311.7061974665535
synth_lf_0199,0,0.39878418153454537,69.16124966845496,-94.21203918343075,0.10712172554740847,0.06190257762250298,3.78738037895646
synth_lf_0199,1,0.371387001971885,37.4217960336332,-197.1221343518717,0.005,0.06190257762250298,183.94373078325614
synth_lf_0199,2,0.474932070941023,71.59944527745644,-197.1315811923508,0.005,0.06190257762250298,43.91196325513346
synth_lf_0199,3,0.1959159333568425,71.1737148409199,-187.6237324226456,0.07030164933189206,0.06190257762250298,171.99314047068492
synth_lf_0199,4,0.4711611630949693,72.96058027758896,-135.79487162364296,0.07110111646789966,0.06190257762250298,312.02019684252537
synth_lf_0199,5,0.4855020362461846,80.67718306259846,-98.38805116493128,0.08957512441728066,0.06190257762250298,137.72345690039924
synth_lf_0199,6,0.3828681151110582,54.31877117863571,-188.68377157764053,0.06693413319643889,0.06190257762250298,22.845776098757824
synth_lf_0199,7,0.4826034619765669,61.71384355571444,-57.23198674010776,0.037841814854044614,0.06190257762250298,224.7784465565892
synth_lf_0199,8,0.5293437033557108,40.08834808060458,-118.45472606811157,0.004985177399859744,0.06190257762250298,321.5190527291127
synth_lf_0200,0,0.20300216404910856,66.88031417997551,-154.51433899780722,0.0603248149738691,0.025172371206009934,10.349266219632682
synth_lf_0200,1,0.077218152499057,61.93041377621166,-271.3765459764471,0.005,0.025172371206009934,166.44967869100347
synth_lf_0200,2,0.3958439655461336,75.39860637791045,-19.42739779741941,0.040659646933893984,0.025172371206009934,325.6582774537371
synth_lf_0200,3,0.20181845589978292,70.5828643550038,-94.2321144322548,0.020846447030459805,0.025172371206009934,153.2985376956775
synth_lf_0200,4,0.22346065311838773,82.02105054867633,-47.844801896702215,0.03559184774055665,0.025172371206009934,1.3675594289929904
synth_lf_0200,5,0.24120793806231117,88.0,-51.92687761025267,0.030103826439748457,0.025172371206009934,203.87908574484652
synth_lf_0201,0,0.32101450039979734,62.61977481918126,-44.43605351835034,0.025647438694086255,0.028589707465779803,52.52744212209211
synth_lf_0201,1,0.21024301391625938,74.43616489834675,-185.15170851788827,0.005,0.028589707465779803,124.10370235345474
synth_lf_0201,2,0.1988803074225292,51.94774081858672,-35.12073422321634,0.053266586054890167,0.028589707465779803,334.2385940330918
synth_lf_0201,3,0.30910791910992175,61.28186060786252,-19.01835872195988,0.04162764684246277,0.028589707465779803,151.3117717482197
synth_lf_0201,4,0.12786406674963596,66.64754570463033,-17.869056546731827,0.0032500000000000003,0.028589707465779803,19.05035892593628
synth_lf_0201,5,0.49750719363265905,80.91116609582032,54.41265414096911,0.03207953123029911,0.028589707465779803,207.6102402543687
synth_lf_0202,0,0.08387698026320153,62.647109721483375,-131.9936459542867,0.0771038721385437,0.031681372028756094,31.321122072797944
synth_lf_0202,1,0.25849429219322806,81.56427715270492,-91.14549890284472,0.02176542902470088,0.031681372028756094,214.10301222585937
synth_lf_0202,2,0.4243500687846608,86.94412741138962,-136.20390591516065,0.01127162869751634,0.031681372028756094,12.094461356243528
synth_lf_0202,3,0.4320827944326181,71.55909251371907,-30.247543129248427,0.03665877696058956,0.031681372028756094,246.267385453192
synth_lf_0202,4,0.1796799284346134,54.64323047647642,47.237306713061166,0.005,0.031681372028756094,15.228347249212788
synth_lf_0202,5,0.3374988749637886,74.02006731837456,-116.1717847446585,0.06295792075592294,0.031681372028756094,147.37837912176576
synth_lf_0202,6,0.3843179945019665,88.0,68.61160475177522,0.012817494738350265,0.031681372028756094,51.35787639209889
synth_lf_0203,0,0.09502517975417,41.40640174491999,-66.48675533717774,0.015797720885727295,0.03047381662242915,355.18902570590143
synth_lf_0203,1,0.2686893950251764,55.744956195968705,-38.93579932033403,0.007240368746303469,0.03047381662242915,143.42365585294561
synth_lf_0203,2,0.05,51.62261722927989,-120.83462391881562,0.035125709759253054,0.03047381662242915,12.596746174553175
synth_lf_0203,3,0.07408034707963274,41.3490579441499,-45.05418039549589,0.005,0.03047381662242915,169.12078525683057
synth_lf_0203,4,0.14743047827224726,40.488869795594965,-45.00282866892416,0.024506081869558067,0.03047381662242915,66.16401001471581
synth_lf_0203,5,0.14746291295219596,52.15792847423633,-127.13893793078292,0.03803231595305752,0.03047381662242915,193.20011084714656
synth_lf_0204,0,0.21541480837139054,56.03319678503469,-136.71079152165305,0.10900750888930927,0.030030176368636332,281.8607715943425
synth_lf_0204,1,0.15988405185016275,30.93604310711119,-161.83564234773092,0.052093180632775085,0.030030176368636332,208.49587575068625
synth_lf_0204,2,0.3233604334381682,64.3478893516397,-35.17168339220021,0.045121271186222243,0.030030176368636332,4.75428532182741
synth_lf_0204,3,0.32352040184397374,84.63658612224376,-140.84889693403701,0.026374176609345924,0.030030176368636332,194.64220424633186
synth_lf_0204,4,0.21712580469205903,58.95417210780804,4.181235252492826,0.045503687034272836,0.030030176368636332,358.48479487733516
synth_lf_0204,5,0.5421676883280725,82.84564875843114,-9.023352498018873,0.019625517117870833,0.030030176368636332,190.26012386987213
synth_lf_0205,0,0.2358489405716528,76.51556103233412,-57.37689070454319,0.051696213697114635,0.0348291391303724,11.501081368790492
synth_lf_0205,1,0.24081846034328455,60.03102630554631,-78.65813262890188,0.022323303045193227,0.0348291391303724,154.5508206143864
synth_lf_0205,2,0.34737747086846077,42.46428955512532,-69.20995581616282,0.0032500000000000003,0.0348291391303724,15.289173284528943
synth_lf_0205,3,0.11867980703620704,57.134284013975844,-12.021691361691088,0.0032500000000000003,0.0348291391303724,141.5777453320668
synth_lf_0205,4,0.17899523717229707,55.190335753221206,-30.464815000032814,0.0032500000000000003,0.0348291391303724,20.13468187988417
synth_lf_0206,0,0.41804588087625283,58.96539159468064,-49.702208286125895,0.11512442805642306,0.041876597406287006,352.9916654676927
synth_lf_0206,1,0.2792406776967473,45.18422219595797,-56.24413591588913,0.0433299359654379,0.041876597406287006,182.37337190205554
synth_lf_0206,2,0.36386696196872087,68.19766829405329,-151.0872602933875,0.01086781949453422,0.041876597406287006,4.514433799647236
synth_lf_0206,3,0.346167166145297,46.37062638953111,-116.75392110743662,0.05084838237324796,0.041876597406287006,186.655054821229
synth_lf_0206,4,0.3086883932794226,74.85309734893463,-115.44355096464977,0.03649378410502807,0.041876597406287006,51.12802892869331
synth_lf_0206,5,0.46183998024041123,59.161253447179135,-85.07024249987333,0.02369139185584992,0.041876597406287006,210.14415150686648
synth_lf_0206,6,0.3962452313247142,50.86454224401483,-73.65533031225314,0.02838870462392249,0.041876597406287006,334.9531919012204
synth_lf_0207,0,0.14687899191851267,51.12627847174293,-237.34777664531333,0.01749923104627129,0.05024180116893186,62.76147010647053
synth_lf_0207,1,0.3132640076037513,64.45824944379375,-134.20856534912156,0.09978468411727011,0.05024180116893186,147.5835190912116
synth_lf_0207,2,0.3108248505613008,73.60872594409199,-63.192229263252585,0.030154498696522602,0.05024180116893186,336.17091159505316
synth_lf_0207,3,0.09252278052781357,55.728716859456746,-78.30558574215155,0.032743003901146525,0.05024180116893186,203.65419535983017
synth_lf_0207,4,0.4436899643435522,72.85509224965917,42.74195393884546,0.02271765527205797,0.05024180116893186,23.227845705572804
synth_lf_0207,5,0.2476411448760928,59.98124536886863,-7.2027987748711055,0.0032500000000000003,0.05024180116893186,137.548969834898
synth_lf_0208,0,0.4567951571430495,69.02234917142204,-13.05373486947073,0.087319292188025,0.06346277135222707,322.5215160157859
synth_lf_0208,1,0.43597383833564596,40.337170586262275,-22.862129502424494,0.09194875634912883,0.06346277135222707,180.7853011260226
synth_lf_0208,2,0.17792330705286052,61.447743811617116,-145.12715656174367,0.013815225367325198,0.06346277135222707,351.77730549470306
synth_lf_0208,3,0.43887296897506195,59.2910045784704,-115.38373209335235,0.04936419420116255,0.06346277135222707,186.72716584898285
synth_lf_0208,4,0.3942899258252748,57.437045865347805,-20.582232643095324,0.030177678704914418,0.06346277135222707,330.62233284332115
synth_lf_0208,5,0.3497403571265058,69.97981895382985,-75.64834488077517,0.04019597366410179,0.06346277135222707,189.20361244592243
synth_lf_0208,6,0.37920094370683827,78.22220535292315,-55.52609598501882,0.0032500000000000003,0.06346277135222707,323.167537708782
synth_lf_0209,0,0.3246540089934296,66.12205609103523,-129.79216162740283,0.09477215755323364,0.047263953457079504,331.3170904246489
synth_lf_0209,1,0.2638258586636151,41.89880852015055,-162.22210720568734,0.05797729650149995,0.047263953457079504,179.70883795680504
synth_lf_0209,2,0.3949595780588484,52.9606084534598,-138.61998482161417,0.005,0.047263953457079504,10.346559099361002
synth_lf_0209,3,0.3827939130059953,62.518523252190576,-56.60665374965936,0.03372238768127728,0.047263953457079504,211.29427261291505
synth_lf_0209,4,0.4653398179853082,35.36453852359332,-99.13624111763974,0.025544412168807606,0.047263953457079504,333.8995490107461
synth_lf_0209,5,0.3988992757427796,65.86215854622681,-101.60855743451881,0.009507048802906544,0.047263953457079504,148.4983707383825
synth_lf_0209,6,0.36062182854658614,74.43675643608448,-27.60180733546781,0.03754985904519025,0.047263953457079504,3.453183147484424
synth_lf_0209,7,0.3587368972670219,77.89549532323348,-75.9521165836671,0.05053533959885814,0.047263953457079504,158.9680054542075
synth_lf_0210,0,0.12485017494420927,49.867758509464515,-126.21076429647701,0.06844901701205905,0.02896581080062412,359.5525464115888
synth_lf_0210,1,0.1868694338606316,20.312813040368034,-139.0735601647599,0.016147153406452106,0.02896581080062412,140.13929948952
synth_lf_0210,2,0.4761173585052553,70.98356192085492,-51.364086524111706,0.034971682885970495,0.02896581080062412,335.3687031053781
synth_lf_0210,3,0.1067433482147436,68.73983078862112,-25.583277836791126,0.01637492336686214,0.02896581080062412,107.7578948674863
synth_lf_0210,4,0.402966721883678,78.1984061236372,-54.38760642025921,0.0032500000000000003,0.02896581080062412,31.43162195833179
synth_lf_0210,5,0.3538308698065142,50.03070002149507,-82.04615841324105,0.009285817076627286,0.02896581080062412,205.91804255701902
synth_lf_0211,0,0.1704858340551464,71.80545699438798,-49.01518021102568,0.10561874315658679,0.014401097958559081,345.5037899311354
synth_lf_0211,1,0.34468990238071867,48.33680310434394,-203.0019113025862,0.11006830578863461,0.014401097958559081,223.8847959439174
synth_lf_0211,2,0.33229807871468475,72.42612219760083,-181.67381712363613,0.005,0.014401097958559081,23.91174725717417
synth_lf_0211,3,0.21405183071677752,42.38290519718089,-61.85497005620431,0.10698739187552243,0.014401097958559081,150.61252109574798
synth_lf_0211,4,0.3953126418991285,49.22816524946788,-90.56193909815613,0.07588805174007784,0.014401097958559081,318.43220879868034
synth_lf_0211,5,0.18961111033057818,71.78524882691912,-22.267757746336684,0.042544152921693126,0.014401097958559081,252.92455817833115
synth_lf_0211,6,0.3587468248105868,78.83489637898644,-108.87626993927324,0.049798323271447946,0.014401097958559081,298.0984623450356
synth_lf_0212,0,0.13627308530190207,83.06976045000388,-224.5334062900764,0.040386997583178055,0.0387180407896426,16.634371736791238
synth_lf_0212,1,0.30605081767297987,88.0,-123.68300756200681,0.012915030629971517,0.0387180407896426,251.43679751049922
synth_lf_0212,2,0.3536776050874394,56.81602692726003,-60.60413741381944,0.02707687733861816,0.0387180407896426,55.5872576328635
synth_lf_0212,3,0.4304446406414866,79.14854630779058,-71.07419160738846,0.09427775426640073,0.0387180407896426,157.4543581379728
synth_lf_0212,4,0.3283057949939351,67.17483839984395,-134.08956403023655,0.016336670135481145,0.0387180407896426,350.826428639856
synth_lf_0212,5,0.25597457138325014,69.36381780548791,-6.207244028047732,0.07668811791429594,0.0387180407896426,110.56862545317063
synth_lf_0213,0,0.36840751198204064,62.17496966817685,-41.30746458337336,0.13581938902436635,0.04377845937296769,35.162870723495075
synth_lf_0213,1,0.3578876496383964,53.350887466506364,-146.54822092227556,0.09482912907116725,0.04377845937296769,197.56022847305732
synth_lf_0213,2,0.17993544894893523,41.56318353983953,-71.70348835029777,0.07567858295033782,0.04377845937296769,52.34961446731654
synth_lf_0213,3,0.2513426905467223,41.3995499591995,-103.35397823510725,0.034565853937439515,0.04377845937296769,194.56137524496296
synth_lf_0213,4,0.4276679308475437,69.2876413995574,-164.1983253209508,0.08056737845881516,0.04377845937296769,330.4863204684417
synth_lf_0213,5,0.6210372204104965,73.33991167656998,9.646949790600516,0.0468610462914674,0.04377845937296769,157.9565762104453
synth_lf_0213,6,0.18225045452302624,87.9673232826745,9.801222114190523,0.006111472299125562,0.04377845937296769,354.0368499709946
synth_lf_0214,0,0.28259326645044414,61.07715053790303,-65.32641809411591,0.07465759860865061,0.04369970417691177,4.343074632594385
synth_lf_0214,1,0.05,67.05697298241792,-72.75052556070061,0.005,0.04369970417691177,121.44309425192003
synth_lf_0214,2,0.21484599596260187,42.943380992961096,-168.56089272377707,0.027937039065022568,0.04369970417691177,20.26130338479163
synth_lf_0214,3,0.3570161413079343,60.14458185329853,-70.83681331992923,0.01444946748403322,0.04369970417691177,198.44052637661923
synth_lf_0214,4,0.19793121029682817,82.90289833943524,-91.11038588488314,0.0032500000000000003,0.04369970417691177,20.46256713452192
synth_lf_0214,5,0.24007561814334996,88.0,-73.77322562508894,0.037412485742288344,0.04369970417691177,230.04394086133198
synth_lf_0215,0,0.3110313636062748,85.16964448437962,-201.19638016188964,0.08168114477970467,0.03837781560057224,352.9061013452852
synth_lf_0215,1,0.34454847420961116,64.3209953663862,-38.899236866542694,0.05275224318875266,0.03837781560057224,152.35150795398317
synth_lf_0215,2,0.4562086903153738,47.10972272703302,-116.08091722425918,0.06819800842052363,0.03837781560057224,347.35950306352515
synth_lf_0215,3,0.5031588335847089,64.61121490556269,-156.03338556001904,0.04459622282418707,0.03837781560057224,148.0044771256242
synth_lf_0215,4,0.4431462494893274,75.12158307783069,-34.160532717763466,0.05546058074970609,0.03837781560057224,16.481086080113755
synth_lf_0215,5,0.21286487075559962,88.0,-56.252760847579616,0.04972519098972921,0.03837781560057224,191.56427847316684
synth_lf_0215,6,0.43870901107909377,62.129833131453694,-38.38714669133126,0.018664978084705505,0.03837781560057224,359.11853682887477
synth_lf_0215,7,0.47038497442696087,88.0,-52.18421543059384,0.039910754306857234,0.03837781560057224,228.03164350043494
synth_lf_0216,0,0.26675113659173477,32.12339694259659,-143.9965317474659,0.030602454330740558,0.05230849524788981,5.207495395086224
synth_lf_0216,1,0.2677523580236478,71.35737045600682,-113.98960317878465,0.005,0.05230849524788981,125.49284130751562
synth_lf_0216,2,0.22779005363390387,60.93792927414791,-46.7326490195123,0.005,0.05230849524788981,308.36472117034475
synth_lf_0216,3,0.14502271763215888,60.65283956073395,-81.00836694253766,0.030643964561413366,0.05230849524788981,213.93699177375458
synth_lf_0216,4,0.2558899666065808,80.34487860655267,-77.42756145704521,0.02244227230852158,0.05230849524788981,9.1570195284379
synth_lf_0216,5,0.2131885943948407,58.211722754327,-83.95152092595094,0.04380247422396649,0.05230849524788981,155.19987055604884
synth_lf_0217,0,0.22954283086460375,58.32919543619901,-114.53022299545287,0.04992632759865491,0.05053688971398154,338.1683324451755
synth_lf_0217,1,0.3339928962197314,53.67036896971426,-122.05345749850474,0.05372723920657067,0.05053688971398154,140.84043657997972
synth_lf_0217,2,0.2350116794726045,53.64953021642427,-245.06313023630685,0.024414799609253156,0.05053688971398154,23.4297281153805
synth_lf_0217,3,0.3836758019271925,77.04617781581007,-165.5297209818613,0.01657993063390741,0.05053688971398154,214.6358165513476
synth_lf_0217,4,0.3030735261049491,83.02733803400811,-67.77663592817615,0.043914192756305204,0.05053688971398154,21.576916504169276
synth_lf_0217,5,0.5003637709753616,71.95205894022389,8.53414884243358,0.023283180175969233,0.05053688971398154,182.0082948697783
synth_lf_0217,6,0.4763774148385004,88.0,-45.269177425409346,0.08355848560595525,0.05053688971398154,13.446300210626532
synth_lf_0217,7,0.28416435846062427,66.3283661274699,-57.58700093389212,0.04185481871489922,0.05053688971398154,224.94728707380614
synth_lf_0218,0,0.05666988757539655,88.0,-33.17274749581056,0.10631883673002987,0.00788456183177632,342.9434013926622
synth_lf_0218,1,0.3381691013044465,84.44887147126074,-30.764387048219664,0.034492303159568895,0.00788456183177632,213.50964526084718
synth_lf_0218,2,0.2077457083536195,81.36027549098202,-35.05172006402642,0.05403404857015668,0.00788456183177632,346.7794834373356
synth_lf_0218,3,0.05665937372696864,72.92363898959867,-41.860863066157535,0.0032500000000000003,0.00788456183177632,174.98946069949614
synth_lf_0218,4,0.35753421657960294,88.0,-10.841979858470108,0.009919666037618015,0.00788456183177632,16.393530953943582
synth_lf_0219,0,0.3969863357867953,45.93187447753975,-126.15129131087501,0.05884535398827747,0.03694836883664426,352.81495042090427
synth_lf_0219,1,0.27045946671634385,51.6916194867941,-68.72543264420744,0.06150049352429187,0.03694836883664426,168.52485652773848
synth_lf_0219,2,0.3128133213313179,66.61102509939319,-84.46079956148466,0.06801887379214952,0.03694836883664426,7.572334967014342
synth_lf_0219,3,0.4016547873158536,50.911877085681304,-98.84297126852191,0.014802261005669837,0.03694836883664426,164.50639962673176
synth_lf_0219,4,0.3195483284634582,46.17652399336974,-82.71928471747792,0.010798968259833156,0.03694836883664426,354.58331452804316
synth_lf_0219,5,0.3494954491829226,70.4640455761481,-58.61956719606357,0.05672229016055788,0.03694836883664426,179.79421222135943
synth_lf_0219,6,0.1547380224451829,77.0315544040066,-19.13592480706787,0.0032500000000000003,0.03694836883664426,34.22315096301804
synth_lf_0220,0,0.05,71.42679657688927,-52.103585912226784,0.005,0.04240376949687963,333.2701953517148
synth_lf_0220,1,0.1527782819994097,54.51078109550518,-46.340365273964856,0.005,0.04240376949687963,247.4789928278669
synth_lf_0220,2,0.05,77.64379130658654,-94.81513540622296,0.01621638067203478,0.04240376949687963,327.9093880119756
synth_lf_0220,3,0.05,54.840441236658194,43.64374017907493,0.01158682242728695,0.04240376949687963,154.63159196471122
synth_lf_0221,0,0.17738102193713784,58.527107042121116,-132.03736780993282,0.0693968241256345,0.03173721838211014,296.7489431016962
synth_lf_0221,1,0.5089756614402414,62.90648408062094,-118.12764785245379,0.04451969129215943,0.03173721838211014,221.74067666470407
synth_lf_0221,2,0.2188019088189641,68.17207446436448,-61.30132168846053,0.019244732115774797,0.03173721838211014,348.4445239471849
synth_lf_0221,3,0.35686174940454163,38.61790007111646,-65.3220417299088,0.0032500000000000003,0.03173721838211014,138.25939984680815
synth_lf_0221,4,0.1807390536043103,85.4238830658064,-72.01611859614192,0.0032500000000000003,0.03173721838211014,342.5120961601707
synth_lf_0221,5,0.2346219377612424,50.4630709844261,-15.76503558225189,0.0063085297198550265,0.03173721838211014,155.74542264760044
synth_lf_0222,0,0.10866358048817777,50.15903984751776,-21.4945939547152,0.07776635962261703,0.045048670263575986,295.49760881258715
synth_lf_0222,1,0.4358990372524505,72.6003238749199,-105.26901340260842,0.005,0.045048670263575986,170.7251922435268
synth_lf_0222,2,0.27742946814002983,41.02482782420512,-61.63584365472436,0.050161057127978165,0.045048670263575986,328.8015402055684
synth_lf_0222,3,0.34456408637349256,48.26113094028488,-92.2977089684467,0.036908718908703265,0.045048670263575986,161.72249151781728
synth_lf_0222,4,0.2598818651397393,55.498500327775275,-130.40884283111143,0.01195336968929299,0.045048670263575986,82.1924109185926
synth_lf_0222,5,0.40841429571812526,88.0,-62.68559277016116,0.0426912378277812,0.045048670263575986,159.53404224713108
synth_lf_0223,0,0.19432209601540723,73.34331986252084,-72.22206374715824,0.08726705499062962,0.022918793113391494,358.8118630208434
synth_lf_0223,1,0.28930133518737733,67.845833822785,-208.95682068364363,0.005,0.022918793113391494,105.30235746482764
synth_lf_0223,2,0.19602813110712677,49.61805607009392,-110.0248295165053,0.013962570806155802,0.022918793113391494,347.6398275253648
synth_lf_0223,3,0.5153533383403319,59.96797729542545,-76.40588687198051,0.0032500000000000003,0.022918793113391494,185.80633900718192
synth_lf_0223,4,0.2090782090971011,61.99654493136753,-44.46192337885904,0.02587309250511198,0.022918793113391494,19.429178757624186
synth_lf_0223,5,0.27536182098886924,60.20913004717396,-151.9071934640815,0.010012725544930979,0.022918793113391494,182.1249431560227
synth_lf_0223,6,0.3685643564738745,70.93281231858806,-44.98894905143335,0.011098426397223636,0.022918793113391494,336.05360375755913
synth_lf_0224,0,0.15464492523419807,63.787261338242125,-126.33878203983153,0.02745195827354993,0.016242724996471024,3.049989685440607
synth_lf_0224,1,0.2303920626277482,45.29884874632179,-114.57148659921508,0.005,0.016242724996471024,186.7165909114705
synth_lf_0224,2,0.176234364389175,59.272779090230685,-95.74515390905205,0.005,0.016242724996471024,19.358054885469414
synth_lf_0224,3,0.2714974758461147,65.42427454968892,-115.74383035116153,0.017016555918094433,0.016242724996471024,193.39724277575453
synth_lf_0225,0,0.05,56.394848066482375,-92.63383746263267,0.017132451281529203,0.051126921091506516,333.69894169021137
synth_lf_0225,1,0.45484651717317737,76.90025181693477,-78.42898426702429,0.07266878161113863,0.051126921091506516,171.0293545377559
synth_lf_0225,2,0.265315026484652,77.05080761006421,-44.22617126680871,0.005,0.051126921091506516,34.95537754939437
synth_lf_0225,3,0.26596613263873997,65.71669193528864,-83.85191695852913,0.015245513174409222,0.051126921091506516,173.98072391106007
synth_lf_0225,4,0.3101446534901099,57.858162686988166,-4.427101811439961,0.011848312393224848,0.051126921091506516,39.455663697717455
synth_lf_0225,5,0.36977181689221855,62.0121873608837,-64.03325519665059,0.015897413745000557,0.051126921091506516,173.72001290570995
synth_lf_0225,6,0.3499571486773755,68.98662767978581,-18.119021670730277,0.022394440565146348,0.051126921091506516,1.8949809210491821
synth_lf_0226,0,0.27751128342820525,62.52562984184645,-99.34075630446544,0.04408217486683792,0.04155851587322852,5.779160553969198
synth_lf_0226,1,0.29238562544201024,50.152414192586484,-133.48387891705178,0.05260559649137528,0.04155851587322852,153.57050723236952
synth_lf_0226,2,0.10148130298330943,49.75240793425282,-80.51093844143936,0.060293173091783336,0.04155851587322852,309.05357336059103
synth_lf_0226,3,0.32744938638413496,71.36847174466912,-42.703271941789566,0.005,0.04155851587322852,193.05764927965583
synth_lf_0226,4,0.2843398597296689,76.55811133123396,-60.78330516952111,0.035448637876190826,0.04155851587322852,21.468800189544936
synth_lf_0226,5,0.2937595853418846,50.34537814860428,-89.95867806602709,0.023368988214697933,0.04155851587322852,162.74516182050365
synth_lf_0226,6,0.27419532389088697,58.2001565276654,-107.24278663364565,0.024743847820417556,0.04155851587322852,325.2740212854101
synth_lf_0227,0,0.44340530867330186,60.64660609213783,-186.1940395816325,0.03999015788312058,0.029118075053104757,339.3986585107958
synth_lf_0227,1,0.19058702864205734,61.54720229551022,-60.22267733717666,0.04274244995665442,0.029118075053104757,141.9723338646022
synth_lf_0227,2,0.322427464225932,19.851291412986985,-20.816008081895788,0.02796971819333266,0.029118075053104757,15.937612457649095
synth_lf_0227,3,0.3758895503807228,50.85309731577957,-122.11235564561086,0.06779151790666954,0.029118075053104757,150.37211111400677
synth_lf_0227,4,0.4721816315359172,72.15215150855336,-101.54845622165107,0.049166291480764596,0.029118075053104757,11.305364316830605
synth_lf_0227,5,0.37484494139192953,57.16605060056261,-99.57077280622603,0.017786124624197684,0.029118075053104757,177.11359237993872
synth_lf_0227,6,0.3868922858070631,40.90374498881208,-84.09474258762464,0.03988324660844869,0.029118075053104757,44.07841093784418
synth_lf_0227,7,0.21109884045683713,58.21782397110791,-127.31756266151417,0.026827978361018336,0.029118075053104757,209.19040616641155
synth_lf_0227,8,0.3177894102534527,25.40468512680233,-127.28124419860318,0.028768661954566198,0.029118075053104757,56.72015443200894
synth_lf_0228,0,0.29597103677679937,37.8965467867576,-140.09828899160587,0.09706771089095098,0.04635590567166376,330.6322842983091
synth_lf_0228,1,0.3524199404418008,50.52820990660631,-81.53497821569222,0.05588714727202361,0.04635590567166376,147.82614170741277
synth_lf_0228,2,0.22355033383906087,60.17751155989294,-192.6003052081678,0.04153615855890314,0.04635590567166376,340.6246194228028
synth_lf_0228,3,0.5186239411672577,77.35571856342179,-95.20053603750186,0.008359258210934493,0.04635590567166376,186.33998014024417
synth_lf_0228,4,0.36944376899731984,74.96792032066945,-87.94290129291356,0.08095353734856428,0.04635590567166376,315.879128852368
synth_lf_0228,5,0.2591076272325651,82.02805391235594,-12.831690219255556,0.04393881475597949,0.04635590567166376,166.85744354350027
synth_lf_0228,6,0.2997913493468122,79.71753679507013,-30.09979130214949,0.007021055392092297,0.04635590567166376,47.55653457111703
synth_lf_0229,0,0.05,63.92537776392835,-160.7752136393254,0.07647195965973246,0.04348809716737476,35.317632777995414
synth_lf_0229,1,0.20544240741914133,72.52339141377558,-115.12112440974992,0.02466031820658933,0.04348809716737476,178.82438834089743
synth_lf_0229,2,0.2502843003066371,62.33414687587087,-72.0428546521212,0.02952495286977423,0.04348809716737476,336.5174302517338
synth_lf_0229,3,0.21559085585732554,60.752425446238334,-48.186689294981896,0.004319947847492556,0.04348809716737476,157.32393352931
synth_lf_0229,4,0.1156638418644198,70.02651282417447,-43.66534054987102,0.0032500000000000003,0.04348809716737476,355.7296778416264
synth_lf_0229,5,0.4106795888100686,61.65537291580095,27.030711291202305,0.026220356362305988,0.04348809716737476,167.59554952657334
synth_lf_0230,0,0.17406720026894057,28.459799185918204,-108.7909752419063,0.05342123366184934,0.041320371281547925,56.55555200457055
synth_lf_0230,1,0.09864825309259947,48.59917079027608,-98.740022145072,0.060375994431167965,0.041320371281547925,201.46091486242042
synth_lf_0230,2,0.2614388493418552,71.26669906295874,-83.55211471852473,0.030790547979275544,0.041320371281547925,343.241765350609
synth_lf_0230,3,0.2533860849603833,19.651319480376863,-96.34967478156877,0.016633598605901603,0.041320371281547925,218.9542777048996
synth_lf_0230,4,0.284366690542524,37.7266298723809,-28.397973927059468,0.006637510959452536,0.041320371281547925,6.65241841756017
synth_lf_0231,0,0.16445007826377755,41.98595396877121,13.124578543406088,0.005,0.04877019969577695,6.15885745270372
synth_lf_0231,1,0.1770925371616153,77.77523964216692,-95.35339884591225,0.005769018406847331,0.04877019969577695,160.1602207242782
synth_lf_0231,2,0.16588722629339814,68.8057446596576,-82.14771045402154,0.005,0.04877019969577695,10.777590944392045
synth_lf_0231,3,0.10481569556784642,71.94821934576682,-2.867687580930138,0.008281414437367766,0.04877019969577695,163.97845026035577
synth_lf_0231,4,0.17289771758389694,59.46606765777993,4.264392389985929,0.006526908023916752,0.04877019969577695,34.63588087266908
synth_lf_0231,5,0.15895004319266728,73.81588322856169,-72.12775129663225,0.030845207305475048,0.04877019969577695,186.91310822085154
synth_lf_0232,0,0.1588801795044328,52.07172141598537,-24.363164459533756,0.03768397766537894,0.037352177704545346,2.0846269745760404
synth_lf_0232,1,0.08386025945241961,41.99541017927833,-138.7066168726015,0.00550866078728342,0.037352177704545346,186.38799572595923
synth_lf_0232,2,0.16006008991607878,68.07530171097054,10.971668311649985,0.005,0.037352177704545346,3.582167251456724
synth_lf_0232,3,0.38687997528133866,82.16624546834404,-57.83411800916417,0.041897657035722055,0.037352177704545346,148.6178801087055
synth_lf_0232,4,0.47922467505517685,64.00901552379986,-44.13312906384067,0.013070624849480177,0.037352177704545346,342.46251206717204
synth_lf_0233,0,0.22708820941346058,30.627680727134713,-176.65095911759468,0.019960314074279936,0.04332200359233814,355.0781048630675
synth_lf_0233,1,0.20753239273840648,68.73727336983812,-43.97233010453246,0.005,0.04332200359233814,151.45180195140358
synth_lf_0233,2,0.28554962569394704,50.24987499200749,-106.13854396640696,0.0173523825769123,0.04332200359233814,41.90187783046315
synth_lf_0233,3,0.23100628484696895,38.68776027836317,-72.07039716435982,0.04174277216031559,0.04332200359233814,221.0182470136731
synth_lf_0233,4,0.42385945473008596,64.30199158914756,-84.96014336381535,0.04105746047607485,0.04332200359233814,25.815983777760493
synth_lf_0233,5,0.3815769473313325,55.300618459244575,-81.64897937764486,0.022611524651862485,0.04332200359233814,132.21072338988108
synth_lf_0234,0,0.3127121676335478,84.92600159427738,-162.86687272182894,0.10652513966967872,0.050209749238962396,327.22692152761476
synth_lf_0234,1,0.3725836310218471,45.18775542228666,-239.01989970658508,0.03888252457432685,0.050209749238962396,171.55926205232723
synth_lf_0234,2,0.46703475805791317,72.85289135910669,-123.61429920356392,0.024227176507078053,0.050209749238962396,325.05412904255644
synth_lf_0234,3,0.3467751170599012,51.233524276627506,-96.94583792077464,0.07290407181129799,0.050209749238962396,176.8220628957663
synth_lf_0234,4,0.39369207505883796,49.36135267142522,-105.5260210755659,0.08552755529385654,0.050209749238962396,320.41140122696925
synth_lf_0234,5,0.24413638161405876,73.58432268933292,-57.95830389571255,0.04389497038490934,0.050209749238962396,184.7098520652312
synth_lf_0234,6,0.43850420813433805,52.24390009752096,-197.01390878130175,0.05194114122677115,0.050209749238962396,344.594372868504
synth_lf_0234,7,0.38530823862186686,59.94652372656184,-77.77812622992896,0.048852496101607884,0.050209749238962396,185.0314048725861
synth_lf_0235,0,0.2724976611508951,64.7280243602392,-53.91349977929184,0.08957033014486582,0.06714384330361833,342.93402429101235
synth_lf_0235,1,0.36426018078247735,86.47967724299755,-120.87878949885047,0.08305135475500838,0.06714384330361833,219.62809727936946
synth_lf_0235,2,0.36995876389278154,80.73029603552389,-75.79996517721668,0.005,0.06714384330361833,11.73259620987153
synth_lf_0235,3,0.34111953648289856,79.42499858237048,111.5867359372401,0.017719040387905838,0.06714384330361833,185.80839101306628
synth_lf_0235,4,0.44525861508933484,84.34408517172315,5.650006237211279,0.009722290819560915,0.06714384330361833,359.83569321168943
synth_lf_0235,5,0.33598919113120684,85.07971188290712,-5.147080816906183,0.04190054770401044,0.06714384330361833,133.86582059654086
synth_lf_0235,6,0.05,62.761453687497735,35.53104236915189,0.008349857764172013,0.06714384330361833,19.38931521308041
synth_lf_0235,7,0.4446148245145791,69.42683266625896,-36.458358870475024,0.02017623507367491,0.06714384330361833,192.184265303212
synth_lf_0236,0,0.25272196087938764,73.59546352090825,-166.72656855152283,0.04565406240083637,0.04732505573253377,85.67038466836715
synth_lf_0236,1,0.4127702935072529,67.23902100410764,-53.666614225856364,0.016747350804484834,0.04732505573253377,142.03335421380342
synth_lf_0236,2,0.3390317522191076,88.0,-38.833263504173686,0.030925033606244115,0.04732505573253377,15.742295578326775
synth_lf_0236,3,0.4263173514750408,68.82893892734789,-35.218885672691954,0.006352113273062239,0.04732505573253377,141.07973348453265
synth_lf_0236,4,0.4473630541139301,87.89278109800347,45.036908385370296,0.030705946036668902,0.04732505573253377,26.641808657868182
synth_lf_0236,5,0.32482969231714864,88.0,-21.383104160428367,0.040744438766300295,0.04732505573253377,106.45303652127689
synth_lf_0236,6,0.22563141209244528,57.14659027341405,-116.47586282616967,0.034194892019408875,0.04732505573253377,307.47959599410797
synth_lf_0236,7,0.2819054891281634,43.89182446378716,-58.76316327301377,0.0254492223293964,0.04732505573253377,209.63230907612547
synth_lf_0237,0,0.2538054759959182,72.99574476745202,-225.70447768991087,0.10117213618061202,0.049297824828372735,359.3279543392035
synth_lf_0237,1,0.4549771862889213,72.45586540132177,-161.32406385644197,0.08043749549442655,0.049297824828372735,163.2942776837239
synth_lf_0237,2,0.3541066144077906,86.6534580229646,-154.96770223999695,0.005,0.049297824828372735,32.04667022469232
synth_lf_0237,3,0.42256501706602884,51.94626245273541,-76.74145041627328,0.0032500000000000003,0.049297824828372735,139.352842114231
synth_lf_0237,4,0.4207736259786559,57.267274394603035,-136.37358032856557,0.05974950153884606,0.049297824828372735,346.15509895370417
synth_lf_0237,5,0.4347014302093063,45.72985742327856,-92.56048282768258,0.0032500000000000003,0.049297824828372735,171.90522451169363
synth_lf_0237,6,0.46417030108226226,66.79549670203309,-56.96591485485277,0.015834860423516908,0.049297824828372735,311.8240555972254
synth_lf_0237,7,0.49501122829192284,60.492323738290324,-131.1194867469891,0.0032500000000000003,0.049297824828372735,195.17764045862327
synth_lf_0238,0,0.33577788095247546,37.068952501769076,-189.95966962057423,0.10344235027484086,0.011151769622925783,60.391166933081834
synth_lf_0238,1,0.3236119819053351,55.654573671065506,-5.448437602537808,0.030904832826095397,0.011151769622925783,211.08627396523173
synth_lf_0238,2,0.28573075726734115,52.10257941266625,-148.40776307751912,0.020199293750862574,0.011151769622925783,319.1436518685639
synth_lf_0238,3,0.2515567851089342,58.9221380025295,-46.39906852743524,0.06704657425492203,0.011151769622925783,223.4944205642554
synth_lf_0238,4,0.43637320059747076,74.50771758212082,-36.168441813023165,0.042823583938605886,0.011151769622925783,1.8786525129218035
synth_lf_0238,5,0.3567026911122021,71.02248247891114,-80.71943182984258,0.02783271952547708,0.011151769622925783,217.0756617276386
synth_lf_0238,6,0.4014240288865475,37.83910507464792,-56.25104783250678,0.031312246086519384,0.011151769622925783,347.3782113388156
synth_lf_0238,7,0.5710398071662057,67.99754085825893,-102.30106154335724,0.05570436214843744,0.011151769622925783,188.07036338477315
synth_lf_0239,0,0.2929633975224394,67.76269968214423,-44.12390938180369,0.01745450378233275,0.05342167899116951,50.44019419198892
synth_lf_0239,1,0.2670582252022276,88.0,-36.468342047157634,0.0463173455740431,0.05342167899116951,205.92696888894085
synth_lf_0239,2,0.29661421956871137,69.61577299016409,41.06591034083174,0.023529350374360422,0.05342167899116951,7.484075906681824
synth_lf_0239,3,0.26352237469368744,88.0,-50.84180839593834,0.05644970995173195,0.05342167899116951,150.2836041724662
synth_lf_0239,4,0.4785021260220432,88.0,15.723293846061432,0.09015717120628705,0.05342167899116951,8.160089890145855
synth_lf_0239,5,0.4195350162001651,83.51678684715313,-97.97195570257037,0.024405014719908812,0.05342167899116951,226.96697625796503
synth_lf_0239,6,0.20591137224035455,78.62155378881245,30.163837717171912,0.052047019967531916,0.05342167899116951,327.2869818259178
synth_lf_0240,0,0.40094313373087254,39.94756015872653,-97.25998008686116,0.06776859771374215,0.0312188302929515,331.4827460572453
synth_lf_0240,1,0.21450798805893,56.41869686726062,-166.42967332646046,0.009207148415859932,0.0312188302929515,159.1891082463806
synth_lf_0240,2,0.14538624928110844,52.10575708370757,-107.26137124643991,0.018335905692247533,0.0312188302929515,6.268764351890127
synth_lf_0240,3,0.4028510736960175,69.89740626848881,-191.1318933928944,0.04927392118502539,0.0312188302929515,133.60145527320452
synth_lf_0240,4,0.39047982470454806,53.455595049437854,-117.44744554063261,0.024830588359207723,0.0312188302929515,25.284065402963734
synth_lf_0240,5,0.2911364657902111,62.41348593428045,15.941103464558921,0.01699557235374008,0.0312188302929515,146.7116086414411
synth_lf_0240,6,0.5055950544208685,71.78680517866202,-113.55625841789214,0.05208356064932418,0.0312188302929515,356.9818302222186
synth_lf_0241,0,0.05,52.72683541990041,31.818242130827855,0.052628964854405394,0.020751905100696768,358.86701717504025
synth_lf_0241,1,0.2617459862200693,53.100097462248485,-76.183885096597,0.04918967003573569,0.020751905100696768,210.64247897879554
synth_lf_0241,2,0.14458668196007124,83.15230385762337,45.37473955649139,0.037282412146744964,0.020751905100696768,348.0534377837639
synth_lf_0241,3,0.05,82.45987800996153,-84.01505165309771,0.0032500000000000003,0.020751905100696768,184.42248549873705
synth_lf_0241,4,0.3614936957671047,71.70009712531495,26.684875426091153,0.02259401732647388,0.020751905100696768,355.4375234469919
synth_lf_0242,0,0.22127056375536586,47.718946303809176,-67.06250295854515,0.04532305551023924,0.05969330267987143,22.179274324504547
synth_lf_0242,1,0.23607556097419324,68.07960525723392,-39.00650174171879,0.005,0.05969330267987143,178.00732527978184
synth_lf_0242,2,0.22865496800514173,70.02233681432818,15.001761893287405,0.03779628301256086,0.05969330267987143,41.16722245885842
synth_lf_0242,3,0.323625943501294,52.74171357893389,-26.001672746543626,0.01738573449625776,0.05969330267987143,179.60584196245418
synth_lf_0242,4,0.28708952025996304,74.39798615858014,-62.95475021737899,0.04010338744189523,0.05969330267987143,247.50346156355602
synth_lf_0242,5,0.34979626417474685,55.943411225131214,119.5578750145197,0.0032500000000000003,0.05969330267987143,184.3596021367499
synth_lf_0243,0,0.21082611485741226,56.86497700503373,-93.81864241146528,0.005235308657743819,0.02906649122515991,305.5969888864171
synth_lf_0243,1,0.21437756548749606,77.6615139593467,35.31323359513735,0.05185880755835903,0.02906649122515991,195.7415100669972
synth_lf_0243,2,0.18805348612357856,74.7338490935767,-17.216653828292063,0.04112810808546778,0.02906649122515991,50.86280820997666
synth_lf_0243,3,0.3195099772450346,62.20764087593843,-44.87363030250784,0.005,0.02906649122515991,259.61440196989474
synth_lf_0243,4,0.3492517357426889,59.37481405898721,-49.77928064734866,0.04316311862151071,0.02906649122515991,0.04960957133903321
synth_lf_0243,5,0.4311889685339978,26.87900563715997,81.4024417640953,0.005656979602309153,0.02906649122515991,193.80955848514247
synth_lf_0244,0,0.2720593754757821,44.710493338468346,-50.41715213087566,0.0851842448251987,0.047691554536367975,0.04153232778841022
synth_lf_0244,1,0.15359162297890028,68.90949493729767,-52.973930655893625,0.009461628956870693,0.047691554536367975,175.1768312982564
synth_lf_0244,2,0.3228060696426768,47.73233418170602,-76.23156452066434,0.005,0.047691554536367975,54.45155914748972
synth_lf_0244,3,0.39364966789446576,60.58122149918711,-26.73668061848514,0.11332881464590423,0.047691554536367975,174.97993622928095
synth_lf_0244,4,0.26218763352347935,59.12395427452582,-69.07741037663195,0.04428766823643316,0.047691554536367975,348.42454397409733
synth_lf_0244,5,0.37812111468648707,66.53928836790786,-18.86463955787206,0.05898634355352178,0.047691554536367975,163.49451541425776
synth_lf_0244,6,0.3382409712573399,79.1886003127814,-142.443818083135,0.006199260284315832,0.047691554536367975,19.385310516918707
synth_lf_0245,0,0.565774064234822,65.77828624747261,-131.7776513900953,0.046484037354216676,0.05738139829626097,40.136054740123036
synth_lf_0245,1,0.5198257968514592,78.09075439091761,-213.31024006612066,0.02113977654352747,0.05738139829626097,222.48631270195582
synth_lf_0245,2,0.4516683947179611,55.78949859857769,-190.62743119936104,0.05948630626979669,0.05738139829626097,12.917030725621487
synth_lf_0245,3,0.45966678160167124,74.98781610197838,-77.45726129295822,0.042862026207372866,0.05738139829626097,153.8567176116063
synth_lf_0245,4,0.3638210902653959,77.9730860072438,-179.46317790332986,0.005,0.05738139829626097,320.6744419370365
synth_lf_0245,5,0.4559065536283918,62.84355857701938,13.145676585102706,0.03301215843450433,0.05738139829626097,183.32265338776335
synth_lf_0245,6,0.31736690996918115,67.31137592300469,-0.10416734273066197,0.05829914637446541,0.05738139829626097,32.199900963345044
synth_lf_0245,7,0.29913492116683527,88.0,-70.81505443238734,0.05895377232284233,0.05738139829626097,120.93850579996024
synth_lf_0246,0,0.17443959780037033,74.14247080892945,-87.24768179445094,0.07093264654316507,0.02809051027345089,37.00938171380757
synth_lf_0246,1,0.43298503152700735,56.18394233794907,-153.1876663943736,0.07172680655260798,0.02809051027345089,195.28207274178342
synth_lf_0246,2,0.23409423350428848,48.47417944555366,-220.66560403191045,0.07197312780846361,0.02809051027345089,24.07023963099556
synth_lf_0246,3,0.4073930821749897,62.65678867789935,-91.81340067660905,0.005,0.02809051027345089,141.0194002336329
synth_lf_0246,4,0.3855157479302934,67.6741980217963,-105.05677858623058,0.019144952523382875,0.02809051027345089,20.225616404414268
synth_lf_0246,5,0.4709032105347694,79.61727342893359,-133.43288428248286,0.017775225802860655,0.02809051027345089,223.84778910282057
synth_lf_0246,6,0.24503531911979828,58.35659939468343,-40.45627057599882,0.028802654939959135,0.02809051027345089,83.03994859266527
synth_lf_0246,7,0.45430355082658075,67.94910880930335,-167.26338198828688,0.03697529604100638,0.02809051027345089,167.16734967491766
synth_lf_0247,0,0.10919552887813315,53.63800589055942,-202.57502438018554,0.04559137748930002,0.04380172233923418,340.6341079562775
synth_lf_0247,1,0.20011613123362865,59.53449740700771,-154.80580520167345,0.006698124395042738,0.04380172233923418,154.2362890230351
synth_lf_0247,2,0.24491331828863086,37.6767251365418,-122.60664031673382,0.005,0.04380172233923418,0.976181397605842
synth_lf_0247,3,0.15064369578457398,57.9804992825575,-39.75694463412174,0.02934655349417475,0.04380172233923418,153.32877372812663
synth_lf_0247,4,0.2988999527418055,44.09158490702956,-23.713921587437277,0.004503071291496324,0.04380172233923418,24.83058356113429
synth_lf_0247,5,0.4166111632258969,46.27133384130506,-42.876177633650215,0.03347809695306147,0.04380172233923418,168.86896297407043
synth_lf_0248,0,0.1532637880397215,44.794725553789526,-136.85906096140164,0.03868256222534239,0.05477331820561652,46.28715008933403
synth_lf_0248,1,0.2296750677504661,62.79620406926482,-189.3366994876271,0.10070987701898856,0.05477331820561652,240.1901021303915
synth_lf_0248,2,0.2322313929413668,81.27479252357921,-120.24678439197763,0.04159663045366985,0.05477331820561652,305.2440923881333
synth_lf_0248,3,0.48618806670215686,37.92113038695456,-197.78889103723,0.07519431929347371,0.05477331820561652,224.58026294373667
synth_lf_0248,4,0.24416198608355583,69.51746611660504,-62.99997106269114,0.07055486471091323,0.05477331820561652,341.9783163694259
synth_lf_0248,5,0.2680438685534622,64.60874527291917,-90.53076294092818,0.01668090251599573,0.05477331820561652,169.83391169863876
synth_lf_0248,6,0.3766799820533316,61.85998650710638,-148.14193286094525,0.014293559029109153,0.05477331820561652,288.21725451540465
synth_lf_0248,7,0.2440495056591757,83.60981247851034,-66.66441020332161,0.04697111997757099,0.05477331820561652,193.5559291369591
synth_lf_0249,0,0.1453797768367187,62.663119325143995,-204.62868702414482,0.11372893378180285,0.026819288969013658,347.7432803201314
synth_lf_0249,1,0.20186116263817244,62.89344499366457,-100.92154442794222,0.04075602282974481,0.026819288969013658,156.53454809627056
synth_lf_0249,2,0.26247725179037495,54.023817871354325,-141.1879578126833,0.08550385625028024,0.026819288969013658,355.08466365468496
synth_lf_0249,3,0.36313275926201205,83.18957274775285,-82.2486569422967,0.04065448488003064,0.026819288969013658,210.9418857778444
synth_lf_0249,4,0.2570962280711907,37.13339100306237,-12.6295383066197,0.05260871549526916,0.026819288969013658,320.926250223157
synth_lf_0250,0,0.4442260503170845,69.17438730702695,-105.69704400218166,0.0375687096906788,0.039756599334545825,290.3949124636965
synth_lf_0250,1,0.42044537357968753,51.81608385513238,-90.77543427912323,0.08170182956776999,0.039756599334545825,108.62487601372138
synth_lf_0250,2,0.34296794299118094,49.8737706435371,-151.63888794783244,0.0430713917624249,0.039756599334545825,44.5503419366604
synth_lf_0250,3,0.3692539484188415,47.27290971580194,-66.85662543248411,0.05001011237755448,0.039756599334545825,191.7630190870259
synth_lf_0250,4,0.3621529128215014,58.26707232808792,1.0293954986262008,0.023366091156871854,0.039756599334545825,359.79948455032365
synth_lf_0250,5,0.6544671654312674,73.80849728919524,-87.20303652123515,0.033973456543421376,0.039756599334545825,192.88831998214675
synth_lf_0250,6,0.29593506205219966,46.23267604174488,-62.437012943024186,0.021820103732391818,0.039756599334545825,12.947421473428676
synth_lf_0250,7,0.3474551942137625,72.23400059581961,7.925506429682713,0.021861444532503792,0.039756599334545825,186.55626758944845
synth_lf_0251,0,0.39819957818992563,56.5394063700526,-157.2389017482096,0.07065221838381068,0.05607723408945794,37.968634994360684
synth_lf_0251,1,0.3953854278136343,53.18558903906928,-152.09515916510878,0.035381012714959456,0.05607723408945794,175.71152260755053
synth_lf_0251,2,0.525210714090808,84.12004051640784,-133.53187925768302,0.0523136837698896,0.05607723408945794,6.346459960055768
synth_lf_0251,3,0.5193044001025465,83.45019481575693,-179.49291438157746,0.0523397634211758,0.05607723408945794,199.15381502416278
synth_lf_0251,4,0.5821472060447742,88.0,-85.43898368437652,0.049174564919756775,0.05607723408945794,32.62169420164423
synth_lf_0251,5,0.54872174799406,59.31656163513155,-106.86503350350388,0.08542671868247456,0.05607723408945794,197.70944605349848
synth_lf_0251,6,0.4162167760744917,78.19403833064146,-87.49670420278088,0.06671105216570695,0.05607723408945794,350.63807055121947
synth_lf_0251,7,0.6844937251718521,88.0,-166.46836679929737,0.054103574651936444,0.05607723408945794,147.17519076956864
synth_lf_0251,8,0.34832183575100994,73.85673977423994,-91.71911383318485,0.037480429007681705,0.05607723408945794,47.22793905750473
synth_lf_0252,0,0.3234357354898045,33.101561235302064,-91.35250331941413,0.10146409934698648,0.051848228708958194,353.7361204749379
synth_lf_0252,1,0.22179650430426837,57.66234537178612,-153.63261634757666,0.0954822011051431,0.051848228708958194,137.7764039488065
synth_lf_0252,2,0.2634866589991578,46.28337348715735,-166.767186783321,0.032730072119932015,0.051848228708958194,17.900524642699224
synth_lf_0252,3,0.4467824920377777,79.82953342827987,-142.25904679850373,0.007991042963067987,0.051848228708958194,107.10729658686432
synth_lf_0252,4,0.3132095503324348,45.50538729801953,-128.96490318129332,0.018344842538069867,0.051848228708958194,63.75101086872564
synth_lf_0252,5,0.5904436641160886,58.56538919044157,-28.132274733480216,0.0032500000000000003,0.051848228708958194,173.9408185615979
synth_lf_0252,6,0.2714809346814825,57.51127760139906,-90.82956084560766,0.009250559823769624,0.051848228708958194,10.481767449542076
synth_lf_0252,7,0.4269542890213267,57.0673716452844,-82.91282895772083,0.034890787482835264,0.051848228708958194,162.93238336634772
synth_lf_0253,0,0.40665571487602914,74.26194874181662,-153.42882934111313,0.05074478854056105,0.05259571699948247,350.0989317365149
synth_lf_0253,1,0.4050453854494767,58.97202685230297,-150.05248969506948,0.04745077250557177,0.05259571699948247,148.95703133945193
synth_lf_0253,2,0.36162045189154873,65.69955132006599,-48.870259199514024,0.04401880577093054,0.05259571699948247,352.42510042146347
synth_lf_0253,3,0.3187916933386625,51.16243036298768,-90.68090965346754,0.06591587295214962,0.05259571699948247,194.84847136504504
synth_lf_0253,4,0.35053914248629225,56.84532702993785,-39.04526467208853,0.08155281493706748,0.05259571699948247,297.1028317703124
synth_lf_0253,5,0.44005453338654993,60.81535930015015,-101.86438206800884,0.07602423191726292,0.05259571699948247,161.27604923777346
synth_lf_0253,6,0.39660449092436656,50.496096006178725,-96.03537852571559,0.0588025508809831,0.05259571699948247,22.261459778320614
synth_lf_0253,7,0.3214551932168711,74.12797085268805,-103.53108009975982,0.04162733980541233,0.05259571699948247,185.62624035164868
synth_lf_0253,8,0.13363096707088473,72.48162909585665,-44.38281565993884,0.015375198787547296,0.05259571699948247,355.0509600877549
synth_lf_0253,9,0.45248254740935534,75.4007378426271,-79.36648999803259,0.0032500000000000003,0.05259571699948247,247.8713909250348
synth_lf_0254,0,0.36212540736361276,88.0,-203.0460440040019,0.038091352864058375,0.0587632790191125,329.0451778495987
synth_lf_0254,1,0.205340176339875,66.21596132308221,-104.89329419865567,0.032815461674767954,0.0587632790191125,218.55962094746656
synth_lf_0254,2,0.2389082898204673,47.20050152822126,-114.13665110464697,0.04413866850859419,0.0587632790191125,359.59378692268984
synth_lf_0254,3,0.38952234498454064,70.01116150125921,-51.67766263795996,0.005840081344205107,0.0587632790191125,187.43689844029427
synth_lf_0254,4,0.4085255634456157,77.89264180635863,-2.076410577882374,0.0032500000000000003,0.0587632790191125,350.9555778059805
synth_lf_0254,5,0.3299668507139557,84.4063552273982,8.534146631244322,0.03302567797214577,0.0587632790191125,150.6041580684324
synth_lf_0254,6,0.31252006600719234,71.14843736263427,-67.10255517782174,0.017963506942660055,0.0587632790191125,343.26068489914815
synth_lf_0255,0,0.2183077731869666,62.788201583265874,-85.88463965166055,0.07034904278492947,0.0370456588070636,344.4407740471525
synth_lf_0255,1,0.18969106730046037,69.01329843238143,-155.9868728956244,0.005,0.0370456588070636,198.6538290888476
synth_lf_0255,2,0.2236913462282864,39.40363700906071,-30.41682083545175,0.02123347811734592,0.0370456588070636,315.57966567572146
synth_lf_0255,3,0.14877027910333038,47.932067625035586,-78.1165946739001,0.014425703977940508,0.0370456588070636,189.12791243240144
synth_lf_0255,4,0.18808104771337403,42.45601418203498,-30.496831863145484,0.007653965139859017,0.0370456588070636,343.8230735480438
synth_lf_0255,5,0.390240033869472,58.04147414227137,-30.960179282123075,0.039286893641531456,0.0370456588070636,193.63291045015217
synth_lf_0256,0,0.1914689773191421,51.53825742021877,-59.864754576215745,0.053341798367915944,0.05123192746611764,353.84998842729533
synth_lf_0256,1,0.3601258304097661,67.30785662203542,-130.6640453908738,0.022844179332144773,0.05123192746611764,181.6678231170438
synth_lf_0256,2,0.31037731289792375,61.33722551694025,-9.35891542082701,0.03516384615590656,0.05123192746611764,16.702821555370406
synth_lf_0256,3,0.40845294724402303,71.4088342947765,-68.11039697026757,0.058773084052761444,0.05123192746611764,185.33142095695837
synth_lf_0256,4,0.3742180040388961,72.81344609066399,58.32969003566188,0.0032500000000000003,0.05123192746611764,359.43423517850545
synth_lf_0256,5,0.3449186942734699,88.0,-54.87829019689609,0.03327303259452383,0.05123192746611764,232.9947790843804
synth_lf_0257,0,0.05,56.48653535718519,-35.88979935955327,0.05728669217052132,0.005,49.47049276633005
synth_lf_0257,1,0.12359485883817117,53.975655035856725,-120.92539255543389,0.005416315868376279,0.005,280.34949120045667
synth_lf_0257,2,0.1576821421420943,45.04874189251895,29.543901621917158,0.01959384891880104,0.005,16.847384810379594
synth_lf_0257,3,0.13707782591111456,46.269413361984526,42.39528043512723,0.004545021479015228,0.005,160.9974919390047
synth_lf_0258,0,0.3267696475735659,50.068022299644305,-203.54542974712658,0.07756267433444987,0.04526090879222775,24.71802209371153
synth_lf_0258,1,0.3537750906259185,33.61965515823972,-208.1655485637737,0.09030882950168609,0.04526090879222775,206.35126582487482
synth_lf_0258,2,0.5557008083285233,54.940025624959944,-49.96021458449688,0.08156238552425003,0.04526090879222775,345.6391778726985
synth_lf_0258,3,0.11903395077850792,66.61568285769157,-203.41463329476673,0.004121463958975819,0.04526090879222775,169.4919268907414
synth_lf_0258,4,0.4270751648413748,54.24969758911972,-32.89950655108923,0.010496165990874778,0.04526090879222775,23.029273132639332
synth_lf_0258,5,0.2915371462024883,82.29199767380028,-94.78163807446359,0.07092498126444155,0.04526090879222775,152.85905353344037
synth_lf_0258,6,0.5146603002100759,82.61309248999572,-167.3657338091162,0.026299636142033664,0.04526090879222775,332.03729345332954
synth_lf_0258,7,0.5177888712373472,71.21157651136085,-107.84242760950417,0.0032500000000000003,0.04526090879222775,175.02062594057543
synth_lf_0259,0,0.22947301854710833,46.35947458432504,-191.7552874014662,0.06350956406685986,0.03853457169664185,53.29717400452664
synth_lf_0259,1,0.5634511418547862,59.53862526457554,-185.05705165163113,0.07435023903023397,0.03853457169664185,144.30106322585704
synth_lf_0259,2,0.3467417823596596,16.056194293235365,-146.41310579889452,0.07381711782319278,0.03853457169664185,359.32041965111176
synth_lf_0259,3,0.6222202934387464,69.79861229141476,-34.804861073337136,0.03438904293533448,0.03853457169664185,125.45527742077121
synth_lf_0259,4,0.3712369625797828,36.683354923115786,-133.6615819186204,0.030384968200508126,0.03853457169664185,351.4899855328698
synth_lf_0259,5,0.41365004136163525,72.06410151936677,-57.31453467136804,0.031416208094046896,0.03853457169664185,189.97411509341748
synth_lf_0259,6,0.3200018966116044,82.15137604259519,-28.400119723650533,0.04534485072870989,0.03853457169664185,32.77032750881858
synth_lf_0260,0,0.33591915870018313,51.68338632072143,-126.39319440206788,0.09549703942849772,0.021230282068294342,19.388326902656775
synth_lf_0260,1,0.21188254116744532,81.24055653057509,-151.26675691652306,0.04068139698419443,0.021230282068294342,175.47314060084472
synth_lf_0260,2,0.23178055236520612,77.63311336917039,-196.2643046874032,0.017613297853742244,0.021230282068294342,42.59122079369257
synth_lf_0260,3,0.39477113028558564,78.5340259597051,-76.82154696067337,0.021261733895759437,0.021230282068294342,132.49429783567916
synth_lf_0260,4,0.4859904474585764,88.0,-16.7431339860503,0.03772249961842977,0.021230282068294342,39.86448281660637
synth_lf_0260,5,0.5561823679377961,80.63770492958635,-51.833431662355885,0.018683530711783008,0.021230282068294342,120.38385916855725
synth_lf_0260,6,0.36718708879405487,87.96873883455078,-92.62435975342518,0.03377980207089624,0.021230282068294342,303.8552666464918
synth_lf_0261,0,0.38598210290229273,60.20077589622775,-67.95229766903019,0.11232747268863848,0.025641034471511934,300.7828767578013
synth_lf_0261,1,0.4304009201828587,65.06170592392135,-62.70894479691491,0.07100312039651575,0.025641034471511934,131.71226544451343
synth_lf_0261,2,0.31362424791076593,59.85529132543935,-98.47963271760715,0.048822721121058024,0.025641034471511934,29.405742087212843
synth_lf_0261,3,0.2955149002921814,51.37172337380163,-34.9157408196444,0.11442496640402172,0.025641034471511934,209.66375207507997
synth_lf_0261,4,0.24765378485037245,55.27356425707751,-56.616250210027495,0.05914641009988802,0.025641034471511934,1.296114556517864
synth_lf_0261,5,0.42736990993658946,88.0,-158.37322148803338,0.03593475404637323,0.025641034471511934,195.31809691100887
synth_lf_0261,6,0.4799484177148958,78.53464494821505,-120.99795051617821,0.06618425853150235,0.025641034471511934,359.14687989519643
synth_lf_0261,7,0.34891288474351967,76.96740117390027,-57.30042138293824,0.03048140469474078,0.025641034471511934,214.9004050501676
synth_lf_0262,0,0.18798171979547598,65.46367625211488,-86.83097831523915,0.056216760518096806,0.0576702251544782,5.3921630944677545
synth_lf_0262,1,0.2014994509709895,44.81955977964241,-112.58853261673293,0.005,0.0576702251544782,209.3898347856846
synth_lf_0262,2,0.2295602101937521,45.415677105021125,-99.85712500959592,0.05699616314061459,0.0576702251544782,26.001699934809494
synth_lf_0262,3,0.44910828828182303,54.42705625540011,-108.69316461074442,0.03236907061465919,0.0576702251544782,176.8069302359885
synth_lf_0262,4,0.31900941617610623,60.56630415005141,-33.74853607841221,0.01372914797293664,0.0576702251544782,338.098755310682
synth_lf_0262,5,0.4108058893381486,61.70472147326859,-51.5684593635358,0.02861089704296378,0.0576702251544782,208.05399775811316
synth_lf_0263,0,0.0652991563191199,40.55677958868331,15.33372102011748,0.03939805087908257,0.03212082717391186,349.77841686738674
synth_lf_0263,1,0.16671076619760183,75.70196598393599,-185.8479685213834,0.01205594361858159,0.03212082717391186,137.9024611533706
synth_lf_0263,2,0.16436346788226727,58.658858079093285,-139.11238579289724,0.005,0.03212082717391186,321.58986461876526
synth_lf_0263,3,0.4703973019718133,57.07605022452847,-25.896816464052677,0.0032500000000000003,0.03212082717391186,191.1038692701319
synth_lf_0263,4,0.3684021353626763,68.90051456791898,10.421782064543766,0.0032500000000000003,0.03212082717391186,31.776589195768565
synth_lf_0263,5,0.4101671081783706,76.82034237141278,60.37869874519135,0.023185479315268227,0.03212082717391186,177.071844929986
synth_lf_0264,0,0.13892180199432913,56.47867597807484,-100.34391591341272,0.07554054336629196,0.04173843465587661,40.38987887822338
synth_lf_0264,1,0.28371987143271604,73.31405389875577,-45.701628617940315,0.061116761554342175,0.04173843465587661,196.42247287806606
synth_lf_0264,2,0.387936793007352,63.26507883952685,-47.548608554048144,0.03518451040276343,0.04173843465587661,331.11464231498746
synth_lf_0264,3,0.4169177965337383,75.07347904946919,-23.775014080003192,0.035518470830922876,0.04173843465587661,225.6901627540874
synth_lf_0264,4,0.26375861196635614,72.62117977596117,57.03890547516919,0.058681090203562,0.04173843465587661,357.163909700051
synth_lf_0265,0,0.32149567643687516,68.45160027328686,-165.67349491544164,0.0864733288091625,0.0318103426631286,15.974418580931015
synth_lf_0265,1,0.24300544856960257,56.53175627985439,-180.74536188922355,0.058587224852731476,0.0318103426631286,159.82866638090348
synth_lf_0265,2,0.40094157375465056,52.49765864000156,-183.87621229513672,0.0317717576836604,0.0318103426631286,309.78134810904305
synth_lf_0265,3,0.30740181019333984,55.77697575636417,-10.051952456274861,0.03982473452355631,0.0318103426631286,196.55275590439078
synth_lf_0265,4,0.38565159664672655,83.18724106464238,-130.59572542901358,0.059030098289007835,0.0318103426631286,359.53499132725415
synth_lf_0265,5,0.2584561065323546,66.11323950289875,53.42264485711189,0.07695045369232217,0.0318103426631286,202.0474686419891
synth_lf_0265,6,0.48048291971422297,31.405497185621364,-98.99392476353779,0.04608656075690755,0.0318103426631286,293.6554334726105
synth_lf_0266,0,0.26127708264235344,54.587422228696056,-121.74483828224513,0.04926040636362784,0.013164078433063924,53.927791760452315
synth_lf_0266,1,0.11644725351371138,49.496204783038266,-157.88740374218025,0.01750179039622507,0.013164078433063924,227.57098553279405
synth_lf_0266,2,0.1451392650078729,50.924121381196684,-37.52504064746353,0.02211122711785439,0.013164078433063924,12.604530175187563
synth_lf_0266,3,0.29142435367623515,60.380552011525324,-119.39171484078172,0.005,0.013164078433063924,169.63978825263575
synth_lf_0266,4,0.29436557246331874,71.84135775095626,-63.25299148892235,0.09868571818693814,0.013164078433063924,19.833508302110886
synth_lf_0266,5,0.18599363391856166,50.696088961713,-32.9132015663663,0.08546920591463655,0.013164078433063924,200.75671795443657
synth_lf_0266,6,0.43233420695446645,65.26123685284011,-16.484882942131094,0.037544983110596765,0.013164078433063924,7.441445775013108
synth_lf_0267,0,0.24426631381522776,64.54638997474811,-166.10134427078265,0.05970546359529121,0.05584613333256795,8.712025545657887
synth_lf_0267,1,0.29551726617512275,82.66656391702902,-64.9689846568092,0.005,0.05584613333256795,210.19715581648248
synth_lf_0267,2,0.26467290165557855,80.66180157130076,-11.294792073444437,0.005,0.05584613333256795,339.04826248884046
synth_lf_0267,3,0.3826643597764939,58.364403090816964,-85.15330671604414,0.034191317953780415,0.05584613333256795,150.8471666547169
synth_lf_0267,4,0.41423830302642484,49.52679845271338,-45.230705245428595,0.0032500000000000003,0.05584613333256795,20.10024057249518
synth_lf_0267,5,0.3651280007996246,79.15614310423064,41.395109996765456,0.01650709275078068,0.05584613333256795,173.43201018023694
synth_lf_0268,0,0.2997862705029875,56.19607774873654,-155.80742654772712,0.06223327668396492,0.04506203898154478,85.82020164007405
synth_lf_0268,1,0.37732608386429806,58.9212564169609,-196.35507503721334,0.03639801314144822,0.04506203898154478,149.77230682230635
synth_lf_0268,2,0.12802303245960273,24.889204790996367,-102.46724779052118,0.01689372616293109,0.04506203898154478,356.9829544353227
synth_lf_0268,3,0.37364371102532534,72.65895781475005,-82.33860800661594,0.043919735860661724,0.04506203898154478,138.54018952192325
synth_lf_0268,4,0.26203127844265744,62.65539710143517,-89.06191363961689,0.05696888966371167,0.04506203898154478,4.385631882866846
synth_lf_0268,5,0.4479032149001119,84.0925223272339,-120.60965828374925,0.04917706204119628,0.04506203898154478,247.68864996719753
synth_lf_0268,6,0.428400517372005,32.26344891976635,-57.88348113112205,0.0046672285965546545,0.04506203898154478,334.0535147824123
synth_lf_0269,0,0.23394275159424627,63.74991595427376,-124.72846813205673,0.039198152385829466,0.06163861507387251,326.56851534001595
synth_lf_0269,1,0.2236374734792715,61.67731107875635,-137.38340688508782,0.005,0.06163861507387251,161.3323109721754
synth_lf_0269,2,0.34333847266711276,59.41525137038092,-114.8479641711646,0.005,0.06163861507387251,16.680048289483977
synth_lf_0269,3,0.2187670559853525,76.05446451265593,-89.00704943181759,0.06099708437527031,0.06163861507387251,195.97751608869123
synth_lf_0269,4,0.47457481760879816,67.0299773366781,13.579123323899537,0.029797965314972842,0.06163861507387251,16.944479465684026
synth_lf_0269,5,0.49480600913447864,82.03932109498638,-68.49313253338748,0.0032500000000000003,0.06163861507387251,221.41285227895173
synth_lf_0270,0,0.09466201194278698,51.57343094291022,-219.0533876303006,0.11230404812131341,0.030487333749176095,334.3431909417252
synth_lf_0270,1,0.38331850290076963,52.17433266819897,-142.33481619262358,0.08399226766380266,0.030487333749176095,144.9965236303307
synth_lf_0270,2,0.2397378529193746,53.97025314209741,-140.39841765983488,0.034694579158291494,0.030487333749176095,359.18501828941913
synth_lf_0270,3,0.43930857818742647,76.30832571329023,-158.22864523880511,0.03773406354498303,0.030487333749176095,169.57131480729743
synth_lf_0270,4,0.40367698908169464,68.00761456822708,-115.69412950632594,0.017527630112144317,0.030487333749176095,10.310481709003284
synth_lf_0270,5,0.23065435099844628,29.71421751989746,-73.67707182489124,0.006062987463154308,0.030487333749176095,161.02078510459762
synth_lf_0270,6,0.19936497485647464,61.596866641383315,-151.84449429115753,0.026620689236414204,0.030487333749176095,12.978366279391594
synth_lf_0270,7,0.26946547683856714,88.0,-139.3041811224426,0.06219574396748914,0.030487333749176095,192.52400898530095
synth_lf_0271,0,0.05,81.40856971716578,-15.58662198515529,0.05658963287470474,0.07154472142211941,11.253013607941467
synth_lf_0271,1,0.33341767850266085,71.10423773583501,-4.3304934316068895,0.07441688553587648,0.07154472142211941,179.6125447478588
synth_lf_0271,2,0.26910796833140066,88.0,-39.094599649784115,0.013179654023274832,0.07154472142211941,23.278732154632337
synth_lf_0271,3,0.23262249849690841,88.0,-56.78663323432038,0.005,0.07154472142211941,236.39375676100553
synth_lf_0271,4,0.14487504693949216,86.65104211451208,-34.08831554073224,0.019064345084356588,0.07154472142211941,341.35817269810775
synth_lf_0271,5,0.25385722430186486,80.51566377666816,-61.793975967086936,0.01688760176264037,0.07154472142211941,188.40644169268455
synth_lf_0271,6,0.20424447727063427,62.399214082864844,-15.007548342180632,0.029827352991775014,0.07154472142211941,15.664216848813567
synth_lf_0272,0,0.1412234923727392,70.56971056350788,-209.45977496129308,0.09254054919978097,0.039019058427407494,316.6206819717469
synth_lf_0272,1,0.2145205424759826,55.91675649225968,-97.21645494639466,0.017512144901069997,0.039019058427407494,168.85834691315023
synth_lf_0272,2,0.3465863022020741,49.13993745973403,-48.934166441220526,0.013908667032857347,0.039019058427407494,342.7878998432131
synth_lf_0272,3,0.27219887690644,71.34431643545388,132.7833590216636,0.005,0.039019058427407494,201.97187497913228
synth_lf_0272,4,0.30228888407636734,50.889339921007156,-90.75617494389954,0.061430130473055504,0.039019058427407494,33.04649667955289
synth_lf_0272,5,0.27749871655477215,45.49217072458876,-39.532631400121964,0.00688323572237581,0.039019058427407494,137.60197403554275
synth_lf_0273,0,0.2844087321863845,54.62467202939614,-128.67607276266114,0.08171029575201688,0.03409507812554955,30.697364999116797
synth_lf_0273,1,0.2722540089308505,46.61527626500989,-68.81677922661973,0.05179773039872683,0.03409507812554955,157.74675643549892
synth_lf_0273,2,0.25550654152183194,53.89340945634742,-118.35651759177038,0.005,0.03409507812554955,354.22622460277927
synth_lf_0273,3,0.4253563180047793,54.55425677081172,-48.27752696655019,0.04482885898991686,0.03409507812554955,192.80560918861102
synth_lf_0273,4,0.3001213295216676,88.0,-86.81242780273612,0.025739984844948608,0.03409507812554955,341.63259525463275
synth_lf_0273,5,0.3060238576301841,75.97398902848374,-54.15239860690793,0.051179797860603025,0.03409507812554955,181.79463772754514
synth_lf_0273,6,0.32177828147673077,63.358331881156325,-105.0378917001245,0.029111464263001596,0.03409507812554955,317.41917177670166
synth_lf_0274,0,0.285882726783556,63.23440689958598,-209.03755026150964,0.057533796832053924,0.02252579621407873,346.9330232352305
synth_lf_0274,1,0.33591791473391425,68.15878743354638,4.8573813323788215,0.05836895944195297,0.02252579621407873,175.48693526537727
synth_lf_0274,2,0.377420232061353,63.60217025400099,-127.5035789399975,0.06909167146147327,0.02252579621407873,352.2555357220905
synth_lf_0274,3,0.358027593112471,75.19232910305857,-101.89308578019993,0.07307125375382877,0.02252579621407873,154.37215817146603
synth_lf_0274,4,0.39153642880386325,87.77071394462163,-25.240067413998997,0.005,0.02252579621407873,78.56048877379556
synth_lf_0274,5,0.4370516420908571,72.4227557200173,-56.02663361709792,0.0717549350671798,0.02252579621407873,191.5346881056654
synth_lf_0274,6,0.5576882177842952,52.61632752507195,-53.183888349341586,0.024413714922695246,0.02252579621407873,19.914557502441994
synth_lf_0274,7,0.29256968564041524,72.94715309454972,-59.05619536048903,0.036188104574208936,0.02252579621407873,212.79196304632114
synth_lf_0275,0,0.360519800724493,69.72870888346658,-66.92245379661613,0.08734972503389524,0.03987887883476637,356.4037575149414
synth_lf_0275,1,0.4351312830642283,66.76971178917437,-100.16271349179428,0.03962157167161764,0.03987887883476637,193.14037284488901
synth_lf_0275,2,0.3944141644963702,82.36835112766676,-69.29152775917382,0.027126175342459386,0.03987887883476637,355.72072798783347
synth_lf_0275,3,0.24982666492516042,65.0525836566975,-91.53059293654317,0.04351168999847753,0.03987887883476637,185.59622043574325
synth_lf_0275,4,0.4758026817041179,83.98748417597987,14.712989097603796,0.07496869789089032,0.03987887883476637,7.896956558212651
synth_lf_0275,5,0.3219276804856747,59.11301800635604,-20.944800836671583,0.036218275186229165,0.03987887883476637,158.23563255423267
synth_lf_0275,6,0.37557952351442514,77.74229391569645,-5.8573474716897,0.03173682490985244,0.03987887883476637,358.3699265623891
synth_lf_0275,7,0.38522897387779304,62.182125047837616,-193.0424972787983,0.04385824950293654,0.03987887883476637,183.29517746027636
synth_lf_0276,0,0.30726968910216207,40.26034946880096,-143.73847254069418,0.08771556250007027,0.06742854644642074,29.703021354017363
synth_lf_0276,1,0.24989017914712236,50.51444737218121,-193.94282536361243,0.005,0.06742854644642074,200.02086941273987
synth_lf_0276,2,0.19180363977905313,59.92382420703992,-63.66492292694346,0.005,0.06742854644642074,11.032242151405228
synth_lf_0276,3,0.36199931211659636,81.09166709867334,-113.19319985779802,0.02996643884148253,0.06742854644642074,232.15077115225733
synth_lf_0276,4,0.4779747718452203,44.96344508020595,-173.05817152288813,0.005,0.06742854644642074,306.90466363265944
synth_lf_0276,5,0.2608255257232398,74.68528756156897,-68.42461764587331,0.04508963939324433,0.06742854644642074,209.67475841445798
synth_lf_0276,6,0.3285386352147854,87.13206296466245,-10.466125799914543,0.017815974952081978,0.06742854644642074,36.84801332812958
synth_lf_0277,0,0.1516017937662346,58.41388054398233,-105.19818177020282,0.1199518339943281,0.03217220100954164,328.38509546245587
synth_lf_0277,1,0.3774565121878784,88.0,-162.54939458306333,0.09652149173592511,0.03217220100954164,175.04882599579227
synth_lf_0277,2,0.5817523761449931,77.2388736697674,-89.22458580032779,0.03665715663592642,0.03217220100954164,15.795538068621568
synth_lf_0277,3,0.3971717843653339,59.81810596572279,-45.619863961736996,0.005,0.03217220100954164,173.8927974111142
synth_lf_0277,4,0.3571714405015896,88.0,-118.1326231469898,0.07896471502219153,0.03217220100954164,353.51964482581957
synth_lf_0277,5,0.47198751486128665,68.88789055543191,53.64437166332105,0.051948497888489986,0.03217220100954164,161.7487861629503
synth_lf_0277,6,0.5009853052008167,88.0,-129.8411011885422,0.05267720034742384,0.03217220100954164,354.8815632093256
synth_lf_0277,7,0.3107985314570771,55.03040368254332,-177.0026657347142,0.0442457059885971,0.03217220100954164,205.5951067067581
synth_lf_0278,0,0.20273242469934907,69.92133334995626,-157.15732685462473,0.03795770221904432,0.037547439109996306,4.359736120550215
synth_lf_0278,1,0.43748597399355,50.54208706331831,-46.5539066271576,0.005,0.037547439109996306,145.0415241669261
synth_lf_0278,2,0.2950164388622329,47.433376587400815,-69.64034689638892,0.06381972619970605,0.037547439109996306,2.602617905809609
synth_lf_0278,3,0.19862594913311943,66.86298638433068,5.21549948137325,0.012449762256042224,0.037547439109996306,201.42623461041296
synth_lf_0278,4,0.3944574741838216,59.4924809081782,23.753385689734465,0.0032500000000000003,0.037547439109996306,45.92510933287804
synth_lf_0278,5,0.19328661233589092,68.54804340026435,78.67502383729396,0.04407124269758414,0.037547439109996306,218.32060235239567
synth_lf_0279,0,0.05,49.69487084391473,-259.9667516266876,0.026138989063327317,0.042401434420098666,354.34702108059753
synth_lf_0279,1,0.13180924764817928,64.78824000829995,-102.26602489170372,0.03661293912372965,0.042401434420098666,201.85994310457946
synth_lf_0279,2,0.2176713363322858,58.93705246728473,-15.268345935198425,0.005,0.042401434420098666,322.1010345403879
synth_lf_0279,3,0.28367010737477855,56.357530780404765,-172.66191802212276,0.09109706959555637,0.042401434420098666,173.26008232248068
synth_lf_0279,4,0.215672712446881,78.72107629998862,-67.93808717579097,0.007296088316886531,0.042401434420098666,84.45672888648699
synth_lf_0279,5,0.42832454567969214,66.25128174785011,40.905765712387414,0.020757485949874355,0.042401434420098666,158.54224467264544
synth_lf_0280,0,0.3308021590342585,59.9840705938201,-97.14664985895963,0.0444160709949041,0.042930574103507924,31.252186223518365
synth_lf_0280,1,0.20661580064829388,55.402901859715904,-59.43261706009336,0.02860374839638607,0.042930574103507924,206.09913674999166
synth_lf_0280,2,0.2629884699139143,85.12594829235752,-130.3101533112176,0.06313608377163572,0.042930574103507924,11.42891096730176
synth_lf_0280,3,0.41152068048285734,57.60547119158998,-62.78360479458005,0.04116941352871683,0.042930574103507924,213.5213612386126
synth_lf_0280,4,0.2087907883040913,67.75625389141142,-106.49531368498003,0.0032500000000000003,0.042930574103507924,40.391425463041514
synth_lf_0280,5,0.4179062593724547,49.357064555407106,12.560871461275873,0.017227538443421803,0.042930574103507924,195.75906155395523
synth_lf_0281,0,0.05,56.63063388614154,-188.98129406648667,0.041141375799893354,0.045580158262452514,352.7565387430337
synth_lf_0281,1,0.11438494070798172,68.5255462752387,-194.20753793933142,0.005,0.045580158262452514,213.87543054523977
synth_lf_0281,2,0.31554213586845353,62.11314430196149,-186.99896554373413,0.020705004005860256,0.045580158262452514,2.5485005399875718
synth_lf_0281,3,0.4860295308438828,37.48345887357269,-124.49800876747585,0.01489800926184404,0.045580158262452514,177.67322085834712
synth_lf_0281,4,0.4112094455109212,58.1186559823822,-115.46242567800445,0.01730819409419492,0.045580158262452514,322.7508121215882
synth_lf_0281,5,0.25933979048098277,59.73949885010934,-30.264192834357893,0.020208910993446867,0.045580158262452514,243.45369173277265
synth_lf_0282,0,0.3921852026213454,77.67779128928315,-285.76110323228795,0.09143075676753297,0.04347997180844055,13.481354478186496
synth_lf_0282,1,0.47237022200369577,85.48446684913624,-75.29381240314892,0.07997110531295173,0.04347997180844055,169.89038620987685
synth_lf_0282,2,0.39282410123281336,46.41605581580863,-63.41536713191491,0.057079294937067544,0.04347997180844055,332.97983611249043
synth_lf_0282,3,0.267957031420958,85.1025478469587,-21.124041013560728,0.005,0.04347997180844055,225.22283519004873
synth_lf_0282,4,0.4304782538357997,88.0,14.055894555119608,0.04907526877199334,0.04347997180844055,330.0615027550249
synth_lf_0282,5,0.4686126309908025,63.34026649950281,40.80903537895139,0.034923610132339813,0.04347997180844055,225.34771206669927
synth_lf_0282,6,0.36751496802276234,65.9714901348356,11.143939512030585,0.053127545391736315,0.04347997180844055,8.25439492921464
synth_lf_0283,0,0.06403922698402353,57.46311133671207,-126.01324826967233,0.005,0.047194543833445596,355.8703112032797
synth_lf_0283,1,0.3436819790155259,71.47352523920965,-240.93388496012753,0.0332548480098866,0.047194543833445596,142.75598008661103
synth_lf_0283,2,0.3362726842340713,52.26842867160493,-151.63475109873343,0.02716165196674275,0.047194543833445596,22.688793257915563
synth_lf_0283,3,0.3232679269366437,64.52718988391949,-95.53576290515592,0.011585359366032858,0.047194543833445596,233.0665380228055
synth_lf_0283,4,0.283593402572259,59.56210136173298,-52.63628697558394,0.0032500000000000003,0.047194543833445596,19.52115571378033
synth_lf_0283,5,0.27822276003760116,29.3219422430549,-117.70804922445906,0.0032500000000000003,0.047194543833445596,176.80417883459074
synth_lf_0284,0,0.1957188304288105,49.39167848024789,-244.6420712883354,0.09719225063442352,0.055876058784030395,348.0411339432991
synth_lf_0284,1,0.43319046819899953,81.54973422604004,-178.98488285450264,0.02809599018775591,0.055876058784030395,203.94396561984195
synth_lf_0284,2,0.29898962004290347,69.6110074449202,-169.40635180011947,0.04441837419721601,0.055876058784030395,2.4597779552749444
synth_lf_0284,3,0.38906782625346775,67.84194537671249,-115.08366966315444,0.005,0.055876058784030395,186.89735003842895
synth_lf_0284,4,0.32584733893595985,68.81378220769903,-157.9540168570328,0.06105323828318604,0.055876058784030395,23.92790273121045
synth_lf_0284,5,0.3721920652277059,72.11944615757096,-89.06387610925472,0.015592132647324435,0.055876058784030395,211.1753788372829
synth_lf_0284,6,0.39227139184489324,30.203535763838843,-147.51234170440046,0.04721826482333063,0.055876058784030395,16.375950136056872
synth_lf_0285,0,0.39360636904855206,62.03303900226925,-200.9322613378712,0.054379687092972966,0.046863557255320334,331.7285241737465
synth_lf_0285,1,0.21152411037090102,68.83174140166403,-142.06210608442646,0.0824364608583451,0.046863557255320334,193.7873926245299
synth_lf_0285,2,0.4817673724259074,62.060728151849176,-158.47845517908962,0.06889565094250594,0.046863557255320334,352.6916002071989
synth_lf_0285,3,0.3511255270025816,61.628781689243525,-151.77304438955812,0.09681128399124206,0.046863557255320334,189.63669824123758
synth_lf_0285,4,0.411966158851027,69.83709777640867,-49.14249289583089,0.07703139500406737,0.046863557255320334,299.333267341736
synth_lf_0285,5,0.46019828824620074,73.15885298218734,-80.86297934248216,0.06529434485684045,0.046863557255320334,161.12097908220267
synth_lf_0285,6,0.48691911537744814,81.45757293569214,-50.43066787699299,0.0463232058585182,0.046863557255320334,330.607364417539
synth_lf_0285,7,0.28336514188285467,87.78857392471892,-72.93504363004233,0.04378650222297989,0.046863557255320334,208.3711847852819
synth_lf_0285,8,0.28542362251862746,61.348991719803564,-8.78099024675933,0.029675413526710354,0.046863557255320334,335.50517354982435
synth_lf_0286,0,0.09455327251124954,63.26494908762408,-6.231376392906242,0.08646669945254912,0.04738133004562319,41.57515337522262
synth_lf_0286,1,0.29134281500970405,61.17507017573503,-112.51264980114368,0.005,0.04738133004562319,176.02544713485554
synth_lf_0286,2,0.2888542892823617,45.66033934953042,-95.02549734428686,0.03784473977160286,0.04738133004562319,334.65554315831247
synth_lf_0286,3,0.2617865849936607,72.85147198340536,47.17186668848387,0.0032500000000000003,0.04738133004562319,167.41202382118968
synth_lf_0286,4,0.23197810030066146,73.92423708907829,-39.02725284627316,0.02009636384644621,0.04738133004562319,359.61626245267826
synth_lf_0286,5,0.32923073940010467,63.95524054475696,-49.778167033326994,0.022087819253137554,0.04738133004562319,63.4903123874999
synth_lf_0287,0,0.28354683227175226,43.92554385678082,-197.46017619959304,0.07510785818717557,0.05394937691110795,26.64405924960132
synth_lf_0287,1,0.41960789243955227,62.83272356423435,-111.96952062235069,0.010267842878533898,0.05394937691110795,180.96969067335368
synth_lf_0287,2,0.32010630442230925,55.890409011176686,-79.35314443683994,0.005,0.05394937691110795,20.80100480466433
synth_lf_0287,3,0.3804198594223672,62.68569316750826,-117.28073763066217,0.0254209352676823,0.05394937691110795,204.39050723145863
synth_lf_0287,4,0.4239160088604433,66.73900868894954,-78.59093123787426,0.02395385850566166,0.05394937691110795,302.4900463098412
synth_lf_0287,5,0.32572248263493486,58.38104947237225,-136.15462304981375,0.022282524265762587,0.05394937691110795,174.38221354302834
synth_lf_0288,0,0.36575907701573346,66.96130617854887,-204.77756689584825,0.04005077580744694,0.05949545639456466,11.890676651182524
synth_lf_0288,1,0.18002141721414702,79.19866106860246,-109.05834430045078,0.030864231729242058,0.05949545639456466,161.3060207936272
synth_lf_0288,2,0.48114495475344277,88.0,-117.00264720835143,0.04636029564473284,0.05949545639456466,48.28286662548817
synth_lf_0288,3,0.4239793403650434,81.29365164093441,-176.19598620340764,0.048049269197820384,0.05949545639456466,160.2595162304964
synth_lf_0288,4,0.4178764118303211,75.8260805784097,19.6340932516313,0.013309911648157334,0.05949545639456466,317.19118179743043
synth_lf_0288,5,0.4746216726418562,84.85415216328552,-32.976761560557065,0.056706873721202616,0.05949545639456466,211.0029419359871
synth_lf_0288,6,0.5928551054386353,79.79390818351256,-117.30033852398775,0.010168565048522043,0.05949545639456466,344.634256378778
synth_lf_0288,7,0.33809660141727776,83.9893988233891,-54.28438322876949,0.008989906444828328,0.05949545639456466,189.21915106377583
synth_lf_0289,0,0.09817280873281745,52.30011775508351,-128.57131875850288,0.011673917248695258,0.035761923171776996,304.7037330750236
synth_lf_0289,1,0.1283759679063599,55.892255855681746,-141.17331714157416,0.01585410725437288,0.035761923171776996,150.79470301052189
synth_lf_0289,2,0.335459573060067,65.87283896489608,-144.69875218086807,0.005,0.035761923171776996,305.92278554048767
synth_lf_0289,3,0.4532988714581707,72.19975981845515,-109.69150888503484,0.005,0.035761923171776996,129.9310873190168
synth_lf_0289,4,0.3468442104160361,88.0,-58.06603852092099,0.013247562436306155,0.035761923171776996,356.24138305585757
synth_lf_0289,5,0.380631921729648,66.72412867236423,-23.79504899108815,0.020206647899964313,0.035761923171776996,183.09900962819881
synth_lf_0290,0,0.07848134720940392,33.95179044490819,-93.15948195538972,0.062190542627332424,0.005,352.8241975054067
synth_lf_0290,1,0.2937848894539321,19.567072506011705,-128.993233277055,0.08103223498792901,0.005,107.0248123475314
synth_lf_0290,2,0.1628768468515855,34.18140808034295,25.687746011270747,0.04266412761586208,0.005,334.5063385017644
synth_lf_0290,3,0.32837104962297914,56.57769812381483,-15.978954628537863,0.03867745958170363,0.005,184.8495796581817
synth_lf_0290,4,0.1667252396941558,55.33427339810555,-29.10330969940592,0.04857233300539345,0.005,297.0991334135904
synth_lf_0290,5,0.3831541199390409,41.04232373232496,-130.23108472532937,0.06688803640127118,0.005,167.13575815112256
synth_lf_0290,6,0.2697257942465743,53.321356856474594,-88.44749780900426,0.05673429028247747,0.005,321.9275485610392
synth_lf_0291,0,0.16590425363635247,69.15049488653096,-28.54320018915216,0.028833396708494205,0.05432707751537706,355.0576352075054
synth_lf_0291,1,0.20647012217405708,54.57970930988371,-58.10268013680478,0.005,0.05432707751537706,249.62817393074783
synth_lf_0291,2,0.362220610361039,56.08274983917859,-129.37104187535533,0.06340387145378848,0.05432707751537706,43.477708542296
synth_lf_0291,3,0.41448033627654474,78.7650193701188,-88.43768658667472,0.050591805551753986,0.05432707751537706,183.43632696887119
synth_lf_0291,4,0.16357667335956327,88.0,-44.97119086538282,0.023611093996868265,0.05432707751537706,334.11587786202915
synth_lf_0291,5,0.5018372474981942,88.0,-43.13308898125684,0.044649442985257096,0.05432707751537706,189.3123955940847
synth_lf_0292,0,0.37574853165517297,54.3615260356739,-136.21106007543406,0.04051141634379178,0.05791378276043048,341.28437368476006
synth_lf_0292,1,0.4007433914041751,36.19899339381115,-150.0039475811351,0.009234438816376374,0.05791378276043048,122.175972744825
synth_lf_0292,2,0.3323161207422669,47.33643680228527,-99.07989610114389,0.08057680826393004,0.05791378276043048,316.8113710449468
synth_lf_0292,3,0.3756424269165019,83.49364640693663,-68.1032307432623,0.05427997770602472,0.05791378276043048,157.48004892958102
synth_lf_0292,4,0.4409397347350301,86.78261545382733,-15.764336789737705,0.02060366101920008,0.05791378276043048,351.62350877329345
synth_lf_0292,5,0.4184938377930878,82.77447211421732,-8.28117694603857,0.028935883579232276,0.05791378276043048,255.23417722315492
synth_lf_0292,6,0.24385821959454443,88.0,-129.95923319870417,0.022403044993827042,0.05791378276043048,338.30465533836036
synth_lf_0292,7,0.2519696305989609,86.51106435057281,-60.29396310877574,0.01578042875399107,0.05791378276043048,201.57703593009205
synth_lf_0293,0,0.43286348481390224,66.4712258699215,-79.83473137115747,0.11186348524405573,0.04469843471254206,5.501079126527144
synth_lf_0293,1,0.3924768673080933,52.42645482547597,-45.10605422243492,0.06578737753942399,0.04469843471254206,189.74563959079396
synth_lf_0293,2,0.18122000193210802,84.73860230287941,-13.058910919344754,0.0636487166265708,0.04469843471254206,7.426610441515038
synth_lf_0293,3,0.23069860023365524,59.32652774897636,-103.5149134504102,0.022473878742653282,0.04469843471254206,224.45138947071587
synth_lf_0293,4,0.4017877973047177,88.0,-17.0850026083521,0.07529038463483137,0.04469843471254206,314.0158045604951
synth_lf_0293,5,0.5071246209752841,47.616805068805846,-24.639153008301463,0.04906997230773921,0.04469843471254206,148.43493777964113
synth_lf_0293,6,0.3716344621472801,81.88420668798169,22.02693524891952,0.04641307401781625,0.04469843471254206,332.3054849511293
synth_lf_0293,7,0.18254750468884856,83.99352457361458,-7.048332277659895,0.052840424496154836,0.04469843471254206,165.4408682275805
synth_lf_0294,0,0.486348144444404,88.0,-131.8260105449828,0.15064640276727234,0.03384846044931629,13.455788861105471
synth_lf_0294,1,0.44719900206102386,76.22146325854241,-142.46031468097092,0.07707675362142868,0.03384846044931629,186.718587502237
synth_lf_0294,2,0.4039034179899643,74.96861616944773,-2.0353485580243103,0.04097903608233043,0.03384846044931629,24.752399891918117
synth_lf_0294,3,0.3959279691013801,64.62163871362304,-124.14157236717114,0.11374398674317548,0.03384846044931629,165.14008490429012
synth_lf_0294,4,0.41748894837587375,71.4312349521208,-131.20171610849144,0.0444598540119958,0.03384846044931629,335.98070601661425
synth_lf_0294,5,0.3487948314852316,88.0,-71.64040761316521,0.06522953705902156,0.03384846044931629,204.99105289057434
synth_lf_0294,6,0.3451663084459789,87.37295674719941,-54.03537586952031,0.04959795168816036,0.03384846044931629,322.8423610489226
synth_lf_0294,7,0.1563516867004146,88.0,21.78187506679769,0.05339290429582977,0.03384846044931629,201.16388115428936
synth_lf_0295,0,0.26710517491597696,78.90917664364179,-104.66093891471603,0.037330452000147944,0.028639009239662533,342.4021547283372
synth_lf_0295,1,0.17446891941597276,50.78732162945213,-88.56161748753838,0.005,0.028639009239662533,132.04119729938117
synth_lf_0295,2,0.21198088437242274,68.96374068411764,-110.97233390986781,0.05236922602858647,0.028639009239662533,17.67002060882561
synth_lf_0295,3,0.4327084896212096,66.18905065842915,-96.4345419685057,0.035106161898835336,0.028639009239662533,183.32314224853724
synth_lf_0295,4,0.4028682017026284,41.254422442332526,55.080227162261195,0.05567318131995005,0.028639009239662533,18.2963710060817
synth_lf_0295,5,0.4528860402870579,67.57407127382412,-183.5275719081152,0.045748913107794956,0.028639009239662533,149.43891450944272
synth_lf_0295,6,0.2728310696844106,71.975628766653,-5.657300648864105,0.0032500000000000003,0.028639009239662533,327.2429131812812
synth_lf_0295,7,0.25555297180726994,65.95352840429489,-47.18334832649209,0.04244538253187704,0.028639009239662533,198.56507192859976
synth_lf_0296,0,0.33415073930318284,20.23123751981219,-277.9892258680139,0.08060276639728323,0.038642266476362895,302.093111811429
synth_lf_0296,1,0.42042404201625266,36.83085300389998,-187.1756312652898,0.08490727170023042,0.038642266476362895,231.31787973014914
synth_lf_0296,2,0.458285505275329,14.65401375226989,-196.8341653659618,0.09133698136848012,0.038642266476362895,355.13165550528623
synth_lf_0296,3,0.4091102621617977,50.498393785795685,-165.17568196807187,0.04720051177420114,0.038642266476362895,157.91853369886883
synth_lf_0296,4,0.4807629770616762,51.65354235389003,-87.04320256057704,0.10689664712844882,0.038642266476362895,314.2496987389194
synth_lf_0296,5,0.3347891931316914,70.99988525237359,-134.59074096654388,0.08784107196836052,0.038642266476362895,162.90119408180738
synth_lf_0296,6,0.40439980861217106,57.25746938238108,-8.787002257882364,0.06371140112055691,0.038642266476362895,336.5764039957994
synth_lf_0296,7,0.23396594699876502,62.79117215391694,-250.32934003353807,0.07157987941265895,0.038642266476362895,175.43898867708936
synth_lf_0296,8,0.31276465074583126,37.19132987868926,-202.11539281896262,0.07296214807478087,0.038642266476362895,99.35908438256638
synth_lf_0297,0,0.05,77.1966387856169,-8.350723609497724,0.04454025836115952,0.014952025627304669,339.6008200847478
synth_lf_0297,1,0.1493340996822373,63.009983294062394,-60.30322045406521,0.00908757304902868,0.014952025627304669,205.96846760632383
synth_lf_0297,2,0.3292421025360876,85.89211187958217,64.03343498784827,0.0032500000000000003,0.014952025627304669,4.252502673730703
synth_lf_0297,3,0.25449000694456814,88.0,23.97079947179767,0.0032500000000000003,0.014952025627304669,189.62682217852966
synth_lf_0298,0,0.36416578785700293,84.07103645830536,-98.77504030194186,0.1055979281031939,0.03683261062472295,328.9764123480415
synth_lf_0298,1,0.35117485492824563,77.47256395760685,-141.87538080732625,0.05438548667903052,0.03683261062472295,148.61221851899396
synth_lf_0298,2,0.45854983727797016,54.98470078690866,-157.97572662838803,0.005,0.03683261062472295,341.08035036364856
synth_lf_0298,3,0.40702735610834356,68.77740188521348,-138.72018146765944,0.019459043416220193,0.03683261062472295,131.84950153651909
synth_lf_0298,4,0.45428622823040654,84.25171663725158,-98.59557808665477,0.04502142464803114,0.03683261062472295,62.997817372402096
synth_lf_0298,5,0.49393815772068644,88.0,-116.89478942241186,0.04271748873056727,0.03683261062472295,154.71367391350236
synth_lf_0298,6,0.55525375010441,84.68082905232946,-97.17418486697339,0.0032500000000000003,0.03683261062472295,0.09847816833575962
synth_lf_0298,7,0.39754794911089,88.0,-6.406749498349406,0.01221609706785931,0.03683261062472295,195.8320922506466
synth_lf_0298,8,0.29166165378165887,75.93722083416544,-87.87131466838756,0.0032500000000000003,0.03683261062472295,14.019080430430677
synth_lf_0299,0,0.21609482213250414,75.08489371930465,10.35012510014549,0.06301171594737785,0.028406745512278557,313.15498433093956
synth_lf_0299,1,0.23854978439674987,58.02438636775872,-44.33350944664588,0.005,0.028406745512278557,153.09615484029493
synth_lf_0299,2,0.1674037135828893,44.588774881593274,-58.92851998512835,0.014664137051667659,0.028406745512278557,355.1494995386376
synth_lf_0299,3,0.2800931284365326,70.56927211299708,-81.73632683704326,0.015767730710839287,0.028406745512278557,173.09572038487227
synth_lf_0299,4,0.16928949216408268,64.65739541700266,-47.54025010533755,0.0032500000000000003,0.028406745512278557,324.1388914282136
synth_lf_0299,5,0.37186260881573335,80.59838440519754,-107.86306950630926,0.0032500000000000003,0.028406745512278557,228.4619841922132
synth_lf_0299,6,0.27906319145474906,69.87775381145875,-89.57911382651739,0.0032500000000000003,0.028406745512278557,324.6079247145103
synth_lf_0300,0,0.059826545337752474,46.275349394712975,-119.12289548360846,0.09761168305041912,0.03369839440008746,34.97636998149841
synth_lf_0300,1,0.31221090501669746,67.68187031479347,-89.63079016389241,0.024042801277373127,0.03369839440008746,205.50513730899797
synth_lf_0300,2,0.32005784619061417,70.753736506676,-50.078110994136864,0.03391688598288768,0.03369839440008746,17.88195872603876
synth_lf_0300,3,0.32257242401964925,54.38830846574383,-179.66023353887795,0.035929801451097206,0.03369839440008746,174.37059527174733
synth_lf_0300,4,0.3077676776092818,75.71841760731938,8.37310504788418,0.016076070891320293,0.03369839440008746,32.9653238982994
synth_lf_0300,5,0.41213797859502604,81.98092590083809,-88.46038845080727,0.04125398027951284,0.03369839440008746,227.990143797075
synth_lf_0300,6,0.18322814791526035,83.25038973154308,-6.196526709596377,0.049178645898939236,0.03369839440008746,15.169870937070073
synth_lf_0301,0,0.35433209542780736,72.56591628453373,-185.51729641160878,0.0714521237556079,0.046172995233547884,350.33594492629567
synth_lf_0301,1,0.31933142473070514,88.0,-182.3365193720672,0.08836817608890195,0.046172995233547884,151.66233595989755
synth_lf_0301,2,0.34426497374437204,56.099324286010436,-191.72661441213506,0.03377619264527859,0.046172995233547884,22.155748743055767
synth_lf_0301,3,0.5344583357006601,67.13152150124569,-96.68718491871121,0.04089204681698361,0.046172995233547884,201.40152537718745
synth_lf_0301,4,0.40022316827464127,84.83509854408138,-64.53996647145914,0.03811902308000005,0.046172995233547884,22.71735227308932
synth_lf_0301,5,0.2011867952100153,52.64369967023693,-71.93658340198562,0.061706567700517446,0.046172995233547884,194.5391226038828
synth_lf_0301,6,0.39149572492303986,80.22875876692731,-21.001681263044873,0.08393241340020047,0.046172995233547884,10.80877937397372
synth_lf_0301,7,0.369588112895823,75.63524799369823,-43.79111257836982,0.030673581816222525,0.046172995233547884,169.3502083925407
synth_lf_0302,0,0.18628856791207066,77.26922241552877,-71.55902577560114,0.08165608793052535,0.03325570532676523,19.432575127225327
synth_lf_0302,1,0.27598878920636927,63.49130858667169,-92.98356852683112,0.03158649173903232,0.03325570532676523,114.50555603150052
synth_lf_0302,2,0.24880405708327494,73.31161297817468,-81.53737546781237,0.005,0.03325570532676523,47.31341957478685
synth_lf_0302,3,0.3665402966925697,68.07371222018836,-57.94352246529889,0.03045725690366732,0.03325570532676523,187.05966481821542
synth_lf_0302,4,0.1688110760837594,73.85394385672511,-10.147407556621499,0.014222103787385296,0.03325570532676523,322.3406651843104
synth_lf_0302,5,0.3611035224983912,77.72995500813352,-30.898319297758864,0.05238129267483322,0.03325570532676523,165.00374788700458
synth_lf_0303,0,0.21395227235032216,62.6733939527391,15.99241405636809,0.009411384432816718,0.08540693424060361,19.924311112281384
synth_lf_0303,1,0.30391144320897123,76.01812745792391,26.9923466895726,0.005,0.08540693424060361,226.2785630224778
synth_lf_0303,2,0.3650857748661657,72.31007839765226,-151.46322197128805,0.08446832681913911,0.08540693424060361,58.181588696235735
synth_lf_0303,3,0.3995320450351567,63.825879491050806,-55.72307860580023,0.0459987893943346,0.08540693424060361,195.4538255379008
synth_lf_0303,4,0.25834022157482817,65.8471991768581,-66.48274824163184,0.052210500267747845,0.08540693424060361,13.98330705276203
synth_lf_0303,5,0.3102541394222415,67.31901076762863,-82.35265454699356,0.006477683996815837,0.08540693424060361,155.7785304713866
synth_lf_0303,6,0.3434428684581983,64.52677468973809,0.7255337792442056,0.006593307360431914,0.08540693424060361,15.318812903058642
synth_lf_0304,0,0.07793034234943455,44.275848746552505,-18.3007874988202,0.020823847456614027,0.007677361353741394,354.4274196283338
synth_lf_0304,1,0.15242053805202754,77.52707876841343,-115.08529483361941,0.042373223415979426,0.007677361353741394,180.27369420562385
synth_lf_0304,2,0.08844411184349746,56.81409958166957,-53.152415656186854,0.04283989155741903,0.007677361353741394,322.6511918733696
synth_lf_0304,3,0.34885585360499693,46.949170198653945,-55.68640489887997,0.03296127835202113,0.007677361353741394,196.8212453499907
synth_lf_0304,4,0.2031657964239078,71.5813670862617,-111.4203634807038,0.0032500000000000003,0.007677361353741394,27.183554045105893
synth_lf_0304,5,0.3259299346340653,68.66928164810209,-157.98919061516605,0.025601932907593872,0.007677361353741394,177.74548199226888
synth_lf_0305,0,0.4182745482836139,51.82141400428679,-202.06307239013103,0.08397915602280888,0.05835383290358159,9.917812550159846
synth_lf_0305,1,0.5128646340908429,64.1525658812668,-138.2233338804399,0.09611850221899308,0.05835383290358159,204.0606059869095
synth_lf_0305,2,0.3064665982289798,41.147697456911416,-179.1834830361498,0.05519863176176487,0.05835383290358159,42.76425060799994
synth_lf_0305,3,0.39416408579598644,60.2813445884164,-138.13822401620138,0.04776730946501379,0.05835383290358159,189.79974423958856
synth_lf_0305,4,0.44327951847093944,64.92353766621304,-82.59241020549095,0.0032500000000000003,0.05835383290358159,38.51656809490487
synth_lf_0305,5,0.5391368113792867,36.298985116383136,-148.510016677728,0.07453990805185153,0.05835383290358159,197.21544372896835
synth_lf_0305,6,0.35514253887613223,75.61438428603385,-168.17909781251555,0.027531539784117428,0.05835383290358159,345.1952720159504
synth_lf_0305,7,0.4089382100172733,51.844403858516664,-54.71648108061172,0.017770320073797963,0.05835383290358159,225.98772689128555
synth_lf_0306,0,0.09984903078120441,54.57401556640685,-151.7720810699544,0.03651408658832147,0.03504166444015943,5.791999648931782
synth_lf_0306,1,0.21075286386691136,88.0,-261.5789093334628,0.024356086382682798,0.03504166444015943,129.85155760142737
synth_lf_0306,2,0.31310658972101785,64.74591041158969,-55.65163581154918,0.03110884171155478,0.03504166444015943,345.93739044895796
synth_lf_0306,3,0.29962243916296816,66.71247646700232,-126.2472878717442,0.031181063668694116,0.03504166444015943,184.38830629868744
synth_lf_0306,4,0.44964217549570956,48.38145026358262,-126.74636682848885,0.018211056828024073,0.03504166444015943,334.6506608558019
synth_lf_0306,5,0.2966706153402849,60.810134321473356,-53.800904700623185,0.01725459511366577,0.03504166444015943,195.4145974170334
synth_lf_0306,6,0.13781561332085407,61.19491401959719,-119.87328108419811,0.03758765432179783,0.03504166444015943,345.53349424041335
synth_lf_0306,7,0.4093078579488358,81.80533427996492,-109.05024744774451,0.007421449193043868,0.03504166444015943,153.53646741928605
synth_lf_0307,0,0.22803432488136832,59.79319338640093,-48.022483160054804,0.11095855706006445,0.03356135653158441,297.9702437378886
synth_lf_0307,1,0.13729121879966405,62.784105202753196,-51.718956818783354,0.0032500000000000003,0.03356135653158441,170.95888191154404
synth_lf_0307,2,0.11923049524754854,73.70968903217032,-147.14746180012227,0.0032500000000000003,0.03356135653158441,297.0895805282957
synth_lf_0307,3,0.22100779642518043,73.0318092207851,3.5775232044552503,0.005896301630990821,0.03356135653158441,117.08285294930926
synth_lf_0307,4,0.18132289447741273,85.0219774499446,-103.98371543403611,0.03140622734483721,0.03356135653158441,54.20248538247756
synth_lf_0308,0,0.34625210851113414,65.27364762686857,-92.87365617349802,0.07213599976402085,0.027539679872574385,17.740178334043755
synth_lf_0308,1,0.29251451817458646,48.40028808987117,-111.53165544005556,0.005,0.027539679872574385,191.57965131957437
synth_lf_0308,2,0.47239499682241226,68.60928143717751,-52.03128864110739,0.005,0.027539679872574385,5.870660349197351
synth_lf_0308,3,0.4296908767304467,72.48400590881292,-46.46039537688213,0.09984573737234285,0.027539679872574385,209.54366722591442
synth_lf_0308,4,0.2831893864443246,88.0,-66.07786764527981,0.060907697611594924,0.027539679872574385,353.98397903055786
synth_lf_0308,5,0.3417467808022751,65.56321396286394,-26.674960623767255,0.04549685900628852,0.027539679872574385,233.0063852810856
synth_lf_0308,6,0.38411492076025266,88.0,7.244917863605799,0.0332675446508359,0.027539679872574385,354.71170739876425
synth_lf_0309,0,0.38191569037444756,41.55202966486403,-225.35542888106806,0.09357379592069635,0.04584968459346024,38.66159873517795
synth_lf_0309,1,0.3570052154154695,71.15069416885007,-81.12711138706545,0.050571254702253265,0.04584968459346024,202.07849336044748
synth_lf_0309,2,0.5925342291453471,64.20799258905578,-143.78473962495258,0.05174174636152776,0.04584968459346024,345.9876192023315
synth_lf_0309,3,0.33470238570910904,79.2057256343568,-106.25870594952515,0.005,0.04584968459346024,180.04452244587424
synth_lf_0309,4,0.38216988603687285,59.361772957074905,-237.91595635133774,0.034574555473968836,0.04584968459346024,333.90345658484614
synth_lf_0309,5,0.3108827959278366,59.96248112789642,-49.04558613449192,0.051699485197047694,0.04584968459346024,248.76259743535252
synth_lf_0309,6,0.5632114243136946,78.21338725627004,-82.47313513528142,0.03459375260154916,0.04584968459346024,347.557985626009
synth_lf_0309,7,0.28882117395524565,63.53666386513768,-150.524565759777,0.017481026329975998,0.04584968459346024,164.3834521505455
synth_lf_0309,8,0.28722364718671667,16.9132861514191,58.743688119359504,0.0032500000000000003,0.04584968459346024,10.591881505610672
synth_lf_0310,0,0.5827493536646959,67.16724530017434,-214.68391054859848,0.09513960429084926,0.03390652106794247,326.7729515104103
synth_lf_0310,1,0.4656783130446361,69.26751390218988,-110.162215210358,0.08538821155287345,0.03390652106794247,190.87834050498742
synth_lf_0310,2,0.3282054166411139,48.66738581032355,-119.09056105292237,0.047734394005077854,0.03390652106794247,342.9196840530769
synth_lf_0310,3,0.29333864142753513,64.61961712703746,-96.32318927711648,0.03308783347404497,0.03390652106794247,176.93544247831608
synth_lf_0310,4,0.37430867140527013,64.95116314749508,-2.200380358045855,0.04034419701504603,0.03390652106794247,7.5259061165942285
synth_lf_0310,5,0.28017978957752987,75.49806058334951,-38.694040687097,0.018984687475307477,0.03390652106794247,180.80953227425323
synth_lf_0310,6,0.27261510483833384,83.9928835039036,-84.76722310242296,0.009493559855765084,0.03390652106794247,51.3943600043699
synth_lf_0310,7,0.4993638526206944,57.99015259182622,-26.288408775185957,0.09187943808017872,0.03390652106794247,167.98525981895727
synth_lf_0311,0,0.1042689944778461,42.32918563303244,-198.96176222614946,0.015303949336360166,0.045783034248497056,351.5753779542457
synth_lf_0311,1,0.18857880596377696,58.113704231881364,-79.91975679306469,0.005,0.045783034248497056,159.96311458008694
synth_lf_0311,2,0.3931258826066856,52.59869013656125,-40.27614006740383,0.0032500000000000003,0.045783034248497056,20.11877544433372
synth_lf_0311,3,0.38357186649109537,79.96894888457805,-8.336941763819922,0.0032500000000000003,0.045783034248497056,167.34859032598115
synth_lf_0311,4,0.2740404512480942,88.0,-99.03493781472238,0.0032500000000000003,0.045783034248497056,324.8638652329487
synth_lf_0311,5,0.10643151734052433,72.79745372343136,-43.02644540085929,0.0032500000000000003,0.045783034248497056,206.61528510149196
synth_lf_0312,0,0.27237391204361616,60.61053943986851,-269.86218075725816,0.024587652191810173,0.04555116950183393,26.52252163591173
synth_lf_0312,1,0.22519850236754277,31.963376070057787,-137.57085325364653,0.02585711276777686,0.04555116950183393,226.99321802465036
synth_lf_0312,2,0.2734807416944703,38.04560115309305,-218.55655226959757,0.005,0.04555116950183393,37.82933892625897
synth_lf_0312,3,0.3723316940195666,20.47819644315319,-135.5676290801479,0.036460214167358694,0.04555116950183393,108.59236174478684
synth_lf_0312,4,0.4616844748113433,75.22805017760501,-137.3334530062209,0.03136358968495363,0.04555116950183393,345.5057270591619
synth_lf_0312,5,0.41198564516444186,62.38555015355726,-31.539745826009636,0.023158567814563814,0.04555116950183393,205.37015154086316
synth_lf_0312,6,0.3785871194505867,35.137190258467825,-64.54112763895925,0.023912486391168438,0.04555116950183393,25.691937967279273
synth_lf_0312,7,0.36234017337095525,56.91876074422012,-172.4242051808137,0.022480225054619243,0.04555116950183393,169.95968527404784
synth_lf_0313,0,0.16864732356161377,60.21662398159141,-78.23208000870692,0.04038536715877224,0.019446869644936582,35.570580162935165
synth_lf_0313,1,0.1899853813450734,66.12352721602937,-30.15104257430894,0.02574236143916761,0.019446869644936582,247.32777885199886
synth_lf_0313,2,0.2952401131742839,79.79724104044519,-132.54849033609878,0.04187678747956172,0.019446869644936582,25.149805925191572
synth_lf_0313,3,0.3978799423035107,60.21801924214677,-46.93941338993079,0.014599369778761345,0.019446869644936582,199.5384076035075
synth_lf_0313,4,0.1892542063112569,83.61399498350187,-37.19108584420775,0.0555884697060665,0.019446869644936582,358.93395577680633
synth_lf_0313,5,0.38756196912895213,88.0,14.699280504928751,0.045466836190229946,0.019446869644936582,178.71526514548407
synth_lf_0313,6,0.3609797939434933,80.12070045052765,-33.693694540657795,0.032985661209136076,0.019446869644936582,349.31675920102634
synth_lf_0314,0,0.13480436752901037,59.00510237736533,-148.7390728310935,0.05115602320472824,0.06354865035027434,275.67818424762885
synth_lf_0314,1,0.21776417650452023,36.497569490873325,-33.71371286893833,0.005,0.06354865035027434,182.05007604458334
synth_lf_0314,2,0.20771116220214572,49.06199068099254,-26.13379309571156,0.025656941102544503,0.06354865035027434,339.9437620891421
synth_lf_0314,3,0.28355988456858017,53.89392907469449,-77.10664132723349,0.008468960317382658,0.06354865035027434,172.07760200297525
synth_lf_0314,4,0.2009578563868284,39.54841020071463,2.8405639013871493,0.0062457259902418405,0.06354865035027434,4.978306881705862
synth_lf_0315,0,0.09968313253639412,79.79983813889241,-7.9408062081179835,0.04571083585291347,0.02373169908858806,11.192559948840367
synth_lf_0315,1,0.06577641233149219,66.57510672507478,-7.293931455299653,0.015757328947204434,0.02373169908858806,182.44013880188754
synth_lf_0315,2,0.1593818550381091,68.84733736617578,-41.00250727497842,0.03966722310054709,0.02373169908858806,48.81729179144787
synth_lf_0315,3,0.3329502131866176,55.94640792200063,-36.561950222954536,0.009801868888440451,0.02373169908858806,155.16198329087058
synth_lf_0315,4,0.06835897032493689,53.47174297482281,68.33857064822601,0.02440395677735851,0.02373169908858806,11.078750632764809
synth_lf_0316,0,0.14880131583353348,77.58176391136132,-113.39712027955954,0.11543936770514326,0.037963361137698895,18.558500911073008
synth_lf_0316,1,0.22411704879141978,66.11030642841325,-15.445409070679105,0.051294054818184165,0.037963361137698895,139.45670734404843
synth_lf_0316,2,0.4324583006811504,56.351554907639624,-64.2193790763967,0.14209211634184246,0.037963361137698895,301.78814874447914
synth_lf_0316,3,0.2590633363661667,68.77714723793558,5.741321147601653,0.0702821556816394,0.037963361137698895,116.23567981542817
synth_lf_0316,4,0.3557272391718863,65.84013965667431,-51.95006370784314,0.039137613848413494,0.037963361137698895,350.5278970040805
synth_lf_0316,5,0.21283082446746576,82.00499574171515,-72.633677722035,0.04724698633277697,0.037963361137698895,219.73842816678484
synth_lf_0316,6,0.4309094066078356,63.64571102713715,-36.32390788639662,0.08914395195222968,0.037963361137698895,30.925179929770366
synth_lf_0317,0,0.3499220791481031,44.15820165048995,-214.56452299104473,0.11095770076343081,0.04370265711079228,355.3096472950682
synth_lf_0317,1,0.3428968192983041,47.11400453001863,-125.03584161417439,0.038742723097766246,0.04370265711079228,168.44885433695393
synth_lf_0317,2,0.43867087207189337,53.18753370214773,-125.51274376350608,0.017056121058516782,0.04370265711079228,31.570083765408697
synth_lf_0317,3,0.3590662990275877,32.85039563104096,-68.77443659614732,0.014901180249798078,0.04370265711079228,196.33032535320012
synth_lf_0317,4,0.3700546775791843,70.80154454195042,24.094832530586757,0.03876220473046083,0.04370265711079228,326.0650513271511
synth_lf_0317,5,0.49544573446317564,48.86656171652166,-87.65918939378875,0.039794613177021564,0.04370265711079228,177.4596813766277
synth_lf_0317,6,0.3260599480356055,68.67436391858386,-79.4312288192727,0.0032500000000000003,0.04370265711079228,318.94143288012606
synth_lf_0317,7,0.4727961989495267,85.57896431825215,-44.80541055438549,0.05383187663078575,0.04370265711079228,155.93268297746977
synth_lf_0318,0,0.1015792332208475,77.02212199634542,-79.32107139356624,0.02455035066594398,0.03936756916008323,23.15846061178406
synth_lf_0318,1,0.2625025710279467,70.50533581971591,-169.90196331054182,0.028239576247988493,0.03936756916008323,187.56041555567722
synth_lf_0318,2,0.33539745642742674,67.01625191750892,-73.50787683558505,0.05105590583368505,0.03936756916008323,30.599001628542396
synth_lf_0318,3,0.3758438521589332,74.27934228349162,-208.24790630292648,0.05044667806233177,0.03936756916008323,185.91743571049892
synth_lf_0318,4,0.28770068432674567,53.01877246298288,-148.3332372421284,0.04885924670056984,0.03936756916008323,356.5889470863914
synth_lf_0318,5,0.33898409045616845,79.16713014619944,-84.6760256725401,0.03089098696851853,0.03936756916008323,161.30916154636384
synth_lf_0318,6,0.31719576227921426,62.04695479060918,-215.22353789421038,0.06725789598812115,0.03936756916008323,0.14607246658874828
synth_lf_0318,7,0.3128953557177508,44.97291977070063,-105.89456790867936,0.029857982265038222,0.03936756916008323,126.35941849422647
synth_lf_0319,0,0.14596047440665663,57.28603288092068,-52.640251599386715,0.04983048231876436,0.03374704701055998,329.0281673725533
synth_lf_0319,1,0.37270007110676073,50.78233126639765,-83.79002691953676,0.039361010812955156,0.03374704701055998,302.5654073512271
synth_lf_0319,2,0.33995803596826113,47.6485507252669,-58.4169885780247,0.006059519171230508,0.03374704701055998,333.8720079261243
synth_lf_0319,3,0.05,70.37180664657615,-58.465991048457134,0.0171125139061203,0.03374704701055998,138.97793398843305
synth_lf_0319,4,0.2001942796062075,68.12835701883037,84.19938530931603,0.04081967056951474,0.03374704701055998,319.87415973858685
synth_lf_0320,0,0.12124570764662224,72.82154274213003,0.04196452787476801,0.061489949084441976,0.012356276110127445,351.9877257505135
synth_lf_0320,1,0.13457610762136776,69.20729823381647,-51.09040012431027,0.07137853986923394,0.012356276110127445,212.84644126103439
synth_lf_0320,2,0.4535416898661464,59.743470171679924,-114.49588364633607,0.0378153115833468,0.012356276110127445,353.6211921097186
synth_lf_0320,3,0.316124730014261,70.79086506291996,-65.93146078618403,0.02116511271839494,0.012356276110127445,222.3694982461385
synth_lf_0320,4,0.26980253032251267,73.79774930008831,4.872013691382525,0.09313180781447006,0.012356276110127445,15.814197393752238
synth_lf_0321,0,0.25306419556430276,41.71974375759646,-11.122513079427222,0.005,0.026071075976590384,323.65945690294376
synth_lf_0321,1,0.4022720665181234,75.8991964607333,-49.17289157876825,0.005,0.026071075976590384,194.7613717684153
synth_lf_0321,2,0.22991095088645278,64.3132982212486,-95.10717643485894,0.005,0.026071075976590384,335.45556253118167
synth_lf_0321,3,0.4099656112417761,60.848682185948874,-3.302889182381108,0.0032500000000000003,0.026071075976590384,192.04164355759895
synth_lf_0321,4,0.0955903714922075,83.55238785671057,24.810943336552526,0.0032500000000000003,0.026071075976590384,22.466242245615376
synth_lf_0321,5,0.13976077881506568,70.92600822605579,-173.6450735342293,0.0032500000000000003,0.026071075976590384,189.45765985116748
synth_lf_0322,0,0.3615949909931598,79.41813299445386,-199.30371930252784,0.0807817009718037,0.04523772609201593,335.4314942167906
synth_lf_0322,1,0.39672194779046555,60.89147674434924,-36.008636130287215,0.08834870007204818,0.04523772609201593,133.08789264014942
synth_lf_0322,2,0.2879848556999095,78.12578219130701,-21.999030630604622,0.035714406580833635,0.04523772609201593,329.09093354750763
synth_lf_0322,3,0.37151651939556274,68.92720915785084,-139.7378894536528,0.05406223576685482,0.04523772609201593,243.8292694552024
synth_lf_0322,4,0.3931225651445176,60.88399883644962,-144.0837512927901,0.007372871937414727,0.04523772609201593,351.64994501009744
synth_lf_0322,5,0.4335314957567097,88.0,-165.82868250309926,0.028401490366909775,0.04523772609201593,175.6070677745662
synth_lf_0322,6,0.4263780525910632,66.2507248177489,-83.4149257842555,0.03323878708644339,0.04523772609201593,321.580389589564
synth_lf_0322,7,0.21924970465267846,62.68449947080737,-117.86157485258579,0.032595235547455956,0.04523772609201593,227.44898161238416
synth_lf_0323,0,0.36469763206285055,51.04207348262666,-73.77584371606281,0.1238901415764976,0.08546820294650216,346.08690477422317
synth_lf_0323,1,0.22785398819129615,38.15607540366143,-44.844562423524565,0.009078382651287714,0.08546820294650216,155.65211580174412
synth_lf_0323,2,0.24856911434368592,50.508665681246406,-192.652937183578,0.033903007305225684,0.08546820294650216,313.9892893557243
synth_lf_0323,3,0.37254685895709144,70.1177425455694,-55.282199949176714,0.08452858375129968,0.08546820294650216,167.1458590084344
synth_lf_0323,4,0.40373876636382916,85.64848860712702,-91.65868077893933,0.03559715479582935,0.08546820294650216,33.32989111362315
synth_lf_0323,5,0.46721468390989734,55.62570289892034,-118.9670085019628,0.03825126657844903,0.08546820294650216,245.49251436550344
synth_lf_0323,6,0.39305275599251027,88.0,-163.13875231189738,0.02289473602978146,0.08546820294650216,342.47928127608316
synth_lf_0323,7,0.4643544065879253,46.02641330948341,-205.13465753307383,0.04083880251352445,0.08546820294650216,212.94059347619213
