plant_id,leaf_index,theta,phi,leaf_length,conn_y
plant_0000,0,30.28796643331208,-17.25980823847591,0.4684616740147822,0.0374849794621195
plant_0000,1,8.58658445112468,172.76231304261287,0.48970704335340637,0.07478380072925185
plant_0000,2,19.851415011552916,2.8808950305870553,0.48386234886595225,0.11234842122376629
plant_0000,3,24.426143326136128,147.49761760280063,0.49432870769094267,0.1496052548191524
plant_0000,4,18.849950773353513,23.534975694360128,0.44465287434311274,0.1853222227407198
plant_0000,5,29.33494981675313,-132.70206250016292,0.5041370919836008,0.22071684169873135
plant_0000,6,17.498869137965983,8.452430960324023,0.6453294288624902,0.25642043995206065
plant_0000,7,15.002360283479845,153.51503653124846,0.5947638173310015,0.2918000036445271
plant_0001,0,6.3468033270204245,-7.467628963841811,0.28587456902123765,0.040887428748290516
plant_0001,1,27.271448077025447,-177.17383902934952,0.3480527150330989,0.08180881807240949
plant_0001,2,2.3174850263647215,-29.378009559372007,0.29698136160505334,0.12265810649969544
plant_0001,3,16.343294358450294,-156.7188485938991,0.3113348550901467,0.16156689945670302
plant_0001,4,11.738207868623121,46.50115728887357,0.34356197953491513,0.2003581494432884
plant_0002,0,59.50155387120705,2.8121218583243035,0.1274445120781583,0.04027825510309902
plant_0002,1,54.10682418649953,146.7146526971551,0.12474870592873621,0.08055027304929403
plant_0002,2,58.14615673835317,22.724509926225437,0.10297220861729417,0.12083761294241234
plant_0002,3,33.53648442202243,-131.85051159622904,0.2064666243504818,0.15908178201718062
plant_0002,4,59.77020319887585,8.030469692524036,0.099998619296208,0.1973640331147004
plant_0003,0,21.935890427129834,-33.55702668143374,0.2611838715458986,0.04846348238824098
plant_0003,1,23.348490408166654,-157.56675885034778,0.1432868124922106,0.09682325070359804
plant_0003,2,21.154505770620062,49.0637554075775,0.22439376521358795,0.1453311435028862
plant_0003,3,1.2504720802682527,10.061431407591954,0.26849289550459177,0.19369289086053956
plant_0003,4,12.983505350620845,-29.006863504515305,0.22656130579378317,0.23977495568412
plant_0003,5,5.233839934942637,169.38495274075115,0.261244562687594,0.28573495529914966
plant_0003,6,8.977727908445786,44.075965999454866,0.3530850605363249,0.33178110293134905
plant_0004,0,24.224261498427424,22.568463533784268,0.17225730580430199,0.03951780017434544
plant_0004,1,16.137780721558684,-130.91083481066266,0.25990961211597985,0.07914278671567632
plant_0004,2,17.851910108363825,7.88681854329144,0.1483481348832568,0.11860238617951516
plant_0004,3,14.345894218269677,151.11529513251398,0.24703550453433848,0.15627272007263407
plant_0004,4,9.799933270108028,-10.89326060991851,0.10173786296544303,0.19377636053786437
plant_0004,5,17.108001102818378,-136.50463226990425,0.11369757217369329,0.23139495875707544
plant_0005,0,43.0670439170152,48.62175294082368,0.4967295552826324,0.04295392483419608
plant_0005,1,26.94706156433523,-172.08203321068865,0.5029703067593817,0.08580114049808356
plant_0005,2,29.022351925399185,-28.71707537392637,0.533664172191917,0.1288425219680163
plant_0005,3,46.921465250779455,168.9484109517312,0.5876296383512385,0.1716429960508552
plant_0005,4,29.835147900678813,43.87867281513985,0.5177126228633058,0.2147035553890763
plant_0005,5,20.686529584029742,-165.77994874768518,0.5732561595118001,0.2553195737968017
plant_0005,6,27.100282475864937,34.31407147941036,0.5950264229869618,0.29628458103640226
plant_0005,7,21.422531565476618,164.37723617132426,0.6201354163520494,0.3368615671504913
plant_0005,8,26.835136325717848,39.43078723018988,0.6340224652852101,0.377814105531621
plant_0006,0,7.341806764360598,7.52932462430789,0.09998423982849708,0.014512041646887986
plant_0006,1,22.702831628131378,150.8222619976209,0.0999993579216397,0.029306667428211846
plant_0006,2,13.490310402618036,-10.448743733531778,0.09999400345806185,0.04366183796415404
plant_0006,3,4.048014596299026,-127.14370741698785,0.09999804189453082,0.058490313288836984
plant_0006,4,33.75156821161708,14.375248903062015,0.1532008899565233,0.07212897371356175
plant_0006,5,5.363460853538882,-139.31867452797619,0.09999999147867158,0.08622538274334157
plant_0006,6,10.743282664177215,-14.482003944367039,0.09999786051272558,0.09988573695423965
plant_0007,0,32.22308567240822,-28.320435400324506,0.2459237531485467,0.03853084446346877
plant_0007,1,25.11955766498994,168.79994676208338,0.21524881323732092,0.07713917286581537
plant_0007,2,8.115616732275399,41.92932728434829,0.3536457848566676,0.11560699505016375
plant_0007,3,15.032278723907694,-164.95150673170318,0.28958189652121147,0.1542519122193546
plant_0007,4,9.06617668163966,32.22615787976906,0.20556950907102983,0.19077755893186624
plant_0007,5,15.498563493709185,163.03458349482207,0.29882781250895657,0.22751063543017092
plant_0007,6,18.370220130295834,36.804518328080064,0.26439016872193843,0.26400378550812664
plant_0007,7,10.193362760544716,153.72953412891204,0.3708734749276732,0.30074281294981786
plant_0008,0,36.45769340774548,-11.248952500014786,0.2585269251115895,0.026945612362089016
plant_0008,1,39.8101543363975,-137.40974108049892,0.3205976475409983,0.053696834815033116
plant_0008,2,18.038446921529726,15.430591687191622,0.3695331705364428,0.08073530650430971
plant_0008,3,22.865671174812533,-148.02326493867028,0.3137545126501063,0.10743331764497997
plant_0008,4,10.095162776614714,-18.290491187348007,0.3861686819580465,0.13314807396059392
plant_0008,5,6.538291502944006,-149.34823254606536,0.35829506764421326,0.15849955282661007
plant_0008,6,12.709618032036047,-27.633408951696055,0.2692498458607021,0.18418809128569613
plant_0009,0,39.85127696867285,42.96469620297722,0.4335490905481954,0.04250854342738885
plant_0009,1,24.076695590313847,-165.04901846397152,0.45108249006510254,0.08514936270131775
plant_0009,2,44.54017631763925,33.00381627511416,0.4205757576287288,0.12756154858668747
plant_0009,3,40.34890803032972,163.35923643779876,0.40509288398934495,0.17024097663192786
plant_0009,4,43.54290578387938,37.604410148269494,0.39270079594990726,0.2126599484660734
plant_0009,5,44.29797018710979,154.90191794360848,0.4394650298978486,0.25318466975928783
plant_0009,6,32.84804710853043,-6.400938471149011,0.39614238833590065,0.2934816023912223
plant_0009,7,9.375221699939374,-163.86319500737963,0.4047161962174539,0.334019266308217
plant_0009,8,35.113184056469144,51.291604565244086,0.47650335337012634,0.37433251573469967
plant_0010,0,17.986636503389065,14.786533415533427,0.25650334573058287,0.03754539396149303
plant_0010,1,37.52193729878356,-146.8666576227429,0.2520981135895314,0.0750900295494323
plant_0010,2,38.76454712092056,-16.591555767708467,0.16842036257550322,0.11270428731120495
plant_0010,3,12.216035751735518,-142.78406454699987,0.21568378737904068,0.15017657222453418
plant_0010,4,0.9633552772913987,-31.23212580954312,0.2780516459728252,0.1859346772664069
plant_0010,5,17.562103347766794,173.63640227174872,0.17086701969370244,0.22151469141952865
plant_0010,6,12.168787851291043,15.709057679844989,0.26023146362203425,0.25728276915557463
plant_0010,7,9.47568431119636,-129.4896036727071,0.21372377991589625,0.2928949371571307
plant_0011,0,34.457262368794034,32.893504612761774,0.32654673550252317,0.039189507847709346
plant_0011,1,18.731300909231052,163.19526700427693,0.4004240533600183,0.07855194717878052
plant_0011,2,22.877771922528467,37.41102771373454,0.3575926472867709,0.11771496770547682
plant_0011,3,5.003306180060051,153.90138232245178,0.4187605522409601,0.15506123703500746
plant_0011,4,5.278031960697234,-6.235399963741495,0.4763703434767839,0.19230265557223275
plant_0011,5,5.795401746587615,-164.2094649937007,0.3376121349039704,0.2296217853667149
plant_0012,0,30.15465329898015,-16.71553478771089,0.22630837754386998,0.04603075884573487
plant_0012,1,25.491375195505583,-142.98248350487967,0.10683079807009405,0.09188053152400077
plant_0012,2,36.0200995528618,-25.425753768520607,0.09997725933171966,0.1380057027580711
plant_0012,3,15.191855905570819,173.9813257762232,0.12728226539413265,0.1814826177839434
plant_0012,4,7.717667387123669,18.017346157132863,0.2231693184542101,0.22535544029653662
plant_0012,5,15.601550560388773,-132.26831550154824,0.19123917431469659,0.2688553397910873
plant_0013,0,35.14960755916962,37.07397492444494,0.46321054844969284,0.040018784171878964
plant_0013,1,54.49309276386408,154.6912636355221,0.43232833700186846,0.08052983693643603
plant_0013,2,52.61086090553218,-6.337838015199553,0.5331771383526684,0.12019732453827833
plant_0013,3,31.655311396273447,-163.87379743035314,0.4213663329897851,0.16090444570005102
plant_0013,4,63.72326974776377,51.10425128089412,0.5086912593670287,0.20056446241574552
plant_0013,5,18.166957868208698,-134.15839151628813,0.49457753699953805,0.23911944719378816
plant_0013,6,52.477675626187086,30.928746862121784,0.5878573629875972,0.27671702580024615
plant_0013,7,29.01809732843168,150.3903912696953,0.46674500250724793,0.3153758947549386
plant_0013,8,20.224972009288933,-19.024769727772917,0.5205025437416073,0.35290660235314475
plant_0013,9,42.360522966674324,142.8944656643557,0.4792654031193117,0.3914833568378626
plant_0014,0,5.368647091302961,-25.511093034520947,0.14348400355562088,0.05307047562676481
plant_0014,1,19.941305904032916,173.6079632199688,0.10095200877222099,0.10604595302083936
plant_0014,2,6.608012851556467,16.202499271885756,0.0999999114929244,0.1591954672908156
plant_0014,3,13.972914571884004,-129.5893555492713,0.09999992811999607,0.20949098637391608
plant_0014,4,0.4169981691156721,148.88519135638134,0.19279986387311196,0.2599709439947834
plant_0014,5,4.946753541940524,-152.14047942774687,0.3003316770827958,0.3102633998569418
plant_0015,0,60.43237728920798,-6.502468296294132,0.22698627425907453,0.04422663656667086
plant_0015,1,58.898272321507264,-164.7588652990734,0.34315582772762265,0.08818587100399977
plant_0015,2,53.129514609235386,52.292371529576144,0.23667185166371135,0.1324703598204516
plant_0015,3,46.48244234721564,-139.34276847563748,0.21946952059907385,0.1764887604610409
plant_0015,4,38.67711381908599,32.59287790020471,0.22398875574971777,0.21855536108673376
plant_0015,5,44.85448800811114,153.31685419481994,0.28545427571415694,0.2603361982694301
plant_0015,6,32.202325845881596,-23.05037026795899,0.2995541022013813,0.302399303227346
plant_0016,0,29.911021582783377,15.50499554225803,0.23436092472185818,0.046586440996257965
plant_0016,1,37.42503901947064,-128.70142368166321,0.4619236076071984,0.0929952434587947
plant_0016,2,34.61610283944538,41.89010019636811,0.32743440967397647,0.13730951001579694
plant_0016,3,16.799011666479018,-149.58138392550634,0.421793187519706,0.18137556954291278
plant_0017,0,61.334896933298275,51.894404381677816,0.3878999387008453,0.032391223856221375
plant_0017,1,39.06386979377243,-138.92504949258938,0.3403270010777603,0.064787624719301
plant_0017,2,50.57869692153541,32.062432249336155,0.28119536078334684,0.09719602483596636
plant_0017,3,53.67221633321645,152.85796599414752,0.4196902349086926,0.12958908993905757
plant_0017,4,47.56273680606791,-22.370976448270735,0.40203619941363905,0.1603394144725866
plant_0017,5,46.71520137798852,144.90374289709519,0.3248280252830282,0.19115704366450698
plant_0017,6,39.98745359538422,-7.771583760778788,0.20915430719106803,0.2218946969129353
plant_0017,7,21.786631100185943,132.59151422820904,0.30385064524614713,0.252697362370432
plant_0018,0,26.921679140785834,40.75440394110319,0.2717019065890918,0.052394037546769565
plant_0018,1,21.957134539676062,-147.15110019804158,0.2534822663154746,0.10498642733528862
plant_0018,2,9.957772293279064,-25.0574357108696,0.25253667283189535,0.15718408204177697
plant_0018,3,15.571146006106318,156.3369589036005,0.31609514410505046,0.20988491812584228
plant_0018,4,18.777268574143136,-33.19239582302501,0.25922960039017373,0.2594361905357679
plant_0018,5,20.145558734432782,171.73976944125226,0.2807092445889963,0.30951848880226246
plant_0018,6,9.732009163176897,-41.11472270289791,0.32323523776298363,0.3590707867944957
plant_0018,7,6.350087586888179,-173.96286845798826,0.3907118161714039,0.4090964448357842
plant_0019,0,10.337394369221954,-147.3168089255073,0.16228165646223233,0.03018373024751605
plant_0019,1,3.231662403281419,150.2739808570202,0.272894854854737,0.06044637608310527
plant_0019,2,9.491741255629236,156.6153274200127,0.2555589572846482,0.09058874322782651
plant_0019,3,14.092241677263402,-33.864881150560414,0.32923190808054303,0.11934679583278271
plant_0019,4,16.504317914942135,171.97153464341505,0.3650218681097641,0.14799063737484808
plant_0020,0,42.97833057379394,-26.713769321017722,0.27089798666776416,0.03321584925732302
plant_0020,1,50.05429733454376,157.18854865016937,0.2419196669198645,0.0668465850400446
plant_0020,2,21.63970647824128,-32.956275756873985,0.268905514091171,0.09986882224173052
plant_0020,3,9.101375406173219,170.8907662731181,0.3506927229645616,0.13352956546473463
plant_0020,4,26.694166195566915,-44.494579927117556,0.3858355310552085,0.16489977613801596
plant_0020,5,24.46777458618368,-174.68768029443703,0.3555322613446389,0.19685011005011818
plant_0020,6,32.92333436813635,3.2599103061896244,0.41318633902212487,0.22817110119580164
plant_0021,0,61.482569581417565,-22.32093892393721,0.22662703666216327,0.027538110538512475
plant_0021,1,56.33850698940571,144.71132896396344,0.3026281598394873,0.05529538425242555
plant_0021,2,50.12843325849291,-7.685311330263088,0.3169489625025153,0.08270253386631199
plant_0021,3,54.50510820668868,132.29930411071066,0.2051366905678055,0.11049552632075853
plant_0021,4,43.40046103388645,4.782041886660352,0.23011029896795435,0.13652061412663205
plant_0021,5,45.82233434455301,-176.42524280974334,0.30628217010265274,0.16297252415769425
plant_0021,6,50.728167038014895,-14.592015810127249,0.265211404892938,0.18895032096554187
plant_0021,7,43.581889529644315,126.40176551636029,0.33789535568711365,0.2153370601204961
plant_0022,0,18.229626242649942,-34.07314824352073,0.18324026656183326,0.03406292679838152
plant_0022,1,31.200183560603364,172.0549150552255,0.17467587644320273,0.06828747993762438
plant_0022,2,13.71931598138191,-44.858091520333396,0.21500444924493453,0.10228714277611131
plant_0022,3,29.6078707375595,-174.97145347833055,0.2612411864229649,0.13650696671444715
plant_0022,4,25.46973378044524,3.3592733625031315,0.2530536082724809,0.16878255179579676
plant_0022,5,50.32200985312282,164.72700276482246,0.26630700202808755,0.2013161101710457
plant_0022,6,15.089030482399949,-47.6634195017661,0.2529162887664309,0.233600295012116
plant_0023,0,30.638993516611038,-7.953501652970744,0.2188344446092482,0.07807635503925568
plant_0023,1,4.969952670986501,-55.23247203312173,0.3060624721839546,0.15597098776862642
plant_0023,2,5.503116360634465,6.034602668805007,0.27898556673139396,0.23411131286093023
plant_0023,3,3.0072285661275515,-178.2610151550495,0.3819017754975839,0.30803715695927697
plant_0023,4,4.205792847795266,170.55391723150734,0.2549997383897085,0.3822617894974958
plant_0024,0,30.69108860106096,-46.43750830212456,0.09999510192961925,0.02298722618906678
plant_0024,1,18.206497477541802,-174.86565224318173,0.20908784297625102,0.04630450853786059
plant_0024,2,21.21940511670664,3.2890346357986004,0.20965209769172458,0.06897951549284675
plant_0024,3,27.273633576365334,164.25608349656463,0.32025471621045265,0.09247135203502903
plant_0024,4,30.29985322373603,-49.56723601133233,0.25822457099534546,0.11401497599624122
plant_0024,5,17.229150021642482,179.93716172790502,0.2094612078739396,0.136279262271097
plant_0024,6,31.022440130908244,31.115650129261553,0.23088577842730473,0.15778741772649227
plant_0025,0,17.86102030853627,4.660110836755507,0.29084300438965266,0.04286042341915807
plant_0025,1,3.159384738056147,1.8806237883267158,0.2420256151432165,0.08631359140673721
plant_0025,2,5.906362343654962,-10.513173602308216,0.29104387229953177,0.12882908998475232
plant_0025,3,31.388749173277418,125.41021617943662,0.44627223801326643,0.17226884445495858
plant_0025,4,1.134403206700057,179.822140526339,0.3444538665589283,0.2126829894092165
plant_0025,5,11.695136917889556,-139.08531207078587,0.3844822155006714,0.2540151587868112
plant_0025,6,15.937797778373422,11.886438080827247,0.24967006228077657,0.29438614311082734
plant_0026,0,61.217550932967,3.480655593374536,0.24815217463148628,0.037091300077742306
plant_0026,1,68.27855340755681,165.01138921337426,0.19822879950384822,0.07414066899173062
plant_0026,2,45.38852563010498,-52.02388157079757,0.21456083591484787,0.11124947433695614
plant_0026,3,68.05664777311877,179.94380824197432,0.15022306854361722,0.1464346322281678
plant_0026,4,46.74982684634042,33.242441601205314,0.15156326901503014,0.18170161441361737
plant_0026,5,56.029318136413,-165.35952799876665,0.20694305199150714,0.21689797694238738
plant_0027,0,17.6735966591676,-14.886832099895948,0.21763037759294412,0.033878047858589846
plant_0027,1,6.90812767699866,126.534419334094,0.29800167172869607,0.06781245011187549
plant_0027,2,10.34421729670963,179.94223632464198,0.3082184376510562,0.09997988039916213
plant_0028,0,52.796989863725244,-52.16363226524308,0.18961998843260444,0.03163803222671093
plant_0028,1,44.74395634754486,179.94427700345167,0.26077680695333405,0.06311926450492565
plant_0028,2,25.850520220738886,33.85245847216527,0.17171571769890792,0.09486178397426004
plant_0028,3,17.876342360249836,-165.81375013228484,0.17967078403209902,0.1263209073237945
plant_0028,4,20.655722280983056,12.640943421389409,0.15042214398920067,0.15804811381942713
plant_0028,5,18.41643023821186,-139.34239927239383,0.32025569224086897,0.18795976125119662
plant_0028,6,22.731299230158797,-44.89021569192187,0.23666251944687347,0.2180689705893327
plant_0028,7,32.09262522028042,142.0120262073086,0.17933713042813226,0.2479786439426599
plant_0028,8,15.687949356835162,-31.701911999244118,0.315301281032798,0.27810405729512466
plant_0029,0,33.911457817523946,-0.058025050013845926,0.35104668758772,0.05792973208712533
plant_0029,1,25.81149270760821,-148.94135473508214,0.3554100998941514,0.1148950538550887
plant_0029,2,38.1627932275898,15.39279121787115,0.40926736678950243,0.1732391715555563
plant_0029,3,44.07241651377804,-168.27737514080545,0.3823046832975864,0.22711129387877432
plant_0029,4,29.687031717737838,45.62657251683328,0.3697413936526263,0.28249043918391903
plant_0029,5,28.476736976073127,140.66321137412407,0.4749590935705205,0.336600683061321
plant_0030,0,46.096482944260885,33.317450136077525,0.1835052940176675,0.03589716837613952
plant_0030,1,48.11278787084104,-165.41641876104387,0.15858877117630057,0.07158855205946013
plant_0030,2,46.195712878995494,12.362669088929522,0.1643600346111576,0.10753463287573121
plant_0030,3,25.082036662840693,-138.2096252344878,0.27779255897754485,0.1415173375875665
plant_0030,4,35.576809227897066,-43.59993839212495,0.22175766472875735,0.17557118887217618
plant_0031,0,14.550324068321743,15.438068518710963,0.0999463807996331,0.0500479711702691
plant_0031,1,28.343454574142967,-168.14395204298896,0.12907605767953564,0.09971777531822304
plant_0031,2,35.760929232253424,43.27697899398686,0.24099755551619845,0.14990523690727406
plant_0031,3,11.944290729404528,142.0336630072513,0.09998699902881125,0.19709146576559453
plant_0031,4,7.037489248599542,-49.687263656322685,0.0999383994954032,0.24474101051603867
plant_0031,5,20.512313813994467,153.23804139082264,0.09997221515853752,0.29190262538306755
plant_0032,0,53.582345783942706,12.227291479340181,0.22206048713213064,0.014684566746343034
plant_0032,1,52.74541275012798,-137.73402916762504,0.12187383878960711,0.02964756712343056
plant_0032,2,67.38071855318495,-43.36083980539833,0.27431542600421677,0.04427199569869566
plant_0032,3,41.714257424450395,140.41011278643973,0.09999992259359101,0.05921903748707302
plant_0032,4,31.380844929430708,-28.93677903492193,0.23903344568100102,0.07307850535786557
plant_0032,5,23.95019158942523,-141.9278952594737,0.32729587786684244,0.08731242562407887
plant_0032,6,37.06894992925947,-9.613677126625708,0.1693795432047816,0.10116456056601547
plant_0033,0,44.27371476882725,42.344682170852025,0.1573198967356829,0.05084475666669891
plant_0033,1,50.51168718217387,136.8056649099415,0.11920240967926522,0.10150915080606578
plant_0033,2,42.50850236269614,-39.575531317429785,0.18305011640911975,0.15241893928869926
plant_0033,3,52.959562577104435,150.63296587307974,0.13968679589755414,0.20051484282814727
plant_0033,4,36.413596485544986,37.41421067513568,0.25122658255543895,0.24889986246314272
plant_0033,5,67.97643053825465,170.1856699575517,0.2018999644667859,0.29699303139352395
plant_0034,0,15.957434597561885,-44.83883734152252,0.28371444346119756,0.035719513845762815
plant_0034,1,27.304764891973868,141.89302240790485,0.29634421903045094,0.07104932638024111
plant_0034,2,3.843104976781632,-37.13287386678782,0.32697003774710237,0.10700222073665944
plant_0034,3,9.21581636305902,-148.22755312071166,0.3970975048747757,0.14042360086362057
plant_0034,4,7.601345324412165,-12.030751981028228,0.41881247212925715,0.17468507285555737
plant_0034,5,4.305142968426978,171.97165755857677,0.3745430765938617,0.2080231241684076
plant_0035,0,31.349478386618593,-39.50329769961727,0.23082894809210075,0.014651252060697458
plant_0035,1,38.06774653653028,150.6839178924103,0.2778844240001514,0.02912134217769228
plant_0035,2,14.130559856820682,38.571274794946305,0.36667374464444824,0.04387697055132738
plant_0035,3,41.92729619064352,170.31114777960534,0.36637268507474685,0.0582792516994881
plant_0035,4,32.370485541379416,-14.392299589724916,0.4578026809128394,0.07236870035570482
plant_0035,5,48.76314281174133,-166.931989575032,0.33307963555567005,0.08599689195551807
plant_0035,6,42.2731038982419,-38.60069249917564,0.34801563302756117,0.1000660093861837
plant_0036,0,63.071760642423826,-29.783475593534803,0.21948246970844143,0.03227779980220758
plant_0036,1,53.127418954754766,-143.6734987257533,0.322017414233165,0.06444617517621773
plant_0036,2,38.7367017700271,-10.000082960381357,0.26930149964154354,0.09678923959985786
plant_0036,3,48.50661222685245,166.2446887918929,0.38064682308552733,0.12730466375046348
plant_0036,4,41.055910933950855,13.599783407696691,0.3798979434248136,0.15804024907868763
plant_0037,0,38.92802032176653,36.477709286064,0.11410038806328121,0.0400516661153169
plant_0037,1,33.82081688289357,170.03766251536544,0.09999043386612641,0.08012970768407092
plant_0037,2,23.913371260954563,-13.643551243537367,0.138727101362229,0.12011127270692845
plant_0037,3,10.298736135367207,-165.9251984614149,0.2484087757960874,0.15824257689646185
plant_0037,4,10.748054570110014,-35.59213861437339,0.1711226769430723,0.1962194509173295
plant_0037,5,22.941984741203257,-145.9737005407004,0.1042417440565743,0.2343198014951306
plant_0038,0,37.035271359059074,-9.789139841082358,0.28791816963174305,0.023840988667482414
plant_0038,1,33.10296810871619,165.88380732660977,0.2824563828472757,0.04797655936055377
plant_0038,2,41.20465941014938,13.207531458679512,0.2230752670566584,0.07166892667506461
plant_0038,3,30.274224934216846,141.67183489159706,0.25156315844408783,0.09585129880391974
plant_0038,4,29.873001661891045,32.21422165173624,0.274121990023864,0.11952744129379217
plant_0038,5,19.644512022179697,-124.60275353248694,0.226059660953749,0.1436939005225005
plant_0038,6,19.81986379988588,-26.329760790994122,0.27477187641447287,0.16616164847428702
plant_0038,7,15.515913167363351,-151.18812487484132,0.2671949871313334,0.18921166217276017
plant_0038,8,32.335073533057994,-41.02120036472744,0.2925859496881931,0.211643435325353
plant_0038,9,28.55388870898514,154.45800328322412,0.2898246768745105,0.23464562677027737
plant_0038,10,33.881215826462636,-32.15056353082054,0.25429214155770025,0.25709832741265304
plant_0039,0,15.049630984844327,-13.578585614159966,0.21710210466907126,0.03701801676028316
plant_0039,1,1.0102207766126554,-159.51331948720124,0.28310548052357365,0.0743096794890283
plant_0039,2,3.3439350127444243,-30.013570613502147,0.1489370620810735,0.11117688295805193
plant_0039,3,11.378547346733711,-144.26164285292472,0.32993362880476806,0.1485213825132388
plant_0039,4,0.9511390341745596,-44.447132745137424,0.2680806863593732,0.1853577804732412
plant_0039,5,30.100343488596522,150.4019013974153,0.3456228644920277,0.22090054453127714
plant_0039,6,4.037519208015738,14.953619482345971,0.36728039972264576,0.25573163288647893
plant_0039,7,10.210282302883684,129.0179439662692,0.2855607238098102,0.29132013982075033
plant_0039,8,3.5208759917323533,141.23953104952784,0.15099008140552678,0.3261854890543972
plant_0040,0,7.074272118546418,-165.2325415279882,0.16299203384664085,0.063315546268183
plant_0040,1,2.6866495262972734,-23.78688527247101,0.23975662762709152,0.12685645541516535
plant_0040,2,3.2603566226965626,-134.40225755065225,0.48126500971593794,0.18692324335778562
plant_0040,3,1.928507595777333,17.99490524137792,0.2909542082936611,0.24724278305890804
plant_0041,0,65.63290038374808,-37.53324623429619,0.2859351402096153,0.059203342199657796
plant_0041,1,41.909935267826484,-147.53349417162894,0.312259437498297,0.11802021619508989
plant_0041,2,37.04200149129095,54.4403533085092,0.11003877193643764,0.17738173737220972
plant_0041,3,35.903944278624515,153.20636738460522,0.24724649576425536,0.23315640252857683
plant_0041,4,31.815643332137824,27.904315643332097,0.1842647397723226,0.2895764644384987
plant_0042,0,25.594666832994136,33.564434716808535,0.3717232331544547,0.048188924129971895
plant_0042,1,51.545531775108664,-127.80012360482414,0.29642781717854744,0.0962519666743926
plant_0042,2,46.52130945425231,-28.62126592411188,0.43959824867181563,0.14451613898688884
plant_0042,3,50.6405889571582,-154.20335876393327,0.4188378306465946,0.1901055009963436
plant_0042,4,24.02003796698969,-44.26872288210206,0.3410256954751584,0.23596724995772972
plant_0043,0,35.24453220000192,53.03420018086803,0.3180800599931792,0.050064463340857256
plant_0043,1,37.49416745372635,152.0678677452701,0.29974686195270367,0.09996461995678575
plant_0043,2,31.013345650977705,26.702645045974407,0.361441022218211,0.15013267693507448
plant_0043,3,17.931315448670233,139.4132195409158,0.333241685949819,0.1975014328438984
plant_0043,4,30.67631967367032,-24.940845606733568,0.3465925631986205,0.24514011801709537
plant_0044,0,9.31757862926709,-28.522506408111195,0.1330836763121723,0.0628051276212892
plant_0044,1,20.87606068341509,-154.09753891702158,0.1717476346748066,0.12557158225379939
plant_0044,2,12.565367778653552,-43.53310370874424,0.27325218187191336,0.18840444918985164
plant_0044,3,3.442588565347279,-24.622585503082302,0.2646008442961833,0.24803371766318968
plant_0044,4,11.506771723372097,-33.91270067461878,0.24931879058905027,0.3077015701069196
plant_0044,5,12.685094397820492,-144.27312754342287,0.42371102136946626,0.3673549133090477
plant_0045,0,51.669407432903796,25.97587180725219,0.3077980379056333,0.09153038655400937
plant_0045,1,45.94471406487546,136.7214911490564,0.4261802949298628,0.18314498958114137
plant_0045,2,48.81776577066644,-23.89679452646725,0.33977485026972026,0.2700733432895825
plant_0046,0,42.33100961236625,-42.55762533424876,0.0999035275732388,0.03975106459626897
plant_0046,1,24.63654562859844,154.92552448282885,0.14109581573799918,0.07991339935443713
plant_0046,2,31.93364803671708,-32.35545448611609,0.157038181916293,0.11931082220210323
plant_0046,3,25.703322812370402,-141.65991066000717,0.28887158582078437,0.1596568349937285
plant_0046,4,40.2715672314374,-43.91501692174209,0.20921133921595078,0.19698402565092804
plant_0046,5,33.492069996859314,164.65938932963854,0.3196647767801691,0.23535702521890067
plant_0046,6,35.47446856811968,-35.71898415990946,0.20210878656204173,0.2725958481792616
plant_0046,7,20.476997200119,-143.98357403825207,0.1364536450991944,0.3108722037175007
plant_0047,0,54.35205783690835,-24.164041400849325,0.24291906122747708,0.06451036070510682
plant_0047,1,52.54326104164633,146.4037593443157,0.18656429892820958,0.12871929349097436
plant_0047,2,58.87826552750185,36.02837663759732,0.2338328583220381,0.19335402416446937
plant_0047,3,55.237318626216634,134.4636968747938,0.3089879716846314,0.25432302962612213
plant_0047,4,37.8061106286332,-14.681637538307331,0.28205811768788097,0.31575621663387526
plant_0047,5,62.409018209607524,141.89889113003989,0.11113122377319759,0.37668845197852974
plant_0048,0,57.54664829207139,-34.20414390773618,0.2421438941500834,0.02388023643232917
plant_0048,1,54.3302231338346,-144.94593502646723,0.3357822330118876,0.04736312284058945
plant_0048,2,37.028051218328955,-48.092349938126624,0.334689664799556,0.07143783638294328
plant_0048,3,50.57919842066637,166.2239481258245,0.38406998228064404,0.09362016527493819
plant_0048,4,32.7454445279317,-41.57852439284295,0.4095024398136309,0.11656062109221053
plant_0048,5,42.031245729653,-150.69440050895145,0.35861294676902966,0.1387630735300031
plant_0049,0,23.33972659581842,35.578523483165895,0.17607645535620287,0.02924863755644667
plant_0049,1,26.65787736252858,133.5133480300016,0.2395115683821431,0.05856842001754021
plant_0049,2,29.618746411237737,-14.085365280118467,0.2741353183083776,0.08773560989131457
plant_0049,3,22.425021456450622,140.53521967566064,0.26270273201584027,0.1171217665780507
plant_0049,4,16.005085495499486,29.911410226172677,0.36244068117153,0.14480517972839935
plant_0049,5,15.280131040790408,-125.03471465235891,0.3021290376667557,0.1727128701167171
plant_0049,6,9.818844210237785,47.35624128219712,0.3163233389749531,0.20042799410018888
plant_0050,0,65.74307831834193,-46.31614971834495,0.3031387378607578,0.03731098175951654
plant_0050,1,50.4112787214597,165.9883918625234,0.3525027113597543,0.0741117018263847
plant_0050,2,47.77413221721139,-39.59721949723723,0.3491365318566511,0.11174559062472512
plant_0050,3,33.56956823881031,-150.58814036922416,0.3071758129896149,0.14656450496734605
plant_0050,4,34.10107282889068,55.68703875627534,0.2935738086495216,0.18228037515493856
plant_0050,5,52.52778619245042,-130.07285981729117,0.35109596404410676,0.21721312408643728
plant_0051,0,40.14362130227373,-14.334526664694229,0.22082594275343279,0.03186903351074211
plant_0051,1,37.98808729017979,141.65811763408027,0.2697848137023629,0.06365746927156257
plant_0051,2,51.103700602956906,31.383741185770475,0.1661896264812026,0.09558993169325668
plant_0051,3,39.216640108405194,-127.96147381133953,0.27582420349766906,0.12735754877554878
plant_0051,4,47.99202853248489,52.11167637579024,0.33546397593290644,0.1592820401532086
plant_0051,5,44.489325500431065,-137.18444695199202,0.4664350323760189,0.19101261392202912
plant_0051,6,40.50871754469632,-11.449898035927355,0.2145186060887623,0.22144572152623182
plant_0051,7,20.351696656584906,138.77014060100046,0.3250233429858941,0.2514989620108116
plant_0051,8,31.416261308355708,45.611605541319534,0.28285810952436596,0.2819272219482138
plant_0051,9,25.8224438695769,-178.62805488201084,0.3553677993141726,0.3119611776170024
plant_0051,10,20.74185700785091,55.685039627905894,0.24418379062484058,0.3424004839118821
plant_0052,0,66.67528339992558,-38.391462280673096,0.2260719558592907,0.08200313451103232
plant_0052,1,82.2571124125964,-148.67614844182728,0.4052415319753071,0.16426990716817583
plant_0052,2,83.97765985008184,52.220925209855125,0.27434735017017914,0.24612667659915227
plant_0052,3,75.46422756949542,-127.92216320068634,0.5799704821146466,0.3242840793426054
plant_0052,4,83.48809688107751,43.12333396493523,0.281875928819329,0.40201646355634985
plant_0052,5,80.9477421107382,168.67637312749346,0.31179444990652555,0.4801999159622551
plant_0053,0,44.94908977592513,31.271812298778855,0.4412042699090777,0.06326663008913895
plant_0053,1,31.49694688132007,-127.62787205760048,0.4759119727065507,0.1265377369404913
plant_0053,2,45.829898212804615,51.70930805902731,0.5198151297493542,0.189785612203533
plant_0053,3,27.860436938524124,-136.51002774311047,0.4601011979715182,0.24991866353955003
plant_0053,4,35.29043938543758,-11.220165765038269,0.5787707920757471,0.3099842371571982
plant_0053,5,25.736904899809815,136.8022528142937,0.5695596775584021,0.3701169347410508
plant_0054,0,13.441695595136025,53.8948697350848,0.1704240273216499,0.039296741422072734
plant_0054,1,29.659114965942926,-129.0841787876864,0.20075747609894995,0.07834296220257989
plant_0054,2,26.59453329858178,44.42894663057223,0.2542436457174828,0.11779678959223523
plant_0054,3,23.575221433561012,169.23262587122102,0.20896959658879655,0.15665525448738019
plant_0054,4,24.283445694188117,-45.11944894372794,0.24411830850472524,0.19627424898167034
plant_0054,5,14.217355054014774,-140.49281982011283,0.14490585597966055,0.23313206887022095
plant_0054,6,24.91743769704422,1.5448409085417438,0.2863242499096058,0.27084631180708696
plant_0054,7,8.979536691784958,-138.80921650879728,0.2674401755917612,0.30763305785648487
plant_0054,8,12.263612018866453,-15.799445162108194,0.17519385485267025,0.34525377015632275
plant_0055,0,44.129792240563624,52.1551401426143,0.13464678391942206,0.10903520992474178
plant_0055,1,30.01048361017562,-137.31225832611003,0.11326315980840809,0.21795119246476455
plant_0055,2,22.982160507595694,-11.508243627180697,0.18864991107919296,0.3215673876780351
plant_0056,0,32.739069162391964,43.16153342034522,0.2100830858662208,0.05878779675120913
plant_0056,1,35.72023506854347,168.74146571665287,0.2506317137415233,0.1175824259022115
plant_0056,2,36.034600502010626,-43.12455572009872,0.1699048081989022,0.17639468266168293
plant_0056,3,22.287857791134712,-136.18075583082535,0.3103628550296074,0.23221902090898777
plant_0056,4,39.99666950001637,1.4484428132473113,0.34529603349341287,0.28811412987485796
plant_0056,5,26.712104376891425,-127.7886147525389,0.24569856935860257,0.3439276406417065
plant_0057,0,41.91037047405759,-11.251248944529253,0.2597130084987201,0.0558234910304916
plant_0057,1,49.12612216687393,136.9891513298683,0.3420434234953354,0.11169237012251725
plant_0057,2,44.41426102052481,44.3368865585353,0.3058366294158238,0.16751493643962642
plant_0057,3,31.289654171383816,-178.56435159764814,0.37459640665629107,0.2205679658739899
plant_0057,4,45.682530806681,52.99620135618619,0.32288914104333455,0.2736155635078306
plant_0058,0,28.25744467313163,-42.94184022263597,0.18352800342688544,0.022041093655007626
plant_0058,1,23.459936608774214,-135.43435257047673,0.09998677554400962,0.04409406872934532
plant_0058,2,29.220136798234464,1.4257596713316047,0.15453239158536874,0.06608914275068797
plant_0058,3,24.94897980385862,-126.47616959766967,0.30529891230546224,0.08818700408393772
plant_0058,4,25.970832906960453,-13.022802938626965,0.26217378402570474,0.11014641448685245
plant_0058,5,12.335812551300052,146.76554956155266,0.13353125175672478,0.13230301705946232
plant_0058,6,36.82752585846368,-29.81164966232731,0.31174004147513784,0.15310424535678732
plant_0058,7,20.537311671438673,-176.4441060501443,0.19837577382567953,0.17420241292333713
plant_0058,8,37.29612937576366,-10.229250857802953,0.28391262698737274,0.19495391195684506
plant_0058,9,25.331596296560832,131.49083736769202,0.2989578231748209,0.21604556556575738
plant_0058,10,22.406304319323638,-33.52306088062822,0.29882329151727466,0.23684338887546677
plant_0059,0,40.05510563364043,44.76226717524577,0.3341130173826223,0.03393790952428304
plant_0059,1,13.644079687303346,-178.63659576673416,0.5021609911149768,0.0676429003631676
plant_0059,2,9.869665708646778,56.981816561857386,0.4744429092956418,0.10170054867086191
plant_0059,3,18.354531551683493,167.48785859170567,0.553912032433729,0.1336918319132605
plant_0059,4,23.19133394592528,-33.19057231627655,0.563937026446846,0.16608053754536153
plant_0059,5,20.527427024717227,151.32237186201058,0.45249830088012516,0.19808457493251028
plant_0060,0,26.694166527860638,1.4407830385150646,0.0999123021505356,0.03929266368275052
plant_0060,1,44.00550088301686,-127.0743500274469,0.09994662818866691,0.07855789800665819
plant_0060,2,29.7322042326077,-13.229727317456678,0.11892610744649194,0.11784344525979633
plant_0060,3,31.80498649141709,148.20865586382803,0.09997329281519259,0.15713056351530036
plant_0060,4,21.222373209804587,-30.122809028891826,0.09997897401023582,0.19443217449130082
plant_0060,5,23.732746993692672,-176.55839685654286,0.09998049525167485,0.23177406439055231
plant_0060,6,40.22119784535041,-10.431743519608235,0.09996911417622718,0.2690612981601132
plant_0060,7,22.87812586519378,132.94113806538076,0.0999934074153254,0.3064008087171662
plant_0061,0,32.13949853352214,52.35423273331452,0.30404762278638203,0.04232015530620109
plant_0061,1,44.177401452743524,166.5755947518077,0.25708285804842995,0.08488450277944039
plant_0061,2,26.744866251026586,-30.580999678558758,0.39075455490299704,0.12698156635866228
plant_0061,3,27.226615651474653,148.30184119812506,0.2779286689173216,0.1696488524109857
plant_0061,4,36.82709799073929,3.279816265146053,0.3271020243886752,0.20954317400866426
plant_0061,5,19.04100696666329,168.54875417105032,0.3508099326175727,0.2501535490185057
plant_0061,6,28.350064797168997,-43.609961292759785,0.411781943689397,0.2900726000089327
plant_0061,7,27.4430434332755,141.96696468697266,0.424059336620083,0.33055656501045616
plant_0062,0,45.228082323466516,-13.325157785932321,0.17634445835362444,0.05713358063862272
plant_0062,1,30.37661891671292,148.74943226924094,0.13561063673706608,0.11401172607965525
plant_0062,2,28.37468909500609,-30.962349134973213,0.26519439893918945,0.17122180355104424
plant_0062,3,22.38840486631358,-176.71707850439617,0.0999824013139968,0.2252269339860227
plant_0062,4,48.511673823317984,-10.649364643931905,0.14905339235257695,0.2795950579515842
plant_0063,0,35.96361285516295,-31.757333107760708,0.3239335166247318,0.04748518782340487
plant_0063,1,43.03895782487266,149.7104691058629,0.2887713221811923,0.09492097409398728
plant_0063,2,28.984762767559488,3.4326351605811283,0.1775527335877591,0.1424726675171697
plant_0063,3,24.56210275415542,169.64757297986282,0.35378459723972083,0.18981977451363471
plant_0063,4,41.31928197888628,-46.910769218647765,0.3968116908566038,0.23504244755360074
plant_0063,5,36.48890269191043,144.97801638496497,0.3309680189106344,0.2800274497892678
plant_0063,6,14.52646730161041,-51.571289616822526,0.5011669461821375,0.3252202308076058
plant_0063,7,44.69190839579715,130.00308325984724,0.35073785590703643,0.3702527918588219
plant_0064,0,36.69185465797319,-29.85977363644456,0.15194764363952432,0.038390368086585115
plant_0064,1,7.279626141777342,-176.13970960558464,0.2168331525804421,0.0771272018421795
plant_0064,2,23.278978463103954,-9.985561591781261,0.22050184336385237,0.115327896555342
plant_0064,3,17.673134828933172,130.0708915040766,0.26149386421001064,0.1521430743330809
plant_0064,4,17.127576412823032,-31.790883263380664,0.29638687789929447,0.1884574111693878
plant_0064,5,6.105286196555042,114.17954234249794,0.26860949705168136,0.22522011111967294
plant_0065,0,40.50185376136573,3.4004316668244314,0.18685005726127538,0.028769712698369584
plant_0065,1,39.14499779871924,169.455656918081,0.18976277747821813,0.057579052516534404
plant_0065,2,45.44406984586968,-46.257367489156145,0.16071037451257963,0.08631688339640785
plant_0065,3,53.24480329579518,144.3836677470603,0.09998007402891707,0.11370388661546836
plant_0065,4,32.547434624648616,-49.60871638305762,0.20335701646228027,0.1410014847762742
plant_0066,0,21.660358549311027,-10.625002192314147,0.22910748555345434,0.030594155185572843
plant_0066,1,25.669099625775075,133.98262554107774,0.2685790498651691,0.06106654429796118
plant_0066,2,30.93667395279254,-35.64379314792081,0.22994495050761393,0.09167837661902223
plant_0066,3,29.21723128439897,130.01166128249136,0.32091759596959685,0.12218755598001287
plant_0066,4,17.84169612019275,-50.82636711155819,0.20294956063036082,0.15123793705661925
plant_0066,5,9.44089964268268,-160.90596040476518,0.34845578073225364,0.18022529577612498
plant_0066,6,8.926091753455651,-148.08710735677948,0.4772862269007461,0.20928875549565762
plant_0066,7,11.960808832442979,-166.99953112710153,0.3267926662516016,0.23827576735927844
plant_0067,0,8.368416102333441,-47.198869234070386,0.254723492950295,0.0397883221970416
plant_0067,1,24.71937828594224,-35.75658711077075,0.40482583900454505,0.07951520913962622
plant_0067,2,15.362097981665599,130.89138856013764,0.2768875057941796,0.11935336134827532
plant_0067,3,26.816114298669454,-51.10666589489199,0.42273087770863454,0.15905978200635285
plant_0067,4,9.957594859145672,-161.4040458602503,0.36703339561443876,0.19692401280166286
plant_0067,5,18.43117734373564,33.80127601875358,0.3127137361770516,0.2346279022764396
plant_0067,6,16.573522998413708,-167.09145919598532,0.36300151797299757,0.2724761823016638
plant_0068,0,25.261450832184465,-35.51326754871959,0.22654913147575054,0.017103726469616515
plant_0068,1,14.679071021830168,129.89740992330246,0.3035440546785195,0.03418459344698431
plant_0068,2,12.431911061658155,-50.283816677858724,0.3260106563406769,0.0512811136108273
plant_0068,3,15.549435810371762,-160.33703464497256,0.4112569200271105,0.06752302977032879
plant_0068,4,25.476554781064266,32.90753540356815,0.4615854057019063,0.08375921558196966
plant_0068,5,13.62192292678796,-166.63841376560188,0.3665863908022342,0.10000196549372056
plant_0069,0,7.45320976343551,-50.00419448652076,0.20231007931460507,0.03542283547134466
plant_0069,1,47.40675366631251,129.6166331585747,0.09998975336056223,0.0708586168224399
plant_0069,2,19.90556431940408,19.598929085392342,0.09998755260984095,0.1062760251954439
plant_0069,3,14.728328182019212,-146.95214578965656,0.24796202389936986,0.13993928680775744
plant_0069,4,8.337589192840255,13.1414456051873,0.14457626486934375,0.17358237115247108
plant_0069,5,26.824339732307912,-161.8040176290546,0.10653207745792709,0.2072537020962363
plant_0070,0,37.1014534825196,-49.47814445017674,0.2203520852325817,0.02423379630295177
plant_0070,1,40.260099028174636,-159.85889245606904,0.20647167041568312,0.048875069457298255
plant_0070,2,47.214123864291,32.16166279622422,0.29114976400776604,0.07279256514221195
plant_0070,3,51.178361369396086,-166.3627442056979,0.4245643383005089,0.09756014534202403
plant_0070,4,57.95106800562843,17.736001462375555,0.26000816143572825,0.12141665092371808
plant_0070,5,34.88347924755408,141.2068519637348,0.32316538177934967,0.14494086017195965
plant_0070,6,41.40265722785362,6.337768866579836,0.275513959786049,0.16761825587999366
plant_0070,7,21.645107292714442,130.81121084697966,0.34601877194789893,0.1911147126660768
plant_0070,8,26.034860939183858,43.26291887230411,0.34356196734983047,0.2138823344799447
plant_0071,0,41.56928870209543,19.728539741019574,0.2316866022611904,0.04781975350919459
plant_0071,1,52.5762607013264,-147.20911965835745,0.2383339699478223,0.09549771302377406
plant_0071,2,31.883877619395022,13.506954685762707,0.43186183017146595,0.1433931414791394
plant_0071,3,38.03705364770746,-162.14442442334683,0.2631087188687894,0.18863124756535637
plant_0071,4,51.127575355006314,-37.31072853585811,0.282262635323144,0.23414102727117173
plant_0071,5,28.09106108752961,-173.50228073019437,0.305996139391303,0.2794165906964648
plant_0072,0,27.214082857475105,32.905324045073144,0.32065620929340033,0.05204369261754405
plant_0072,1,38.508669629529194,-166.67441722193723,0.36325814973269555,0.10410049661509543
plant_0072,2,48.977968294580045,18.08618307575506,0.3341055967730736,0.15613554181617167
plant_0072,3,50.4912879612214,142.96398201262787,0.445079702184052,0.20820669797037483
plant_0072,4,45.50390980281711,6.635786215199403,0.42245132388313195,0.25762735176605905
plant_0072,5,45.68931678951714,135.65908285789914,0.3028941618703533,0.3070988626918695
plant_0072,6,40.44838583466183,47.48388924701089,0.38833374902130147,0.35650587486695223
plant_0072,7,27.492918419843427,173.0786733099074,0.36240280530003915,0.40601725812619566
plant_0073,0,19.055003449379143,13.08900276509786,0.24984693478312528,0.02546016946767917
plant_0073,1,32.432838586388236,-161.66078667076823,0.31779297934754436,0.051186865972468125
plant_0073,2,26.18335361735606,-36.25727406593898,0.16013118912995047,0.07652502085903752
plant_0073,3,24.333347657208108,-173.1713000644513,0.2710285226933501,0.10230272203310282
plant_0073,4,25.73805441627917,-43.01942301968176,0.29213129941742927,0.12759778186452014
plant_0073,5,22.743544745761128,-130.51364320297617,0.24856219900483717,0.15334594644528016
plant_0073,6,32.92170099092138,-6.611361773332738,0.23616996506899152,0.1773638417480474
plant_0073,7,23.48940992459042,156.09860715388373,0.3751533799779787,0.20189341617319487
plant_0073,8,28.09673724142548,12.911470928495874,0.2542565366804579,0.22590226228214041
plant_0073,9,31.538207063342583,-151.06711988513035,0.1967679180127891,0.2504027901640428
plant_0073,10,22.55367324560501,-6.136580672130287,0.18577224893375377,0.27442895157283753
plant_0074,0,65.21238327221752,18.09537517414276,0.21137918601895803,0.0604946673385018
plant_0074,1,52.97358993741967,142.90655769625099,0.3227829840656145,0.12102490961378468
plant_0074,2,53.00669883012538,6.610846914614967,0.26308917950540994,0.18146754523778152
plant_0074,3,54.19610964621845,135.51709293720927,0.44441005015903584,0.23900694613748916
plant_0074,4,30.88015535954961,47.11989626664024,0.15069617756851278,0.296430497271025
plant_0074,5,42.53678067551702,173.12666528113158,0.23008523938175815,0.3539585176242736
plant_0075,0,13.802917847651116,-37.63906889240457,0.25626466512338636,0.05277042111542138
plant_0075,1,2.484702148986841,-175.06488309447312,0.4374369003516701,0.10532577532230084
plant_0075,2,17.058328780063462,-46.151664164164046,0.31058330201922185,0.15828292783778455
plant_0075,3,5.676615630953677,-138.99534946568608,0.4516314737154744,0.21078768911397033
plant_0075,4,5.0155389111251765,174.62703843691494,0.4045416782413168,0.2637730577710735
plant_0075,5,14.032589153308862,158.94130970802587,0.47863172164659507,0.3161647374184044
plant_0075,6,2.5031796261131376,-173.85754316660422,0.4406796376372386,0.36657278587866704
plant_0075,7,7.644585282173381,33.00975014226617,0.41934770793409587,0.41632785472727013
plant_0075,8,12.889639837177313,-7.2372889030059575,0.34710573258784505,0.46670228015645493
plant_0075,9,13.312388880147921,-4.482751838735667,0.3212849917777455,0.5164646934312769
plant_0075,10,1.4325413439897403,170.4096304525709,0.4576857668330491,0.5667948405022434
plant_0076,0,41.16363256561655,6.751849670286049,0.25563507455667245,0.042867232483432736
plant_0076,1,34.057202447667294,136.86557416561436,0.24200485305928576,0.08551776030204421
plant_0076,2,39.88845845503946,49.057902352457575,0.29792350523966415,0.1284333109767127
plant_0076,3,59.577506879077525,173.3334023227725,0.4152411312143481,0.16890405405791006
plant_0076,4,28.60845440620251,-24.606524870457402,0.2632322774126,0.20973693096044022
plant_0076,5,55.87851861660977,-167.0113497986507,0.49514974176178794,0.2501529871739855
plant_0077,0,81.94665211370983,-44.27326362317611,0.32136529620089044,0.02991739945033724
plant_0077,1,84.74783402736395,-132.18419216605182,0.29948631040922064,0.05961822125906189
plant_0077,2,65.28353104916238,-6.831866092632454,0.2517070861536291,0.08970115792705881
plant_0077,3,65.14465445539656,157.18929383159633,0.3819560758177898,0.11926270508085555
plant_0077,4,55.98768184269068,13.562343618174907,0.32683246645151875,0.14791690894957396
plant_0077,5,62.77200286191099,-152.32251191215067,0.3374702516021567,0.17597833776521046
plant_0077,6,56.38539081548331,-6.603089339724331,0.39282394763828443,0.2046134898801256
plant_0077,7,58.80516483795837,176.07736079634807,0.3183002453968585,0.23268715779908397
plant_0078,0,27.16095934830976,47.45287308516902,0.21073330538370755,0.05893937313216262
plant_0078,1,25.69592716133819,173.12354190806312,0.24718451639161404,0.11806516048112124
plant_0078,2,14.506861900014101,-22.1689147929528,0.43197100777840525,0.17685866350192958
plant_0078,3,20.470927474524558,-166.15512005540307,0.39437492363617477,0.23609322626586843
plant_0078,4,14.129848891069429,26.34097436565696,0.31336366611746935,0.29185494048013283
plant_0078,5,29.53402591908997,173.30864588033052,0.25572815602174115,0.3481643299234384
plant_0078,6,12.00453499445426,-3.5972983608603926,0.2501890425216386,0.4039015465289582
plant_0078,7,9.941278514926225,-142.70822149717213,0.19608967745981845,0.460182713921445
plant_0079,0,42.76039341392143,-6.863448837481757,0.16868360178609568,0.04552719243302886
plant_0079,1,49.5842452944434,157.28200086942303,0.17648212387597587,0.0906570455456972
plant_0079,2,60.118679793658444,13.520209050203164,0.32926735437704513,0.13634184132278743
plant_0079,3,36.80482566352671,-152.8466673851077,0.20665132719963733,0.17916951569845793
plant_0079,4,53.70099020588933,-6.614884989467648,0.2879414058649233,0.22254987043846866
plant_0080,0,36.55656850061971,-22.909025185193155,0.22934933371832295,0.051903451523752066
plant_0080,1,28.261604449843603,-166.4900434704454,0.1660577031914761,0.10388942121894844
plant_0080,2,29.250101892768853,27.566458986649423,0.2228294468018449,0.15571927887838852
plant_0080,3,23.33753089089315,173.33308585167603,0.33726560888190105,0.20776829902971589
plant_0080,4,29.419593590384494,-3.8908428400671355,0.28454349421064146,0.256944994620756
plant_0080,5,31.127418258928387,-145.96949162458745,0.3255424334388295,0.30640666577394066
plant_0080,6,15.664092788364783,-34.153044557512985,0.15872455366315164,0.3556076358896326
plant_0080,7,19.528470176561726,-130.29242184493972,0.24170170508159314,0.405024977596586
plant_0081,0,27.92309544230374,13.48184385950674,0.22486246835636703,0.06211517459583086
plant_0081,1,33.64440774737084,-152.23248146657824,0.38975784884605774,0.12413823365328096
plant_0081,2,22.61704765666002,-6.593038430105409,0.19401156840821623,0.1831676711456191
plant_0082,0,3.3569085355548935,-155.21337492794643,0.40321280467601694,0.029881382610786104
plant_0082,1,4.42639296937439,-7.356057035172316,0.33791526481527884,0.05949561029239651
plant_0082,2,16.229276778027995,176.19214410563495,0.35239838579830773,0.08954711140079041
plant_0082,3,9.209534975625672,36.34830689172554,0.3563954354970611,0.11909569030535362
plant_0082,4,1.9651523611934607,162.5246378297692,0.34121762942640144,0.14764698642721671
plant_0082,5,26.07703098086742,49.25384497402234,0.45855575021481493,0.1757462448499906
plant_0082,6,4.435015919157664,27.99772702633163,0.34591895644918447,0.20426063481945955
plant_0082,7,9.795699924646186,44.75514783328521,0.37566235814421267,0.2323761532487466
plant_0083,0,46.6792871420763,-6.5296872644569985,0.10430913574390584,0.015451602125892134
plant_0083,1,32.15332263188457,176.06825464740876,0.09997276148104203,0.03072246428182571
plant_0083,2,54.036140105065,33.48120275554538,0.11904969926322702,0.046264160202505976
plant_0083,3,57.38600704379216,144.04245150235465,0.24613433194411627,0.0615145072765185
plant_0083,4,47.118415758225666,48.21017287461058,0.1920598537985838,0.0762746010806346
plant_0083,5,45.920569682516906,-158.29707772400562,0.23956579308219825,0.09076051431270739
plant_0083,6,28.485049372969996,41.37585415692183,0.10614410759369552,0.10551543499380792
plant_0084,0,63.56357127828396,-3.9881182070985695,0.33679285430239914,0.023373820248780576
plant_0084,1,67.02594809809725,-146.79979447927735,0.16986699042475842,0.04674786180268763
plant_0084,2,76.05777422209044,-36.29096073958641,0.20790764605413425,0.07013491166656159
plant_0084,3,50.23690413245431,-132.5137444487229,0.2780319123808931,0.09349391307369306
plant_0084,4,55.63826643002815,22.1279743395379,0.25142951547854236,0.11688389587571113
plant_0084,5,50.3119236441507,-140.06387859566422,0.2818644766942171,0.13906781033093202
plant_0084,6,51.00936253076412,-34.34649202924806,0.21769709534829856,0.16130461403486904
plant_0084,7,50.69272239694795,-159.8790091607497,0.27256097774014776,0.18347809599737464
plant_0084,8,65.1342252772108,-28.30469480231948,0.19028941885788733,0.20570903256385173
plant_0085,0,22.353413683767585,32.86958565921759,0.18638883958541846,0.025939125917167915
plant_0085,1,8.108133281440601,141.82640785052885,0.3891914020393059,0.05201639260254712
plant_0085,2,16.527313731268578,46.068318825910126,0.3089094113001489,0.07787216779068606
plant_0085,3,24.29410719066358,-157.3338156316826,0.3797633247047225,0.10399152701993224
plant_0085,4,24.800830144000315,38.83984636820753,0.34917255783032386,0.12850727210074456
plant_0085,5,20.151821267684525,144.094035165875,0.43130861994487574,0.15335128995559894
plant_0085,6,27.03752320851939,19.36079636369726,0.49465568991027054,0.17783339618715824
plant_0085,7,22.166878181148476,150.26097219694,0.4413669902715877,0.20268289265515493
plant_0086,0,11.906844217506489,-36.56156665230452,0.30319372187584315,0.04271833472610279
plant_0086,1,42.39417772253295,-132.5878764535969,0.3423141597946841,0.08536525620199711
plant_0086,2,10.950903128400384,22.454592610706186,0.3861936759374406,0.1281250205250594
plant_0086,3,17.67230100795865,-140.3876484543862,0.48194680524011985,0.17075024653270637
plant_0086,4,13.447402333859799,-34.90252338493117,0.35757401698585584,0.21138639224661399
plant_0086,5,28.505052617957638,-160.04545149525703,0.330188885648165,0.25185048571982105
plant_0086,6,16.285298046747684,-28.912704044487022,0.47960047213186613,0.29250963701421073
plant_0086,7,9.984896242434942,-158.23147251188462,0.4213699268896288,0.3329854334262822
plant_0087,0,32.01283903288651,47.988727067447655,0.2987331135273457,0.06319782264215568
plant_0087,1,20.741268802962182,-158.36943008648916,0.4975343243474838,0.12626668636327723
plant_0087,2,21.976680369406637,40.88420819585832,0.5900418577752674,0.18951960940697282
plant_0087,3,22.028835715409002,146.65397896876232,0.33313157999711024,0.24943933231358423
plant_0087,4,14.121481310395126,21.142694020828174,0.39061709696263114,0.3095163884631445
plant_0088,0,55.56515840622833,22.075722747791076,0.3758045546721163,0.04874934467259001
plant_0088,1,43.41869349790491,-139.90738142148604,0.31903158710713836,0.09755096994142362
plant_0088,2,51.12239559049684,-34.197577658201325,0.3811317176156111,0.1463062987534479
plant_0088,3,54.27574866177993,-159.79449857740363,0.4444849996542707,0.1950891463728652
plant_0088,4,49.873800538954264,-28.249580848042807,0.47677596094106106,0.24384973314730682
plant_0088,5,46.328744636400124,-157.36542480345474,0.4916445375359278,0.29017808247172666
plant_0088,6,47.20078555586583,-49.76069040638201,0.4409096813522316,0.33652609711578113
plant_0088,7,44.60170574680311,-142.3103732443731,0.40819001307946956,0.38282853089034424
plant_0088,8,31.985354361469504,-25.62769858532271,0.4407264114216572,0.42920066613966085
plant_0089,0,48.779413053104406,40.06785582890819,0.19278792225550806,0.04940505204247399
plant_0089,1,50.9290980670927,145.84681265425476,0.19211537217447927,0.09878570749554723
plant_0089,2,45.14024497815818,20.22840577935301,0.13850374738123453,0.14821356111493914
plant_0089,3,54.24307307255102,151.77687105375625,0.2678488223997322,0.19512449353650052
plant_0089,4,41.2937917665624,22.713031266594157,0.32877189231234233,0.24207267110207464
plant_0090,0,22.067472336826697,-34.893458541745844,0.208732142437519,0.044726637011996806
plant_0090,1,19.743279381032565,-160.67727014314698,0.13955457096094542,0.08914321254583893
plant_0090,2,24.65993337595792,-29.55602068094091,0.2001661152395537,0.13407907022719875
plant_0090,3,28.85676858818413,-158.45529672741915,0.2789291610202805,0.17616261841326034
plant_0090,4,13.4249146225998,-55.28348305058984,0.09998539332219995,0.21880646581426608
plant_0091,0,58.80947921945312,20.19825932926807,0.16522027331068567,0.03514669094806789
plant_0091,1,68.04341505556833,151.7366209824107,0.18955022892842477,0.07029279116650253
plant_0091,2,75.86307488786008,22.645270143323103,0.19284743136946417,0.10543162898948008
plant_0091,3,57.46137707128113,130.30710058082633,0.19006186327074906,0.14058281082838622
plant_0091,4,44.534862335684636,37.80709539286471,0.22168887989305255,0.17396748110436427
plant_0091,5,48.375416868641956,154.51785511407996,0.2973601486243656,0.20736176409396417
plant_0091,6,51.73837673427748,28.549977666668724,0.16597594458225773,0.2407402383682328
plant_0091,7,56.160135870719955,-154.68298523832644,0.20761372412511045,0.274137144803338
plant_0092,0,10.883713906961773,-29.000973238628596,0.31717182526839416,0.035119006141019725
plant_0092,1,11.371954248034115,-157.99360550555872,0.3773781963228033,0.07005974945875161
plant_0092,2,17.65946403964452,-50.64880465113329,0.2763532827512253,0.1052292909954068
plant_0092,3,30.543652201952916,-142.75703119163254,0.2371344640378202,0.14017126195655255
plant_0092,4,8.575809708303808,-27.496019924005093,0.31562027388339203,0.1736393046513158
plant_0092,5,19.602570409385123,-152.55139321117184,0.37406760881439544,0.20676161853829297
plant_0092,6,0.8851492151944882,55.720848899538225,0.33746412004436593,0.24025264362654122
plant_0092,7,18.38546961814818,-152.44678302005224,0.19652034947582994,0.2733744090862396
plant_0093,0,41.122681680714464,22.627764225071303,0.48831524301282664,0.07003544274589474
plant_0093,1,50.990496869729114,130.19121184723096,0.43856935591218915,0.1401142813483457
plant_0093,2,50.687653774328496,37.61419221935006,0.5484536504574002,0.2100816575475675
plant_0093,3,43.433741586159556,154.3323270939107,0.6345189669216565,0.280238129738433
plant_0093,4,41.6928091358172,28.3308882943943,0.6054339702317941,0.34666306681488607
plant_0093,5,48.38788347763363,-154.4850154147126,0.5458054955779054,0.4133159402826402
plant_0093,6,50.52815765837544,28.835013268295995,0.59513013806591,0.47971923151367185
plant_0093,7,36.60505842759222,174.00759020922538,0.5304372487397874,0.5463969293403149
plant_0094,0,12.081401659137754,-51.488061563768746,0.26965541204533056,0.06292786902496941
plant_0094,1,30.413119826718315,-142.89675764619793,0.24880856577579086,0.12556526056056624
plant_0094,2,21.187224146506665,-26.476070920591273,0.427731565416842,0.18867445317984413
plant_0094,3,19.876049543624717,-153.0333278891759,0.3595243381269631,0.24806208984817238
plant_0094,4,2.8971782251690286,-166.41016756508893,0.18530174082689566,0.3080261035204595
plant_0095,0,38.36780833369682,38.083338377916334,0.24541186331018452,0.030327621753933977
plant_0095,1,38.40329506067149,154.7939717503715,0.27571612621836766,0.060483781541533096
plant_0095,2,16.108454687094465,29.338655036028,0.25546095823587134,0.09089338332666506
plant_0095,3,22.762800072161397,-155.21034988612618,0.36809386697987584,0.1210443827801315
plant_0095,4,17.492009530123397,30.057636813535623,0.5106683689289803,0.14992957458699568
plant_0095,5,14.21091212818608,174.41553490505368,0.36373856920665565,0.1785608112633329
plant_0095,6,25.660074311779937,-38.53868824307775,0.35751591476722167,0.20745283699337447
plant_0095,7,8.789280844055696,155.58575510582665,0.2652527148417194,0.23608912259891843
plant_0096,0,32.98840404657529,-25.59539602556308,0.2743106937628374,0.03757177237972617
plant_0096,1,46.12615109305592,-151.5455962483315,0.32909461899362163,0.07500870288392437
plant_0096,2,45.78343791129016,25.4639881847703,0.10632907593967303,0.11075832895799857
plant_0096,3,47.52229898120941,-151.00840304671073,0.25124340964883474,0.14631969678691
plant_0097,0,56.3937486052721,28.738842899879387,0.34326761940760686,0.03517440745347451
plant_0097,1,86.78114480490068,-154.74017983391337,0.27353136088845104,0.07019277712484688
plant_0097,2,57.258580638799664,29.474148727751583,0.24678519353786177,0.10545735985880023
plant_0097,3,53.19651671682526,174.23354351944133,0.34366477031429454,0.14042055393811068
plant_0097,4,63.4358123252475,-37.8103195144166,0.3966082057527143,0.17394249887742555
plant_0097,5,46.75204033906417,153.36577900634146,0.38647987082629387,0.2071757271674964
plant_0097,6,57.0664133797241,-23.448003372442297,0.3853873849866459,0.24067220022418961
plant_0097,7,35.037480726755845,-179.96248037169536,0.40247379724886956,0.2739150727102316
plant_0098,0,23.091646430578294,25.207943241351018,0.31477797987550543,0.03134078071028061
plant_0098,1,53.4066741173704,-150.75270887779467,0.2558181105659278,0.06273009982989732
plant_0098,2,46.62207024362382,-5.833738361604366,0.14956603237870378,0.09405222424620026
plant_0098,3,25.28800693873727,142.4001228124967,0.27969878493146816,0.12543697367485146
plant_0098,4,13.218092966831634,-27.00926584142049,0.28699355064220444,0.15520669223327777
plant_0098,5,23.408287145479065,156.89863505234874,0.303230254167787,0.18499679003061398
plant_0098,6,26.709812123369325,0.03880916391113942,0.3080987967089675,0.21479841511880998
plant_0099,0,9.758713759645602,30.38233665861452,0.09992834880455649,0.04479283045065696
plant_0099,1,12.927950059028404,174.4437251261248,0.18661367476939927,0.08929065175481911
plant_0099,2,18.69421395359096,-38.982657003843315,0.10475035358821329,0.13425358550873284
plant_0099,3,15.7584823856958,154.430307648284,0.14431080831327922,0.17869853193307825
plant_0099,4,24.054434061605647,-24.06845150553821,0.25548586706183,0.22144856050832137
plant_0099,5,9.543338087544853,-179.96608546403624,0.17554014621414982,0.2636265039062015
plant_0099,6,7.542675764790303,-59.21619536843151,0.14520486123330334,0.3063347000757021
plant_0099,7,3.2114631037463255,-159.81351185859225,0.22045303191499363,0.34859474921797756
plant_0100,0,41.428976042351835,-5.849241660723677,0.3672586679573153,0.04270346765310739
plant_0100,1,27.177182616438813,142.63671749423324,0.2737732097197301,0.08539028320056885
plant_0100,2,39.235013845168,-27.21450486248136,0.44810961377325575,0.1281057948030962
plant_0100,3,31.595328090879335,157.03089449270698,0.39981342678906157,0.17077807160059788
plant_0100,4,29.2607260121298,0.03906806143885433,0.5562232084345101,0.211370904013866
plant_0100,5,31.752955616943126,129.48142086171802,0.30355413558000294,0.25190958544828745
plant_0100,6,27.049716108705397,36.81545961507476,0.4875713194761009,0.2924907742426323
plant_0100,7,10.524264025183726,162.8244023725808,0.41280565723703105,0.33303277119370045
plant_0101,0,40.00384805386645,-37.63393263733072,0.35664193305540687,0.028895136687605183
plant_0101,1,30.984929258625115,153.24595851213982,0.3251182767338282,0.05761433735913528
plant_0101,2,28.78144576935116,-23.590531957177184,0.531215019055796,0.08668693310758432
plant_0101,3,37.06630001802058,-179.9619911974803,0.43142973655563716,0.11527024888665319
plant_0101,4,13.061494997752831,-53.965075090931045,0.4413459238464017,0.14436992827088121
plant_0101,5,20.113594215515775,-145.3722384082231,0.43381123495338575,0.1715427240992532
plant_0101,6,20.22146840312331,-18.93882659499714,0.38302097780292305,0.19926369112825895
plant_0101,7,13.071129499895463,153.9879318197854,0.5581180159843401,0.22631184358395956
plant_0101,8,21.00285326277597,27.385212516831018,0.3529143432588858,0.2540389748761047
plant_0102,0,16.894666639871687,-27.972494496673008,0.3612904172255248,0.029616767287376996
plant_0102,1,21.584816450580675,157.82964795120034,0.4171263650571576,0.05883782482953865
plant_0102,2,19.513529329417793,0.04115927455683277,0.3930571950191967,0.08876046555517869
plant_0102,3,24.372681695066376,131.9460685579599,0.41421110248475257,0.11784338959703594
plant_0102,4,16.896969430997814,40.3347280236577,0.3384992390619434,0.1477679179672695
plant_0102,5,30.128284924651894,163.4432047104848,0.4322438851826491,0.17669201516397434
plant_0102,6,1.2868605751396132,-123.75877378380326,0.4114290986140724,0.20530509957306528
plant_0102,7,3.085383133895121,48.82796960818371,0.414645981426347,0.23270610243563006
plant_0102,8,23.377355866341077,-22.343328603425476,0.45213816718291516,0.26131283378231274
plant_0102,9,15.46975866898876,179.66015806360292,0.500465141780531,0.28865708046498917
plant_0102,10,5.830995742782434,43.57952131814477,0.4653511569152814,0.3172116754467895
plant_0103,0,31.521846430308358,-23.20505206638981,0.2141117609976105,0.017503618677935172
plant_0103,1,23.880424341967768,-179.9615231108352,0.17925197047955643,0.03491900157658356
plant_0103,2,36.77527365925862,-51.12179405675981,0.09998044784153827,0.05246090280731473
plant_0103,3,48.67328101677109,-143.73834077283863,0.15964245335292865,0.06898392337470083
plant_0103,4,42.07420211763878,-17.89402586236963,0.10268921783548973,0.08569104183075298
plant_0103,5,30.205021497746984,150.60599053053394,0.14292458409504444,0.10220108662309045
plant_0104,0,55.85741106357953,0.038680192347271714,0.3146859064911377,0.02123963549817154
plant_0104,1,40.733591155468865,129.09255763854327,0.25688077372922385,0.04247546268760613
plant_0104,2,54.81772120421613,36.41099555642086,0.25424777160984613,0.06370878209817998
plant_0104,3,25.986072110343144,162.23448338299622,0.27749656976603193,0.0849495137165896
plant_0104,4,48.715780410936276,-29.778183417881678,0.24237921961183467,0.10513351777192202
plant_0104,5,35.3790664803847,-154.89020991996722,0.16623516233380248,0.12528300165228295
plant_0104,6,40.130476613344264,-20.0388843709768,0.1657498779667759,0.1454920679465707
plant_0105,0,53.52370231829443,-50.77518535108658,0.15606867245547065,0.029997428383800057
plant_0105,1,41.41404093257952,-143.43467189830255,0.22855024472693933,0.06008239243774802
plant_0105,2,48.69817610308003,-17.715523325796006,0.12261261247209812,0.0900479428649057
plant_0105,3,32.186897458425115,150.0769598499252,0.2082559210980891,0.12013906925175309
plant_0105,4,55.18915055180233,25.216225245500084,0.25538646832252687,0.1485812700200419
plant_0105,5,58.096709708575105,160.0425373804099,0.09998659211107719,0.17720133997003742
plant_0105,6,43.52403330209913,-0.43372505348009255,0.13961569070245133,0.20563084033708476
plant_0106,0,73.65688053241813,36.55335111670621,0.24849008348172333,0.0473676321405417
plant_0106,1,71.00036247784925,162.34484790145598,0.3576790649230177,0.09429287402153796
plant_0106,2,67.48836343275077,-29.97264857802369,0.35730512023357974,0.14192876196798646
plant_0106,3,77.42022004604887,-154.80468756661278,0.3058011605009876,0.1887489634666377
plant_0106,4,83.12229961657968,-19.91770648959251,0.3501494477127676,0.23404419248563071
plant_0106,5,71.7816498519454,179.56639823852117,0.2951619511494816,0.2784799283855392
plant_0106,6,92.8877274764221,26.86374908219159,0.383792585195578,0.3237246040236088
plant_0106,7,71.77038742187881,-157.25351001683987,0.303699476138362,0.3682652996306287
plant_0107,0,34.59878976733718,-17.777785888991055,0.24248790111983246,0.054479615337411316
plant_0107,1,22.455013109317434,150.27496289211672,0.3637762129877594,0.10895016973924607
plant_0107,2,19.264772279906865,25.368803884615033,0.33418851502703306,0.1634250606975735
plant_0107,3,23.235742885152263,160.1626150984144,0.28082034076602946,0.2151702548579129
plant_0107,4,31.763309897703124,-0.43794050154510306,0.31108929025266435,0.26692157177172615
plant_0108,0,72.10308902432564,-29.746423256544926,0.3500281215229505,0.0626515398737636
plant_0108,1,52.42199339008826,-154.79106231500043,0.18484055941973834,0.12513116939905275
plant_0108,2,79.73230737110136,-19.879451767789043,0.2962240442309865,0.18787787591353214
plant_0108,3,65.74718974942448,179.56379049494237,0.5440340142279521,0.2471936102122455
plant_0108,4,57.456669389163785,27.095416645835314,0.5265873526175436,0.3068079812350053
plant_0108,5,63.640907264173535,-157.14705317462818,0.40433152134254735,0.36614457010731544
plant_0109,0,68.97476568457103,25.37555695663883,0.38075318373334166,0.06470289156352037
plant_0109,1,87.34050692969802,160.15655858095624,0.5570696440616595,0.1291940409242286
plant_0109,2,67.32705743762043,-0.44025351035935784,0.5465175971546221,0.19407684546985213
plant_0109,3,68.31959027153553,-153.25409901131056,0.6966983129769719,0.2552120112068529
plant_0109,4,65.68674232604272,23.18650060876081,0.5687781404026016,0.31688898964074275
plant_0109,5,71.56018966325482,-157.9114716019498,0.4706894703402286,0.37803651151485734
plant_0110,0,64.52354887340994,-19.7842422329118,0.3675941600750524,0.04508874405743561
plant_0110,1,62.84390875936279,179.5592026452445,0.4001491597607832,0.09042695353459522
plant_0110,2,52.10976945766282,26.59195136695297,0.35952277471354677,0.13535571562589357
plant_0110,3,50.43954139572458,-156.66783077015458,0.49495836057462417,0.18073889961603604
plant_0110,4,60.82752897467666,21.98864178581499,0.4413508023107594,0.2233969682991886
plant_0110,5,46.403173282084964,151.84055151300694,0.43661535974606414,0.2665085738399603
plant_0110,6,55.1420528457865,-39.05934696137374,0.4897787113880691,0.309203837920446
plant_0111,0,44.6189843323039,-0.437104508398534,0.21689969432274434,0.019259540708653898
plant_0111,1,44.29129760906212,-153.06655731914825,0.28574558448240106,0.03857800526871731
plant_0111,2,45.84541346611449,22.97631391192448,0.17293904049350653,0.05784561604354806
plant_0111,3,70.39932551348068,-157.7481810014448,0.36274440499013383,0.07715142844265907
plant_0111,4,53.07000728248576,-27.49238449836827,0.21178369774184141,0.09543874158995766
plant_0111,5,53.40524765418345,140.181386433234,0.23876881639977846,0.1137933239911846
plant_0111,6,30.178950836809967,-43.009994795076665,0.1378408915788046,0.13208723031796574
plant_0111,7,41.29357351456829,149.40887166571045,0.0999981245018898,0.15042398370821722
plant_0112,0,39.401728872877484,26.84504091410446,0.3477657355321736,0.03783085617276993
plant_0112,1,27.17185363151416,-156.89917209813729,0.44759801040409647,0.07570021822118184
plant_0112,2,40.13360625058163,22.1626526883382,0.31114593021302633,0.11351308066043699
plant_0112,3,50.26913674965054,152.38244634522255,0.35939974727610463,0.1513864105250144
plant_0112,4,35.292602029072256,-39.57087824765567,0.4133609950321907,0.18920331771366206
plant_0112,5,30.53632911038531,136.61031423849852,0.3773574567748125,0.225174926750836
plant_0112,6,25.00424370719672,-30.288339698796957,0.33620068760481936,0.2611034385387707
plant_0112,7,36.87978141582628,156.76904005935123,0.3912878767669488,0.2970788113891898
plant_0112,8,41.850747530963794,29.70167944381859,0.45090678248070903,0.33300682578034785
plant_0113,0,26.687695100676365,22.896560127795226,0.21615910396620028,0.025015589361270508
plant_0113,1,32.22020583752365,-157.60328253988484,0.25839679795634063,0.05016156984667554
plant_0113,2,29.013432550991112,-27.1965230718964,0.35820844917464933,0.07505831419971615
plant_0113,3,30.662696341707374,139.71527784467614,0.4173519625961357,0.10027672238330021
plant_0113,4,0.4908870209950891,2.9187772159932592,0.25132234748663906,0.12391987179982508
plant_0113,5,15.049597671066579,148.4944748973002,0.4588293996241505,0.14785556510533435
plant_0113,6,23.52474061762132,-22.559706016864823,0.41686068575283647,0.17150572193152236
plant_0113,7,21.072353049306827,-149.3110937151338,0.34423802295670025,0.1954370591454905
plant_0114,0,44.14177005532607,22.03366822773137,0.39605483700256555,0.058959352375124355
plant_0114,1,35.95779209232983,151.90307331231418,0.4445427743440067,0.11813388153424127
plant_0114,2,43.79685558892136,-38.931671190708904,0.5870228829890352,0.17696976347471324
plant_0114,3,40.748131096252514,135.5990697074797,0.45404522576870476,0.23321198192897974
plant_0114,4,28.728572679731364,-28.74791112802342,0.29452554057182706,0.28904890856080767
plant_0114,5,20.87543230032294,154.7488383555026,0.5581408069592497,0.3452935933308045
plant_0115,0,3.3313899026590406,154.53147161979905,0.25362865783408095,0.04579248101031781
plant_0115,1,9.033551827247152,-41.3246510297507,0.20474367322309486,0.09151183693850189
plant_0115,2,1.5370341561545047,152.05155163066945,0.30698051260612746,0.13734422269870764
plant_0115,3,22.86822233667283,-31.41979975903947,0.28129218917111476,0.1830284151386432
plant_0115,4,5.801718669950716,159.9394977206636,0.2864569984453051,0.22889000220745678
plant_0115,5,27.803766513951906,30.564472696878397,0.27321691757226546,0.2722794764415077
plant_0115,6,27.747191560770574,156.125278142711,0.3072081522256539,0.3158341924900106
plant_0115,7,1.4578500965421028,-158.48905469087785,0.2589288400476783,0.3592474555417364
plant_0115,8,20.41125209152682,-150.01766350867013,0.25601239111666174,0.402779110797231
plant_0116,0,27.45153030070434,-39.56249878197696,0.18657322675595508,0.029264428265149755
plant_0116,1,15.095444786321124,136.0719037847933,0.09992670250595312,0.05857569226707596
plant_0116,2,17.48401417874574,-29.868157013416827,0.25168127403506485,0.08779553475207355
plant_0116,3,21.166119635870487,156.39851249131837,0.1379130670778205,0.11714299761200242
plant_0116,4,24.5435187769274,29.221989278464605,0.13957754418090038,0.14487970775782333
plant_0116,5,2.3656395510153345,-18.556354686240816,0.0999847454103308,0.17276164411125433
plant_0116,6,1.4482107142210623,-110.98500130645917,0.2868217278456478,0.20051724402483803
plant_0116,7,5.642730274319561,-145.12222499438147,0.14572228064541004,0.22837453384289225
plant_0117,0,33.111110334885964,-43.020802119437185,0.2403127718894147,0.06503966831830107
plant_0117,1,28.992461520776402,149.27229452873055,0.171764677524911,0.13014986895199754
plant_0117,2,38.67740043022694,-22.980902454078407,0.16276895157908652,0.19514791071298151
plant_0117,3,33.02307654823937,-149.94465780441146,0.3493704445281346,0.25701449279802696
plant_0117,4,19.768921550648088,-24.098451760514497,0.24179424699907623,0.31876280872302365
plant_0117,5,39.58647939781059,-129.78330074831376,0.305800250131916,0.38061550479887457
plant_0118,0,31.273253532113188,-30.328028709010628,0.2308919952384385,0.026731688584118413
plant_0118,1,31.00369834823941,156.6959924378582,0.25192194901377324,0.05363256098138759
plant_0118,2,39.25330404384815,29.625433056507802,0.2504242439402224,0.08028880341773996
plant_0118,3,19.8248543105818,155.00200786478337,0.32527596461659125,0.10720847749072084
plant_0118,4,10.7499131749354,47.75158504132207,0.18626255776851183,0.13252529972132082
plant_0118,5,14.542519512883771,-147.38169883428145,0.30554808963001245,0.15809822534178103
plant_0118,6,34.57180183488847,0.29921057057998723,0.27446804051108287,0.1833648982015109
plant_0118,7,16.532879058517736,-125.33479397121276,0.21969672709179047,0.20896359087754296
plant_0119,0,46.47823766793603,-23.024919055024718,0.24851447883700153,0.02820236619891113
plant_0119,1,51.748897769482895,-150.0136556009891,0.1936155369783993,0.05654034695928585
plant_0119,2,29.394924906736023,-24.059603322585467,0.18874285268050447,0.0846410351558542
plant_0119,3,43.36842093770432,-129.47311565550504,0.2869917220156266,0.11161866876273663
plant_0119,4,46.972447241474896,30.816179709635833,0.2897627508679593,0.13827796820590724
plant_0119,5,25.65757028900032,-179.68053912598742,0.3195083791519271,0.16529778342707935
plant_0120,0,35.702237595076575,29.394371786888087,0.3242700862813789,0.0188141084241596
plant_0120,1,52.718317091211325,155.20905565804787,0.38366081031152244,0.03822732577064558
plant_0120,2,38.957575347175265,48.66766650508049,0.2906920408366848,0.05676528522357116
plant_0120,3,39.806597257799574,-147.65926216655544,0.3677909049888235,0.07625106216921489
plant_0120,4,45.22295224019397,0.2957951979028053,0.4368132320609348,0.0936357363031055
plant_0120,5,25.287605608384695,-124.12595975818502,0.39363421289247597,0.11223270462222344
plant_0120,6,42.54571993625539,-13.649666975647046,0.3105223518440743,0.12974920423665742
plant_0121,0,30.933357768059658,-24.234942008721767,0.43225295220671967,0.029372890427582572
plant_0121,1,57.92578148071854,-129.8978455730025,0.4729736630356116,0.05889629658064751
plant_0121,2,34.539342653072694,30.955325947198332,0.2971044158264051,0.08821832851735423
plant_0121,3,13.009024396450243,-179.68365001144437,0.409131380410938,0.11775595739073824
plant_0121,4,14.614780510311917,50.782076777353495,0.5040656281789159,0.14709906298860054
plant_0121,5,26.929530976487833,165.48963942784923,0.5091206923609485,0.17511848620213255
plant_0121,6,10.352586758333146,-32.00682230213321,0.5398082213065183,0.20300978762340105
plant_0121,7,22.9542989124989,160.9349457720454,0.39563193228082894,0.23101679157910096
plant_0121,8,27.93050909931553,22.828758873116897,0.4820003706796221,0.2589202121274857
plant_0122,0,55.431251766595395,49.85038747681858,0.27162232770457745,0.03716963766267481
plant_0122,1,41.96525979963454,-148.59288440956308,0.20198537916713832,0.07436063859305266
plant_0122,2,35.866277565380166,0.30527854813925615,0.4771437536220858,0.11151221207231711
plant_0122,3,21.936812652366882,-127.84150927200692,0.3895643753958816,0.1468403939879508
plant_0122,4,42.56553176583956,-14.310394537338015,0.3695306251875492,0.18215147743598323
plant_0122,5,36.075493269575475,146.91127261941037,0.3110227646704783,0.21746746929820612
plant_0123,0,40.779808799544185,31.421132951742322,0.19873491522548717,0.06187983286394537
plant_0123,1,51.01503180354943,-179.6952908976203,0.32656563215180934,0.12368374371248926
plant_0123,2,53.85421001414931,52.27237959092378,0.4352778946154763,0.1856156597839454
plant_0123,3,41.32665349254681,165.8347062618445,0.43868270077691174,0.24738652457868307
plant_0123,4,56.13795110446834,-33.3628657172669,0.3099509999049344,0.30627333179552974
plant_0123,5,40.706108392101314,161.59829944207706,0.30269481539815724,0.36489137421705453
plant_0123,6,47.98475461376642,23.575837902072408,0.24551386150135432,0.4238118865242179
plant_0123,7,31.104302761543195,-178.94342243618036,0.36759585117927224,0.4823982176137225
plant_0124,0,8.683015375946681,-179.67858011553275,0.09996185029170342,0.044041256604036856
plant_0124,1,17.01632623145322,49.99573098500724,0.09999618221759939,0.0882164116964221
plant_0124,2,28.639622477034727,165.2276234540638,0.0999994936016805,0.13218350280404215
plant_0124,3,15.6580719517642,-30.711211761619996,0.17491327726263348,0.17418879188188074
plant_0124,4,20.6740385791864,160.09863549390178,0.23090423243030048,0.2159472656139265
plant_0125,0,12.912649093410707,49.88157136236367,0.23186580889438363,0.04318036316650152
plant_0125,1,26.52885967188123,165.30647768662058,0.2863909714425657,0.08663193732695584
plant_0125,2,22.03216931142113,-32.01823952239267,0.32437276349268823,0.12965679148591408
plant_0125,3,7.655470721285141,159.08013907591535,0.4375551961709678,0.17311920920396087
plant_0125,4,0.6191129965397693,-115.34977967742017,0.3878765157928718,0.2139869170746815
plant_0125,5,14.621886709323803,1.0159333456474542,0.17106883487563607,0.25528273234472076
plant_0125,6,7.010348157493624,-2.7288445373346515,0.2391081937834767,0.2961767093220791
plant_0126,0,26.66090239283499,-14.603276224074035,0.24696948299722027,0.07862636765014365
plant_0126,1,40.572358971235445,147.39073895689853,0.2689828349406162,0.15688780496508187
plant_0126,2,20.1824548022674,-19.51653833147439,0.2955205940091525,0.23562381869038806
plant_0126,3,16.27044693693979,-158.354476947834,0.13626865782114567,0.3099522358282784
plant_0126,4,18.54616800636785,1.1716869617407042,0.09999861811949726,0.38474128570521476
plant_0127,0,53.28153634629209,-33.14924347213536,0.19125660173890027,0.029875838545161224
plant_0127,1,40.026540890929944,161.31494016750062,0.19527231233438333,0.05968693588596371
plant_0127,2,54.51684190266085,23.211347484336784,0.09988855863177468,0.08960049966028448
plant_0127,3,25.421895604542897,-178.91143216029218,0.09992746595198168,0.11940013153518844
plant_0127,4,32.69546136311379,-3.2980599939068393,0.13601459728601964,0.14782461022984925
plant_0127,5,21.647510444801142,-159.42692766126612,0.09990487793776481,0.17612641206975252
plant_0127,6,14.165752642511393,22.955541908575185,0.09999465723240866,0.2045467791379601
plant_0128,0,35.7684882432449,-19.0418558874425,0.3093663601541309,0.09765488469680271
plant_0128,1,53.30581657624185,-157.17387016019254,0.33911224660192774,0.19503416809636684
plant_0128,2,40.192671862001816,1.13343817576407,0.2931503266760194,0.28793775115135123
plant_0128,3,39.08571465994012,176.8513187206722,0.384879420591959,0.3803670419276324
plant_0129,0,59.24853613103888,23.43968308692746,0.28510711637012315,0.03338868080627316
plant_0129,1,48.80640565500094,-178.9304054502867,0.2520049544729069,0.06539839283425128
plant_0129,2,55.42215985864751,-3.351339289063568,0.24723411114538835,0.09954410745459684
plant_0129,3,39.16578200871516,-160.11867627935865,0.33869387911885857,0.1312956922287476
plant_0129,4,51.16025652075539,23.159756554766602,0.2279582640118062,0.1654756245264018
plant_0129,5,55.025974781742256,-174.20908811832092,0.5070522378915945,0.1954673034431107
plant_0129,6,62.37321649696068,2.181399872810573,0.3483709180974807,0.22807168486738355
plant_0129,7,39.33801861769792,-139.92654211850004,0.40978692583598203,0.25822687677886524
plant_0129,8,61.678431748339435,25.29007924183719,0.2974636476410387,0.2904335238894462
plant_0130,0,40.83729020167838,1.0996086190617689,0.30015858790822264,0.017097445343313037
plant_0130,1,40.95299173607026,176.72324039336002,0.3893493035048293,0.034204055224773815
plant_0130,2,56.53923317239179,20.887275877984678,0.31702504331621484,0.05125310487518589
plant_0130,3,7.492416641021194,-156.65473149920493,0.285640365235371,0.06755439929954657
plant_0130,4,28.751303584763306,5.951989160984397,0.386607115603544,0.08372855455627491
plant_0130,5,24.312604184415434,-177.85619830772868,0.3616766492353681,0.10002194537052483
plant_0131,0,35.91311631219341,-3.2840068267218743,0.09986665437002161,0.033948881510775304
plant_0131,1,32.05298926479048,-159.2158388577697,0.1187009710642309,0.0677516301028004
plant_0131,2,31.49944853176688,22.597837841987996,0.23810124194828428,0.10180160209973492
plant_0131,3,18.359272956047988,-174.22471745556066,0.194726323471168,0.13548221888178755
plant_0131,4,34.9299494034936,2.1688191116039093,0.22874716964518005,0.16797899962092336
plant_0131,5,45.92813433980055,-137.37814198233485,0.18358755902793186,0.1999089593524845
plant_0131,6,38.841615529088756,25.099679311787497,0.2597642793667862,0.23236902652315883
plant_0131,7,49.82654650330968,128.2532176409133,0.24365931962060206,0.2643329990240825
plant_0132,0,65.73964233132025,20.948392157251078,0.10035650895747661,0.051337268701581604
plant_0132,1,45.382835804423394,-157.69438388603558,0.09999920423185493,0.1026816732073255
plant_0132,2,55.600062396656256,6.021234487534571,0.3091972631460668,0.15144200719388468
plant_0133,0,51.571432527446696,22.410786978068984,0.10743089880584845,0.013840639372228092
plant_0133,1,42.87717494644442,-174.05767781148367,0.09999766442958982,0.027410316105994908
plant_0133,2,33.11402978564412,2.1705409510094,0.12053687678545984,0.04146542911009083
plant_0133,3,14.233892291093298,-139.64749964401346,0.09999995740440515,0.05496066069799456
plant_0133,4,20.474767829818575,25.665207233124306,0.22163250329032752,0.06828480981291778
plant_0133,5,36.20372533811243,128.55784931647082,0.19292249786758162,0.08115085489839917
plant_0133,6,33.90411578245098,-1.27030695994187,0.17040532202327796,0.09443789715060719
plant_0133,7,21.04619865631308,-166.2438949974277,0.25140827369005114,0.10727554520806042
plant_0134,0,69.06081778985646,6.032213320850246,0.32151770513248357,0.05718484984545037
plant_0134,1,82.81876247432513,-177.88777623223663,0.2558044275829152,0.11426338307630153
plant_0134,2,36.037798623139714,43.66798889010323,0.2854143745207611,0.17149588442426691
plant_0134,3,57.93819531803986,-155.70903222345873,0.3559206956447074,0.2285703963679075
plant_0134,4,48.675138025960734,-53.01612133577697,0.40538137262939905,0.28293358130750434
plant_0134,5,37.52782585089695,178.78769560879573,0.3977273749854108,0.3371422678098306
plant_0134,6,42.12933539350358,14.980358105476398,0.29762200291429114,0.39156916376120776
plant_0134,7,54.39916335509867,175.69229829036217,0.36555680959835085,0.44570728782714647
plant_0135,0,51.12885580380086,2.0952685728101414,0.2564721793782557,0.02358657701010857
plant_0135,1,70.9720215360882,-136.3433454478741,0.2908554594454302,0.047525534367567554
plant_0135,2,23.12181649377837,23.308000206538964,0.2830103033208541,0.07094162777822483
plant_0135,3,45.53220482829453,126.26639665155753,0.22068390436029903,0.09490292428579092
plant_0135,4,82.5264255389094,-1.2205351821781107,0.4238607470969306,0.11832340891876772
plant_0135,5,38.774828660437095,-164.72462971206141,0.3283299209952002,0.1411791357751438
plant_0135,6,58.47527187076028,-4.26707638075005,0.30869845769920684,0.1633302803541303
plant_0135,7,33.13695373625927,168.32813732466533,0.2871581346456268,0.18620433661573518
plant_0135,8,58.13242606026742,40.3221869068139,0.2659962316107239,0.20837836576022511
plant_0136,0,59.589042025075756,43.34578885960235,0.23253318533224437,0.045699986458971754
plant_0136,1,35.96708018930175,-155.50168290001093,0.21383205374945538,0.09146774243208165
plant_0136,2,43.70496003225754,-52.650239110672814,0.402994085345121,0.13715015073816353
plant_0136,3,37.99631208488457,178.77079211708278,0.24524913513380403,0.1806101827014948
plant_0136,4,35.876877408161526,14.723256147345523,0.20047951323823845,0.22402131154256924
plant_0137,0,20.05590388213858,24.15628867038049,0.28612490923857087,0.03448474114687175
plant_0137,1,8.328429773788912,125.73668290043105,0.3529809308125862,0.06909726130955543
plant_0137,2,25.616907473870114,-1.2076488383266235,0.2833714404768888,0.10350039624462781
plant_0137,3,12.027725442510402,-164.76040979255055,0.2607460523451036,0.1381885568449643
plant_0137,4,23.497932910868954,-4.293883977870684,0.38186670361795916,0.1725808610677921
plant_0137,5,11.039334596351068,168.66654133783055,0.4097322924418674,0.20549422470394982
plant_0137,6,13.657168619539348,40.271340820664136,0.37655994780891533,0.23820349218934575
plant_0137,7,11.48759765278406,126.23613437132559,0.3433251375215269,0.2710807871875829
plant_0137,8,23.662497641225443,16.31912795512136,0.3754940565498846,0.30379951779876335
plant_0138,0,32.203952353940075,-52.03504919793364,0.22823546091699992,0.027276419777563874
plant_0138,1,18.410771181700795,178.72446242923976,0.2980206383304769,0.054727772103413876
plant_0138,2,32.97230085786983,14.408536986211573,0.4000440708878106,0.08187749747953073
plant_0138,3,8.127214816690866,175.01528704490983,0.3924584686695261,0.10800606461332447
plant_0138,4,27.989507094018478,-10.516816845497146,0.507326671655518,0.13377695860445885
plant_0138,5,23.298076980945766,-136.4297280845617,0.37788881458302825,0.1598638903519473
plant_0139,0,41.26032859802539,-1.2302562495837726,0.0999153649144483,0.02650572767527687
plant_0139,1,47.695742791271186,-165.2963286946024,0.15288017531005682,0.05281899859672718
plant_0139,2,50.20024494286646,-4.383263564847807,0.19788383467295456,0.07943999101077219
plant_0139,3,45.36782857828544,169.08493494189122,0.1293086028812866,0.10569094655467927
plant_0139,4,39.142723422592404,41.79993828488375,0.28809536280230913,0.13098057149795322
plant_0139,5,25.374327989976493,129.16413378277775,0.24468105539292406,0.15597946901472654
plant_0139,6,46.70152126554677,16.848702025964997,0.14398977848910388,0.18124217868839756
plant_0139,7,37.560882625811495,138.09617246805385,0.2712499726687341,0.20622395389887982
plant_0140,0,61.19019664903743,14.935301884026956,0.2084118598960669,0.0815323324296975
plant_0140,1,61.832127220864315,175.7119355981307,0.2657541848046396,0.16243471474243973
plant_0140,2,53.55076600020638,-11.296018408807676,0.29775356390744656,0.24425857534623874
plant_0140,3,46.700062340101056,-140.10765048709698,0.1088004129407843,0.32103129331629954
plant_0140,4,53.50147776242414,-53.53034917594109,0.09994820447006195,0.3985881344604844
plant_0140,5,61.8290168671318,-163.80120713132965,0.11878931137028002,0.4754199954606869
plant_0141,0,48.515486215516084,-4.375570044726305,0.1390058314363463,0.06286620328072079
plant_0141,1,55.155333972391986,169.04697186589465,0.27843066233325475,0.12551128600359152
plant_0141,2,42.877922682324716,41.75850831721948,0.27673249993078,0.1884623593463922
plant_0141,3,51.39932396441237,128.50319528284615,0.16943335947529511,0.2511287608763843
plant_0141,4,60.40416170938974,16.77824319586847,0.37526059639002707,0.3109319585423751
plant_0141,5,49.30893025536193,137.89907090375593,0.31375633576705414,0.37042982108989186
plant_0141,6,41.730681171330666,39.487455705054515,0.2911336148213407,0.4301950581588105
plant_0142,0,57.90019629686121,-11.053869669052295,0.2229764800003418,0.02203025206086366
plant_0142,1,33.45008461859605,-139.10646625540312,0.2246223905426379,0.043869338094225996
plant_0142,2,56.758830601312035,-52.2165635525587,0.23099238853206644,0.06596575960406922
plant_0142,3,49.1005620350223,-163.48869195532785,0.2410066934610252,0.08778941497138419
plant_0142,4,47.058175302376355,-43.025306644916995,0.12516253670780392,0.1099184953254921
plant_0142,5,45.43701599429637,-141.62878877658866,0.3559712415861313,0.130631065181415
plant_0142,6,34.115494046936846,20.363127390058025,0.28098918415040897,0.15168258765930545
plant_0142,7,32.50498563731567,131.36964013524153,0.26982090548000603,0.17239270363122147
plant_0142,8,55.753733208049475,-37.92433248995316,0.21170581488414028,0.19338066692680198
plant_0143,0,20.934062619610216,40.43574438740137,0.37980133832909946,0.056801040022130614
plant_0143,1,16.342376744269643,125.95567794745307,0.46127831800963986,0.1138258632992971
plant_0143,2,43.076593024993294,16.311812070747465,0.3683546076841133,0.17046291513953907
plant_0143,3,4.126512181610565,125.03328838340815,0.42387612277782466,0.22760092994345954
plant_0143,4,21.041869073270036,36.228197329018656,0.4708077761301486,0.2813511485590624
plant_0143,5,13.579423085190868,-157.19982172527813,0.4978910924201985,0.3356637542178425
plant_0143,6,24.209150259452883,-45.878240364240455,0.5289527857553018,0.3893684399424074
plant_0144,0,11.342351014836737,-54.66722976577188,0.3186953237741329,0.02599668659257008
plant_0144,1,19.199827015418578,-164.10932084681593,0.27359631977443416,0.05162788778406897
plant_0144,2,10.624500328136136,-46.65644887829291,0.45041604299094146,0.077837456373001
plant_0144,3,6.9045547930427205,-148.21682683019094,0.36259376870354015,0.102147385045418
plant_0144,4,1.6936454723865353,-178.93554942038395,0.38801403748465746,0.1270721776675827
plant_0144,5,17.175232049225713,134.60645732362812,0.37077869192953644,0.15139150441250934
plant_0145,0,44.93654146662311,16.73701751684513,0.3012632387319633,0.051260237325034014
plant_0145,1,41.29591483974254,137.71259807329346,0.40829323420689223,0.1023614970217957
plant_0145,2,47.27289368640811,39.124064119482455,0.46895796127967315,0.15366493876526965
plant_0145,3,21.75035264328207,-160.6048013339688,0.5257377243753053,0.20475144200360554
plant_0145,4,40.80262211121852,-50.39819782046407,0.29885414522024406,0.253511048367449
plant_0145,5,29.142932251708636,143.66860367983838,0.3904597848664915,0.3020253638324476
plant_0145,6,30.013211778367683,-35.54807878358375,0.45268847221002806,0.3507918239741468
plant_0146,0,23.790209647760705,136.74379164505643,0.2378089330086217,0.04533305746396834
plant_0146,1,11.481570212149634,37.0584042853946,0.4056810346227827,0.09076263566023347
plant_0146,2,8.42183221938626,18.19781872005285,0.3307155296345801,0.1337731992476931
plant_0146,3,5.6910114303957755,-43.127277287228814,0.3600087492645306,0.1769325106057648
plant_0147,0,22.35141543292974,39.87640676369762,0.17137092268133916,0.040752923953034426
plant_0147,1,12.758635194208239,-161.76546080301944,0.18467510116473193,0.08111244149177396
plant_0147,2,12.413068343220758,-54.709557107191,0.20648604992139433,0.12208152053778387
plant_0147,3,11.17667365263813,147.72692030634263,0.3648942790353011,0.16239282987462228
plant_0147,4,21.866587131667643,-37.04857417557553,0.09999830913313436,0.20134990198984842
plant_0147,5,12.557671039352726,-152.65014600276268,0.24970216967250122,0.23957950183544194
plant_0147,6,8.718971541475014,-140.7120893156646,0.2534030914647341,0.27844866396528584
plant_0148,0,30.20498676601928,20.217420420038593,0.09993455753810572,0.03927263855470763
plant_0148,1,16.484287844750213,131.70565037638337,0.20670532083496423,0.07832191604783709
plant_0148,2,14.540731780788363,-38.911071015357635,0.15283447463159777,0.11763729512842762
plant_0148,3,15.287800936731486,146.93513475283757,0.18069415888831616,0.15669272454032968
plant_0148,4,5.050235978501476,-150.8867469456118,0.20546316506644982,0.1940466735999318
plant_0148,5,4.469116213168334,-135.29522638323616,0.23731503836672105,0.2311746524964797
plant_0148,6,8.998268751625034,-24.975113394224753,0.10274206937249993,0.2684989689168776
plant_0149,0,13.225335569289527,-48.23611255804658,0.257048895631697,0.058735402582888986
plant_0149,1,7.978885132274982,139.474945294533,0.2878096055029102,0.11767326517161221
plant_0149,2,7.99565631165224,-30.28943327633239,0.33226511918117724,0.17623778993022185
plant_0149,3,7.062729367887769,-141.34127936164197,0.3128854187490357,0.23529098441686438
plant_0149,4,20.961581250907344,48.95117197736539,0.266088065769818,0.2908684415049162
plant_0149,5,11.271517768500402,153.59383488779372,0.31365589392723087,0.34695537273595833
plant_0149,6,10.27985917145216,26.944631223504757,0.42978366816911007,0.4025078157521767
plant_0150,0,25.59032541971571,-36.79016704341604,0.19333405315623434,0.02811234586614263
plant_0150,1,25.264732795897245,144.72577861843146,0.11905677282721852,0.056547690560977755
plant_0150,2,22.3770933443717,31.711323638235342,0.22824200044324022,0.08449940090127335
plant_0150,3,27.202660127981396,-126.27402926295863,0.37974804610188023,0.11294104219171391
plant_0150,4,41.20204422557245,-22.4346557509852,0.21251044166253882,0.14089290793450554
plant_0150,5,18.64669105136852,-145.37004903880182,0.40065192254273535,0.16799637162644188
plant_0150,6,18.131968085102486,-19.268787839350342,0.27090175998203186,0.19447011981212736
plant_0150,7,18.75358307064471,177.46657328453463,0.24991936407425655,0.2215909253464539
plant_0150,8,3.176251476721717,-18.67888317162864,0.26294453186871863,0.24810450609497095
plant_0151,0,33.25955216537203,-33.64871355320177,0.2744248278020087,0.044437521886973065
plant_0151,1,27.32570348108186,-145.85408759613995,0.32181633762462847,0.08939385923946634
plant_0151,2,25.536957665192034,49.78270340516775,0.2106684614560296,0.13359236062689084
plant_0151,3,30.55380378324982,155.88422062913756,0.268150078678825,0.17862571514618858
plant_0151,4,29.545012084467473,30.38534576753682,0.31835279586340137,0.22041822431566346
plant_0151,5,14.58995847578555,155.5703052323043,0.20986746247059304,0.2633231834826043
plant_0151,6,31.83769052650736,-2.128855306447657,0.2945892525784688,0.304998290903957
plant_0151,7,24.38371193584824,133.3883252039471,0.25733610112682026,0.34783939300908356
plant_0152,0,52.23472176784362,32.79687010069728,0.49570422915736084,0.05980331299066558
plant_0152,1,24.825856998392794,-126.90502975666371,0.5062424963277746,0.11973398597587015
plant_0152,2,32.72319549704997,-22.53916850930888,0.3507856702360741,0.17648735018323006
plant_0152,3,15.330350741440242,-146.114599763298,0.4344862239543496,0.23343641415074434
plant_0153,0,36.615410989963245,52.63180675328181,0.1018672547952783,0.050583304736367796
plant_0153,1,60.08702863560889,157.1620712849206,0.2128334115765581,0.10098930819378059
plant_0153,2,57.712278939710124,32.59352714963461,0.20473940320776982,0.15169479866681054
plant_0153,3,37.73908201988537,159.41339237323757,0.2962977469503219,0.19951193567492723
plant_0153,4,48.99048324959731,-2.358666771155816,0.30051875277387297,0.2477073718512974
plant_0153,5,57.40211467731241,138.45438006691109,0.1534947468826124,0.29555272084934114
plant_0154,0,41.85789481686497,-22.90931434036626,0.4131650010947176,0.04604724137387781
plant_0154,1,42.18341837596054,-147.48105611412515,0.31098171329953395,0.09221108586518986
plant_0154,2,52.51185993768332,-20.951657981851838,0.41451550020643807,0.13816051519902947
plant_0154,3,52.89256586009226,177.66579873730612,0.4048893876189657,0.18439378767565634
plant_0154,4,47.36553835626166,-41.67565359128226,0.4074483249228199,0.23032367790036917
plant_0154,5,51.574508406643474,-167.12653108127017,0.29517045635096273,0.2742431824768837
plant_0154,6,31.2868567456512,9.681235908190502,0.4282294513055899,0.3178315876939571
plant_0154,7,45.518620352287876,-164.3014270683175,0.3041812932632967,0.36178490714348044
plant_0154,8,26.920485694658502,-43.54098573563453,0.4599985453064184,0.4053921561762427
plant_0155,0,22.07247612771299,31.830030525982977,0.1449493275011784,0.030358414368131983
plant_0155,1,19.68728549207586,158.29291947158598,0.27770627050801927,0.060949714725814515
plant_0155,2,19.296606929602817,-2.2255276056790696,0.34340864429452234,0.09112119750437322
plant_0155,3,24.88685503854363,136.52826171781442,0.33012530698642367,0.12178918400282115
plant_0155,4,26.983924666316405,12.258421779369087,0.3044799933990151,0.1519391365809473
plant_0155,5,9.86825527818229,-168.82215213915086,0.316979417526177,0.18113812166482202
plant_0155,6,0.518621949971461,-118.79120336985189,0.41458831849371164,0.20972669599600563
plant_0155,7,4.4536692257139805,-29.949124831944207,0.32223609660708746,0.2388753142731474
plant_0155,8,24.0890161277879,-7.928587529264347,0.32869896924832553,0.26750960448593236
plant_0156,0,29.982137442115928,-21.026848857575626,0.29250442258807496,0.06497316795929083
plant_0156,1,77.66757508823528,177.68286714334778,0.3877524192578936,0.1299943803629411
plant_0156,2,38.87582118832352,-41.93746410998011,0.39034444363639886,0.19170144235788264
plant_0156,3,36.056526137724745,-167.202737587074,0.40524721776029404,0.2534649204909041
plant_0157,0,35.527061806205495,-2.3149947692851836,0.16095091266886785,0.05146635453705019
plant_0157,1,25.396065626296505,137.9274431483651,0.17184163389952778,0.10293617203635447
plant_0157,2,41.38706076798204,12.76746500910599,0.23353591750268057,0.15443080182065425
plant_0157,3,34.39194654281941,-170.09094058823916,0.19592280475707904,0.2058455468516223
plant_0157,4,26.297203993977256,15.501314194230758,0.19068922506562433,0.2547974484879795
plant_0157,5,16.364346874693553,135.17451645474904,0.290439865318664,0.3036520034067213
plant_0157,6,32.650884155253856,-8.560631941123331,0.13888272897670273,0.35257901544395287
plant_0158,0,20.876427308279773,-42.580671372099395,0.29727790751969824,0.041232357532293165
plant_0158,1,25.743784715545786,-167.42275314664383,0.23072036384012018,0.0822891287017623
plant_0158,2,30.955843835046153,10.072146439818766,0.3361356460402517,0.12362337330343885
plant_0158,3,7.846428285174298,-165.39913529998555,0.2519831664044361,0.16465358666740684
plant_0158,4,21.316136070047435,-46.16636463536573,0.2583842745079102,0.20596331917683347
plant_0158,5,12.063920694810477,171.8813383493661,0.3964856817412033,0.24494629982961666
plant_0158,6,17.227387008773206,17.56704238930604,0.2495311511018639,0.2842304996547825
plant_0158,7,20.966317589550655,-170.1772054318288,0.3849879116777275,0.3232009682184205
plant_0158,8,3.5859114815859243,-4.623633148799459,0.26739784742461997,0.36245201577270947
plant_0159,0,34.65393226039831,12.72382190646141,0.211325069140954,0.05701359361052035
plant_0159,1,6.653106959040102,-170.05402961629045,0.19765655921057157,0.1140366507058271
plant_0159,2,28.87467300899833,15.418694343535378,0.28252316781756903,0.17106684768570207
plant_0159,3,17.210020215830895,134.79552187659596,0.3231037376361316,0.228072405024148
plant_0159,4,25.17482340224099,-8.51416094516765,0.3314219970088036,0.28224485289731605
plant_0159,5,36.76575270028024,-163.03067140250616,0.3543432751009428,0.3364160817678887
plant_0159,6,12.725779632878243,10.107124206326489,0.2739756655726335,0.3905807673206429
plant_0160,0,24.908773724608466,9.960136516024363,0.2713461603043467,0.09170010549640212
plant_0160,1,11.976584959888058,-164.56365516604865,0.2791753028227031,0.18340627481536398
plant_0160,2,31.41545916021,-45.29869647569871,0.364584548077469,0.27051616843276016
plant_0160,3,13.814366092081272,171.49278176976995,0.2550440645906692,0.3576318637603308
plant_0161,0,30.8351874768137,15.497800460316,0.0999994088095533,0.04372397047163843
plant_0161,1,36.019751674875096,135.1125457925234,0.11659001785875613,0.08730140381538648
plant_0161,2,31.270921041304824,-8.662806912678649,0.09999880361269964,0.13111979990154735
plant_0161,3,25.85263019237867,-163.533163586933,0.1346034402586444,0.1724236477443574
plant_0161,4,12.75957334031584,10.945836030181056,0.09999883858872684,0.21411523099916704
plant_0161,5,23.123981392563593,176.2707622023296,0.09999523123453692,0.2554012575925666
plant_0162,0,6.114969216138206,-42.907507814694526,0.3016889404566848,0.05629428886620775
plant_0162,1,11.503017136377778,171.19675496592478,0.2980598125170502,0.11273827014903086
plant_0162,2,2.370086378060037,13.69462225113665,0.346425238552678,0.16895426379436904
plant_0162,3,2.453751579963182,7.717017883958874,0.20650001085901934,0.2254221266772068
plant_0162,4,18.80948446074912,-3.7702008539465472,0.3670535832322715,0.27879674265506815
plant_0162,5,2.782581756593771,0.5426343392017543,0.3745454902029253,0.3324685679433163
plant_0162,6,10.933426924732302,-131.63068026255937,0.2636072190097837,0.3858493932680577
plant_0163,0,33.55344528868457,-8.506759729212032,0.37727251554082397,0.05061704959787196
plant_0163,1,34.43308837038058,-162.9983494442424,0.4013853707990033,0.10127068571001184
plant_0163,2,30.11355506573289,10.071376350881906,0.4471863404321298,0.15184948349129576
plant_0163,3,30.216432345539857,176.05508206517152,0.3596535187011279,0.20253899692315594
plant_0163,4,35.14147241616512,0.8162662867010226,0.4850456184452672,0.2505569471511137
plant_0163,5,27.726594955141763,-134.96717321309453,0.4413801699746213,0.29871815921048694
plant_0163,6,26.28536546491342,24.9764856850382,0.48392673752495474,0.3467533416978276
plant_0164,0,55.00424045178554,16.94092356500198,0.41926815524959565,0.031035804699261534
plant_0164,1,65.30442456381716,-169.86672433785827,0.3602626479912196,0.06213246388596953
plant_0164,2,46.942413857061275,-3.904717313252725,0.3140988989789466,0.09312615314815764
plant_0164,3,42.0360072836602,-179.17404477609213,0.4153283026503442,0.1242360310264487
plant_0164,4,35.111981776723574,44.20716310559976,0.36650918691562645,0.15367872154142112
plant_0164,5,59.81976969302305,-154.5300094860614,0.4071714075636014,0.1832582378627484
plant_0164,6,42.74336179229654,47.32688961067896,0.36423234597368936,0.21265888587892576
plant_0165,0,44.654093429728285,10.148601787389339,0.28742781709683474,0.02370111176646599
plant_0165,1,49.09935017644012,176.09738404230177,0.21151949795183633,0.04728220628411094
plant_0165,2,62.29907921677775,0.8247265988520098,0.35786236332882215,0.07105305108895346
plant_0165,3,49.27902658083798,-135.65076632380126,0.2830421240121241,0.09462286277953184
plant_0165,4,47.41876073667993,25.420874969001943,0.439541803272409,0.11836647127081562
plant_0165,5,45.47456114819384,-132.16429976512478,0.23984809206646224,0.14079194808174192
plant_0165,6,26.59284324365364,-7.284577300742146,0.3790206632923835,0.16330982163086233
plant_0165,7,30.1905483394221,-177.83269396046165,0.39882461621590826,0.18575927827831604
plant_0165,8,35.93977898486374,-16.26026110842426,0.3518153149114749,0.20827158847842328
plant_0166,0,41.74639064494361,-3.929904160193111,0.3811030943222633,0.03168299663618939
plant_0166,1,21.761672272731545,-179.18491491286898,0.3623279655762657,0.06325359686758843
plant_0166,2,43.8203860290377,44.69951635415441,0.4383822127500301,0.09496629991835903
plant_0166,3,24.701174833813496,-154.8637788670269,0.6255221516267748,0.1265612656649789
plant_0166,4,21.23067904847761,48.187157248215954,0.45209868027456346,0.15666189510285997
plant_0166,5,32.44699565314108,172.76228320557078,0.43291479074013883,0.18671151199013863
plant_0166,6,12.635782165603729,2.1953572611155323,0.5486336203387912,0.21679199981550576
plant_0166,7,26.184291545087426,163.88634280754314,0.4254273597896283,0.2468351583110329
plant_0167,0,43.84638887827979,0.8294387405026669,0.29308937853752115,0.05614319197531363
plant_0167,1,15.698833919829994,-137.29416461859964,0.20559799280052324,0.11198412786319219
plant_0167,2,5.560275129054517,29.306430780143728,0.34516179597022245,0.16826135541401238
plant_0167,3,34.05713359226405,-133.07862545801333,0.49358420581603873,0.22406351734807997
plant_0167,4,25.263540407532304,-7.513007514228269,0.3815083197872287,0.2775157620864913
plant_0167,5,17.74564087509998,-177.96119836314344,0.4125031340789655,0.33050341824501245
plant_0167,6,25.199412957967184,-16.946001048078447,0.28433020424741945,0.3839512669206571
plant_0168,0,34.384568954447914,45.12840865540295,0.2836145158371718,0.0475458165751323
plant_0168,1,36.612781828727634,-155.10111416321143,0.3258921655932005,0.09487979466503141
plant_0168,2,17.538138498649303,49.8692604738506,0.39522319876192386,0.14250942755607623
plant_0168,3,19.691342497500614,173.09262093345845,0.4655555025993479,0.18746091062637624
plant_0168,4,20.882323744542376,2.3003925602492927,0.3776237533085053,0.2327522004006254
plant_0168,5,23.768116629737435,164.67152436457985,0.3359880310868972,0.2776723146350962
plant_0169,0,47.71311903539245,25.42410762441898,0.24503736019921252,0.04629250125213531
plant_0169,1,31.479426955460852,-132.52222896382864,0.2147470262162213,0.09235491943182236
plant_0169,2,36.84063584249331,-7.328830477124884,0.19536719441643666,0.13875131353061296
plant_0169,3,35.52255968668186,-177.85052412157324,0.42351675413916756,0.1847477170021319
plant_0169,4,36.173594112565006,-16.40830028737501,0.32788093536624435,0.2288470870151674
plant_0169,5,50.860194663229244,-151.65409856184695,0.3790318805432384,0.2725782259730458
plant_0169,6,11.679246589214657,-27.86976485130587,0.31755668828535016,0.31662104876357383
plant_0170,0,61.88042683793914,48.09465548956308,0.3619421947624125,0.03834695489224168
plant_0170,1,83.89357607094419,172.75864640792108,0.3962183589894473,0.07656440977050884
plant_0170,2,66.65717579117276,2.184930968674678,0.3855115789487679,0.11500315409812534
plant_0170,3,63.29882198789436,163.86462606526786,0.307161990637298,0.15320418153447316
plant_0170,4,71.9585980010489,28.63511424100585,0.31480249151591816,0.1896773071802045
plant_0170,5,74.98678397540877,153.55651929196574,0.4355717566189308,0.2260303364340869
plant_0170,6,66.28074086777886,13.640581782564311,0.4318343960422731,0.2624593448635836
plant_0171,0,27.081167120089873,-7.327906031090157,0.22956035019941726,0.028932519162404906
plant_0171,1,16.43499505980857,-177.89114614064502,0.2025757689819047,0.05755636193696247
plant_0171,2,15.882908611232793,-16.983608786259225,0.172596555460091,0.08670807580289053
plant_0171,3,12.727016312983395,-153.6978559487149,0.21223496713248133,0.1151798201070335
plant_0171,4,7.05181179227047,-31.055181489083434,0.23927528102834777,0.14442070938633617
plant_0171,5,6.684799484053258,-169.28287670350508,0.2534441382355183,0.17137839767409666
plant_0171,6,2.726496258062255,15.83828837940922,0.24623603214065032,0.19924149635994265
plant_0171,7,18.417925862775718,137.12343446185727,0.28668687422941247,0.22621020480220766
plant_0171,8,9.010710144084982,-50.08380433522139,0.20997149918601793,0.25393114108133663
plant_0172,0,19.22238305163954,2.1346382995159274,0.10727815370543753,0.03934314865812487
plant_0172,1,24.622852497661157,163.4375184966266,0.09996935549260479,0.07894164780089477
plant_0172,2,8.223031468490476,25.91292028852638,0.09994361120577626,0.118143823898798
plant_0172,3,9.399998704736234,151.04734126273158,0.0999762959452677,0.15778771098196612
plant_0172,4,14.73611375819847,12.72282733539447,0.09988776243017483,0.1949943789405993
plant_0172,5,9.99282664546584,-169.22340446372453,0.09995697310018793,0.23267742014188222
plant_0172,6,16.17980725673175,-43.95263458777229,0.20958556526366087,0.2699119624061112
plant_0172,7,7.9047872446959815,-33.72725831017416,0.24720862111162573,0.307515493509167
plant_0173,0,19.401840851920937,-15.683359505115122,0.2913664699111965,0.03729121017600778
plant_0173,1,2.3684154580056855,-140.4837653271256,0.31540440168701334,0.07513071678647122
plant_0173,2,22.087246256838867,-25.171993156788623,0.2494896764183573,0.11212199602995337
plant_0173,3,3.873897688158536,8.515069984093543,0.38240590714329187,0.15014492213367434
plant_0173,4,12.543549196071524,8.342039696752863,0.2797105537443563,0.18691787539793203
plant_0173,5,17.536513156642016,127.62366879836469,0.411450690788361,0.2249814512103503
plant_0173,6,3.466218507240626,-14.64691337573586,0.3812229712209408,0.25997634923364393
plant_0173,7,3.273801679578,-166.12603537931716,0.468350233419951,0.2962193399714018
plant_0173,8,8.594761719476026,3.2921238292683483,0.33998490049129126,0.3309991817436104
plant_0173,9,8.791762562868627,171.2317617050935,0.25209666930640723,0.3672706812093521
plant_0173,10,13.738438326537619,19.960961472253473,0.34934886156199596,0.40216834469757146
plant_0174,0,23.50700731953576,28.659894247706575,0.194182593725108,0.04152814804922996
plant_0174,1,35.23206788176915,153.54501714818053,0.2629120628521848,0.0830422006506131
plant_0174,2,35.71906987873259,13.603625367446,0.4167845946473449,0.12456222471786527
plant_0174,3,28.97513158548255,-170.26741748584237,0.34748685275448965,0.16609803798598663
plant_0174,4,26.005337363374437,-47.0851496407363,0.28578555783203324,0.20552303530065805
plant_0174,5,28.952498579305733,138.46849364771919,0.3675361846277388,0.24499781855001118
plant_0174,6,16.482772886824733,7.5220712571621675,0.31075040474883836,0.28439868511987365
plant_0175,0,27.70690899343802,-26.462900981801415,0.10116079379880233,0.03228840153572899
plant_0175,1,49.19554795840353,-166.39149728360096,0.13722637558525766,0.06456838325785048
plant_0175,2,49.617874533984484,9.723013660907156,0.30803454777872025,0.09691268692526059
plant_0175,3,22.058720889828592,133.14984546697693,0.21990162202667474,0.1291167483270379
plant_0175,4,19.04626603276597,-41.77580354689179,0.19650202066225106,0.16150274785009894
plant_0175,5,31.35277337815539,-172.308607396582,0.23278071211646684,0.19205989953093291
plant_0175,6,29.581720836304513,4.901715560547984,0.274126876516914,0.22285275063716858
plant_0175,7,23.206204022951653,173.5387349793205,0.28990531185847396,0.25342601986163055
plant_0175,8,19.55502478442986,25.679447572952313,0.20686327763574586,0.2841750667476306
plant_0175,9,12.355972757888992,148.92542674374582,0.3686618963821507,0.31480638558871504
plant_0176,0,61.97129959897728,13.63601683030305,0.24345983084539724,0.03377126655881004
plant_0176,1,46.87408438008634,-170.33939668138424,0.29502579992450345,0.06748585635524758
plant_0176,2,42.17777042272009,-47.66542162636228,0.28278058152204955,0.10128042602115794
plant_0176,3,62.680295453352045,139.07692565697107,0.2577400693718742,0.13500832960906844
plant_0176,4,54.730253585409706,7.789648261970683,0.36553610322329944,0.1670886029779048
plant_0176,5,56.42343171416089,-175.16082239195174,0.2918291635643496,0.19914832238932736
plant_0176,6,50.054566547212254,-6.572645074099964,0.34940430676154666,0.23122281810802414
plant_0176,7,60.160100192252074,-154.6828680322768,0.3480543471611383,0.2632829629877224
plant_0177,0,21.115605588948128,9.501360297284407,0.43755332067983477,0.03960347089823268
plant_0177,1,27.15662117771968,131.59152794777762,0.5491297847336241,0.0793085147764871
plant_0177,2,27.67978575858261,-39.97496774520706,0.566990749031731,0.11887926366745659
plant_0177,3,16.68270975205543,-171.78066609232948,0.5689167694111505,0.15661096533803348
plant_0177,4,30.810036584533762,4.691794340122385,0.49914574243941573,0.19418257261074057
plant_0178,0,42.13327028110134,-47.5125310409642,0.3578135357612713,0.03261912552276643
plant_0178,1,24.21274554645983,139.2711634488203,0.2640544538924506,0.06519038369550748
plant_0178,2,41.64893014289377,7.8266440451160975,0.29252345020507764,0.09789435945053356
plant_0178,3,37.92627071633843,-175.2020860573255,0.3080065334127049,0.13036115380960492
plant_0178,4,28.964945380337205,-6.665904516644916,0.3218434466459518,0.16150879059648698
plant_0178,5,20.42249852933641,-155.2507977933035,0.4091030834833617,0.19233122357417293
plant_0178,6,30.78762365225932,-32.16017234505627,0.4122523175750489,0.22345015613019423
plant_0178,7,26.075668399445306,167.12122224087764,0.34668802092747664,0.25428830144759645
plant_0179,0,16.762723330016826,-40.19497612260158,0.2800061164105468,0.03369289893446885
plant_0179,1,24.040676578380797,-172.0517782617144,0.14968471383896664,0.06759307312728353
plant_0179,2,2.532739655224944,3.4937175367664963,0.28201154910369886,0.1011431140936534
plant_0179,3,2.6534374570671986,171.05347623066817,0.3331666057249181,0.13341579562349865
plant_0179,4,7.67255886543947,21.793863441023177,0.3064916021399958,0.1652744275504393
plant_0180,0,40.08653211717498,7.733911196685824,0.4455779173142143,0.04162078518732688
plant_0180,1,22.25038264136745,-175.05233552376782,0.4223878781484227,0.08341188945151773
plant_0180,2,30.63785574211753,-6.431057395395704,0.4766517152279318,0.12492301580680977
plant_0180,3,30.33553439673713,-154.0078786103759,0.6304060517755761,0.16676352554364066
plant_0180,4,26.866536413003566,-30.493439803026906,0.6006639930861607,0.20617129830190797
plant_0180,5,22.49590072122433,166.0912065452239,0.5193364407193485,0.24592986695232452
plant_0180,6,32.635955637092856,-11.283026764375071,0.5716674171364586,0.2853265841199396
plant_0181,0,25.57353535385448,4.840498652284282,0.14800642289906635,0.04871707124002012
plant_0181,1,26.638871594090375,173.4266369871905,0.18098681443985884,0.09744211225240255
plant_0181,2,25.02996171662005,25.2891542080755,0.09998557399260806,0.14615017732704805
plant_0181,3,11.771520096245112,148.43789172922712,0.21716222867565974,0.19243653589299323
plant_0181,4,4.1136389257559784,-13.409540763923005,0.19966588858865406,0.23872614226463482
plant_0182,0,28.43357307556561,-6.608225286892096,0.33015630647535044,0.018758042590967174
plant_0182,1,15.062349373747224,-155.12538896027107,0.4169606845035224,0.03740082460612456
plant_0182,2,8.273223123883852,-33.07429309144117,0.36856519510203206,0.05622032412706249
plant_0182,3,21.619305467227377,167.10901601714815,0.43828737876481855,0.07481503759383151
plant_0182,4,9.480155013731235,-12.608560740415511,0.4151165555696427,0.09370294087536951
plant_0182,5,28.753602872609314,-138.2968878216591,0.45728823724593815,0.11131499013070635
plant_0182,6,12.64762728543775,34.521860538152225,0.5694838290715772,0.1292730939913282
plant_0182,7,9.12678658240901,-134.73598844987518,0.3472463084983202,0.14689037275877065
plant_0182,8,3.7726338473313348,23.833341349100124,0.4164387212692395,0.16484679650990758
plant_0182,9,2.513324390224824,164.92796374580865,0.2846580866272037,0.1824401237510111
plant_0183,0,18.27786974497492,26.0761315397408,0.24556173590164887,0.05760579279523988
plant_0183,1,22.634163895732755,149.5016547313162,0.3340350365918132,0.11496765809924354
plant_0183,2,4.21838962677549,-16.67342824284009,0.27420294435905956,0.17270235114612054
plant_0183,3,6.5142515193775665,170.7421760115034,0.25879424227838044,0.227109067333948
plant_0183,4,8.244408459114496,50.83527884743273,0.29273589429141134,0.2819532823690344
plant_0183,5,7.060001143749545,39.80590025948942,0.2706349216449274,0.33640373033294835
plant_0184,0,55.76286012371708,-31.521395970028586,0.15710802333188226,0.05611322194471134
plant_0184,1,52.23422374415516,166.71452097347796,0.2707151346555782,0.1123855533095304
plant_0184,2,56.482693427838704,-11.624238906576325,0.2720331438848986,0.16557813762577284
plant_0184,3,56.616091988418525,-136.77047379821397,0.12288570157777194,0.21905008795052827
plant_0185,0,41.129087637526546,-13.116970757915317,0.13427057520145214,0.02413568196429376
plant_0185,1,47.13254806221737,168.21302728091703,0.11064678916587244,0.04841435436052975
plant_0185,2,41.15542385359475,42.58565550587247,0.29034501323359574,0.0725154355802676
plant_0185,3,30.538022648117277,-147.62287929597298,0.1590460581184635,0.09677160908344248
plant_0185,4,30.533882551697516,50.31489174343466,0.19536088345436037,0.11966527764443614
plant_0185,5,31.97368806206684,-162.07787389033152,0.26897118818635846,0.14273968167702222
plant_0185,6,37.48130938007175,-32.978301193964654,0.1811516711744482,0.16559258570455782
plant_0185,7,46.107816572412204,-162.83953763090167,0.28410574631185953,0.18866906450908913
plant_0186,0,17.94464633643379,-12.069045841655962,0.09991917230293601,0.05109437016935472
plant_0186,1,30.884606816552946,-138.08222237686402,0.09988462347673335,0.10185037364390781
plant_0186,2,10.39036202985821,35.20391735565954,0.14637858477722296,0.15310037191732048
plant_0186,3,1.352664087421445,-178.8738693682842,0.12813013241540708,0.20378854935692886
plant_0186,4,29.707415125150874,18.331945126870153,0.13732284572694353,0.2525201006443934
plant_0186,5,24.308139272515547,148.4547186509782,0.09989771250123389,0.30058783841897624
plant_0186,6,28.18730330332327,17.97945192135029,0.09995305905867599,0.34933663255748715
plant_0186,7,27.492179909992274,158.67428708572078,0.10444278679648618,0.3974000577265054
plant_0187,0,21.84234712134773,42.94709198388364,0.18020406435951733,0.027454748145673467
plant_0187,1,12.35165174871814,-148.37648852527454,0.16455923287451915,0.05486850835523117
plant_0187,2,2.7009940065820217,54.39402746507716,0.1509679343941339,0.08236049501582868
plant_0187,3,13.637533584004302,-162.80358294613643,0.16544704699878068,0.10974414570612451
plant_0187,4,1.925732063561199,-39.882995060906815,0.21313353108238767,0.13727527047292856
plant_0187,5,0.15497122413336228,132.22246450964244,0.1921436222943099,0.16324829516065184
plant_0187,6,21.521671379451945,-23.54462750544283,0.18834343860213132,0.18944192697209386
plant_0187,7,18.377369093640155,-144.6914249470658,0.23060890399624737,0.21538609434173542
plant_0187,8,23.428318100236396,33.96949920555875,0.26691751889435844,0.24157814884547799
plant_0188,0,1.0059045189958056,25.78066219866116,0.23184327184479256,0.09286619050485971
plant_0188,1,0.973939659425028,30.520892036805492,0.3623513326453553,0.1858291464758375
plant_0188,2,10.412642553151429,-161.30521246501164,0.3045993676277882,0.27860336172642014
plant_0188,3,11.326310444191378,-31.103630414898614,0.3367309109227006,0.36699008481561657
plant_0188,4,18.952273078313326,-162.2599669940816,0.21219555663324396,0.45509398520438693
plant_0189,0,56.601202633196756,51.15929635278491,0.18191922244245362,0.021514828913887587
plant_0189,1,59.44682815323368,-162.48912087725537,0.1979695876569556,0.042973750541736216
plant_0189,2,68.97841252904595,-33.65762330218531,0.11284595705871756,0.06453666552552306
plant_0189,3,55.32382660936972,-163.14504403398075,0.2701985411473581,0.08490575102794053
plant_0189,4,59.616747039523005,-22.975136670961152,0.2577006160444071,0.1053933325403456
plant_0189,5,34.310833331402925,-143.46157244789038,0.10681932426462308,0.12576998594341274
plant_0190,0,60.00855300287945,17.467716934498696,0.4160839254617605,0.047588960337046245
plant_0190,1,60.73568342234471,146.17295762708886,0.49674342598963844,0.09551861023169379
plant_0190,2,26.386512424172842,16.343067407182502,0.45575688067454195,0.142887911293908
plant_0190,3,27.5285701841824,156.24957578991285,0.5301178024410722,0.19095938170913276
plant_0190,4,36.617908779055355,35.828960667327124,0.44518957654587277,0.2382806619359011
plant_0190,5,41.91701198343971,-146.35152298292635,0.44211412512756093,0.2839159675688435
plant_0190,6,40.09342674629426,10.69300513457199,0.45456934653801817,0.3288553316994894
plant_0190,7,19.40989480673609,149.18999493458793,0.4920415489187509,0.3744826573085177
plant_0190,8,28.867728657721898,-2.8754093763809525,0.34601860272352286,0.41948375259902304
plant_0191,0,37.963827804058965,-33.64649621750746,0.2494144416506715,0.034535250123826286
plant_0191,1,48.74352617347564,-163.08799011652732,0.22645907372230695,0.06906070473377307
plant_0191,2,36.84875047887423,-22.865440883920076,0.31287769863451476,0.10358121018761578
plant_0191,3,63.8402617511912,-143.1330434569337,0.26435631272604015,0.13639593614672582
plant_0191,4,55.75755547852788,32.794431720848195,0.41195257331184365,0.1691892419150502
plant_0192,0,94.93099972829599,16.88521656737032,0.15507013380608126,0.03901711712935817
plant_0192,1,97.97288498308548,157.02571257965997,0.17799374131359968,0.0775065391349902
plant_0192,2,57.599801497340266,37.49074326909414,0.17052614412540307,0.11675812694844803
plant_0192,3,77.78500267948364,-147.42364509119702,0.13999837267831783,0.15323696980599433
plant_0192,4,56.93851028574732,11.33918758452046,0.21689927714226284,0.190584638043979
plant_0192,5,79.74307868336614,151.498043175723,0.09999956619191203,0.22702277887040506
plant_0193,0,51.99460781630422,-22.980957460487893,0.18854565803767376,0.045214006244607446
plant_0193,1,25.37590212891905,-143.53374378363006,0.26084897503354937,0.09034265961462784
plant_0193,2,29.78673163556079,33.10678689906115,0.3609577616826211,0.135573640138367
plant_0193,3,31.297986496818147,-169.0477241510869,0.22473110007852187,0.17846118842476846
plant_0193,4,25.07477166415677,-28.913729677868734,0.2745628834561353,0.22140889233818065
plant_0194,0,20.3630069699293,36.351549422044286,0.27722657844475984,0.03211827555053909
plant_0194,1,6.434143872645592,-146.2187698911609,0.39410551821263257,0.06443651569820973
plant_0194,2,5.882930354155434,10.921831449434137,0.44350742191269504,0.09656777108939814
plant_0194,3,21.858849803097087,151.36956529746098,0.4314476723208939,0.12875656436864744
plant_0194,4,4.170229749138983,-3.166836425320163,0.4408758496093841,0.16101536974529457
plant_0194,5,3.9852925873680647,173.46403702839365,0.2826142664588565,0.19151444912596505
plant_0194,6,0.9339255164571654,138.27121728041988,0.2907987455530745,0.22216156771818824
plant_0194,7,9.893902777924382,-176.90911365676772,0.4470451774426122,0.2526855162232094
plant_0194,8,1.328591085091972,-149.84093634325686,0.4031990369784532,0.28334604101837957
plant_0194,9,3.826032578633871,137.37576455826104,0.5107928163051552,0.3138614895980622
plant_0195,0,59.77356740083388,33.09657658132221,0.2514882854584969,0.03544103845272596
plant_0195,1,43.401251489587445,-169.28280255018294,0.25371295725126325,0.07012236214003338
plant_0195,2,48.72782068503266,-29.65723770516982,0.30123978991199757,0.10614218911059967
plant_0195,3,69.59379210717347,177.0302748745225,0.3139953401738444,0.14039963195948782
plant_0195,4,52.7086972302605,-7.176638769292442,0.3205002028443147,0.1749229795998713
plant_0195,5,71.96739462331941,130.31576072138222,0.3833075899054478,0.20744155217916116
plant_0195,6,36.3310183685404,3.4883534382133234,0.4068268645332505,0.2417227200954112
plant_0195,7,46.879037613688816,-142.84171518791976,0.3895569737287478,0.27420163131824526
plant_0196,0,36.9616105480317,11.148776395883033,0.4017924071829645,0.08000812477841542
plant_0196,1,37.34293687068884,151.68991072976252,0.43518894262166696,0.1596709806367252
plant_0196,2,24.51894304795003,-3.1240386090454586,0.40859126053940586,0.23981730928065403
plant_0196,3,28.891035229521222,173.36636575456012,0.5336066849768689,0.31542243459190406
plant_0196,4,44.90120053731247,-51.616820690083344,0.40131905521145783,0.3915233246889894
plant_0197,0,17.249909610512574,-28.628618468968387,0.379029712023681,0.034899082115518204
plant_0197,1,14.85829209987999,-2.9929059771405453,0.3675229524756639,0.0698561283756256
plant_0197,2,13.37842749189646,173.06993020275584,0.403627284295237,0.1047221503679853
plant_0197,3,23.344169677413973,-50.35167906705155,0.4217520563431133,0.1396664292458104
plant_0197,4,15.190720466013559,-176.77865515088078,0.39135685064604375,0.17452546436983526
plant_0197,5,32.22382563774234,39.49314685531141,0.3217507977992252,0.2077670334214542
plant_0197,6,9.867589598849577,131.17775532190618,0.4228661181774692,0.24086005140541555
plant_0197,7,22.901475219371207,-10.83120157691283,0.41311083944480015,0.27412732932102435
plant_0197,8,16.58066072093537,148.6719451509225,0.41857667793426684,0.3071699248650729
plant_0198,0,47.85823379376551,-3.045057178736499,0.4837496782558173,0.0363594276867837
plant_0198,1,51.216082243593384,173.1764651864565,0.452318373879306,0.07254987373468479
plant_0198,2,62.29383092449447,-50.94216911384639,0.4811838953078686,0.10896679427881263
plant_0198,3,55.65327906829938,-176.86885791596626,0.4972232280498845,0.14514745038252505
plant_0198,4,42.374750857296895,40.67949517710878,0.5223708389109235,0.17977017880355842
plant_0198,5,54.98650196496956,133.87745758037383,0.4314087744669942,0.21413836837631853
plant_0198,6,46.05408428251962,-11.423055699702795,0.5300859450252362,0.2487377264843617
plant_0199,0,51.13472026003172,-6.905597327493954,0.5630624378096062,0.08906695936804215
plant_0199,1,50.07423782246982,129.62021291575192,0.4311820746912605,0.1779731157969841
plant_0199,2,67.95826961358682,3.178861310147113,0.5118504123560735,0.2671321951089402
plant_0199,3,35.31384286030854,-140.69581648202916,0.607142432971895,0.3559629632532311
plant_0199,4,47.34861478922896,-47.374516637776836,0.6270956310221909,0.4406800724034235
plant_0199,5,45.90742918048463,169.05136449081746,0.5012311313843758,0.5250283451498599
plant_0199,6,31.012340130005782,-30.94141021271937,0.5564142112357385,0.6097903746739269
plant_0200,0,41.87310116937413,-50.27278068034522,0.11988874022631046,0.08811815930297733
plant_0200,1,19.283232891583822,-176.74855215287587,0.09983299092441957,0.1764266993581758
plant_0200,2,7.490372622426747,37.1811693481622,0.17112609949677204,0.2600426716320955
plant_0200,3,12.032563257904897,131.29656243114408,0.16083776794987187,0.34388824811363744
plant_0201,0,37.10533719271101,3.149159911122979,0.1812785067292053,0.04001172558766095
plant_0201,1,38.91233027144545,-139.7304708471446,0.2247993590876408,0.08019561447733721
plant_0201,2,44.937909365465345,-46.34215256721384,0.1999869873690005,0.12011203783014561
plant_0201,3,23.97178394479178,168.51013555961208,0.2641380726480777,0.1603535330595563
plant_0201,4,29.853396333058434,-29.221971735608275,0.20460964683870742,0.19821108863808337
plant_0201,5,20.53174350474059,141.79660748192856,0.09999711744224678,0.23644035447368722
plant_0201,6,10.81363852567226,-15.856831258328707,0.16229305606349403,0.2743173452297697
plant_0202,0,49.63048487630624,39.4948030846827,0.09998846758872204,0.03199157364033567
plant_0202,1,33.84536347151926,132.0985033516953,0.09997936219096344,0.06426345860795311
plant_0202,2,28.81252838121039,-10.729142666298845,0.2455169809723906,0.09608884562252305
plant_0202,3,32.59463310837015,148.9732792149694,0.1933552212831165,0.12683571987730524
plant_0202,4,28.119181833157278,-34.81655628562093,0.10746417885271736,0.15707331802716434
plant_0202,5,41.700289191361556,161.65623956859923,0.0999978843736743,0.18775127880440967
plant_0203,0,69.50285472930751,-46.89033721033492,0.3139532668815647,0.031723755162552554
plant_0203,1,44.50583962517803,168.8854982004223,0.3232680481274347,0.0633876963784332
plant_0203,2,24.904236905185712,-30.225849890970572,0.43382031521429587,0.09514360324695384
plant_0203,3,41.1729516977823,143.76566530027148,0.404434386150607,0.12677913530433324
plant_0203,4,42.55617367779695,-17.954891749624124,0.3327235696326055,0.15699714619186617
plant_0203,5,22.872909949698652,-164.00714051682965,0.3533216622879649,0.18699497181755015
plant_0203,6,39.8915571932789,-20.395384376228844,0.28084059969325,0.2172287287692378
plant_0203,7,27.364387451259844,-178.8987939933087,0.49204612329939473,0.24724401916032412
plant_0204,0,102.82820142537093,-11.17014910910322,0.24631311504707964,0.05170623493357356
plant_0204,1,82.87592232243753,149.92233593042366,0.2674350385195594,0.10402083035992811
plant_0204,2,89.55060449228857,-36.45742041287777,0.09992915665433363,0.15542761819108702
plant_0204,3,84.13067622398202,162.15027622343175,0.28933265587153645,0.2078672426047173
plant_0204,4,82.68070466162075,16.30060509226348,0.262965080204041,0.2565049977197013
plant_0204,5,95.22217444202546,159.92537954923125,0.32023622903513116,0.3063986821696513
plant_0204,6,82.48990808092888,1.1181922920701481,0.3484724996709803,0.355034936281048
plant_0204,7,78.3071239782733,-179.9535308867735,0.3131538179024392,0.4048660834164756
plant_0205,0,4.599117876808961,-31.16277481071425,0.2770705189860564,0.08199169722171477
plant_0205,1,0.2643110579943482,-83.2122123979855,0.2731889170656039,0.16388014940543955
plant_0205,2,4.675989450481978,-19.32135665577074,0.3981965932914507,0.24182686245433369
plant_0205,3,2.4000480995321425,19.26613752393041,0.4062724817311834,0.3196077043889504
plant_0206,0,43.409792429812626,-36.934170642983155,0.3014834279895726,0.02697380054150322
plant_0206,1,32.31291748630826,162.74353777964484,0.4320750702765422,0.053525774214708645
plant_0206,2,44.73920711123355,16.765475059890207,0.4389875037857381,0.08078222550720446
plant_0206,3,37.13126989045632,160.57792279457098,0.46708783284202826,0.10720003407180143
plant_0206,4,13.42286021263412,1.2681919999033653,0.5751201749838717,0.1344933733365881
plant_0206,5,26.896924836341036,-179.95691137556852,0.4454796462171402,0.15954837189540666
plant_0206,6,25.59824473788555,12.305072222575347,0.5002813603254626,0.18547678249858568
plant_0206,7,47.254804410176334,155.40991988683652,0.542272839552484,0.21057649709610282
plant_0206,8,26.414374510889516,-41.55536937277738,0.4969957464957796,0.2363907258718292
plant_0207,0,58.83400105908154,-17.75316958897502,0.20543388907522114,0.13658803164045524
plant_0207,1,20.181739379439463,-163.39939375329692,0.28399830766184414,0.2732684399059266
plant_0207,2,33.30223305924755,-19.978786740192984,0.3614343597677872,0.4030067695795313
plant_0208,0,55.24764625083897,16.50631579912499,0.26137634861165615,0.02950596519436789
plant_0208,1,55.071166688166194,160.09642785469143,0.32551185628308643,0.05869905368714391
plant_0208,2,39.15028219560179,1.1580109665927694,0.35026922700901125,0.08836110707624545
plant_0208,3,45.473852003291235,-179.95549270799816,0.26900998168937973,0.11598683014688438
plant_0208,4,42.87747910964591,11.929388532536166,0.15004000819824914,0.1441932955854395
plant_0209,0,39.88717013272248,-19.833328899546764,0.28559974417882894,0.015564419348717277
plant_0209,1,18.978237690219373,-178.81400872130644,0.2934531475165789,0.03138385802545529
plant_0209,2,9.985330959288973,0.040526665429695186,0.4294912645915829,0.046814604212060656
plant_0209,3,2.0896359990004783,-161.21095343537692,0.40165659014621335,0.06265373094080373
plant_0209,4,23.4885352904778,-23.936841755120064,0.35931110742767886,0.07731890813627164
plant_0209,5,20.5873808201099,138.10282335334387,0.1452526674244853,0.0923442105727649
plant_0209,6,15.013727723522564,25.755146599283194,0.27229895424175166,0.10702600264833093
plant_0210,0,52.86143326751757,1.1194009619078997,0.15956627216712307,0.027433155779037814
plant_0210,1,41.311744100127335,-179.95351076632667,0.11176020864142203,0.055117287868493244
plant_0210,2,41.94582047477204,11.316491024274399,0.12430517149656731,0.08245134041013581
plant_0210,3,38.95451985415196,154.13700224739227,0.17550773327564786,0.10875951397525511
plant_0210,4,26.46429596545027,-37.67142624288347,0.2636254097004502,0.13475422856762456
plant_0210,5,34.7584694254314,-149.59245729309444,0.15321323599858966,0.1610038156472491
plant_0211,0,32.80311262025101,0.0457384234427991,0.2742555968310474,0.046141634499282526
plant_0211,1,30.013519052703423,-168.42068143562904,0.2025724277327825,0.09248016524689988
plant_0211,2,38.035239090566684,-25.276965798931332,0.31658844769732225,0.13853198029832206
plant_0211,3,50.90726999821564,141.24579698378452,0.29528821078301515,0.18485442975470426
plant_0211,4,16.7149267551612,29.033516665584443,0.37078044685278677,0.22863177276496197
plant_0211,5,24.056474449972256,166.49762225971926,0.2721786340529487,0.2726504034898343
plant_0211,6,39.44741643916487,37.997060696508356,0.3168450175431825,0.31641354151733697
plant_0212,0,3.1611544979057555,11.640069625514059,0.1831122761973919,0.0339909898144287
plant_0212,1,24.39091525151221,154.4777470495029,0.2444612941950359,0.06796306537416005
plant_0212,2,4.27146410126214,140.38024586356948,0.21814256835793772,0.10193265971609908
plant_0212,3,8.974687263121666,-149.56785066894906,0.1981307929052501,0.1342401701771261
plant_0212,4,3.3745627978329367,-12.57524588531067,0.20534931902007322,0.16649972086975412
plant_0213,0,58.82947270077844,-25.65298518108537,0.14362760301101038,0.06311264875634838
plant_0213,1,54.7002963075895,141.75970710522114,0.31732248455143824,0.1259857586726989
plant_0213,2,65.07591542221087,30.095361301364676,0.19973803493020614,0.18918163709999225
plant_0213,3,38.9706517342129,167.12723425961053,0.1697705695969294,0.2488623628055983
plant_0213,4,44.04073626973861,39.36078736562706,0.20968274133993328,0.3089225056182488
plant_0213,5,55.52870820869542,152.69067160517227,0.16408246371175464,0.36862413192131144
plant_0214,0,23.595933383545002,-37.895720641444704,0.12401168291857241,0.05468854551756493
plant_0214,1,17.75562379900788,-148.93328778184934,0.09999828822986535,0.10951859609330764
plant_0214,2,32.15026103225318,-12.783051763540495,0.11164356576828953,0.16137282283523485
plant_0214,3,25.97970495161441,-139.96983419755816,0.09999550390801186,0.21347092691994682
plant_0215,0,36.0297441574736,30.266275647829616,0.18744493854183666,0.06788316228633916
plant_0215,1,35.18770165456163,167.07802302700426,0.284104813673936,0.13561066224165377
plant_0215,2,52.07321099640193,38.95722025309317,0.29355535914037506,0.2035506233246514
plant_0215,3,32.62360274539567,152.8478976496713,0.3173464136536134,0.2678998397331439
plant_0215,4,36.736767812120576,-47.22537264180074,0.3271503480965701,0.332412433400532
plant_0215,5,58.26463288613088,-129.13766116742514,0.2755672613877797,0.39680897189287495
plant_0216,0,42.68297251237757,-13.024040612545482,0.28957559883889744,0.05926400158583207
plant_0216,1,32.510685943905365,-140.61248218540715,0.16394371065727767,0.11881294508289669
plant_0216,2,51.191677826151206,-27.309902528433383,0.16176182713036988,0.1779296518442619
plant_0216,3,38.158796160978575,132.25607045888407,0.2823646113443021,0.23452949765173695
plant_0216,4,46.53610211698363,50.14436610640763,0.32943636629145634,0.29073241247716436
plant_0217,0,71.27147516134099,38.50916140716265,0.2052509303056956,0.03790307470558751
plant_0217,1,76.6685435765482,152.2072317947945,0.32729862832592466,0.07606603553122718
plant_0217,2,65.14614537689201,-46.23395107021699,0.28581630256401785,0.11380582375606803
plant_0217,3,59.27347241955846,-128.37532979161233,0.3804791348900005,0.15197201438407096
plant_0217,4,67.86026012720636,-36.05203494769533,0.36303501510974795,0.1878220238720637
plant_0217,5,66.56404805282001,-149.83737031781905,0.3948004657155579,0.2241439825690427
plant_0217,6,68.37992061504225,-20.616754331209076,0.09999375065214938,0.2599293950729575
plant_0217,7,51.36718349396288,-158.50068542353003,0.3144892417084423,0.29625251194002195
plant_0218,0,52.80364785052698,-27.82700656586417,0.22298962091739924,0.0500346757166152
plant_0218,1,67.3420626425855,133.6452964966771,0.12700530325489676,0.09989928725993408
plant_0218,2,66.92801161531425,51.4157092819039,0.1268497307993745,0.15000115936360608
plant_0218,3,73.07187875749969,143.83290935702416,0.2638193185122288,0.19983299201236898
plant_0218,4,58.23495464711465,30.153931869543953,0.41237174831954215,0.247474973338811
plant_0218,5,36.18492683462371,159.63532704585393,0.2570594311040934,0.2947831958869311
plant_0218,6,45.80030143130229,21.417673576937545,0.23152733113826623,0.342411907634177
plant_0219,0,45.565798851744844,-46.903001428738506,0.20526384036139983,0.027268041998805424
plant_0219,1,49.29725919236812,-129.3055262939304,0.21536821288038385,0.054318514890037646
plant_0219,2,25.62645068162344,-37.3117180456356,0.3188745436575155,0.08168544108742785
plant_0219,3,41.8412768092577,-150.6205380133004,0.421734923932046,0.10868749580256523
plant_0219,4,32.77744594893221,-21.44281199079417,0.2149668103272414,0.13473390021911455
plant_0219,5,37.57447121037839,-159.57255950716163,0.2596259857155766,0.1603405807961604
plant_0219,6,17.494741322122366,-50.06496755662251,0.4018749380996604,0.18635414014697074
plant_0220,0,38.98973067275143,51.381333448839314,0.28937616743211725,0.0256610264135285
plant_0220,1,26.917025300390577,143.91390472705316,0.29583374820706987,0.05126095723253374
plant_0220,2,19.237368646119435,30.074536402636625,0.39833370829750664,0.0756518583064996
plant_0220,3,21.872589332743388,159.23791045309744,0.43175735874716004,0.09999537784389312
plant_0221,0,59.0933888729958,-36.353731204106246,0.34430408076251007,0.033500074879908526
plant_0221,1,51.802943207957384,-150.2095953074937,0.4136121398597612,0.06691634296113565
plant_0221,2,50.18738990567118,-20.95912456769751,0.4842877933846928,0.10049599079279806
plant_0221,3,30.117631599050355,-159.35532215788177,0.4110413197361425,0.13215976219479872
plant_0221,4,41.21900863139764,-47.297050530403155,0.4427199948381634,0.16408900711876634
plant_0221,5,26.151865594190816,146.64224873122006,0.2620830722539794,0.19578539982639975
plant_0222,0,57.31284769125559,29.819776801315527,0.3170846144852753,0.0348375839061804
plant_0222,1,50.29421636218084,159.07963833014054,0.2546489283728833,0.06985015763223625
plant_0222,2,44.26881602202256,20.914495673956196,0.43620456034186916,0.10459680411673662
plant_0222,3,40.11776848254667,132.92258131575667,0.35603203718582876,0.1378701745590144
plant_0222,4,45.978335588027,-34.03297660217701,0.34912105122347775,0.17090284553363416
plant_0222,5,31.363947911108326,-176.96767440494276,0.5180926055079937,0.20415315794252373
plant_0223,0,17.142075418998033,-20.616099358310457,0.3999281991637437,0.04193428383501355
plant_0223,1,28.42854043986832,-158.61215780706542,0.44583030044064603,0.08403806267343106
plant_0223,2,5.106894059486194,-41.503874988397754,0.34683692185175835,0.12582813536563983
plant_0223,3,17.198023049283407,144.48520197923494,0.3644300954087003,0.16798002888789082
plant_0223,4,39.98971517967532,2.940771545084658,0.3601743725791544,0.2097283449141642
plant_0223,5,11.846301224614663,171.7577672788266,0.3906498409775163,0.2498432053724948
plant_0223,6,9.049263023427514,-6.504817550495253,0.5424102340144537,0.28948032292538667
plant_0223,7,9.066064782118929,149.29488976663106,0.3301403514246326,0.32954700336737486
plant_0223,8,22.389554798900434,7.521753504847595,0.4024178659576088,0.3692303763247438
plant_0223,9,11.395251775508399,151.37192422198908,0.4190294985583146,0.4092729260585249
plant_0224,0,61.594589066914715,21.165525637991152,0.09984379850773435,0.04954940708938531
plant_0224,1,44.99329791409537,133.84270545406653,0.13676191910797764,0.0988770153890832
plant_0224,2,55.473188073869416,-34.64544340921406,0.09991928025121695,0.14849420434408858
plant_0224,3,49.03535981325538,-177.05611555025794,0.09990330359889703,0.19531054660832645
plant_0224,4,40.72044981595955,-7.869898323154536,0.12730224333128934,0.2424671534809055
plant_0225,0,19.013082377173134,-46.53483151926509,0.3386127497824693,0.06724656865117877
plant_0225,1,27.858967342677985,145.60845732207943,0.3482768902115944,0.13450079702221787
plant_0225,2,21.2201654728391,2.983832438684317,0.4095367041072225,0.19838269105224215
plant_0225,3,12.679355470635997,172.27600816542235,0.4869720542545037,0.26227115111879834
plant_0226,0,57.74500576593234,-34.32723213896851,0.24334681509171682,0.03721032183782401
plant_0226,1,35.62338841068846,-177.0111779431116,0.2680024013695132,0.07442914788678391
plant_0226,2,25.66669001760475,-7.701855919491233,0.2597691579444386,0.11162955449072991
plant_0226,3,41.68021814365577,172.84832656538947,0.37110545702246484,0.1488529774875862
plant_0226,4,50.773971645286984,-28.176868946062577,0.32561068761950307,0.18605723254626008
plant_0226,5,45.76833189380161,-172.1571189968194,0.43698875034819346,0.2214188691508233
plant_0226,6,35.018179616795805,-26.36039150406569,0.23778541220199312,0.2567655483126077
plant_0226,7,40.42118977462005,135.04680955297644,0.21946888660183037,0.2921227231448219
plant_0226,8,38.31290736196858,-38.657427275869765,0.22709979594068203,0.32745935517209307
plant_0227,0,35.6137893406193,3.0324198822724497,0.2203456182988051,0.05775899790087578
plant_0227,1,23.73178186172045,172.53838537901737,0.2771332128696234,0.11516607717131061
plant_0227,2,23.363680624006648,-7.460627288960704,0.3207670484374443,0.1730684869254447
plant_0227,3,31.06746335255592,152.86489136828146,0.3411551669129303,0.2275670491869125
plant_0227,4,21.08856786917741,8.352512707609378,0.25309313473163797,0.2825381180457123
plant_0228,0,37.78650283305892,-7.677285270334745,0.24822681060926371,0.09581269190892905
plant_0228,1,44.93746731134969,172.81953494049176,0.3152943577135808,0.19170156445847097
plant_0228,2,55.191232951526416,-28.103060432317854,0.285902873348599,0.28271084554551856
plant_0229,0,34.267674360339356,-7.189150100601488,0.2868516133218402,0.0370745404782025
plant_0229,1,25.859060690085826,152.27338007029496,0.29909474505639966,0.07399569192403899
plant_0229,2,14.335542310031883,8.245218963317598,0.31904445302748724,0.11121538719332949
plant_0229,3,4.1563496604101715,159.73751100237172,0.28176701997881337,0.1480072766813879
plant_0229,4,18.538766287691715,-47.53955313647752,0.3411777327255916,0.18341156728730826
plant_0229,5,13.324439761487525,145.4279544102059,0.3432278688569339,0.2183447730487733
plant_0229,6,7.497342532485263,165.2896055296023,0.29620210850018097,0.2537939482101845
plant_0229,7,13.879714946438341,-136.58026466997453,0.23731277888782232,0.28870023523400207
plant_0230,0,30.046366031872566,-28.321907255544847,0.30865976263202133,0.05489010286704727
plant_0230,1,33.212016784683755,-172.18587736305025,0.4108671821076025,0.10973056179054004
plant_0230,2,21.48684134131416,-26.478777291599414,0.3291719196719492,0.16462433949698418
plant_0230,3,23.978081160370508,135.35909897950037,0.3860796642493832,0.21673427022991062
plant_0230,4,28.981527064052734,-38.943085089484015,0.26921178077867086,0.2688794585604054
plant_0230,5,14.83687243709501,160.6146305816734,0.4574058138735581,0.32099300248694934
plant_0231,0,33.500071924651145,7.875516174893903,0.34795809296026553,0.08205314173212577
plant_0231,1,29.597291528913274,153.92775298105155,0.3221390308579664,0.1639807085375994
plant_0231,2,36.77478891841009,-45.411502587693796,0.4373434540228316,0.24610289744044997
plant_0231,3,45.82863928063369,141.66564502739845,0.45447886994889314,0.3239028832216876
plant_0231,4,31.17673088208148,-19.995095023887224,0.334931887396549,0.40192926959245534
plant_0232,0,52.03097802902182,-26.422115091311227,0.11507596620931693,0.014152932763935196
plant_0232,1,49.02862660070843,135.17845738409883,0.09996916503143372,0.028254881474220193
plant_0232,2,49.640573293061586,-38.75240141797631,0.10859959063513973,0.04239466537687704
plant_0232,3,28.180040537726455,160.39876863866874,0.09991974187074493,0.05653516838584186
plant_0232,4,23.243120304645373,49.55650674776689,0.17922707030039686,0.07065625180047931
plant_0232,5,31.98700462087649,-148.83712550600416,0.09998399073617104,0.08409882611893721
plant_0232,6,26.709957136249592,-5.094241953519045,0.09996612540813707,0.09748709808267512
plant_0232,7,31.975552851333212,-133.58506111516562,0.09998923410767119,0.11095980669016828
plant_0232,8,30.189437537275715,-16.28543877423033,0.09998951114520975,0.12433705300553201
plant_0232,9,26.395213863383958,168.05196906508687,0.2041791009592566,0.13780755751981189
plant_0233,0,66.05223461410765,-44.70632426487394,0.1366938635437397,0.03788000590668759
plant_0233,1,60.20286576158831,140.89000081878987,0.15146504095589988,0.0760993365584598
plant_0233,2,57.15210002032425,-19.280960653530055,0.3042400168405632,0.11372627336600659
plant_0233,3,61.54491933204736,-129.6357263085643,0.21733728307251654,0.15011952091229852
plant_0233,4,41.96479289165506,30.02277228192787,0.16802014721023115,0.1859083761619461
plant_0234,0,35.7056454505058,-38.89042216766294,0.21711776366544017,0.05788188122598211
plant_0234,1,29.472710448614798,160.5145229706626,0.3596675902580421,0.11569345932978767
plant_0234,2,31.072268419284327,49.75690985670576,0.36845108352677747,0.1735782746672292
plant_0234,3,31.484508383228842,-148.95297423223474,0.2887413584424576,0.23143551609796936
plant_0234,4,9.17340817122313,-5.163815439480589,0.3473947714730221,0.2863987537765814
plant_0234,5,24.069923732919875,-134.50423860570783,0.3964820533780666,0.34134624791097834
plant_0234,6,32.49702680976387,-16.65198930472885,0.24239480053950602,0.39634999420242295
plant_0235,0,35.93403743495587,-19.336961775305014,0.2567666189455291,0.052396072284993586
plant_0235,1,59.73897086541295,-130.0246511819428,0.3637660770404779,0.10505758685530138
plant_0235,2,56.610954261709196,30.774340031675536,0.40240690041900196,0.15738394447172763
plant_0235,3,45.625646685014935,174.76743663808125,0.37908578998852904,0.20744452132789556
plant_0235,4,27.244868400887363,44.529742011092594,0.28026648039643853,0.2571472775412241
plant_0236,0,42.96030157593467,49.60280605236551,0.3959772875047207,0.06648176593629361
plant_0236,1,35.01550947063979,-148.8746340278927,0.35167363151522285,0.1330288951521885
plant_0236,2,29.248611772771078,-5.1151635920055085,0.44012652627465826,0.19945875455470174
plant_0236,3,24.334035403617804,-133.643992283913,0.43983885803080364,0.2627153521407044
plant_0236,4,25.529957318847423,-16.298601622919385,0.42420324939893755,0.3258123956728998
plant_0236,5,21.36791356070846,168.03316683995024,0.4271550997775205,0.38906625114176213
plant_0237,0,15.533629026475992,31.591726407823103,0.1582053617009014,0.03754764383353586
plant_0237,1,21.359275691472092,174.91892020534007,0.26439735860887353,0.07499424059542224
plant_0237,2,5.517067977462176,-135.5415859292018,0.20082826297418177,0.11255709183477802
plant_0237,3,12.113750944132747,163.6587092579916,0.1809339117212805,0.1500492257447911
plant_0237,4,1.5254904965715212,-13.342940238106474,0.22044091193395662,0.18571377347506532
plant_0237,5,34.35156818683148,143.52107313031757,0.3059052461831872,0.22132762662432112
plant_0237,6,2.4185317410249496,-177.51096626670054,0.1409460909624365,0.2569878063807397
plant_0238,0,13.705674741821909,-4.923840220129898,0.09993710807011533,0.048773876546782335
plant_0238,1,26.032437996588975,-132.85011146531428,0.2048527465234636,0.09787414239003114
plant_0238,2,9.777215398507678,-14.688622637270148,0.24774512587522188,0.1465119661395801
plant_0238,3,10.735985401966445,166.81034247552702,0.21998642102926727,0.19324108609842508
plant_0238,4,11.697910882696775,-32.31994899976913,0.19497359201671777,0.2394083532330192
plant_0238,5,0.7101637468972228,-3.3949106288901234,0.22368666776981627,0.28606308138278785
plant_0239,0,47.09896400164526,45.55545457963444,0.09987708125343264,0.02202759561737637
plant_0239,1,26.80713981003781,163.16321138071692,0.12354093708499439,0.044242297538727576
plant_0239,2,41.32833136013814,-11.59500712550506,0.29100580420587213,0.06612405335787662
plant_0239,3,24.11846558860691,142.00050560660142,0.09989849699153602,0.0884159446549006
plant_0239,4,40.27719706273214,2.656420329931791,0.25386568249967645,0.11024577178430126
plant_0239,5,36.53715313362498,-156.0646701018039,0.27960219866876435,0.13149199907894774
plant_0239,6,40.843648984251914,27.039761637313745,0.3191587017585651,0.15217791528333327
plant_0239,7,22.663867702412944,145.92895129853386,0.09995445025290992,0.17342436959763152
plant_0239,8,38.28407773552999,7.708513513223693,0.09987139804986044,0.19408588579503414
plant_0239,9,52.31681659938427,-176.5241514542494,0.12597188067513074,0.21534229336255126
plant_0240,0,35.052652218833245,-16.516391041802073,0.19986721527042628,0.06660097448784497
plant_0240,1,24.35253362026144,168.25434500719945,0.3335630501848161,0.1331917859074187
plant_0240,2,36.58293925138241,-36.748998944841205,0.24727064830726855,0.19980874676625945
plant_0240,3,31.671198257600878,-177.28307626185216,0.3553168572827233,0.2630659271651315
plant_0240,4,27.803599966536495,23.232126422746205,0.3276636287183911,0.3263425536105536
plant_0241,0,15.129391347165154,-12.27104380338647,0.3046473408820046,0.04799918180503312
plant_0241,1,30.742146395126994,144.22948425308996,0.2108057126704004,0.09557287937021933
plant_0241,2,7.305448582957808,3.1539539911626093,0.25442091171020736,0.14377016683836802
plant_0241,3,28.220350760734128,-157.89834721459,0.23345063568297192,0.191208267053781
plant_0241,4,16.99212479307181,30.799004091399297,0.27826749575299575,0.23707093641072505
plant_0241,5,1.3609289607055928,-151.69705196239568,0.3515793440741737,0.2820920125066194
plant_0241,6,8.41875568200733,-174.20993952219305,0.32392147342721145,0.3279187393863699
plant_0242,0,56.07049885801028,-36.70128343711045,0.2058218094991105,0.027140859236778427
plant_0242,1,50.81768330975912,-177.28642604547846,0.10724706364325584,0.05419884891408532
plant_0242,2,51.55227106230087,23.298125360042036,0.1743490550740906,0.08143823068310004
plant_0242,3,49.344294213205224,-152.21988476497089,0.2929449737889683,0.10842835104191903
plant_0242,4,45.44470398032195,-31.936292456213202,0.3437128244878584,0.1343485363205038
plant_0242,5,53.52800270931221,-171.97603591728443,0.22299293291987252,0.1599444738128805
plant_0242,6,55.51755973544559,3.401775649469812,0.33565080215408954,0.18588162128644775
plant_0243,0,41.01938071193007,2.7313825250006403,0.2168556242050059,0.06803045142054971
plant_0243,1,26.275039597379525,-157.0365102577516,0.1998673109343023,0.13596424084814898
plant_0243,2,33.72037033997465,28.212324544891317,0.2686625825569955,0.20062035855447902
plant_0244,0,19.390235089407014,23.36369438427556,0.10418833211815764,0.035303571365425855
plant_0244,1,23.757927740861902,-152.27258393851307,0.09999989708620856,0.07055096821464713
plant_0244,2,48.66647196510183,-31.75088513359424,0.19473026744601032,0.1058741397832652
plant_0244,3,38.15203768433289,-171.94084730151758,0.3181503511111773,0.13936534673012457
plant_0244,4,33.90267401485631,3.3886020385249367,0.12992331464562074,0.17291230812664288
plant_0244,5,24.143602304253548,-157.4489605746325,0.09999992556007599,0.20641573738979496
plant_0245,0,66.93456276822799,27.961286628517996,0.3789024154329874,0.031999162061192556
plant_0245,1,66.10023393779042,148.34957264339863,0.29409068968687785,0.06394728255026293
plant_0245,2,68.7761999335757,8.089589271367345,0.4153761408719298,0.09593824667524253
plant_0245,3,65.27877315187273,-176.62378840112643,0.42480990254804635,0.12792038858805804
plant_0245,4,63.63843545199581,22.659060609558537,0.4945956468174708,0.1582847793489584
plant_0245,5,51.82344832960606,-156.6201901680188,0.42177562873450136,0.1886850776312453
plant_0245,6,56.89993509207884,-27.30723077203565,0.3601323746019558,0.21904651123168653
plant_0246,0,39.60821452917923,-31.492161586658543,0.4442140008060304,0.019889651694965104
plant_0246,1,49.61546706863798,-171.86465260157465,0.4751174153571574,0.03993974340998533
plant_0246,2,46.21934760400696,3.3492280373425274,0.5732488461201791,0.05973540290592922
plant_0246,3,56.340470780548166,-157.17239465957863,0.641478908298269,0.07981562673592106
plant_0246,4,47.303438740721994,23.082537940132056,0.5477217316499351,0.09860455200441152
plant_0246,5,25.436903118756604,151.88536449150354,0.5362979740768777,0.11768595583820227
plant_0246,6,52.16116124999108,-26.184640577957463,0.6126930510500841,0.13649788001890617
plant_0247,0,25.749461602878824,8.0964863741699,0.11474593186908269,0.04678417479439209
plant_0247,1,2.1661871484109554,-176.77842282623055,0.17634129535366344,0.09353675500944088
plant_0247,2,13.022645941345417,23.055836598617134,0.22453006081047971,0.14036818068836246
plant_0247,3,30.86528258743772,-156.8861733907619,0.25986231794385617,0.18473217599972763
plant_0247,4,2.500494559933358,-31.50966239564349,0.11923600712124935,0.2292439342772457
plant_0248,0,38.558198622851314,3.3742062104453225,0.30231030057495323,0.038125697880248256
plant_0248,1,50.342564096621096,-157.33215833605058,0.21618700482993436,0.07625132840978806
plant_0248,2,47.51703791191177,23.357491573087714,0.31327614728131803,0.11439188694366556
plant_0248,3,55.89653307248952,152.66446963420321,0.3468170909190952,0.1525099362139829
plant_0248,4,52.260748758303855,-26.450769327805,0.315850889456217,0.19063415452677276
plant_0248,5,55.78654369316465,173.12803993036485,0.3632948190397065,0.22688441354899613
plant_0248,6,35.93134069875975,-40.630605552893684,0.3474523623353528,0.26306675534170715
plant_0248,7,35.136394427874265,-166.6283102752233,0.29646412057594457,0.2993338381880859
plant_0248,8,38.120579256772736,-20.113654766220332,0.3837244988222645,0.3355039798412097
plant_0249,0,42.087944451909536,22.690815581288405,0.09994976255695703,0.04552920817196389
plant_0249,1,31.676308231899164,-156.73921802552522,0.09990997663140563,0.09102321494936987
plant_0249,2,47.837834735398026,-27.41166552196584,0.09987463140662181,0.1365940313879887
plant_0249,3,35.072836151283525,153.5922414361677,0.09995904250994588,0.1820780472797593
plant_0249,4,19.46041151226551,-6.852074442586327,0.09997308993630467,0.22533605787229843
plant_0249,5,25.994536746490866,139.07169331449094,0.1008686717315797,0.268590948418637
plant_0249,6,28.006349896245098,13.247612057266736,0.13316511251141874,0.3118266167132508
plant_0250,0,21.933838755050914,23.2501129244838,0.25503882005009043,0.03787256976688306
plant_0250,1,24.78791943478754,152.45451965691618,0.21590298733613555,0.07577436442160265
plant_0250,2,42.762945068254794,-26.305032591844295,0.3314070037469783,0.11361961842562986
plant_0250,3,48.606625955874975,173.0904133732434,0.33079624502039845,0.14965238966193609
plant_0250,4,28.08079464112118,-40.04036559758595,0.2660348879275771,0.18558732026411826
plant_0250,5,31.31402181454198,-166.45274253715687,0.25871046420116967,0.2216168905265759
plant_0251,0,30.074588848752846,-27.191515923558104,0.4445307578341441,0.07397931057842048
plant_0251,1,34.379678885664774,153.43132367964677,0.5281056314481765,0.1480505286056412
plant_0251,2,40.02601990692676,-6.83527197357703,0.44632985807612546,0.22201644870733547
plant_0251,3,0.6549150412013063,-25.271192628765217,0.5265189109043733,0.29237982272852553
plant_0251,4,23.139293690692412,13.086794159272017,0.45103505093954577,0.3626300582342688
plant_0251,5,28.72712495032855,159.50853477414793,0.4451195810312476,0.43300488098114676
plant_0252,0,46.337113095040564,-26.677664546792712,0.20836473531844774,0.03162156667002805
plant_0252,1,53.923615766720324,173.2150822350971,0.47479201251261155,0.06292762990788271
plant_0252,2,64.92693028457572,-41.177393004326184,0.3824302634587303,0.0947484777420643
plant_0252,3,56.237007633889874,-166.9243265381265,0.29594477508346884,0.12595728269150913
plant_0252,4,55.16769091312106,-20.62330864406622,0.37080434164925175,0.1578581940792038
plant_0252,5,60.8586524777106,128.61116429428347,0.38960552944767807,0.18749744721893769
plant_0252,6,56.969194402214264,-42.84527956183022,0.3032234676377767,0.2177139781861907
plant_0252,7,62.11763388611321,143.05291869225172,0.4451398963407041,0.24736001705518584
plant_0252,8,65.53055277188471,19.827733631417743,0.41161551336334024,0.27759608054187507
plant_0253,0,38.51029444545673,-6.792279254914145,0.1025069985876557,0.04180522288649192
plant_0253,1,30.392786431726904,138.31307805693683,0.09997404970301443,0.08381879009061212
plant_0253,2,55.51758101351513,13.114662808130106,0.18125527029190708,0.1254956421204375
plant_0253,3,33.495284438708595,159.0821873797845,0.20104585082801865,0.16549205654234986
plant_0253,4,39.252341964144755,-50.7488898392869,0.21884674438661078,0.2050752490449806
plant_0253,5,49.56403007868444,137.13276281498452,0.09999115705012204,0.24497611352119505
plant_0254,0,14.063255608717327,-40.14222516298984,0.34882628132078747,0.055350522846795897
plant_0254,1,12.294199294752545,-166.32669570120774,0.43467250842258487,0.11079817661040796
plant_0254,2,24.644667267982044,-19.85946759812734,0.5485364367299197,0.16607839439520747
plant_0254,3,2.910590611019117,117.14399206270991,0.43858670305339853,0.22154386749844232
plant_0254,4,0.8748410538010489,98.11536236859627,0.506491782684313,0.27406035222237324
plant_0254,5,16.153852147720045,140.2119057915351,0.4035412425591674,0.32676247712302564
plant_0254,6,22.257090378512643,-159.6101504446436,0.4052847301907597,0.3792546095349003
plant_0255,0,19.52174012161406,13.297785599611643,0.21944979455702673,0.02564884751992863
plant_0255,1,1.4565973014785953,159.739037434846,0.11242504191056185,0.05128205215234885
plant_0255,2,13.565458513237019,-51.93899621662458,0.2379565054097195,0.0756348291046344
plant_0255,3,1.6651643282893929,135.6659601350283,0.1824318695754818,0.10000771465385659
plant_0256,0,20.105568169108253,-20.662118035281843,0.3316821827084212,0.054362236107460174
plant_0256,1,15.159371160914077,129.84223491490147,0.24649927030183286,0.1084748682260238
plant_0256,2,22.355320526420726,-43.40084478835385,0.2804762983030147,0.1629359422781938
plant_0256,3,19.415003170357593,143.98735472040937,0.3703352093385687,0.21699140428235533
plant_0256,4,5.475531130056879,23.005089561327566,0.5034328006889315,0.26877449225262473
plant_0256,5,23.908395414273528,176.01527599997888,0.35433178822060757,0.32008667092003823
plant_0256,6,11.96093200747319,-39.92670338515486,0.40466910156787034,0.37184742549713573
plant_0257,0,30.32867526740931,-51.525607109987384,0.16712568228228722,0.02523945785637295
plant_0257,1,26.93667556727413,137.12415450988283,0.09998439566737376,0.050721844251900246
plant_0257,2,13.416045778439539,-35.51704894222558,0.13558721017065706,0.07578698146560034
plant_0257,3,26.443819536244263,-159.88216211953048,0.10581297960509252,0.10138466598212452
plant_0257,4,29.888397419516785,-4.0498092391945395,0.15934692952345453,0.12635019000637457
plant_0257,5,4.319534298452027,134.25179215870716,0.15378956871681695,0.1507125774505119
plant_0257,6,6.818972667533757,-26.364626957657094,0.13180246573486978,0.1744484187674413
plant_0257,7,22.717943830202785,-162.43984479129912,0.0999956720744175,0.1987921028118942
plant_0257,8,18.767796433858223,-31.658352785933975,0.27258849028548443,0.2225360082286574
plant_0257,9,4.464247781831233,-143.88277827848592,0.16469146434870358,0.24682822178562053
plant_0258,0,16.541838584108362,-42.814575422840306,0.2746803012566959,0.05003559006213952
plant_0258,1,12.240156228271815,143.40242678425068,0.3230303128790213,0.09985887938432596
plant_0258,2,13.773298118355513,20.127422052952568,0.42131539985767236,0.14997788472042167
plant_0258,3,8.146491958210206,176.13595437546454,0.4751979086418007,0.19724944300841324
plant_0258,4,4.198834312329254,-43.01326191664551,0.3226878055088665,0.24490905680729796
plant_0258,5,8.802981097141824,151.0423829908529,0.45418446820341307,0.2921907031198372
plant_0259,0,49.69791231459762,-38.021489310972676,0.42388933814579394,0.04735512623278033
plant_0259,1,44.32594204679068,-160.93602360129472,0.4474575390209051,0.09422482933602569
plant_0259,2,51.884450417659245,-4.280578534787541,0.4372470876726251,0.14197620836249633
plant_0259,3,39.240462539011745,145.25663531605514,0.43108653913006023,0.1886218421198226
plant_0259,4,35.96497783810375,-33.9454204255719,0.4440644552345547,0.23636631276694867
plant_0259,5,42.264574915125124,-164.19576241290414,0.4600197590198223,0.28058937678263707
plant_0259,6,26.456278426856223,-37.46970529456326,0.36493080879373824,0.3259903674181323
plant_0259,7,40.95444656818908,-155.02097376057617,0.4290987227588781,0.3702461618902477
plant_0259,8,3.3874567466960315,91.42582452841503,0.31342767472209315,0.41549683900596335
plant_0260,0,47.76605909226034,19.427351933768477,0.18948913418233304,0.042490594622632834
plant_0260,1,45.388915546339675,175.79669414106618,0.19724825844208568,0.0851186020438549
plant_0260,2,43.38693543717136,-36.0541138828747,0.1652061981699047,0.1275753359056383
plant_0260,3,30.71856118245698,147.6142106192051,0.09998356975614606,0.16802942254527467
plant_0260,4,51.85535953409392,16.595590645662185,0.22463335330199832,0.2084115828289707
plant_0261,0,21.278577288745936,-4.114063648632873,0.22045395325390968,0.03856510652911408
plant_0261,1,41.11298502752477,143.35752541763844,0.34941259930300805,0.07740768398469268
plant_0261,2,46.427370930969815,-31.861053616728718,0.24572717050701973,0.11582940062018413
plant_0261,3,27.611297524642637,-162.99736426859673,0.29089123678023754,0.15470448931700595
plant_0261,4,41.45553847401513,-33.785863987270986,0.3719955271484732,0.19122877423094992
plant_0261,5,24.297720376345865,-152.6073402382508,0.3750972115070751,0.2281098379779433
plant_0261,6,33.40175262765,44.97099125868829,0.4086581931040441,0.264669578243505
plant_0261,7,29.884816794682386,-142.70145369551128,0.45485752819708425,0.30152175439015694
plant_0262,0,23.620371552171108,-36.46635149016405,0.18456753396708162,0.0330353115383696
plant_0262,1,22.82912228771424,147.85327499475574,0.17907278620172024,0.06598577091993421
plant_0262,2,26.9619471095115,16.590905276783133,0.25659015832116955,0.09898837165552737
plant_0262,3,40.933399736153795,145.70802671816708,0.20417635294091158,0.13201381659111078
plant_0262,4,13.969433157813455,26.277556864107396,0.263786419064955,0.16332268997385635
plant_0262,5,27.054467751440015,-133.7148121132469,0.1510708565724448,0.19471301230677046
plant_0262,6,10.360633979388822,35.66351026902555,0.2833127975592534,0.22603313963844202
plant_0263,0,28.755898653855475,-32.443643573570995,0.18446927696975976,0.033106127788186036
plant_0263,1,51.57132754599076,-163.4619689548002,0.09999298996495594,0.06605693234596015
plant_0263,2,39.153341656706345,-34.5264757116553,0.1701688886314072,0.09926332706560642
plant_0263,3,39.046286147563826,-153.62062539682495,0.11344973776633083,0.13219159369188552
plant_0263,4,33.354237436531136,46.52330755003197,0.3564283258685373,0.1637162773704156
plant_0263,5,24.282995821610555,-144.45702550881853,0.25156694505984706,0.19503304621574766
plant_0263,6,24.14134863134322,-15.867226011968787,0.18480848883945583,0.22653896011840818
plant_0264,0,53.670944567248455,16.684192742658524,0.29925754129715443,0.0357815410422215
plant_0264,1,50.35174896238901,146.0033856048478,0.3781399765346376,0.07130979756786535
plant_0264,2,46.99300753512944,26.865007453822784,0.3150835396153663,0.10722232193065505
plant_0264,3,32.976596814693046,-134.58350506927044,0.3592074043551169,0.14273624100741253
plant_0264,4,45.85204988828736,36.50004078537194,0.41129092345328017,0.17858868570232364
plant_0264,5,16.38908943817144,164.83857220139708,0.3615277659695518,0.21236371948631538
plant_0264,6,55.119386389454746,-37.7710583319384,0.2863049570545112,0.24640532553291325
plant_0264,7,9.042452273138707,162.7602977937944,0.39406434373160604,0.2802020900657815
plant_0264,8,48.430722775351455,43.60275061780112,0.43174856381209764,0.31424800632033684
plant_0264,9,39.894263903727364,-141.25033320959605,0.39280538011276667,0.34804182318726906
plant_0265,0,32.36495003094835,-35.025086502045646,0.3082486604241418,0.04138735383797506
plant_0265,1,34.13501980585559,-154.275208483907,0.2482246733068953,0.08231788095842914
plant_0265,2,34.80087691460416,47.86410022201102,0.35945158676721245,0.12392657017143048
plant_0265,3,32.78347724273716,-145.81434304337475,0.37478545694693877,0.16477605159737446
plant_0265,4,31.968246718169524,-16.65177649729169,0.3925315632287142,0.20439694886590473
plant_0265,5,33.735994517849946,145.06527487991693,0.3068556751588065,0.2430986778110879
plant_0265,6,32.532592369167844,-19.728848650794284,0.3621454517583181,0.28261992115180956
plant_0266,0,48.10498715899108,26.624528494789274,0.20803375612479527,0.03921704121641989
plant_0266,1,37.2203944673517,-133.88874469811626,0.1547077753704613,0.07845145553854699
plant_0266,2,35.05560176373509,36.12184849127874,0.24710335914128062,0.1176549337963761
plant_0266,3,35.73930716992954,164.42894514488165,0.25962898684974245,0.15689218953521084
plant_0266,4,30.12378981104507,-37.54282621957171,0.27747211518714593,0.19414337588730457
plant_0266,5,53.80664406392608,161.75476009613078,0.2864588077292621,0.2314063199432915
plant_0266,6,28.911046325450698,43.265506523163026,0.17716684573435926,0.2686687996630123
plant_0266,7,35.60141129875199,-140.75921242631765,0.199821180513151,0.3059240210491377
plant_0267,0,25.464312446074786,45.52166006534219,0.3747570408136338,0.04656649261844563
plant_0267,1,28.131603832651237,-143.3098446036933,0.37745543650367536,0.09328735552475946
plant_0267,2,38.978210965599615,-15.406951647060735,0.4440882143862329,0.1397682494816859
plant_0267,3,46.31126466953886,142.16831615714108,0.4850570135647028,0.18649568463124797
plant_0267,4,36.21501004288603,-18.06002757633066,0.43574694362859867,0.23066912205553095
plant_0267,5,10.361256608194338,-135.27726722214032,0.3755671730138211,0.2750413390364134
plant_0267,6,20.538308118030827,38.72095865351213,0.47515634100111065,0.3192587354519064
plant_0267,7,22.14584805360637,126.72841539662426,0.546724109294602,0.36358376783815943
plant_0268,0,50.13617621108083,36.217548458090846,0.16211870035207693,0.034580197658137656
plant_0268,1,50.37867373814396,164.47840426063212,0.21039683244629456,0.06916156817158314
plant_0268,2,63.56308463713818,-37.637606778662544,0.2550808770933703,0.10376596691510061
plant_0268,3,42.8233231962567,161.8084238269921,0.20186014240376177,0.1383227882372759
plant_0268,4,27.518727171433298,43.3368132449811,0.3057150715623073,0.17292967372420773
plant_0268,5,28.891206984006793,-140.7550871054432,0.3034793488743791,0.20577287397907248
plant_0268,6,44.74760666824576,-52.6680329455594,0.3903072028323154,0.23863492681601847
plant_0268,7,41.06996029042904,133.7003305176573,0.30398640582034603,0.2714849945185165
plant_0268,8,19.213157115477216,34.46420628259182,0.1663715468162338,0.30435070334565567
plant_0268,9,43.60976358853605,177.6335879803652,0.25816691238558076,0.3371874928606084
plant_0269,0,45.66236217160985,-15.5635717757198,0.21658100804962452,0.02565957659488341
plant_0269,1,54.33354212035693,142.48588912283765,0.2897746895849208,0.05126096812957618
plant_0269,2,63.32715115209815,-18.291719901267793,0.326112644120587,0.07567223848833843
plant_0269,3,79.44250994204812,-136.85726966658746,0.23357025148330346,0.09997981192244498
plant_0270,0,41.92129202688443,-37.91424401401762,0.25502906703770656,0.029193416192977526
plant_0270,1,49.72011255039371,161.944160887623,0.2816310884254018,0.05817395573768125
plant_0270,2,43.14776934121807,43.91673415645778,0.3142551138574119,0.08749208926936682
plant_0270,3,52.88031067943676,-141.28432177282878,0.34852954605810305,0.11642548822477661
plant_0270,4,11.68003789182103,-58.21869398254912,0.4466921747108679,0.14428137838976884
plant_0270,5,41.84911226594276,134.93462664110817,0.3037745416413525,0.1717851328451606
plant_0270,6,31.77990223362265,35.702279108573805,0.2884221475546227,0.19961784775093716
plant_0271,0,43.00682325397056,-18.20169927358835,0.2529257234611237,0.03812529630319359
plant_0271,1,36.32946981363607,-136.5488872202513,0.26558393868057056,0.07633503291013453
plant_0271,2,45.608907951157995,39.0860806893358,0.245424370691631,0.11440075850562595
plant_0271,3,45.553690470713434,127.01746456500496,0.4934265208688279,0.15263292895615016
plant_0271,4,23.265541471706626,-45.353145630539395,0.28257460010375474,0.18878880014024757
plant_0271,5,39.52599125044608,-145.227018406146,0.38997775573741694,0.2251407365441935
plant_0271,6,34.23282796680072,-2.3181934724632036,0.40393067356664436,0.2612381743111466
plant_0272,0,32.66005503622701,42.862713089873864,0.21215365174584172,0.044910900226801526
plant_0272,1,17.551108865370978,-139.837508734448,0.22327402465404947,0.08992416213522265
plant_0272,2,32.052861343154454,-52.076405690650496,0.26787047186274116,0.13255771372847924
plant_0272,3,0.9249046039915925,-26.056932303922718,0.2114623324942571,0.17529566891315343
plant_0273,0,40.952708081281166,39.30701075550422,0.16466306017300317,0.040644198985888814
plant_0273,1,21.44198686620311,127.40979733329135,0.24052367852571108,0.08129454394788052
plant_0273,2,33.96968362238028,-46.40717322478301,0.30073302731526447,0.12195067393233444
plant_0273,3,52.07743218418342,-145.827940682757,0.29515314602619624,0.16258530778319114
plant_0273,4,45.28592382208461,-2.3794250410910522,0.31597814296052984,0.20122002427810096
plant_0273,5,12.34058106392223,132.6309177276914,0.3263614489480351,0.23981699715832946
plant_0273,6,43.645302880757484,-52.96179777846645,0.30768083795286977,0.27844937533036523
plant_0273,7,38.26943968231828,130.1227010610417,0.2517733821519117,0.31704654534714954
plant_0274,0,33.75643377570915,-52.2405447284274,0.1099965172430256,0.03273879924505053
plant_0274,1,43.30125290237343,133.2410349936698,0.22474814711699248,0.06557527888354373
plant_0274,2,40.25138044297345,33.708826954407755,0.25284295760124786,0.09822693402489201
plant_0274,3,39.71136729422912,177.57841488879066,0.3091539589443568,0.13114694189984044
plant_0274,4,29.360429079455585,-46.37129712194297,0.24005404753966264,0.16211987772746006
plant_0274,5,28.88870422578764,125.4997156569338,0.23709044675779428,0.19335359452488673
plant_0274,6,29.97868743045172,-48.23133505613372,0.2580613745515762,0.224363797510685
plant_0274,7,12.986325084346902,-179.02083921424298,0.20852727215982209,0.25561238278137344
plant_0275,0,30.850800248140935,-46.34542679283458,0.21012014712975932,0.09467438174793505
plant_0275,1,2.501144727894882,-145.49797617231073,0.23998999902729382,0.189351260818751
plant_0275,2,4.984177366376457,177.60131210756168,0.21778894703910134,0.2792884504840623
plant_0276,0,31.76884710826512,34.19871891363914,0.2696202705405286,0.0507584249376868
plant_0276,1,50.63693541815342,177.6208581782095,0.21098927514478008,0.10153422501616564
plant_0276,2,34.81308292668547,-47.5182962764676,0.18570485682233207,0.15225575694008964
plant_0276,3,32.99302194101285,126.82203082139296,0.2722921859011195,0.20305772286146806
plant_0276,4,20.77525084139063,-49.2683447654974,0.23069108962736626,0.2512236137039572
plant_0276,5,24.936320522563875,-179.10404777723767,0.18194723067458005,0.29951958257472067
plant_0276,6,35.207861710630695,40.52277983265839,0.2501202547946455,0.34766266490278813
plant_0277,0,35.41353265393649,-2.4072613091462096,0.30287041469995724,0.05691475594116155
plant_0277,1,31.404535912181046,133.17005960847678,0.23395836355878388,0.1134534026037796
plant_0277,2,36.563574432754606,-53.88638899768903,0.4142867437196309,0.17043705508553997
plant_0277,3,33.5775439089572,131.33035542449997,0.44193144696318315,0.22415719116757954
plant_0277,4,25.47988528454006,0.9220309484734344,0.3064795407569304,0.278323183156439
plant_0278,0,52.84717478129524,-47.638473108565364,0.1829723589774784,0.03827931673048704
plant_0278,1,40.2299420691922,126.87488587548756,0.230148541531069,0.07661494883723614
plant_0278,2,28.662860159144124,-49.4388402542427,0.18941126706562786,0.11484506144122808
plant_0278,3,30.51378580682743,-179.10648807755967,0.1847313844219472,0.15322991402164363
plant_0278,4,34.74425660809459,40.44939231614461,0.2666417070113467,0.18951242103708407
plant_0278,5,46.69182808928367,-157.75591307844513,0.10174891831593942,0.2259691308044304
plant_0278,6,32.13810424526927,-30.453523921464793,0.20035934971666855,0.2622802109052723
plant_0279,0,22.02619762562783,-52.31982798538068,0.19845552103202344,0.029247267963948626
plant_0279,1,4.29173214413774,124.88298194489619,0.17856247299134853,0.058648340350668675
plant_0279,2,13.902642450738085,0.8353393751416434,0.1523212295737091,0.08771061167684974
plant_0279,3,11.782489191116738,-136.1487991644006,0.3148239158545423,0.11727411840900942
plant_0279,4,9.904078296913099,19.826788675710816,0.28539333025961,0.14480910911126973
plant_0279,5,0.9893721990523119,114.22273030808486,0.1901943220849938,0.17291722731689096
plant_0279,6,0.9431390532171804,-8.417686164799694,0.34888013079026337,0.2004560023503179
plant_0279,7,11.386688328464544,167.67007900849725,0.28765954146369255,0.22854907831667692
plant_0280,0,30.4111878776121,-49.949433897973876,0.17913675279112054,0.05850836809239058
plant_0280,1,19.379464499817658,-179.10917532420928,0.1947436546809404,0.11705810075159542
plant_0280,2,4.860336330578022,38.46216365059672,0.3109546047452073,0.17260092205908417
plant_0280,3,12.180871634856743,-157.3098202605132,0.22355575983802323,0.22823019336470027
plant_0281,0,41.37968676732332,0.8872392346637525,0.25519719531011,0.0811035009495306
plant_0281,1,33.510817968008986,-139.67843944534232,0.48257174085764026,0.16198590015939232
plant_0281,2,17.047155563803685,23.180691683218242,0.36556277122818204,0.2391277643263217
plant_0281,3,15.790520936128331,151.0432822678753,0.3633213917971527,0.3159265935449225
plant_0282,0,17.536620610134506,41.17461692832512,0.18285766913957902,0.028967394549542787
plant_0282,1,29.726038883532603,-158.0112992595643,0.17049649904875494,0.05791185291389621
plant_0282,2,22.776845865907617,-31.076216159465282,0.12652692707292526,0.08689167343910145
plant_0282,3,29.3902077140746,-159.53807207250537,0.16886736433330432,0.11582390294500852
plant_0282,4,23.24350366885504,-11.128395490193379,0.28017780693394506,0.14336992018807307
plant_0282,5,29.806784114065422,150.08927088737437,0.29648515269586206,0.17084251557147226
plant_0282,6,25.250351373805927,8.995717414217438,0.24582764664250623,0.19839343985937008
plant_0283,0,34.59426818905672,21.712160611242894,0.3341315162108977,0.06356062318825635
plant_0283,1,26.273292548611252,148.21574455242276,0.32591999732540616,0.12749322464074575
plant_0283,2,15.89738394572835,19.32383508952421,0.3032566525196266,0.1908770275172227
plant_0283,3,21.99750193997349,168.42495061885177,0.4197456646321742,0.25167404529802495
plant_0283,4,33.827585575450925,-29.157686851250478,0.47096516335311006,0.31185080097133827
plant_0283,5,19.65663775020616,-170.45263272470072,0.37854369754237677,0.3725952021061275
plant_0284,0,49.01804408922749,-30.67672672406443,0.29379652670360723,0.04636354168645445
plant_0284,1,61.00789459484911,-159.21276265441196,0.3470839081369833,0.09300232159732404
plant_0284,2,40.078605099602505,-10.691330463836128,0.3102721738217795,0.1390936465798549
plant_0284,3,37.0216171499289,148.57785168796855,0.2982120605694608,0.18589175544423195
plant_0284,4,50.12353630775269,8.574378262107189,0.4459385436482333,0.22956147474261368
plant_0284,5,46.000651381350664,168.70750935527826,0.4691848720468068,0.2740947561907638
plant_0284,6,40.60170005904653,-6.138861761747952,0.2743569219689283,0.31769089268215717
plant_0284,7,37.44738123205759,134.56858204683115,0.35057268532303354,0.36211983273633985
plant_0285,0,54.18869696609238,20.69939965654504,0.09996786193043455,0.06166399715377921
plant_0285,1,54.70294218276205,169.09852358921685,0.10546253050368926,0.12302247975196937
plant_0285,2,43.02384484117095,-30.774319712809902,0.09999640331088802,0.18176286003786543
plant_0285,3,25.902805648494777,-171.46744104859317,0.10245952128600788,0.24003832303138894
plant_0286,0,71.96658972808422,-10.969166950579368,0.2675223161884387,0.027696240165452378
plant_0286,1,89.37071415606172,149.68494257646276,0.34879763784121814,0.05555371702469094
plant_0286,2,73.31080216680223,8.792058471385701,0.2063156106622788,0.08313504570479445
plant_0286,3,76.66358894303144,169.09122787308064,0.4153812480792995,0.11106563863628216
plant_0286,4,71.6321525205036,-6.468004024873158,0.316908593229571,0.1372282419142311
plant_0286,5,56.6153100461227,136.71450598886102,0.3698332769331324,0.16373982300358034
plant_0286,6,64.88350649700956,-41.50544681509393,0.3819968192087177,0.18995738034051268
plant_0286,7,48.616681018775324,163.28354739262352,0.3064668431788129,0.21644718060084528
plant_0287,0,31.460071558848526,-30.52615894504859,0.2995430138209125,0.05550607464005648
plant_0287,1,30.648455915296886,-171.2719828126147,0.2672321912091427,0.11092364887791661
plant_0287,2,28.62879360523055,-11.034213992186437,0.38739816928335025,0.16647701031645318
plant_0287,3,44.46667006271248,173.55783820894607,0.49150659520095247,0.2191098282745615
plant_0287,4,24.86629800285482,-43.624650143285,0.4063874815027054,0.27186706171533986
plant_0288,0,53.36800919911497,8.834344662822332,0.46777378102565376,0.023324937110214876
plant_0288,1,60.26445659504312,169.1327284802112,0.503032833061731,0.04662004267911473
plant_0288,2,56.90095818382816,-6.50564029822377,0.4717489630548012,0.06993190542220765
plant_0288,3,66.43449836089493,137.20430336001627,0.5889210343739324,0.09324448981628163
plant_0288,4,57.13919501039749,-41.879134399926315,0.567891802264986,0.116541884662218
plant_0288,5,50.98865735286745,163.59870590488845,0.5797747577349488,0.13872311953510935
plant_0288,6,61.155671458961166,43.242085911069296,0.6272553009989663,0.16082130363682773
plant_0288,7,56.36337904212313,154.17802599483602,0.5514895212285154,0.18301884940174
plant_0288,8,53.045570229865184,-39.41445173143873,0.42044861086089313,0.20509232735201255
plant_0288,9,66.8407375915804,-164.3511556389847,0.6141539542700989,0.22733175529036154
plant_0289,0,46.53531785281139,-10.852880050430779,0.2198320797667935,0.023353780779088406
plant_0289,1,40.73786729871951,173.46815856366396,0.2996155414315238,0.04676879814622523
plant_0289,2,45.100338134300166,-42.587176766353394,0.3157576565590655,0.0700737908508678
plant_0289,3,46.16804252023455,137.83093298964062,0.321927324475338,0.09351000643686892
plant_0289,4,48.39499818420597,-16.23820746612091,0.28575597480811127,0.11562042531793777
plant_0289,5,27.637233811885665,-135.84845154584633,0.3089996507674878,0.13791189012916516
plant_0289,6,24.130440850645755,-25.102020988871473,0.28530773350720867,0.16002790704673675
plant_0290,0,44.107769334091664,-6.440727326022422,0.1872037061638441,0.021796314596259126
plant_0290,1,57.301855591568334,136.87602606377632,0.18767253360954417,0.04394650200715003
plant_0290,2,43.599422415903305,-41.22208296126757,0.25257096345827323,0.06563289543489374
plant_0290,3,38.191037445854214,163.18766178638933,0.194191026407172,0.08674219981319743
plant_0290,4,50.00335913529575,42.44776514660265,0.28974908546739153,0.10726688184875428
plant_0290,5,52.25992235244437,153.70115489802427,0.09999985966005495,0.12833488315913857
plant_0291,0,15.980570051038356,-42.181145360655854,0.21992932092674303,0.08784408273134475
plant_0291,1,5.562766714813918,135.95066031519863,0.09999997882785924,0.1758148764245556
plant_0291,2,11.19802162732826,-15.947471138207193,0.10995944697928028,0.25922538026412756
plant_0291,3,17.13794161322359,42.6899939122099,0.22883763084221465,0.34277604341743706
plant_0292,0,32.24074228007191,-41.80940945827051,0.3147652140731994,0.04884501023585704
plant_0292,1,20.80909074502206,163.50113453767455,0.3952631863653745,0.09773990409798201
plant_0292,2,26.860436818830358,43.00434037246333,0.4068127045022757,0.14411833099837365
plant_0293,0,2.604119090768421,-14.221070939413,0.2686525835754905,0.0748856447528375
plant_0293,1,14.353386949559479,-135.21117048893402,0.3085617807335025,0.14998377185295306
plant_0293,2,16.583782456613136,-24.759054503073102,0.24437109221481845,0.22103877708334257
plant_0293,3,13.285768903550462,138.35170278735896,0.29962731111837815,0.292377222352376
plant_0294,0,1.651309974250836,-127.03052330649653,0.3517526113914901,0.014660180123539363
plant_0294,1,10.350142218559995,153.32923876411965,0.370979011295874,0.029553665690904625
plant_0294,2,7.412340440950317,-38.08414735696279,0.4196826635654783,0.04415462723505597
plant_0294,3,21.362355824304927,-164.1629602015877,0.4772029797759611,0.05901207249431104
plant_0294,4,9.32067171338683,20.50762870501495,0.45791816048529255,0.0736067294716197
plant_0294,5,17.966031423028966,-139.21200447001956,0.4228925816242234,0.08773335843103529
plant_0294,6,7.657598325122436,22.937309862916834,0.40737112755450827,0.10160701833375223
plant_0294,7,10.256747394604417,151.53316575237926,0.3622086397874604,0.1157366658628831
plant_0294,8,2.5986780040491766,-119.29921448532433,0.4255303029726116,0.12963640574296653
plant_0295,0,51.619880272650676,-25.73758455920441,0.3917162077017009,0.04144036992714263
plant_0295,1,36.59139821614613,140.35925553777142,0.4714476407776273,0.08290278600488815
plant_0295,2,44.91062176304199,15.583861566033306,0.4284415413158443,0.1243482983380686
plant_0295,3,37.911767978838284,-158.4951690226894,0.40476026679394406,0.1658047535586253
plant_0295,4,37.787177021512186,39.80562063574928,0.5073294638047802,0.20723938843289574
plant_0295,5,11.828022791141592,-155.18773850375882,0.38179198369659606,0.2466362317443155
plant_0295,6,21.18779500690617,-26.823984501371914,0.37927382884056576,0.28598791653394956
plant_0295,7,37.66522018361976,-129.16038537206254,0.3936356286419006,0.3253936243609494
plant_0295,8,30.111525825090844,-36.29960701725304,0.4430136065189535,0.36473082697419795
plant_0295,9,19.205023777947787,-152.01783612248767,0.46103593158013617,0.4041603558600067
plant_0296,0,34.37229281161537,-39.98700309545528,0.31204095067412174,0.06589108431110864
plant_0296,1,38.16775383396645,-164.64678196625397,0.518823866488475,0.1315897102273866
plant_0296,2,46.568068213668234,21.810175660349216,0.384405960387963,0.1976151816510615
plant_0296,3,17.86093599395403,-142.31262027202942,0.33747777599542583,0.2599783271388041
plant_0296,4,34.97324199326983,25.345602058350778,0.3040012497611745,0.3226605761245886
plant_0297,0,53.652784087187584,15.421168559215062,0.19253886267666953,0.02822391516934847
plant_0297,1,25.3238562726647,-157.57282979692766,0.3187669155403347,0.056996831834878095
plant_0297,2,59.24398255770386,39.25607887522409,0.35564378817926284,0.08494765298510787
plant_0297,3,37.126615952912594,-154.32213687624153,0.3093473985216053,0.11381797462383828
plant_0297,4,39.24215573112839,-25.80423812962399,0.24850801173152434,0.14164466672424864
plant_0297,5,12.515185762022554,-121.32733774998232,0.3118679128887295,0.16906719015391733
plant_0297,6,41.471281284087986,-34.89068680201362,0.22195481433266503,0.19557498572609938
plant_0297,7,31.351778294727907,-150.34969868315974,0.16842701065223298,0.22302138016413736
plant_0297,8,50.911172805613575,30.586775966057417,0.23838288270784527,0.2494552850634559
plant_0297,9,38.8134357611065,-129.7858147271679,0.26409432826942486,0.2767872293176378
plant_0298,0,28.202511749875462,21.361185511224846,0.24565294326615722,0.050145234249539095
plant_0298,1,33.32317335864539,-139.99041389328644,0.28235609389824523,0.10039677256886387
plant_0298,2,27.711294826544098,24.551911565828618,0.1140443881161281,0.15053860222722096
plant_0298,3,26.770695888544886,152.9349694524218,0.20184021576035913,0.19825079682988747
plant_0298,4,10.185527731218542,50.23462060052702,0.263308044382152,0.2459078727070483
plant_0299,0,46.93268072717255,40.15661511897031,0.47807634416144584,0.05558316151526713
plant_0299,1,48.98051997308593,-155.572113328755,0.5032548204195576,0.11093674954802357
plant_0299,2,56.46182678344789,-27.167438499055574,0.6372804368088659,0.16662963494032224
plant_0299,3,38.98041819487575,-130.14796332000356,0.44199503284738456,0.22198966848385762
plant_0299,4,40.0587546200566,-37.292358601913016,0.6657413019784557,0.27486824185978853
plant_0299,5,43.55771642713113,-152.98121574061588,0.6087567021147139,0.32743855774060227
plant_0299,6,37.90257835416093,32.61497178500764,0.44260792020943457,0.3803115952076039
plant_0300,0,26.23982205899894,24.738303338726098,0.2508036104405685,0.03818006820990677
plant_0300,1,40.68896176835241,153.1768134053523,0.40351997292218017,0.07630062533100351
plant_0300,2,31.148746400474785,51.022467303195924,0.3120090060654936,0.11260782495376015
plant_0300,3,41.51785686542422,143.60980175718632,0.4623440278873665,0.14882857219834836
plant_0301,0,4.336409059512249,-28.855885036883404,0.2209178018588623,0.014658038248467875
plant_0301,1,2.336511834422069,-138.1452463937884,0.29498543918785897,0.029141508373840084
plant_0301,2,4.8254074519200145,-40.830689742280775,0.38737909239658913,0.043874741550830626
plant_0301,3,9.455475436490076,-154.5375301219062,0.481387652313819,0.058297086654151814
plant_0301,4,2.5115410171545136,-159.0636900763795,0.38105065548991596,0.07235388630961351
plant_0301,5,7.76801288177947,53.1469768531411,0.35059300504299096,0.08605158965039204
plant_0301,6,2.0048852357566176,-157.43741701352502,0.3566300627874411,0.1000540676661531
plant_0302,0,51.848569793956024,50.69330908079172,0.39538877741827827,0.030114002428878555
plant_0302,1,48.302765946670085,143.419525935879,0.2839534748150055,0.06021138169746187
plant_0302,2,53.065827860385596,27.51362305793276,0.4054304778906906,0.09031362635219202
plant_0302,3,38.95869252288664,-147.9937650418295,0.4106276016073204,0.12045450532681372
plant_0302,4,28.645034926723163,46.9247708228375,0.4864703588063267,0.15050294887056548
plant_0302,5,26.49302719597059,-132.86992002027318,0.4002963180520718,0.18068830717847192
plant_0302,6,62.46481286254529,22.516105193629244,0.5008668350548895,0.2091785445001571
plant_0302,7,33.3296373928659,-152.95735007701117,0.45100176579936785,0.2379093072270057
plant_0302,8,35.359479560311605,48.524969383629866,0.40697556666288986,0.26638748508927573
plant_0302,9,41.65964452713905,-173.18089161286954,0.4662476229621127,0.29513038676632164
plant_0302,10,24.755058591048183,38.04850747579627,0.4226470434564629,0.32357217266556315
plant_0303,0,18.29954291588544,-36.129676066334966,0.09999793447746107,0.035228918697496565
plant_0303,1,6.949948303414601,-150.92505724858532,0.0999883921918769,0.0705981794299081
plant_0303,2,13.705515604552232,30.65409364963716,0.15833522413172774,0.1057351119003826
plant_0303,3,8.225729479119252,-129.37720650419337,0.13030548018902002,0.13936076711282674
plant_0303,4,8.789262792738512,43.16554144452817,0.17431057625621385,0.17276419751124514
plant_0303,5,2.5716005936585304,-151.05058942291174,0.10929392135038105,0.2063655382658395
plant_0304,0,9.222136408399024,27.181740926605414,0.22472638278304866,0.05218680209677476
plant_0304,1,27.387886517120613,-147.99894629396798,0.1564025146206392,0.10442256332524913
plant_0304,2,4.652778434480766,46.8619138787318,0.3617408904732898,0.15660961632378645
plant_0304,3,8.874521099494771,-133.16517609209578,0.2997456341293951,0.2062139905779419
plant_0304,4,7.246091028110158,22.243513064017407,0.20840075400534708,0.25579504440075757
plant_0305,0,31.518802393329068,31.314115108279168,0.2766328448884348,0.05039757595811961
plant_0305,1,13.824233191932493,-129.7286388634572,0.34761110563622377,0.10105016293170573
plant_0305,2,15.320156700174593,43.23549630004214,0.1375429829234273,0.1513525292004104
plant_0305,3,15.868154109050067,-155.37588647281473,0.09999991029003592,0.19950314130307287
plant_0305,4,16.351196337950483,24.143682276658694,0.21374584631634494,0.24723977213055912
plant_0306,0,21.82779151665349,48.05279247983418,0.09999862379367257,0.04896680551744603
plant_0306,1,18.167736511287742,-135.10501709498106,0.14513647164005217,0.09784198923805701
plant_0306,2,18.83691689073052,23.592993141394174,0.22918115530473945,0.14687837029379705
plant_0306,3,3.1985287447491118,-161.02034314551756,0.09999048559693141,0.19325736746897598
plant_0306,4,7.964837980445665,55.77308874104477,0.0999894391686592,0.23983555151671446
plant_0306,5,25.398016979937594,-173.6371132267469,0.1526873184623298,0.286228766779691
plant_0307,0,24.556513166166525,45.36962474015911,0.23480138501010872,0.04346636258229769
plant_0307,1,15.874213198407915,-155.95439491065085,0.2570344862754381,0.08713187028188979
plant_0307,2,19.37785673413768,24.902844606279018,0.20985179024339196,0.1304388083425439
plant_0307,3,2.032053017962255,-94.07024414503196,0.20576181908892324,0.174130907065262
plant_0307,4,14.995455010732812,5.857892652248438,0.2004853705139069,0.21524891994154619
plant_0307,5,13.77976892730483,-134.75346535690716,0.32182964364926214,0.2567777631056192
plant_0307,6,23.97891782895276,-12.978686467261689,0.2618691950032726,0.29789990109009956
plant_0308,0,24.511732158348266,23.412554676437026,0.3061107011660976,0.04360416480906968
plant_0308,1,27.835436442595274,-154.55848053297714,0.3328656093980892,0.08657040363006509
plant_0308,2,17.11668473530048,53.45765543797535,0.4763911919835298,0.13040403398319775
plant_0308,3,15.28159879446548,-174.12379275087656,0.4079930162708735,0.17331858709300813
plant_0308,4,22.384776141054772,43.02296240744977,0.4356705057186477,0.21504917244609006
plant_0308,5,16.0669067845795,168.08897316543226,0.4546334230194664,0.25573474402674856
plant_0308,6,14.593434796765962,22.295659020366998,0.3260979088933162,0.2974468086082181
plant_0309,0,20.588360203674625,28.149774730969114,0.4426873279753878,0.025921243086483928
plant_0309,1,6.817804334438847,63.02225889195768,0.36041937407454316,0.0509209796276949
plant_0309,2,13.369226850970165,-174.63287130016622,0.43095616215060034,0.0774033691178923
plant_0309,3,16.25106926956748,-147.36049953232214,0.4385750683391004,0.10198759034009004
plant_0309,4,17.17854347906153,168.66972118030623,0.40401872633739355,0.12731729249190898
plant_0309,5,4.230699956306765,37.19629593945831,0.43358773789153116,0.15045909682901334
plant_0309,6,13.343732749476274,179.87648283542794,0.3438542245603988,0.17586755422830366
plant_0309,7,10.370041481760083,178.8184878213421,0.43028067358681316,0.19900092886582324
plant_0310,0,41.23184911940513,49.336692562183714,0.3430841300347489,0.036851651855080825
plant_0310,1,39.44185717562481,-173.26881943900844,0.36122236152410014,0.07382274798317853
plant_0310,2,38.421725464062405,39.13407546128781,0.4108049550514482,0.11052511611333267
plant_0310,3,32.21623536284234,165.50876650832268,0.48051905369162307,0.1476056379245462
plant_0310,4,30.34345406081391,18.261871117289104,0.5020850244536105,0.18423474095261283
plant_0310,5,39.5943570039663,179.80261925180298,0.4682295095408738,0.21949594863171998
plant_0310,6,32.63084506833175,-2.310122460223795,0.35878211824401257,0.2542847817550935
plant_0310,7,30.77480353832415,-129.56981042898332,0.4785466353798492,0.2894920321835553
plant_0310,8,35.012628563813365,47.53529502511981,0.43372375402965957,0.324387198842931
plant_0311,0,31.51303380123644,6.7773691839041135,0.2881681607046312,0.0342670275930149
plant_0311,1,28.476902350406213,-141.3318479956984,0.4395466388718476,0.06822700821323853
plant_0311,2,23.336693999970976,-14.77704305869472,0.28827352684701507,0.10263426927238342
plant_0311,3,22.340230230360334,-162.1787826013,0.3852709036087829,0.13481801569507343
plant_0311,4,15.538717357586677,-0.20928323047127545,0.2511155685365205,0.16752653444716462
plant_0311,5,5.866872472974578,178.1715045720112,0.28592968728476953,0.199742493160831
plant_0312,0,53.200699818016425,39.74526621474672,0.2683538857585825,0.05802216522472154
plant_0312,1,66.57541571558119,165.82509511820834,0.29335205052589247,0.11593515811346146
plant_0312,2,42.473881072719145,18.885959230906167,0.2728159524446049,0.17401935144655128
plant_0312,3,43.55563268120833,179.80880755146944,0.1290753729639866,0.22900736355447504
plant_0312,4,52.0114568345968,-2.396756789213597,0.2862453486234241,0.28418601304499874
plant_0313,0,26.785406100243826,-14.074659293359613,0.19202463968531108,0.029188670559547814
plant_0313,1,46.60380028156843,-161.1817324665355,0.30823016623453464,0.058614225851838835
plant_0313,2,42.79729980613119,-0.19194689974498738,0.20430021773651216,0.08765816229673191
plant_0313,3,39.88595529716325,177.59474387942805,0.3866644423570666,0.11716191895842686
plant_0313,4,32.8750662331405,48.054376280085705,0.3748295070917875,0.1461748164920114
plant_0313,5,21.901788329663006,-129.17811727178608,0.19616419538849925,0.17418651726967063
plant_0313,6,44.268882149138754,28.573747140697833,0.3580840071290984,0.20169963620326947
plant_0313,7,38.81787273764356,145.4903729979349,0.24517033220544313,0.22978304056520782
plant_0313,8,48.41622635177201,-40.22682503065865,0.3838932310437422,0.25730629562957164
plant_0313,9,18.877888470359864,-125.47206557661791,0.39425884660177507,0.28529489321226575
plant_0314,0,48.80034421497011,18.54579534721853,0.40474268657680895,0.0792028276168432
plant_0314,1,48.60230909342539,179.80385459777855,0.2089286241570397,0.15871008155161231
plant_0314,2,24.645335716712452,-2.283967182917655,0.31028989312286753,0.2377130231591603
plant_0314,3,45.89345811442722,-129.87046528321565,0.40217066557242315,0.3132867354824849
plant_0314,4,24.472560298033713,45.92945149474991,0.30213291584532237,0.38835932092333686
plant_0314,5,23.82472004645942,-148.7842768962141,0.34875632247071175,0.4638946486428973
plant_0315,0,3.163332532111042,179.82641199072182,0.2380163165418263,0.06489679256179966
plant_0315,1,14.396674202053603,177.70264871636755,0.3061400811794288,0.12956639229083325
plant_0315,2,3.9664892513134475,55.31782244446998,0.3252645907728286,0.19452430641780566
plant_0315,3,3.231482177411891,-141.2905324277461,0.3920687091277337,0.2559895647654566
plant_0315,4,8.198884582677849,32.05754250982096,0.24070002515425595,0.31768728415520275
plant_0316,0,49.42226071675924,-2.3419435337844883,0.3524610329441829,0.03668533298864619
plant_0316,1,28.130597541635574,-129.01144744171162,0.5010528995602958,0.0737731841583204
plant_0316,2,41.22959671508339,47.10076044898477,0.30164357296946376,0.11026982639908992
plant_0316,3,39.804296630573724,-149.5194769862605,0.34038819495751177,0.14750232993822857
plant_0316,4,23.357538479219443,-30.392729392062662,0.41202349469974814,0.18378376718760506
plant_0316,5,47.03177809546196,137.1461537034353,0.4109434431602343,0.21921327623028947
plant_0316,6,37.02173541940096,47.66953061840758,0.3484874497447705,0.25371527148830164
plant_0316,7,21.99176467892663,122.62725717075682,0.4313951821223936,0.28900701374202886
plant_0316,8,53.28617852801846,-37.97651351239401,0.43585409896450517,0.3235382562591275
plant_0317,0,32.58429325014565,49.238125276718904,0.20547489257103724,0.038688187049172595
plant_0317,1,27.75459702118176,-131.4254070853667,0.26577798945401443,0.0773754022221723
plant_0317,2,34.281486696263194,29.17094967000338,0.30139342723099827,0.11604722488424472
plant_0317,3,35.874711238698815,146.29119185475392,0.1278345821833803,0.1547757938223848
plant_0317,4,51.647255604324855,-40.92722326087465,0.3502308334918299,0.19146928431509344
plant_0317,5,44.738072255934675,-128.7099945717463,0.22108865060020727,0.22828203135154634
plant_0317,6,32.439843611212964,-50.04017554680453,0.313038534718028,0.2649774641113474
plant_0318,0,22.14440366492768,48.193474730389994,0.3244977720811807,0.03518417730544735
plant_0318,1,3.2010336304636837,-147.30683493591275,0.4050958122843846,0.07045867321787026
plant_0318,2,20.494718605861223,-32.59220265233745,0.4678155710495443,0.10555386156683114
plant_0318,3,17.887378055188577,137.33379368423604,0.35535744350653425,0.1391138544458641
plant_0318,4,27.891605486302225,49.722194094374174,0.37653732400594303,0.1724600842237799
plant_0318,5,26.189033944596403,127.99537531968866,0.4239551632684725,0.2059725009374839
plant_0319,0,21.437102995379377,30.033819586523634,0.0999476378744728,0.03363631261445063
plant_0319,1,37.48396581862593,147.03238129132728,0.15728946743434377,0.067056851169237
plant_0319,2,43.64843300631845,-41.79635117388943,0.19360259948094907,0.10077017162314028
plant_0319,3,45.52200727770505,-129.9959706913376,0.21975315174764865,0.13418976227949442
plant_0319,4,46.46482169449866,-51.68820407301501,0.1738143745220859,0.16620239516437574
plant_0319,5,35.158339935560136,141.5786564897085,0.3096122282767175,0.19794078574029042
plant_0319,6,36.616555265768035,11.22116656155373,0.1780042647072451,0.22999493361913997
plant_0319,7,43.59831803655704,-169.26950656409932,0.2921529216213663,0.2616745788767683
plant_0320,0,39.296027621764075,-33.09332894997564,0.34370290108337886,0.03480779582877898
plant_0320,1,31.227551859904324,137.89162672265803,0.24657347690287898,0.06988968702575984
plant_0320,2,37.23286052592021,49.62226255053406,0.253771853109146,0.10456508564389744
plant_0320,3,10.674432430844803,122.72912986214874,0.37898819916744403,0.13969394773892488
plant_0320,4,19.940224456958873,-36.247592166337604,0.45190144690657813,0.17425872734373996
plant_0320,5,25.995731172271775,-168.34728338980807,0.5369536331140973,0.20780572951528037
plant_0320,6,19.875373108000076,9.80700973311383,0.44940318367914733,0.24045272860027905
plant_0320,7,28.307059043369314,-163.2254060821987,0.3999741347760424,0.27402176849081455
plant_0320,8,15.173849338249894,-9.961875735782497,0.32160925274829116,0.30668976717031765
plant_0320,9,27.311585310234832,146.0046653144403,0.450523932870416,0.3401726801726184
plant_0321,0,45.36750834315294,-41.431265145950924,0.31182538664611814,0.03959288019747654
plant_0321,1,45.495932091563056,-129.57584304441215,0.28756819321346827,0.07905117914283422
plant_0321,2,46.11776178645833,-51.25016086554282,0.2656397310758625,0.11868540439535827
plant_0321,3,37.32249753986869,140.86155978113553,0.43947790183143826,0.15813759616659379
plant_0321,4,52.83729950735189,10.891688065096275,0.4271314888218471,0.19581423693880443
plant_0321,5,52.20257311759391,-169.00951706927964,0.4239201758719898,0.23326929205734626
plant_0321,6,46.91956087817748,15.674808409085074,0.45169874132518373,0.27094345177978524
plant_0321,7,56.46595030148362,167.83950186552204,0.35215082797029307,0.3084124549533394
plant_0322,0,30.94042932510363,50.381346472088524,0.2798935129692015,0.03015016759987338
plant_0322,1,35.66323201691068,128.59653892211412,0.21174416333554144,0.060419970753329465
plant_0322,2,18.75850650417368,-38.453875048888364,0.24428360248754816,0.09049235371408548
plant_0322,3,26.85904644325275,-168.94418776794208,0.24438888127232472,0.12081052705177303
plant_0322,4,2.6089181391095337,7.906329302921222,0.41806702351797004,0.14934363683529364
plant_0322,5,41.80312418485886,-164.30759229014924,0.29749287379816997,0.17814010490235677
plant_0322,6,20.896807580526627,-11.856265703710612,0.23964831141652332,0.20671361581907416
plant_0323,0,75.3981373956233,-50.85241765504329,0.4257837546662823,0.04184554221417301
plant_0323,1,69.93817169987935,140.42172118240606,0.507875306792224,0.083540531700138
plant_0323,2,45.20872778293627,10.90281764812869,0.44326814259642616,0.12551230507131197
plant_0323,3,72.5890184310242,-168.94432339604825,0.5043152485467133,0.16709561337620893
plant_0323,4,53.576533614252504,15.640417465246799,0.6612929892497859,0.20704389490957312
plant_0323,5,61.5858851511573,167.84117567959044,0.4983647228984254,0.24649784616625792
plant_0323,6,35.295502798963724,-31.9648433775156,0.4839466555694625,0.2864612023338244
plant_0323,7,53.758069214666264,-166.18604259024812,0.5947687246659079,0.3258926745160669
