plant_id,leaf_index,theta_gold,theta_ours,phi_gold,phi_ours,leaf_length_m,leaf_voxel_count,connection_y_m,phi_was_flipped,dtheta,dphi,abs_dtheta,abs_dphi,keep
4-9-18_Schnable_49-281-JS39-65_2018-04-11_12-09-35_9968800,0,35.7473,36.22018497600502,-170.847,-167.07085069611972,0.28326564948130367,120.0,-0.0706639964166237,False,0.47288497600501955,3.7761493038802882,0.47288497600501955,3.7761493038802882,True
4-9-18_Schnable_49-281-JS39-65_2018-04-11_12-09-35_9968800,1,27.529,28.705789379759587,-24.8574,-13.978796585024185,0.36859205696780173,155.0,-0.037726462658192975,False,1.1767893797595868,10.878603414975828,1.1767893797595868,10.878603414975828,True
4-9-18_Schnable_49-281-JS39-65_2018-04-11_12-09-35_9968800,2,29.5886,31.339782444000832,-173.236,-167.4838523988441,0.405403256333521,167.0,-0.01791586787587432,False,1.7511824440008326,5.752147601155883,1.7511824440008326,5.752147601155883,True
4-9-18_Schnable_49-281-JS39-65_2018-04-11_12-09-35_9968800,3,18.6445,21.869926412601828,-18.9132,-4.681697029076304,0.41399952540155033,168.0,0.016431787258916985,False,3.225426412601827,14.231502970923685,3.225426412601827,14.231502970923685,True
4-9-18_Schnable_49-281-JS39-65_2018-04-11_12-09-35_9968800,4,17.0514,20.648520881896346,-167.352,115.38615689966531,0.14466544374449716,61.0,0.052772112998124045,False,3.5971208818963447,-77.26184310033466,3.5971208818963447,77.26184310033466,True
4-9-18_Schnable_49-281-JS39-65_2018-04-11_12-09-35_9968800,5,13.1306,16.949937032089224,88.8605,-174.12549343337193,0.43722300653269003,183.0,0.052772112998124045,False,3.8193370320892246,97.01400656662804,3.8193370320892246,97.01400656662804,True
4-9-18_Schnable_49-281-JS39-65_2018-04-11_12-09-35_9968800,6,35.1655,27.062387217045654,-5.26523,0.05743057830494536,0.39832592420419083,168.0,0.13865699212101373,False,-8.103112782954348,5.322660578304948,8.103112782954348,5.322660578304948,True
4-9-18_Schnable_49-281-JS39-65_2018-04-11_12-09-35_9968800,7,21.424,18.898095715164388,162.191,148.3758000872656,0.36547126495444615,149.0,0.15962623653226363,False,-2.5259042848356117,-13.815199912734414,2.5259042848356117,13.815199912734414,True
4-9-18_Schnable_49-281-JS39-65_2018-04-11_12-09-35_9968800,8,22.1008,22.822900360810365,-58.9143,-53.8584422216517,0.1758239237226265,71.0,0.15962623653226363,False,0.7221003608103658,5.055857778348297,0.7221003608103658,5.055857778348297,True
4-9-18_Schnable_49-282-js254-408_2018-04-11_12-10-49_9968900,0,18.3501,23.71392303870047,91.0213,86.29263762936642,0.13300189529363482,54.0,-0.11817285134681287,False,5.36382303870047,-4.728662370633572,5.36382303870047,4.728662370633572,True
4-9-18_Schnable_49-282-js254-408_2018-04-11_12-10-49_9968900,1,12.7814,18.362201303460978,5.92645,13.144049110957894,0.1804205504412087,82.0,-0.07862125943044901,False,5.580801303460978,7.217599110957906,5.580801303460978,7.217599110957906,True
4-9-18_Schnable_49-282-js254-408_2018-04-11_12-10-49_9968900,2,13.9637,16.05165629291369,155.396,162.20487516896242,0.2577363619563041,112.0,0.0025254659694096686,False,2.0879562929136917,6.80887516896243,2.0879562929136917,6.80887516896243,True
4-9-18_Schnable_49-282-js254-408_2018-04-11_12-10-49_9968900,3,24.6879,24.868239053506898,38.7436,17.879901608024227,0.3024173350286705,142.0,0.05174738643187364,False,0.1803390535068985,-20.863698391975788,0.1803390535068985,20.863698391975788,True
4-9-18_Schnable_49-282-js254-408_2018-04-11_12-10-49_9968900,4,15.3803,14.751800346646519,39.2406,37.49039062918462,0.1401618482728156,67.0,0.0558552028724484,False,-0.6284996533534812,-1.7502093708153836,0.6284996533534812,1.7502093708153836,True
4-9-18_Schnable_49-282-js254-408_2018-04-11_12-10-49_9968900,5,20.6045,15.229772840421575,-153.037,1.1316574418043501,0.30941650257337533,153.0,0.14443899041058308,False,-5.374727159578427,154.16865744180438,5.374727159578427,154.16865744180438,True
4-9-18_Schnable_49-282-js254-408_2018-04-11_12-10-49_9968900,6,20.4254,21.38813262364785,4.87653,-161.97952511674308,0.42491845567021436,211.0,0.14443899041058308,False,0.9627326236478488,-166.85605511674308,0.9627326236478488,166.85605511674308,True
4-9-18_Schnable_49-283-js254-408_2018-04-11_12-12-29_9969000,0,18.2911,18.39273909321166,48.947,34.74191307204421,0.1183252682598225,45.0,-0.09062862568461008,False,0.10163909321165931,-14.20508692795579,0.10163909321165931,14.20508692795579,True
4-9-18_Schnable_49-283-js254-408_2018-04-11_12-12-29_9969000,1,11.9822,17.115936924567706,99.3403,122.55597997618383,0.17679980116649366,80.0,-0.046367758637311754,False,5.133736924567705,23.21567997618382,5.133736924567705,23.21567997618382,True
4-9-18_Schnable_49-283-js254-408_2018-04-11_12-12-29_9969000,2,38.5704,43.088196306293,16.6347,22.51270319673978,0.1930384657701473,95.0,0.0875039558550236,False,4.517796306293,5.878003196739769,4.517796306293,5.878003196739769,True
4-9-18_Schnable_49-283-js254-408_2018-04-11_12-12-29_9969000,3,33.4248,14.087860396280647,-22.5678,-128.87901181863782,0.38397237226699865,188.0,0.12030242168357562,False,-19.33693960371935,-106.31121181863782,19.33693960371935,106.31121181863782,True
4-9-18_Schnable_49-283-js254-408_2018-04-11_12-12-29_9969000,4,26.9897,27.748722080025708,-81.6704,5.320988272981708,0.5022301432068149,242.0,0.12030242168357562,False,0.7590220800257086,86.99138827298168,0.7590220800257086,86.99138827298168,True
4-9-18_Schnable_49-284-js165-237_2018-04-11_12-14-09_9969100,0,38.1307,36.13582174388779,-13.0333,-14.70118530397346,0.1621821663081558,66.0,-0.10973881876981219,False,-1.9948782561122087,-1.6678853039734634,1.9948782561122087,1.6678853039734634,True
4-9-18_Schnable_49-284-js165-237_2018-04-11_12-14-09_9969100,1,30.8176,34.32763949995379,159.001,159.90646699052184,0.2560734107112734,123.0,-0.07600131986139919,False,3.510039499953791,0.9054669905218304,3.510039499953791,0.9054669905218304,True
4-9-18_Schnable_49-284-js165-237_2018-04-11_12-14-09_9969100,2,36.521,39.41188768953677,-12.5351,-18.834125023226477,0.261560938759014,118.0,-0.03286063674059791,False,2.8908876895367683,-6.299025023226477,2.8908876895367683,6.299025023226477,True
4-9-18_Schnable_49-284-js165-237_2018-04-11_12-14-09_9969100,3,25.4382,31.276268411836412,155.153,157.0063267290251,0.3477425295896963,146.0,0.012705020154355606,False,5.838068411836414,1.853326729025099,5.838068411836414,1.853326729025099,True
4-9-18_Schnable_49-284-js165-237_2018-04-11_12-14-09_9969100,4,30.1465,28.208595801720364,-24.2602,-15.945420926678935,0.3668113554924581,172.0,0.08419675935327121,False,-1.937904198279636,8.314779073321063,1.937904198279636,8.314779073321063,True
4-9-18_Schnable_49-284-js165-237_2018-04-11_12-14-09_9969100,5,16.8512,17.652590794465567,-172.871,174.90489951919392,0.20822028118308042,91.0,0.14639709132261836,False,0.8013907944655685,-12.2241004808061,0.8013907944655685,12.2241004808061,True
4-9-18_Schnable_49-284-js165-237_2018-04-11_12-14-09_9969100,6,28.2899,34.48041818559506,-99.9691,-75.8106727535109,0.13596064980845604,61.0,0.14639709132261836,False,6.190518185595064,24.15842724648911,6.190518185595064,24.15842724648911,True
4-9-18_Schnable_49-285-JS147-2-214_2018-04-11_12-16-48_9969200,0,28.3299,34.86183690480584,-19.7845,-13.417642451323786,0.2680984389627384,115.0,-0.0773580412356735,False,6.531936904805843,6.366857548676222,6.531936904805843,6.366857548676222,True
4-9-18_Schnable_49-285-JS147-2-214_2018-04-11_12-16-48_9969200,1,24.1953,33.777581930802086,-106.871,-114.79179852792059,0.32140552193260274,134.0,-0.059603456450720974,False,9.582281930802086,-7.920798527920596,9.582281930802086,7.920798527920596,True
4-9-18_Schnable_49-285-JS147-2-214_2018-04-11_12-16-48_9969200,2,22.4499,28.08265212628563,-2.30991,10.201675033630806,0.37772862355735115,156.0,-0.023272866186120116,False,5.632752126285631,12.511585033630809,5.632752126285631,12.511585033630809,True
4-9-18_Schnable_49-285-JS147-2-214_2018-04-11_12-16-48_9969200,3,27.9152,27.74886470440041,-162.695,-138.25551343353908,0.43601254435165954,202.0,0.012496753535576013,False,-0.1663352955995876,24.439486566460914,0.1663352955995876,24.439486566460914,True
4-9-18_Schnable_49-285-JS147-2-214_2018-04-11_12-16-48_9969200,4,29.5896,21.12518240874698,23.3159,24.071436026025026,0.41989322512151805,185.0,0.042854387207599376,False,-8.46441759125302,0.7555360260250268,8.46441759125302,0.7555360260250268,True
4-9-18_Schnable_49-285-JS147-2-214_2018-04-11_12-16-48_9969200,5,35.0258,27.554489458896057,25.3931,29.73071612106355,0.28034681853080273,169.0,0.12445473880296419,False,-7.471310541103939,4.337616121063547,7.471310541103939,4.337616121063547,True
4-9-18_Schnable_49-285-JS147-2-214_2018-04-11_12-16-48_9969200,6,21.8966,22.04128996372181,-161.77,-156.93085415302775,0.4968281269696151,228.0,0.1341271777449949,False,0.14468996372180953,4.839145846972258,0.14468996372180953,4.839145846972258,True
4-9-18_Schnable_49-285-JS147-2-214_2018-04-11_12-16-48_9969200,7,13.9616,9.112417963615187,-1.25143,28.582275143930588,0.2278933747771044,103.0,0.1341271777449949,False,-4.849182036384814,29.833705143930587,4.849182036384814,29.833705143930587,True
4-9-18_Schnable_49-286-js259-417_2018-04-11_12-19-03_9969300,0,73.6365,96.95899379715172,13.0936,-127.39076907579008,0.01138617738163601,4.0,-0.18569420845254372,False,23.322493797151722,-140.48436907579008,23.322493797151722,140.48436907579008,False
4-9-18_Schnable_49-286-js259-417_2018-04-11_12-19-03_9969300,1,30.3476,41.84999217944046,117.833,116.98007705650974,0.41436522606695925,184.0,-0.06427613291976564,False,11.502392179440463,-0.8529229434902561,11.502392179440463,0.8529229434902561,True
4-9-18_Schnable_49-286-js259-417_2018-04-11_12-19-03_9969300,2,26.0873,37.23197091290306,-62.8261,-53.48912774316538,0.4302690736532445,186.0,-0.03883388365410005,False,11.14467091290306,9.3369722568346,11.14467091290306,9.3369722568346,True
4-9-18_Schnable_49-286-js259-417_2018-04-11_12-19-03_9969300,3,27.5419,32.80085974372949,143.685,120.94646186876446,0.5267579069128959,248.0,-0.0056275934623449125,False,5.258959743729491,-22.738538131235543,5.258959743729491,22.738538131235543,True
4-9-18_Schnable_49-286-js259-417_2018-04-11_12-19-03_9969300,4,47.361,35.32126474051147,-39.3376,-31.57239866154012,0.480010229821376,246.0,0.037858370844056716,False,-12.03973525948853,7.765201338459889,12.03973525948853,7.765201338459889,True
4-9-18_Schnable_49-286-js259-417_2018-04-11_12-19-03_9969300,5,34.5739,34.47485165967567,121.267,112.46607808446811,0.49897242745433945,227.0,0.09578259566228008,False,-0.0990483403243303,-8.800921915531887,0.0990483403243303,8.800921915531887,True
4-9-18_Schnable_49-286-js259-417_2018-04-11_12-19-03_9969300,6,38.1218,33.27504232693949,-12.9021,-0.715720830080329,0.4580915394510422,214.0,0.18962509439427502,False,-4.846757673060509,12.186379169919661,4.846757673060509,12.186379169919661,True
4-9-18_Schnable_49-286-js259-417_2018-04-11_12-19-03_9969300,7,34.6757,24.18977084070883,116.994,124.29304182899364,0.2678361815567651,137.0,0.18962509439427502,False,-10.485929159291167,7.299041828993637,10.485929159291167,7.299041828993637,True
4-9-18_Schnable_49-287-js41-1-68_2018-04-11_12-21-17_9969400,0,37.4428,46.81101278970059,-3.19656,-4.016582680521424,0.2684015323941356,114.0,-0.05590197029628457,False,9.368212789700593,-0.8200226805214186,9.368212789700593,0.8200226805214186,True
4-9-18_Schnable_49-287-js41-1-68_2018-04-11_12-21-17_9969400,1,72.6498,80.13854336292516,164.122,168.6678062414694,0.1982490610288887,84.0,0.028623549660278174,False,7.488743362925163,4.545806241469393,7.488743362925163,4.545806241469393,True
4-9-18_Schnable_49-287-js41-1-68_2018-04-11_12-21-17_9969400,2,51.2687,44.88204154051891,163.761,174.5642001715222,0.12194562256350656,53.0,0.028623549660278174,False,-6.38665845948109,10.803200171522207,6.38665845948109,10.803200171522207,True
4-9-18_Schnable_49-287-js41-1-68_2018-04-11_12-21-17_9969400,3,37.4435,43.985222384823565,5.79873,-0.07952409357594092,0.21818639128288408,89.0,0.046071023100037904,False,6.541722384823565,-5.878254093575947,6.541722384823565,5.878254093575947,True
4-9-18_Schnable_49-287-js41-1-68_2018-04-11_12-21-17_9969400,4,31.1187,27.966949243988097,-166.293,-175.33358887193708,0.31147914013573236,127.0,0.09020214923020885,False,-3.1517507560119036,-9.040588871937075,3.1517507560119036,9.040588871937075,True
4-9-18_Schnable_49-287-js41-1-68_2018-04-11_12-21-17_9969400,5,28.8094,29.548561835728655,23.0195,32.540311953685034,0.24489347086619692,115.0,0.12809322775622792,False,0.7391618357286553,9.52081195368504,0.7391618357286553,9.52081195368504,True
4-9-18_Schnable_49-287-js41-1-68_2018-04-11_12-21-17_9969400,6,8.33303,8.644104508434523,101.0,159.26834601283008,0.14299687828584312,69.0,0.12809322775622792,False,0.31107450843452256,58.26834601283008,0.31107450843452256,58.26834601283008,True
4-9-18_Schnable_49-288-js224-354_2018-04-11_12-23-30_9969500,0,25.9498,29.823417013304528,-14.9148,-22.161509436839935,0.21264465300125068,96.0,-0.14515958710399796,False,3.8736170133045285,-7.246709436839922,3.8736170133045285,7.246709436839922,True
4-9-18_Schnable_49-288-js224-354_2018-04-11_12-23-30_9969500,1,25.3351,30.963603379175495,-122.441,-125.57278103341822,0.34666946795090975,173.0,-0.11383846369632482,False,5.628503379175495,-3.1317810334182354,5.628503379175495,3.1317810334182354,True
4-9-18_Schnable_49-288-js224-354_2018-04-11_12-23-30_9969500,2,23.776,22.865046280475312,-21.7613,-6.782171238241034,0.38788290504873113,182.0,-0.07416228497036266,False,-0.910953719524688,14.979128761758972,0.910953719524688,14.979128761758972,True
4-9-18_Schnable_49-288-js224-354_2018-04-11_12-23-30_9969500,3,39.6602,33.14861988125739,-137.713,-128.50659871408644,0.43993366808906137,204.0,-0.014804603892214952,False,-6.511580118742614,9.206401285913557,6.511580118742614,9.206401285913557,True
4-9-18_Schnable_49-288-js224-354_2018-04-11_12-23-30_9969500,4,19.9897,19.592330482930763,-12.4977,-15.044537508952232,0.5490631292604535,238.0,0.020649137878546178,False,-0.3973695170692366,-2.5468375089522226,0.3973695170692366,2.5468375089522226,True
4-9-18_Schnable_49-288-js224-354_2018-04-11_12-23-30_9969500,5,39.3146,29.68078985403897,162.038,153.0327788146799,0.5332982141746878,241.0,0.10102675950501964,False,-9.633810145961029,-9.005221185320124,9.633810145961029,9.005221185320124,True
4-9-18_Schnable_49-288-js224-354_2018-04-11_12-23-30_9969500,6,40.4959,18.267570458628498,19.6734,14.441517529726298,0.5452142123764117,252.0,0.1773575484121385,False,-22.2283295413715,-5.2318824702737174,22.2283295413715,5.2318824702737174,True
4-9-18_Schnable_49-288-js224-354_2018-04-11_12-23-30_9969500,7,20.3296,29.869789006984185,137.83,134.807985973496,0.42913858399944255,210.0,0.1773575484121385,False,9.540189006984185,-3.0220140265040243,9.540189006984185,3.0220140265040243,True
4-9-18_Schnable_49-289-JS254-408_2018-04-11_12-25-45_9969600,0,19.5563,35.22228623106461,-90.9795,-154.18423848661718,0.06911251351768916,28.0,-0.12149097545443038,False,15.665986231064608,-63.204738486617174,15.665986231064608,63.204738486617174,True
4-9-18_Schnable_49-289-JS254-408_2018-04-11_12-25-45_9969600,1,19.7946,24.393743480354857,56.4689,48.12118316785086,0.14142622479498168,63.0,-0.11960189109014249,False,4.599143480354858,-8.347716832149132,4.599143480354858,8.347716832149132,True
4-9-18_Schnable_49-289-JS254-408_2018-04-11_12-25-45_9969600,2,10.5708,19.747167839930952,59.6429,96.07165837209988,0.06129955406549299,30.0,-0.11749976563132972,False,9.176367839930952,36.42875837209988,9.176367839930952,36.42875837209988,True
4-9-18_Schnable_49-289-JS254-408_2018-04-11_12-25-45_9969600,3,10.2083,13.91683510441571,173.118,169.29093738258007,0.22830101977388212,108.0,-0.06123278542667794,False,3.708535104415711,-3.8270626174199265,3.708535104415711,3.8270626174199265,True
4-9-18_Schnable_49-289-JS254-408_2018-04-11_12-25-45_9969600,4,23.7851,21.993391545155546,4.18828,-3.513301053067323,0.2877901535007553,127.0,-0.01072799473464277,False,-1.7917084548444535,-7.701581053067315,1.7917084548444535,7.701581053067315,True
4-9-18_Schnable_49-289-JS254-408_2018-04-11_12-25-45_9969600,5,30.3705,26.12720416246973,9.54772,17.83268547383011,0.38594454948766843,181.0,0.1052632856361704,False,-4.243295837530269,8.284965473830113,4.243295837530269,8.284965473830113,True
4-9-18_Schnable_49-289-JS254-408_2018-04-11_12-25-45_9969600,6,19.3527,17.1245431488653,-18.7345,159.1057493642718,0.2345655562329476,113.0,0.17482819880612893,False,-2.228156851134699,177.8402493642718,2.228156851134699,177.8402493642718,True
4-9-18_Schnable_49-289-JS254-408_2018-04-11_12-25-45_9969600,7,20.4217,14.161956092441542,172.704,-59.163568928421,0.2577231682241916,121.0,0.17482819880612893,False,-6.259743907558459,128.132431071579,6.259743907558459,128.132431071579,True
4-9-18_Schnable_49-290-js12-3-22_2018-04-11_12-27-58_9969700,0,37.161,46.66116394597633,-3.97396,-8.715501747293729,0.31211748795197736,147.0,-0.05102954121491859,False,9.500163945976325,-4.741541747293724,9.500163945976325,4.741541747293724,True
4-9-18_Schnable_49-290-js12-3-22_2018-04-11_12-27-58_9969700,1,40.402,47.56167626600263,177.506,-178.71806559638807,0.3491642482977679,143.0,-0.02323265546952125,False,7.159676266002627,3.7759344036119273,7.159676266002627,3.7759344036119273,True
4-9-18_Schnable_49-290-js12-3-22_2018-04-11_12-27-58_9969700,2,28.0144,34.43414691607718,3.56099,1.5288467269645025,0.4087131712791341,187.0,0.02356485405262349,False,6.419746916077184,-2.0321432730355014,6.419746916077184,2.0321432730355014,True
4-9-18_Schnable_49-290-js12-3-22_2018-04-11_12-27-58_9969700,3,16.05,23.50419375046438,-159.104,-149.78687967115502,0.4391888317780092,212.0,0.09732035536952191,False,7.4541937504643805,9.317120328844993,7.4541937504643805,9.317120328844993,True
4-9-18_Schnable_49-290-js12-3-22_2018-04-11_12-27-58_9969700,4,21.0259,18.71451152654447,-6.8017,-22.282362755976692,0.3438624519403486,159.0,0.12366449976998134,False,-2.31138847345553,-15.480662755976681,2.31138847345553,15.480662755976681,True
4-9-18_Schnable_49-290-js12-3-22_2018-04-11_12-27-58_9969700,5,30.3093,38.16169518936185,168.982,162.2331925079339,0.1468070524861842,54.0,0.12366449976998134,False,7.85239518936185,-6.748807492066106,7.85239518936185,6.748807492066106,True
4-9-18_Schnable_49-291-js126-185_2018-04-11_12-30-10_9969800,0,20.6217,26.386142071699105,113.541,115.66815184635573,0.33710638227907164,143.0,-0.1358228651923177,False,5.764442071699104,2.12715184635573,5.764442071699104,2.12715184635573,True
4-9-18_Schnable_49-291-js126-185_2018-04-11_12-30-10_9969800,1,28.8553,34.27707219359766,34.0362,30.858741922811873,0.402322321315454,193.0,-0.120603853629428,False,5.421772193597661,-3.1774580771881347,5.421772193597661,3.1774580771881347,True
4-9-18_Schnable_49-291-js126-185_2018-04-11_12-30-10_9969800,2,21.682,21.141425023963038,102.667,147.41850116634555,0.4483796723582538,197.0,-0.09346150173688195,False,-0.5405749760369609,44.75150116634555,0.5405749760369609,44.75150116634555,True
4-9-18_Schnable_49-291-js126-185_2018-04-11_12-30-10_9969800,3,26.8891,41.26773542703096,2.14523,28.658146564841218,0.19218453018248022,100.0,-0.03518024024202704,False,14.378635427030964,26.51291656484122,14.378635427030964,26.51291656484122,True
4-9-18_Schnable_49-291-js126-185_2018-04-11_12-30-10_9969800,4,35.4224,19.887209588735402,152.169,161.47483469800306,0.42881103789584457,191.0,0.011301627381822213,False,-15.535190411264601,9.305834698003054,15.535190411264601,9.305834698003054,True
4-9-18_Schnable_49-291-js126-185_2018-04-11_12-30-10_9969800,5,55.1443,51.11696017043801,8.07812,4.726448657872538,0.3090360562477624,115.0,0.05382240855630911,False,-4.027339829561988,-3.3516713421274744,4.027339829561988,3.3516713421274744,True
4-9-18_Schnable_49-291-js126-185_2018-04-11_12-30-10_9969800,6,24.9019,17.721193642910563,-58.745,-43.24947838339807,0.439367856188356,194.0,0.05382240855630911,False,-7.180706357089438,15.495521616601934,7.180706357089438,15.495521616601934,True
4-9-18_Schnable_49-291-js126-185_2018-04-11_12-30-10_9969800,7,50.1941,7.549448001943489,-33.6687,171.81131910335273,0.18655833742486344,90.0,0.11276397943605551,False,-42.64465199805651,-154.51998089664727,42.64465199805651,154.51998089664727,True
4-9-18_Schnable_49-291-js126-185_2018-04-11_12-30-10_9969800,8,7.86489,27.661284097215024,-163.262,-41.990923726444294,0.473573017145051,204.0,0.11276397943605551,False,19.796394097215025,121.2710762735557,19.796394097215025,121.2710762735557,True
4-9-18_Schnable_49-291-js126-185_2018-04-11_12-30-10_9969800,9,39.1192,32.697450391380215,-169.444,-174.3995630559581,0.43188382788989826,209.0,0.1935151816832832,False,-6.421749608619784,-4.955563055958123,6.421749608619784,4.955563055958123,True
4-9-18_Schnable_49-291-js126-185_2018-04-11_12-30-10_9969800,10,26.6407,16.991501177265263,-51.8156,-80.00475579804993,0.26171742848566837,101.0,0.1935151816832832,False,-9.649198822734736,-28.18915579804991,9.649198822734736,28.18915579804991,True
4-9-18_Schnable_49-292-js197-306_2018-04-11_12-32-24_9969900,0,29.5065,34.414426110681205,5.51689,0.0521432346802726,0.21225792888243827,87.0,-0.06420458466825571,False,4.907926110681206,-5.464746765319717,4.907926110681206,5.464746765319717,True
4-9-18_Schnable_49-292-js197-306_2018-04-11_12-32-24_9969900,1,57.2766,60.717905276503885,-177.91,-179.50302593777562,0.13310032546872705,39.0,-0.04986933827419911,False,3.4413052765038827,-1.5930259377756215,3.4413052765038827,1.5930259377756215,True
4-9-18_Schnable_49-292-js197-306_2018-04-11_12-32-24_9969900,2,19.4143,23.79370920409025,178.16,171.44275921482233,0.28365609645915774,127.0,-0.03601190039394598,False,4.379409204090248,-6.717240785177665,4.379409204090248,6.717240785177665,True
4-9-18_Schnable_49-292-js197-306_2018-04-11_12-32-24_9969900,3,18.0747,17.965070604129878,-6.757,6.4398127386171495,0.34582972882730756,151.0,0.017818092455811868,False,-0.10962939587012244,13.196812738617155,0.10962939587012244,13.196812738617155,True
4-9-18_Schnable_49-292-js197-306_2018-04-11_12-32-24_9969900,4,25.9479,23.330301166885363,-177.496,-176.76789909852576,0.3085832461887069,139.0,0.11427341640126377,False,-2.617598833114638,0.7281009014742494,2.617598833114638,0.7281009014742494,True
4-9-18_Schnable_49-292-js197-306_2018-04-11_12-32-24_9969900,5,20.0689,22.949533192042622,-7.52554,-3.8426920519948737,0.23461284818334466,120.0,0.11427341640126377,False,2.880633192042623,3.682847948005133,2.880633192042623,3.682847948005133,True
4-9-18_Schnable_49-293-JS235-376_2018-04-11_12-34-43_9970000,0,39.8797,46.06866219988207,-20.2042,-21.67684345104189,0.3190827040736415,143.0,-0.11521510482532828,False,6.18896219988207,-1.472643451041904,6.18896219988207,1.472643451041904,True
4-9-18_Schnable_49-293-JS235-376_2018-04-11_12-34-43_9970000,1,41.4188,47.29068709793726,173.417,170.83022341026174,0.33079947942308374,145.0,-0.07492106518229555,False,5.871887097937261,-2.586776589738264,5.871887097937261,2.586776589738264,True
4-9-18_Schnable_49-293-JS235-376_2018-04-11_12-34-43_9970000,2,33.4779,43.70100807680431,-22.1035,-24.02027222664981,0.4747503478928654,204.0,-0.049377963673750136,False,10.223108076804309,-1.9167722266498117,10.223108076804309,1.9167722266498117,True
4-9-18_Schnable_49-293-JS235-376_2018-04-11_12-34-43_9970000,3,26.0092,29.368490251904127,179.01,178.40778815820795,0.4655549884893208,183.0,-0.0009130893481376118,False,3.3592902519041274,-0.602211841792041,3.3592902519041274,0.602211841792041,True
4-9-18_Schnable_49-293-JS235-376_2018-04-11_12-34-43_9970000,4,22.7156,23.382026688398213,-18.6964,-16.879428857468753,0.4754246011938978,202.0,0.06882360927348617,False,0.6664266883982144,1.8169711425312585,0.6664266883982144,1.8169711425312585,True
4-9-18_Schnable_49-293-JS235-376_2018-04-11_12-34-43_9970000,5,38.2594,31.213611433619164,-176.878,-33.383359284406396,0.3232086584979891,135.0,0.18774327722942358,False,-7.0457885663808355,143.49464071559362,7.0457885663808355,143.49464071559362,True
4-9-18_Schnable_49-293-JS235-376_2018-04-11_12-34-43_9970000,6,29.9368,23.11159012207412,-46.0922,-164.7619518121272,0.48471195992866034,202.0,0.18774327722942358,False,-6.825209877925882,-118.6697518121272,6.825209877925882,118.6697518121272,True
4-9-18_Schnable_49-295-JS66-95_2018-04-11_12-39-06_9970200,0,35.6525,44.82649856334106,12.8467,16.30699758655527,0.363145543355599,163.0,-0.1264115206196223,False,9.173998563341058,3.4602975865552708,9.173998563341058,3.4602975865552708,True
4-9-18_Schnable_49-295-JS66-95_2018-04-11_12-39-06_9970200,1,44.7658,50.337786039867005,-160.281,-156.52642694034793,0.38258177305110885,164.0,-0.1040485684060811,False,5.5719860398670065,3.754573059652074,5.5719860398670065,3.754573059652074,True
4-9-18_Schnable_49-295-JS66-95_2018-04-11_12-39-06_9970200,2,33.8773,43.95910488536298,7.2768,8.53995390045742,0.4481368150591437,193.0,-0.0822447931621997,False,10.081804885362985,1.2631539004574108,10.081804885362985,1.2631539004574108,True
4-9-18_Schnable_49-295-JS66-95_2018-04-11_12-39-06_9970200,3,36.2883,41.79672273958857,-170.034,-169.2939168924164,0.50180636381896,201.0,-0.05180271239797895,False,5.508422739588568,0.7400831075835868,5.508422739588568,0.7400831075835868,True
4-9-18_Schnable_49-295-JS66-95_2018-04-11_12-39-06_9970200,4,25.7036,33.47762435717232,19.3559,11.765072130281396,0.597260820552493,260.0,-0.010200808881927733,False,7.7740243571723155,-7.590827869718595,7.7740243571723155,7.590827869718595,True
4-9-18_Schnable_49-295-JS66-95_2018-04-11_12-39-06_9970200,5,17.811,21.44538867413982,171.531,169.4821445968205,0.5870321595632109,275.0,0.06649036199154926,False,3.634388674139821,-2.048855403179516,3.634388674139821,2.048855403179516,True
4-9-18_Schnable_49-295-JS66-95_2018-04-11_12-39-06_9970200,6,52.3708,62.89424763328289,-90.4933,-92.99356505913525,0.13422760705818526,67.0,0.08034622221796522,False,10.523447633282885,-2.500265059135245,10.523447633282885,2.500265059135245,True
4-9-18_Schnable_49-295-JS66-95_2018-04-11_12-39-06_9970200,7,39.097,22.502060038434266,10.8669,132.44885629923198,0.4081061524151591,190.0,0.1959896869794845,False,-16.594939961565736,121.58195629923199,16.594939961565736,121.58195629923199,True
4-9-18_Schnable_49-295-JS66-95_2018-04-11_12-39-06_9970200,8,31.5949,28.465028652957542,153.89,17.52808358628357,0.497170812646377,220.0,0.1959896869794845,False,-3.1298713470424566,-136.36191641371641,3.1298713470424566,136.36191641371641,True
4-9-18_Schnable_49-296-JS214-336_2018-04-11_12-41-20_9970300,0,47.8245,49.2119232790486,-55.8184,-63.62158547112375,0.3584054536268766,170.0,-0.20711027188010656,False,1.3874232790485976,-7.803185471123754,1.3874232790485976,7.803185471123754,True
4-9-18_Schnable_49-296-JS214-336_2018-04-11_12-41-20_9970300,1,24.4431,27.26897663538425,97.3144,109.4693451283062,0.3870216075982209,165.0,-0.172539250244021,False,2.8258766353842475,12.154945128306196,2.8258766353842475,12.154945128306196,True
4-9-18_Schnable_49-296-JS214-336_2018-04-11_12-41-20_9970300,2,40.8348,41.293169296254284,-40.4822,-42.851041925654414,0.367116622801208,170.0,-0.12489747452048285,False,0.4583692962542827,-2.368841925654408,0.4583692962542827,2.368841925654408,True
4-9-18_Schnable_49-296-JS214-336_2018-04-11_12-41-20_9970300,3,23.3253,25.74860290994644,93.7158,88.789039423433,0.3830008815638962,167.0,-0.1108375677834329,False,2.423302909946443,-4.9267605765670055,2.423302909946443,4.9267605765670055,True
4-9-18_Schnable_49-296-JS214-336_2018-04-11_12-41-20_9970300,4,34.8285,29.742346173208475,20.6943,-47.515842188467786,0.477597287373711,206.0,-0.027020564793319376,False,-5.086153826791524,-68.21014218846778,5.086153826791524,68.21014218846778,True
4-9-18_Schnable_49-296-JS214-336_2018-04-11_12-41-20_9970300,5,39.0555,47.144312124089026,-45.7211,33.01509684670992,0.11967975770953083,63.0,-0.027020564793319376,False,8.088812124089024,78.73619684670996,8.088812124089024,78.73619684670996,True
4-9-18_Schnable_49-296-JS214-336_2018-04-11_12-41-20_9970300,6,38.3959,35.310922701026925,-13.0094,-61.663600850576344,0.4902851563075811,219.0,0.0778237607495634,False,-3.0849772989730724,-48.65420085057633,3.0849772989730724,48.65420085057633,True
4-9-18_Schnable_49-296-JS214-336_2018-04-11_12-41-20_9970300,7,27.5371,57.38827115446311,-134.361,139.49054201265517,0.07775018971972715,33.0,0.2723250025132483,False,29.851171154463113,-86.14845798734484,29.851171154463113,86.14845798734484,True
4-9-18_Schnable_49-296-JS214-336_2018-04-11_12-41-20_9970300,8,69.1289,31.18353263000379,148.962,-134.18729493982306,0.22047249586990067,89.0,0.2723250025132483,False,-37.94536736999621,76.85070506017695,37.94536736999621,76.85070506017695,True
4-9-18_Schnable_49-297-JS3-11_2018-04-11_12-43-34_9970400,0,30.5862,37.64470183503218,-50.3764,-50.585621614274515,0.30407259682427756,113.0,-0.0701392240307459,False,7.058501835032178,-0.2092216142745258,7.058501835032178,0.2092216142745258,True
4-9-18_Schnable_49-297-JS3-11_2018-04-11_12-43-34_9970400,1,30.446,34.31812153665753,148.632,146.5966871550512,0.34530728692773666,149.0,-0.053703297420729094,False,3.8721215366575272,-2.0353128449488054,3.8721215366575272,2.0353128449488054,True
4-9-18_Schnable_49-297-JS3-11_2018-04-11_12-43-34_9970400,2,37.4396,39.852169455684354,-52.5943,-59.46238238884047,0.18619577872764348,76.0,-0.016036512405769407,False,2.4125694556843555,-6.868082388840463,2.4125694556843555,6.868082388840463,True
4-9-18_Schnable_49-297-JS3-11_2018-04-11_12-43-34_9970400,3,33.5094,27.820490035673636,132.797,155.50103801147435,0.4054060689150983,164.0,0.01654349256719227,False,-5.688909964326363,22.704038011474353,5.688909964326363,22.704038011474353,True
4-9-18_Schnable_49-297-JS3-11_2018-04-11_12-43-34_9970400,4,15.2475,23.572622036378746,-41.4594,-38.074889122453044,0.44086774890871017,197.0,0.06997726940050232,False,8.325122036378746,3.3845108775469726,8.325122036378746,3.3845108775469726,True
4-9-18_Schnable_49-297-JS3-11_2018-04-11_12-43-34_9970400,5,22.0585,20.52781015181202,158.277,155.2644911784986,0.4045965724580352,173.0,0.1535925090128842,False,-1.5306898481879792,-3.012508821501399,1.5306898481879792,3.012508821501399,True
4-9-18_Schnable_49-297-JS3-11_2018-04-11_12-43-34_9970400,6,13.7979,14.520388046691778,-14.8207,-1.1455833564591558,0.27062522164926583,129.0,0.1535925090128842,False,0.7224880466917778,13.675116643540832,0.7224880466917778,13.675116643540832,True
4-9-18_Schnable_49-298-JS238-379_2018-04-11_12-45-46_9970500,0,45.9524,45.64130194596434,-20.9119,-17.880928631709452,0.19839335006610317,83.0,-0.12404618496306723,False,-0.3110980540356607,3.030971368290551,0.3110980540356607,3.030971368290551,True
4-9-18_Schnable_49-298-JS238-379_2018-04-11_12-45-46_9970500,1,30.1552,37.44456701010514,-179.758,178.39441845543723,0.25143500430045385,116.0,-0.09668351356677164,False,7.289367010105138,-1.847581544562786,7.289367010105138,1.847581544562786,True
4-9-18_Schnable_49-298-JS238-379_2018-04-11_12-45-46_9970500,2,31.2033,36.998097075871186,11.016,3.9924456568371056,0.2992968709174641,120.0,-0.0716977018374729,False,5.7947970758711875,-7.0235543431628855,5.7947970758711875,7.0235543431628855,True
4-9-18_Schnable_49-298-JS238-379_2018-04-11_12-45-46_9970500,3,23.0846,28.57181824971927,173.716,179.96118429247184,0.39768303420922596,182.0,-0.032030911889073053,False,5.487218249719273,6.2451842924718335,5.487218249719273,6.2451842924718335,True
4-9-18_Schnable_49-298-JS238-379_2018-04-11_12-45-46_9970500,4,22.2279,20.547279810345927,12.122,3.6113871892150087,0.34638934803836097,152.0,0.060113421857159004,False,-1.680620189654075,-8.510612810785005,1.680620189654075,8.510612810785005,True
4-9-18_Schnable_49-298-JS238-379_2018-04-11_12-45-46_9970500,5,32.1305,27.133616596980893,158.753,172.53468979504828,0.3393451455133211,146.0,0.14300530622495067,False,-4.996883403019105,13.781689795048294,4.996883403019105,13.781689795048294,True
4-9-18_Schnable_49-298-JS238-379_2018-04-11_12-45-46_9970500,6,23.4829,23.97296186803699,25.4422,17.002670819744424,0.2028293574757707,90.0,0.14300530622495067,False,0.4900618680369888,-8.43952918025559,0.4900618680369888,8.43952918025559,True
4-9-18_Schnable_49-299-js294-413_2018-04-11_12-48-00_9970600,0,17.969,23.407209179127435,9.01133,18.340504527923144,0.17098520221138946,79.0,-0.1200066774739944,False,5.438209179127433,9.329174527923158,5.438209179127433,9.329174527923158,True
4-9-18_Schnable_49-299-js294-413_2018-04-11_12-48-00_9970600,1,18.1002,23.412639816656963,-110.325,-104.43367496062776,0.22993852969453807,95.0,-0.08622907484357413,False,5.312439816656962,5.891325039372248,5.312439816656962,5.891325039372248,True
4-9-18_Schnable_49-299-js294-413_2018-04-11_12-48-00_9970600,2,16.022,20.705359345982203,13.4366,16.442345707361426,0.30913560454233574,137.0,-0.04405417046865802,False,4.683359345982204,3.0057457073614273,4.683359345982204,3.0057457073614273,True
4-9-18_Schnable_49-299-js294-413_2018-04-11_12-48-00_9970600,3,13.6866,18.877340140280495,-159.958,-154.60548331353453,0.37989205932627235,167.0,0.016013143254788562,False,5.190740140280495,5.352516686465464,5.190740140280495,5.352516686465464,True
4-9-18_Schnable_49-299-js294-413_2018-04-11_12-48-00_9970600,4,24.2323,20.848321220951874,25.8763,13.284427440509603,0.48969064242111754,228.0,0.054077314317480855,False,-3.3839787790481246,-12.591872559490412,3.3839787790481246,12.591872559490412,True
4-9-18_Schnable_49-299-js294-413_2018-04-11_12-48-00_9970600,5,16.1729,17.09412632899837,-169.496,-169.30057686056523,0.45409409330771544,216.0,0.14216778138581895,False,0.9212263289983724,0.19542313943478007,0.9212263289983724,0.19542313943478007,True
4-9-18_Schnable_49-299-js294-413_2018-04-11_12-48-00_9970600,6,22.9495,20.336440471454168,13.7274,32.708528820351205,0.31879642176684675,134.0,0.14216778138581895,False,-2.6130595285458327,18.981128820351216,2.6130595285458327,18.981128820351216,True
4-9-18_Schnable_49-300-js124-183_2018-04-11_12-50-13_9970700,0,36.0171,48.45072213990715,-16.4459,-16.939855420057825,0.13311419663185803,49.0,-0.15471282232797956,False,12.43362213990715,-0.49395542005783,12.43362213990715,0.49395542005783,True
4-9-18_Schnable_49-300-js124-183_2018-04-11_12-50-13_9970700,1,42.5864,48.19568420352085,177.63,178.67148910815098,0.28639083692679673,113.0,-0.12632500227306223,False,5.6092842035208506,1.0414891081509836,5.6092842035208506,1.0414891081509836,True
4-9-18_Schnable_49-300-js124-183_2018-04-11_12-50-13_9970700,2,42.9143,49.27593363213666,-14.4413,-14.140653410283704,0.3954767628825352,174.0,-0.10477980436250499,False,6.361633632136666,0.3006465897163082,6.361633632136666,0.3006465897163082,True
4-9-18_Schnable_49-300-js124-183_2018-04-11_12-50-13_9970700,3,39.1491,46.49069656137531,164.827,162.51447979574414,0.35593828719311404,142.0,-0.07835625972390484,False,7.341596561375312,-2.3125202042558612,7.341596561375312,2.3125202042558612,True
4-9-18_Schnable_49-300-js124-183_2018-04-11_12-50-13_9970700,4,38.4556,42.0666622570832,-1.57863,-6.146266802903597,0.5060188291739867,225.0,-0.05671405537427812,False,3.611062257083205,-4.567636802903593,3.611062257083205,4.567636802903593,True
4-9-18_Schnable_49-300-js124-183_2018-04-11_12-50-13_9970700,5,31.65,27.457235149152908,177.537,173.65410036071194,0.5724650463577723,245.0,-0.008253892226265568,False,-4.192764850847091,-3.8828996392880697,4.192764850847091,3.8828996392880697,True
4-9-18_Schnable_49-300-js124-183_2018-04-11_12-50-13_9970700,6,26.7734,33.414783031032265,-7.65722,-18.276489825195398,0.5625173907336186,255.0,0.08286920728077397,False,6.641383031032266,-10.619269825195403,6.641383031032266,10.619269825195403,True
4-9-18_Schnable_49-300-js124-183_2018-04-11_12-50-13_9970700,7,28.3283,7.445066428541267,162.6,15.363056099539335,0.20961603894300007,99.0,0.20486921040539058,False,-20.88323357145873,-147.23694390046066,20.88323357145873,147.23694390046066,True
4-9-18_Schnable_49-300-js124-183_2018-04-11_12-50-13_9970700,8,6.27576,32.6676848383257,14.8595,162.7454574508837,0.40161449292945683,175.0,0.20486921040539058,False,26.3919248383257,147.88595745088367,26.3919248383257,147.88595745088367,True
4-9-18_Schnable_49-301-js83-120_2018-04-11_12-52-27_9970800,0,30.8374,32.67848092171934,127.326,137.24909387699665,0.22820685882320843,94.0,-0.0966074668857272,False,1.8410809217193425,9.92309387699666,1.8410809217193425,9.92309387699666,True
4-9-18_Schnable_49-301-js83-120_2018-04-11_12-52-27_9970800,1,26.8253,32.76397418847861,-2.31625,-5.345563967604932,0.1977872824517969,86.0,-0.05786970177799171,False,5.938674188478615,-3.029313967604935,5.938674188478615,3.029313967604935,True
4-9-18_Schnable_49-301-js83-120_2018-04-11_12-52-27_9970800,2,29.693,37.217658177387996,153.328,151.51021537865643,0.29950860790200085,124.0,-0.028502325079123817,False,7.524658177387995,-1.817784621343577,7.524658177387995,1.817784621343577,True
4-9-18_Schnable_49-301-js83-120_2018-04-11_12-52-27_9970800,3,18.8421,22.783995083557087,-21.208,-18.345292441037998,0.363541747427019,141.0,0.006255423201031357,False,3.941895083557089,2.8627075589620006,3.941895083557089,2.8627075589620006,True
4-9-18_Schnable_49-301-js83-120_2018-04-11_12-52-27_9970800,4,29.5616,25.65343813365,143.681,144.9673628079301,0.28914074757520564,126.0,0.049723222337476204,False,-3.9081618663499995,1.2863628079300895,3.9081618663499995,1.2863628079300895,True
4-9-18_Schnable_49-301-js83-120_2018-04-11_12-52-27_9970800,5,26.2845,21.33006495683553,-13.4981,158.33675842573734,0.18763587568644008,92.0,0.13323501267971727,False,-4.954435043164473,171.83485842573737,4.954435043164473,171.83485842573737,True
4-9-18_Schnable_49-301-js83-120_2018-04-11_12-52-27_9970800,6,22.347,21.808578882162934,147.362,-8.086839229673785,0.3322657763245249,142.0,0.13323501267971727,False,-0.5384211178370677,-155.44883922967378,0.5384211178370677,155.44883922967378,True
4-9-18_Schnable_49-303-JS33-2-57_2018-04-11_12-56-54_9971000,0,49.7882,57.86952585628355,-4.176,-4.0216164392369365,0.3203863506496886,130.0,-0.09194245581946492,False,8.081325856283549,0.15438356076305126,8.081325856283549,0.15438356076305126,True
4-9-18_Schnable_49-303-JS33-2-57_2018-04-11_12-56-54_9971000,1,38.8834,44.4212126813644,-167.146,-170.32176384637245,0.3625960661967689,157.0,-0.07516227544772161,False,5.5378126813644,-3.175763846372462,5.5378126813644,3.175763846372462,True
4-9-18_Schnable_49-303-JS33-2-57_2018-04-11_12-56-54_9971000,2,38.0828,40.668283309445215,4.27616,-1.0995519590001095,0.40111963653554455,170.0,-0.049538962603168514,False,2.585483309445216,-5.375711959000114,2.585483309445216,5.375711959000114,True
4-9-18_Schnable_49-303-JS33-2-57_2018-04-11_12-56-54_9971000,3,35.0015,38.37082228448255,-170.034,-172.4623000444053,0.44852492559533147,187.0,-0.016853832829926994,False,3.36932228448255,-2.4283000444053187,3.36932228448255,2.4283000444053187,True
4-9-18_Schnable_49-303-JS33-2-57_2018-04-11_12-56-54_9971000,4,33.2004,33.818247774924735,-31.8694,-9.16931898155184,0.49498847789355116,198.0,0.02069134768510931,False,0.6178477749247335,22.700081018448145,0.6178477749247335,22.700081018448145,True
4-9-18_Schnable_49-303-JS33-2-57_2018-04-11_12-56-54_9971000,5,24.3122,20.816292485648262,154.454,162.05576418753208,0.5045471360467886,222.0,0.08827195583966113,False,-3.495907514351739,7.601764187532069,3.495907514351739,7.601764187532069,True
4-9-18_Schnable_49-303-JS33-2-57_2018-04-11_12-56-54_9971000,6,24.7702,14.006578805679155,6.64079,-162.8584357417322,0.24013075626386482,114.0,0.1514495750401045,False,-10.763621194320844,-169.4992257417322,10.763621194320844,169.4992257417322,True
4-9-18_Schnable_49-303-JS33-2-57_2018-04-11_12-56-54_9971000,7,13.0608,21.035371254949723,-142.993,5.84828742768218,0.39531892197011176,179.0,0.1514495750401045,False,7.974571254949723,148.84128742768218,7.974571254949723,148.84128742768218,True
4-9-18_Schnable_49-304-JS152-220_2018-04-11_12-59-08_9971100,0,21.0929,25.570511486418965,-136.09,-129.80752092039546,0.25610697345106487,117.0,-0.10751859220138109,False,4.477611486418965,6.282479079604542,4.477611486418965,6.282479079604542,True
4-9-18_Schnable_49-304-JS152-220_2018-04-11_12-59-08_9971100,1,31.5907,36.724552905681726,21.457,16.680936863640113,0.37534465567171316,161.0,-0.08058283429813709,False,5.133852905681728,-4.7760631363598804,5.133852905681728,4.7760631363598804,True
4-9-18_Schnable_49-304-JS152-220_2018-04-11_12-59-08_9971100,2,18.8672,19.511968638950307,-169.449,-154.07658638948382,0.42004684798477504,197.0,-0.04510337540833687,False,0.6447686389503069,15.37241361051619,0.6447686389503069,15.37241361051619,True
4-9-18_Schnable_49-304-JS152-220_2018-04-11_12-59-08_9971100,3,35.0527,32.82520187461031,34.3608,18.234800661260465,0.4654693711638986,205.0,-0.030469981204711782,False,-2.227498125389694,-16.12599933873952,2.227498125389694,16.12599933873952,True
4-9-18_Schnable_49-304-JS152-220_2018-04-11_12-59-08_9971100,4,17.0158,15.421877365983534,-170.314,-160.3418975738981,0.48676392012382097,234.0,-0.00047540486835155745,False,-1.5939226340164652,9.972102426101884,1.5939226340164652,9.972102426101884,True
4-9-18_Schnable_49-304-JS152-220_2018-04-11_12-59-08_9971100,5,27.2581,28.98964888573486,21.4787,23.91236658164553,0.5517059676321101,224.0,0.030320792755456735,False,1.7315488857348598,2.433666581645525,1.7315488857348598,2.433666581645525,True
4-9-18_Schnable_49-304-JS152-220_2018-04-11_12-59-08_9971100,6,46.3539,42.43738302727951,129.631,107.03152222982305,0.28774166463868117,131.0,0.10687148638819838,False,-3.916516972720494,-22.599477770176946,3.916516972720494,22.599477770176946,True
4-9-18_Schnable_49-304-JS152-220_2018-04-11_12-59-08_9971100,7,26.0956,17.220523028205832,-5.68902,16.755741660300032,0.616992962962622,285.0,0.11494358656100616,False,-8.875076971794169,22.44476166030003,8.875076971794169,22.44476166030003,True
4-9-18_Schnable_49-304-JS152-220_2018-04-11_12-59-08_9971100,8,5.4496,33.26582116762794,40.0804,-11.90825942991006,0.14621909886750437,79.0,0.11494358656100616,False,27.81622116762794,-51.98865942991006,27.81622116762794,51.98865942991006,True
4-9-18_Schnable_49-304-JS152-220_2018-04-11_12-59-08_9971100,9,34.6537,36.275601020918465,148.61,129.68533377497704,0.1616849911918292,96.0,0.11501644983491659,False,1.6219010209184646,-18.924666225022975,1.6219010209184646,18.924666225022975,True
4-9-18_Schnable_49-304-JS152-220_2018-04-11_12-59-08_9971100,10,22.4793,32.62330209417411,118.026,-121.28146618022039,0.15439488273461152,74.0,0.16265572199985934,False,10.144002094174109,120.69253381977961,10.144002094174109,120.69253381977961,True
4-9-18_Schnable_49-304-JS152-220_2018-04-11_12-59-08_9971100,11,29.3953,13.426195379029679,-115.192,126.53256323289173,0.5606426198960998,274.0,0.16265572199985934,False,-15.96910462097032,-118.27543676710826,15.96910462097032,118.27543676710826,True
4-9-18_Schnable_49-305-JS190-298_2018-04-11_01-01-22_9971200,0,42.2509,44.632326277351076,-178.427,-1.260861172671639,0.29841360832449293,119.0,0.01933849390228953,True,2.381426277351075,177.16613882732838,2.381426277351075,177.16613882732838,True
4-9-18_Schnable_49-305-JS190-298_2018-04-11_01-01-22_9971200,1,5.32373,54.79183710039082,36.8126,-2.9780131426580283,0.014824405704755027,6.0,0.13304268930217047,True,49.468107100390824,-39.79061314265803,49.468107100390824,39.79061314265803,False
4-9-18_Schnable_49-305-JS190-298_2018-04-11_01-01-22_9971200,2,24.9102,8.731852257181245,-165.54,148.28218448156076,0.36676013366067683,240.0,0.13304268930217047,True,-16.178347742818755,-46.177815518439274,16.178347742818755,46.177815518439274,True
4-9-18_Schnable_49-306-JS174-2-252_2018-04-11_01-03-35_9971300,0,26.4728,37.68847313365495,-64.0813,-61.898354723535874,0.3207886498108357,143.0,-0.07713897102784895,False,11.215673133654953,2.1829452764641246,11.215673133654953,2.1829452764641246,True
4-9-18_Schnable_49-306-JS174-2-252_2018-04-11_01-03-35_9971300,1,26.833,32.90728684743971,117.576,122.61280357377791,0.3592896404228684,166.0,-0.061956501602669224,False,6.0742868474397085,5.036803573777917,6.0742868474397085,5.036803573777917,True
4-9-18_Schnable_49-306-JS174-2-252_2018-04-11_01-03-35_9971300,2,35.2197,31.66997430404809,-52.6602,-49.63684961225724,0.19106164731192593,86.0,-0.057831080125155816,False,-3.5497256959519135,3.0233503877427665,3.5497256959519135,3.0233503877427665,True
4-9-18_Schnable_49-306-JS174-2-252_2018-04-11_01-03-35_9971300,3,45.7792,52.776799672338775,-77.9401,-98.37494919389773,0.0821988299352414,35.0,-0.044233579504398705,False,6.997599672338772,-20.43484919389772,6.997599672338772,20.43484919389772,True
4-9-18_Schnable_49-306-JS174-2-252_2018-04-11_01-03-35_9971300,4,35.8975,58.445829120779145,-139.97,-134.23441908698007,0.0916861443657068,35.0,-0.0281989953655803,False,22.548329120779144,5.7355809130199304,22.548329120779144,5.7355809130199304,True
4-9-18_Schnable_49-306-JS174-2-252_2018-04-11_01-03-35_9971300,5,27.0206,30.918365101584726,114.877,116.59665048955907,0.32638835231548896,141.0,0.006681629209422393,False,3.8977651015847243,1.7196504895590579,3.8977651015847243,1.7196504895590579,True
4-9-18_Schnable_49-306-JS174-2-252_2018-04-11_01-03-35_9971300,6,22.3174,23.281877885528118,-39.5122,-57.18965417338579,0.3836322733699544,163.0,0.069707350036235,False,0.9644778855281189,-17.677454173385797,0.9644778855281189,17.677454173385797,True
4-9-18_Schnable_49-306-JS174-2-252_2018-04-11_01-03-35_9971300,7,41.9911,33.324022092850704,126.678,130.75117503945546,0.41768254634806806,191.0,0.1515474659172275,False,-8.667077907149299,4.073175039455464,8.667077907149299,4.073175039455464,True
4-9-18_Schnable_49-306-JS174-2-252_2018-04-11_01-03-35_9971300,8,33.884,29.96780686562655,-104.516,-13.584200227143924,0.13424818203484723,64.0,0.15514456445993335,False,-3.916193134373451,90.9317997728561,3.916193134373451,90.9317997728561,True
4-9-18_Schnable_49-306-JS174-2-252_2018-04-11_01-03-35_9971300,9,30.7487,38.52877493620592,-26.3181,-101.37437753247909,0.3035830861168472,116.0,0.15514456445993335,False,7.780074936205921,-75.05627753247909,7.780074936205921,75.05627753247909,True
4-9-18_Schnable_49-308-js23-1-38_2018-04-11_01-08-04_9971500,0,37.6281,41.693514312556,-28.9043,-29.706551184193017,0.28807127371330987,123.0,-0.08706335481182415,False,4.065414312555994,-0.8022511841930111,4.065414312555994,0.8022511841930111,True
4-9-18_Schnable_49-308-js23-1-38_2018-04-11_01-08-04_9971500,1,30.0085,23.38977595395592,-8.74225,-178.89027317736856,0.38090048384575875,159.0,-0.055694278114772115,False,-6.618724046044083,-170.14802317736854,6.618724046044083,170.14802317736854,True
4-9-18_Schnable_49-308-js23-1-38_2018-04-11_01-08-04_9971500,2,33.8538,32.55421769933971,-176.151,-11.113656856244631,0.42742130506636633,195.0,-0.0566826315647117,False,-1.2995823006602905,165.03734314375538,1.2995823006602905,165.03734314375538,True
4-9-18_Schnable_49-308-js23-1-38_2018-04-11_01-08-04_9971500,3,18.8801,38.164736176740234,-157.02,-173.05786805445507,0.34300886731971103,149.0,-0.055694278114772115,False,19.284636176740236,-16.03786805445506,19.284636176740236,16.03786805445506,True
4-9-18_Schnable_49-308-js23-1-38_2018-04-11_01-08-04_9971500,4,34.2053,43.74274585853824,11.1245,14.449660327490392,0.09774568655455315,43.0,-0.01637180327117675,False,9.537445858538241,3.32516032749038,9.537445858538241,3.32516032749038,True
4-9-18_Schnable_49-308-js23-1-38_2018-04-11_01-08-04_9971500,5,31.7333,29.095650378330284,-7.96733,-6.8175475037888305,0.4601286286790636,201.0,-0.0005533018854254052,False,-2.6376496216697163,1.1497824962111736,2.6376496216697163,1.1497824962111736,True
4-9-18_Schnable_49-308-js23-1-38_2018-04-11_01-08-04_9971500,6,26.8517,19.111279024531612,176.861,169.16702124647594,0.44451193455181637,192.0,0.07601733188514549,False,-7.740420975468389,-7.69397875352405,7.740420975468389,7.69397875352405,True
4-9-18_Schnable_49-308-js23-1-38_2018-04-11_01-08-04_9971500,7,26.5432,31.60426912236359,-95.0129,-82.50370681383848,0.12705488973645027,61.0,0.07601733188514549,False,5.061069122363591,12.509193186161525,5.061069122363591,12.509193186161525,True
4-9-18_Schnable_49-308-js23-1-38_2018-04-11_01-08-04_9971500,8,27.3291,25.319081711906946,173.757,6.492204098244599,0.42431046545599693,172.0,0.12820047095509188,False,-2.010018288093054,-167.2647959017554,2.010018288093054,167.2647959017554,True
4-9-18_Schnable_49-308-js23-1-38_2018-04-11_01-08-04_9971500,9,38.3717,26.615449206572073,15.6342,158.62172811780886,0.28476512744820204,116.0,0.12820047095509188,False,-11.756250793427924,142.9875281178089,11.756250793427924,142.9875281178089,True
4-9-18_Schnable_49-309-JS122-179_2018-04-11_01-10-16_9971600,0,42.7253,51.31537877085008,129.548,130.4814619840181,0.29154190637412714,123.0,-0.06447625030390883,False,8.590078770850084,0.9334619840180949,8.590078770850084,0.9334619840180949,True
4-9-18_Schnable_49-309-JS122-179_2018-04-11_01-10-16_9971600,1,36.5508,40.88541625319538,-19.8587,-21.33404115992556,0.3016706764635196,116.0,-0.05131640290760074,False,4.334616253195378,-1.4753411599255628,4.334616253195378,1.4753411599255628,True
4-9-18_Schnable_49-309-JS122-179_2018-04-11_01-10-16_9971600,2,42.4393,50.75951891218419,163.938,164.32692002863632,0.36729760508968046,143.0,-0.03550539950800281,False,8.320218912184188,0.3889200286363348,8.320218912184188,0.3889200286363348,True
4-9-18_Schnable_49-309-JS122-179_2018-04-11_01-10-16_9971600,3,22.2606,49.83125269298983,-138.981,-148.55678933557846,0.07465092517685237,37.0,-0.028159698022279793,False,27.570652692989828,-9.575789335578463,27.570652692989828,9.575789335578463,True
4-9-18_Schnable_49-309-JS122-179_2018-04-11_01-10-16_9971600,4,27.7152,32.185916030582334,-21.6404,-17.407485299344017,0.379707992459576,146.0,-0.02222320957948979,False,4.470716030582334,4.232914700655982,4.470716030582334,4.232914700655982,True
4-9-18_Schnable_49-309-JS122-179_2018-04-11_01-10-16_9971600,5,30.8538,33.08490119045181,145.058,149.76149551501254,0.42216127199044123,178.0,0.00958231101801348,False,2.2311011904518097,4.703495515012548,2.2311011904518097,4.703495515012548,True
4-9-18_Schnable_49-309-JS122-179_2018-04-11_01-10-16_9971600,6,15.6892,22.103976008284903,11.1153,1.9098749194025686,0.4493057115183336,179.0,0.0879064609854596,False,6.414776008284903,-9.205425080597422,6.414776008284903,9.205425080597422,True
4-9-18_Schnable_49-309-JS122-179_2018-04-11_01-10-16_9971600,7,27.8593,20.74527962273463,136.331,119.38923396747663,0.3363516708402073,151.0,0.12509717065663856,False,-7.114020377265373,-16.94176603252336,7.114020377265373,16.94176603252336,True
4-9-18_Schnable_49-309-JS122-179_2018-04-11_01-10-16_9971600,8,19.3323,19.070518879101897,-70.4478,-61.548082131952256,0.16698858518952822,69.0,0.12509717065663856,False,-0.2617811208981031,8.89971786804773,0.2617811208981031,8.89971786804773,True
4-9-18_Schnable_49-310-JS201-314_2018-04-11_01-12-29_9971700,0,28.2643,34.78840966290085,19.0392,21.32704364254039,0.2574746380797306,112.0,-0.12102185348150578,False,6.524109662900848,2.2878436425403947,6.524109662900848,2.2878436425403947,True
4-9-18_Schnable_49-310-JS201-314_2018-04-11_01-12-29_9971700,1,28.5286,31.519289180778685,-179.426,-170.5006195130049,0.31106050548126957,133.0,-0.08845469520795539,False,2.990689180778684,8.925380486995095,2.990689180778684,8.925380486995095,True
4-9-18_Schnable_49-310-JS201-314_2018-04-11_01-12-29_9971700,2,13.4198,36.543249247074506,163.034,6.495561858825795,0.38181935572936226,171.0,-0.06073219322373357,False,23.123449247074504,-156.5384381411742,23.123449247074504,156.5384381411742,True
4-9-18_Schnable_49-310-JS201-314_2018-04-11_01-12-29_9971700,3,31.5702,21.252227368600686,6.02498,177.3264872791883,0.3342286880880732,144.0,-0.06073219322373357,False,-10.317972631399314,171.3015072791883,10.317972631399314,171.3015072791883,True
4-9-18_Schnable_49-310-JS201-314_2018-04-11_01-12-29_9971700,4,27.3688,40.62242196448518,107.751,109.55317326956981,0.1045296812264301,53.0,0.003273847205799711,False,13.253621964485177,1.8021732695698063,13.253621964485177,1.8021732695698063,True
4-9-18_Schnable_49-310-JS201-314_2018-04-11_01-12-29_9971700,5,34.9154,36.37034643051786,0.432565,9.773453925363981,0.4877082628544246,219.0,0.017162801943312274,False,1.4549464305178645,9.34088892536397,1.4549464305178645,9.34088892536397,True
4-9-18_Schnable_49-310-JS201-314_2018-04-11_01-12-29_9971700,6,32.4256,28.36056106431399,148.069,158.66914466223096,0.5246526684170228,208.0,0.05577384590578554,False,-4.065038935686012,10.600144662230974,4.065038935686012,10.600144662230974,True
4-9-18_Schnable_49-310-JS201-314_2018-04-11_01-12-29_9971700,7,36.9882,36.720026994250134,-179.999,35.22543258115343,0.4905948197940713,228.0,0.1735121326299565,False,-0.26817300574986547,-144.77556741884655,0.26817300574986547,144.77556741884655,True
4-9-18_Schnable_49-310-JS201-314_2018-04-11_01-12-29_9971700,8,43.6292,30.772116549051574,5.27248,163.10821464129322,0.40247200626046914,174.0,0.1735121326299565,False,-12.857083450948423,157.83573464129324,12.857083450948423,157.83573464129324,True
4-9-18_Schnable_49-311-JS47-76_2018-04-11_01-14-42_9971800,0,27.5905,30.961783442665784,-24.3933,-27.028508778288085,0.262991612029534,119.0,0.014055331225656434,False,3.371283442665785,-2.6352087782880744,3.371283442665785,2.6352087782880744,True
4-9-18_Schnable_49-311-JS47-76_2018-04-11_01-14-42_9971800,1,42.5276,35.37517153101795,160.978,169.78264757707672,0.2823989551025461,116.0,0.026314256028520982,False,-7.152428468982052,8.804647577076707,7.152428468982052,8.804647577076707,True
4-9-18_Schnable_49-311-JS47-76_2018-04-11_01-14-42_9971800,2,6.31342,32.88454410891723,-138.98,-54.925644250999056,0.260897684444747,111.0,0.06565155368782981,False,26.571124108917232,84.05435574900093,26.571124108917232,84.05435574900093,True
4-9-18_Schnable_49-311-JS47-76_2018-04-11_01-14-42_9971800,3,27.3048,3.9817423430941545,-52.2571,170.062747387383,0.22675686467300618,113.0,0.06565155368782981,False,-23.323057656905846,-137.680152612617,23.323057656905846,137.680152612617,True
4-9-18_Schnable_49-312-JS93-1-130_2018-04-11_01-16-55_9971900,0,46.9792,27.071788072611582,179.287,-159.1480883369698,0.2531065997885564,117.0,-0.011312490063179982,False,-19.907411927388416,21.564911663030216,19.907411927388416,21.564911663030216,True
4-9-18_Schnable_49-312-JS93-1-130_2018-04-11_01-16-55_9971900,1,24.1207,51.23196979122192,-130.233,178.6180825964301,0.22994637512057728,98.0,-0.011312490063179982,False,27.111269791221922,-51.1489174035699,27.111269791221922,51.1489174035699,True
4-9-18_Schnable_49-312-JS93-1-130_2018-04-11_01-16-55_9971900,2,42.7029,53.69469551228601,-12.0375,-3.1559694804178093,0.09848440378115632,42.0,0.007939390933794857,False,10.99179551228601,8.881530519582185,10.99179551228601,8.881530519582185,True
4-9-18_Schnable_49-312-JS93-1-130_2018-04-11_01-16-55_9971900,3,35.7526,41.926767006337016,-179.105,173.90536298064524,0.28521365300634965,124.0,0.0834574494855201,False,6.174167006337015,-6.9896370193547455,6.174167006337015,6.9896370193547455,True
4-9-18_Schnable_49-312-JS93-1-130_2018-04-11_01-16-55_9971900,4,14.2216,20.58114814915983,-176.215,127.61720025042212,0.49116100893516995,217.0,0.13180814984093955,False,6.35954814915983,-56.16779974957785,6.35954814915983,56.16779974957785,True
4-9-18_Schnable_49-312-JS93-1-130_2018-04-11_01-16-55_9971900,5,33.8454,24.163471088781847,10.4955,0.4552508172588432,0.46337456035006225,213.0,0.13180814984093955,False,-9.68192891121815,-10.04024918274115,9.68192891121815,10.04024918274115,True
4-9-18_Schnable_49-313-JS49-2-78_2018-04-11_01-19-08_9972000,0,52.0143,59.2412341690007,-22.4484,-24.768112444758344,0.214760088745287,98.0,-0.10791098636943551,False,7.2269341690007,-2.319712444758352,7.2269341690007,2.319712444758352,True
4-9-18_Schnable_49-313-JS49-2-78_2018-04-11_01-19-08_9972000,1,60.4034,67.19285458050695,156.314,155.3464913014809,0.2515758203510372,117.0,-0.07584042300212143,False,6.789454580506948,-0.967508698519083,6.789454580506948,0.967508698519083,True
4-9-18_Schnable_49-313-JS49-2-78_2018-04-11_01-19-08_9972000,2,43.384,51.493667549002375,-56.9555,-52.37275810786031,0.26894904719198315,128.0,-0.05783431746561554,False,8.109667549002374,4.582741892139694,8.109667549002374,4.582741892139694,True
4-9-18_Schnable_49-313-JS49-2-78_2018-04-11_01-19-08_9972000,3,19.2195,56.82049723949726,111.493,16.920079113714337,0.05754032061778126,27.0,-0.03571086036572345,False,37.60099723949726,-94.57292088628566,37.60099723949726,94.57292088628566,True
4-9-18_Schnable_49-313-JS49-2-78_2018-04-11_01-19-08_9972000,4,40.7756,51.85802265115381,156.827,153.71128202739374,0.38246430447734564,182.0,-0.03168331636950872,False,11.082422651153813,-3.1157179726062623,11.082422651153813,3.1157179726062623,True
4-9-18_Schnable_49-313-JS49-2-78_2018-04-11_01-19-08_9972000,5,43.1693,45.25117439239127,-63.5311,-44.54719944122985,0.29219967918861145,133.0,-0.015822678731538094,False,2.0818743923912706,18.98390055877016,2.0818743923912706,18.98390055877016,True
4-9-18_Schnable_49-313-JS49-2-78_2018-04-11_01-19-08_9972000,6,39.3017,37.91512837338277,152.019,155.97837708883839,0.4390950314562361,199.0,0.02820876290130535,False,-1.3865716266172257,3.95937708883838,1.3865716266172257,3.95937708883838,True
4-9-18_Schnable_49-313-JS49-2-78_2018-04-11_01-19-08_9972000,7,31.0179,32.99700911029717,-34.2562,-26.311985375478258,0.405344457868818,172.0,0.08804689203754573,False,1.9791091102971698,7.944214624521749,1.9791091102971698,7.944214624521749,True
4-9-18_Schnable_49-313-JS49-2-78_2018-04-11_01-19-08_9972000,8,45.7344,32.09609281695509,156.661,147.587477759546,0.3684147123356032,181.0,0.16658367199237906,False,-13.638307183044908,-9.073522240453997,13.638307183044908,9.073522240453997,True
4-9-18_Schnable_49-313-JS49-2-78_2018-04-11_01-19-08_9972000,9,17.727,18.896881279298526,7.53838,5.400444512034369,0.24261985087372795,113.0,0.16658367199237906,False,1.1698812792985258,-2.1379354879656205,1.1698812792985258,2.1379354879656205,True
4-9-18_Schnable_49-314-JS210-330_2018-04-11_01-21-22_9972100,0,39.7983,44.02859694771792,61.3593,66.3132587451521,0.29063168914425264,125.0,-0.07068833934485953,False,4.230296947717925,4.953958745152107,4.230296947717925,4.953958745152107,True
4-9-18_Schnable_49-314-JS210-330_2018-04-11_01-21-22_9972100,1,41.1187,45.47420599394582,176.026,173.76650289848305,0.44732133985590655,193.0,-0.06254417269306244,False,4.355505993945826,-2.2594971015169563,4.355505993945826,2.2594971015169563,True
4-9-18_Schnable_49-314-JS210-330_2018-04-11_01-21-22_9972100,2,28.9046,30.039287813415662,-143.214,130.6936904718283,0.2723048848810411,122.0,-0.028054624213772413,False,1.1346878134156633,-86.09230952817171,1.1346878134156633,86.09230952817171,True
4-9-18_Schnable_49-314-JS210-330_2018-04-11_01-21-22_9972100,3,26.6131,30.584806378261995,137.531,-170.7645672880647,0.46422757957678595,194.0,-0.028054624213772413,False,3.9717063782619952,51.70443271193528,3.9717063782619952,51.70443271193528,True
4-9-18_Schnable_49-314-JS210-330_2018-04-11_01-21-22_9972100,4,39.4747,33.50474026828557,32.8482,35.65571443718005,0.4903243303762379,204.0,-0.016598867239561516,False,-5.969959731714425,2.8075144371800604,5.969959731714425,2.8075144371800604,True
4-9-18_Schnable_49-314-JS210-330_2018-04-11_01-21-22_9972100,5,29.0358,28.404043270119786,173.588,161.28739232718488,0.5009521490618359,216.0,0.11028233499056742,False,-0.6317567298802125,-12.300607672815119,0.6317567298802125,12.300607672815119,True
4-9-18_Schnable_49-314-JS210-330_2018-04-11_01-21-22_9972100,6,32.3719,31.08693177584982,-129.213,-121.28762030669523,0.16359887441786644,74.0,0.11028233499056742,False,-1.2849682241501768,7.925379693304762,1.2849682241501768,7.925379693304762,True
4-9-18_Schnable_49-314-JS210-330_2018-04-11_01-21-22_9972100,7,54.8756,21.674416571444212,65.7702,-44.574279777190014,0.31404980322556325,126.0,0.16670126943519337,False,-33.20118342855579,-110.34447977719002,33.20118342855579,110.34447977719002,True
4-9-18_Schnable_49-314-JS210-330_2018-04-11_01-21-22_9972100,8,18.6289,39.68993770756367,-82.2488,61.858933920512584,0.4580273158402113,193.0,0.16670126943519337,False,21.06103770756367,144.1077339205126,21.06103770756367,144.1077339205126,True
4-9-18_Schnable_49-315-JS81-2-113_2018-04-11_01-23-35_9972200,0,35.5065,39.439278781795025,-129.976,-130.32038892773187,0.18858746463939802,88.0,-0.12822335237880356,False,3.9327787817950224,-0.34438892773187035,3.9327787817950224,0.34438892773187035,True
4-9-18_Schnable_49-315-JS81-2-113_2018-04-11_01-23-35_9972200,1,26.1653,29.314316442778697,15.0357,8.020507483307426,0.23580802778291324,107.0,-0.09518767216167695,False,3.1490164427786986,-7.015192516692565,3.1490164427786986,7.015192516692565,True
4-9-18_Schnable_49-315-JS81-2-113_2018-04-11_01-23-35_9972200,2,27.9513,31.507648060011498,-129.207,-135.5028994387172,0.32230516935996795,151.0,-0.06509749160710139,False,3.556348060011498,-6.295899438717214,3.556348060011498,6.295899438717214,True
4-9-18_Schnable_49-315-JS81-2-113_2018-04-11_01-23-35_9972200,3,20.2531,25.38480093055115,56.3939,56.315797821856506,0.38228756819436666,169.0,-0.033487261349355424,False,5.131700930551151,-0.07810217814349585,5.131700930551151,0.07810217814349585,True
4-9-18_Schnable_49-315-JS81-2-113_2018-04-11_01-23-35_9972200,4,23.3912,23.76054268313291,-133.535,-132.76062318218302,0.4402511752687728,199.0,0.023346629426672885,False,0.36934268313290985,0.7743768178169717,0.36934268313290985,0.7743768178169717,True
4-9-18_Schnable_49-315-JS81-2-113_2018-04-11_01-23-35_9972200,5,29.9588,26.404615190097644,100.626,108.60223759997024,0.377466587443407,164.0,0.1577806458876855,False,-3.554184809902356,7.976237599970233,3.554184809902356,7.976237599970233,True
4-9-18_Schnable_49-315-JS81-2-113_2018-04-11_01-23-35_9972200,6,19.58,20.285485724963323,-121.888,-130.88946696161443,0.24464080807617244,102.0,0.1577806458876855,False,0.7054857249633244,-9.001466961614426,0.7054857249633244,9.001466961614426,True
4-9-18_Schnable_49-316-JS180-270_2018-04-11_01-25-48_9972300,0,32.9848,38.56837579017403,21.7049,13.449759864921987,0.30166463051127673,125.0,-0.09709337564102465,False,5.583575790174031,-8.255140135078022,5.583575790174031,8.255140135078022,True
4-9-18_Schnable_49-316-JS180-270_2018-04-11_01-25-48_9972300,1,28.2542,37.05739970851203,170.05,157.73607684343693,0.13632051571516754,71.0,-0.0701601431954118,False,8.803199708512029,-12.313923156563078,8.803199708512029,12.313923156563078,True
4-9-18_Schnable_49-316-JS180-270_2018-04-11_01-25-48_9972300,2,41.5938,39.42305784963251,8.63718,10.02512916433301,0.35401641485707236,139.0,-0.040634479156048744,False,-2.170742150367495,1.3879491643330084,2.170742150367495,1.3879491643330084,True
4-9-18_Schnable_49-316-JS180-270_2018-04-11_01-25-48_9972300,3,31.7571,32.509127978807484,0.102344,-1.2274595009907046,0.4732628986716036,201.0,0.020699926671107937,False,0.7520279788074831,-1.3298035009906926,0.7520279788074831,1.3298035009906926,True
4-9-18_Schnable_49-316-JS180-270_2018-04-11_01-25-48_9972300,4,40.5054,30.607364187927615,152.127,169.28517382965032,0.5375144750464635,227.0,0.06756628745014351,False,-9.898035812072386,17.15817382965031,9.898035812072386,17.15817382965031,True
4-9-18_Schnable_49-316-JS180-270_2018-04-11_01-25-48_9972300,5,64.2506,63.90839260898423,172.765,171.20472481461263,0.24676783268209548,113.0,0.059021171865382846,False,-0.34220739101577635,-1.5602751853873542,0.34220739101577635,1.5602751853873542,True
4-9-18_Schnable_49-316-JS180-270_2018-04-11_01-25-48_9972300,6,26.6182,41.480078750937636,-154.308,-162.61615423409373,0.2844328071136495,138.0,0.059021171865382846,False,14.861878750937635,-8.308154234093735,14.861878750937635,8.308154234093735,True
4-9-18_Schnable_49-316-JS180-270_2018-04-11_01-25-48_9972300,7,51.1313,38.490119449010635,-16.4227,-11.376862209025802,0.5126801324425012,223.0,0.17270638226810942,False,-12.641180550989368,5.04583779097419,12.641180550989368,5.04583779097419,True
4-9-18_Schnable_49-316-JS180-270_2018-04-11_01-25-48_9972300,8,23.0333,31.034050567592466,-131.81,-134.19851697038698,0.4137387913883822,189.0,0.17270638226810942,False,8.000750567592466,-2.3885169703869735,8.000750567592466,2.3885169703869735,True
4-9-18_Schnable_49-317-JS221-348_2018-04-11_01-28-03_9972400,0,49.5631,54.90287270985762,19.9557,71.57889102823123,0.009526753408129715,3.0,-0.15136864906300654,False,5.33977270985762,51.62319102823122,5.33977270985762,51.62319102823122,False
4-9-18_Schnable_49-317-JS221-348_2018-04-11_01-28-03_9972400,1,44.5273,44.98641911178297,-143.547,-115.85446141159007,0.20031037403033564,90.0,-0.10321408159796266,False,0.45911911178297515,27.692538588409946,0.45911911178297515,27.692538588409946,True
4-9-18_Schnable_49-317-JS221-348_2018-04-11_01-28-03_9972400,2,18.1207,17.972355684412463,-120.164,-129.1629793445645,0.34621146609930176,154.0,-0.06400064410633165,False,-0.14834431558753636,-8.998979344564475,0.14834431558753636,8.998979344564475,True
4-9-18_Schnable_49-317-JS221-348_2018-04-11_01-28-03_9972400,3,87.024,54.902872709858094,-8.25172,71.57889102823117,0.006292528739883936,2.0,-0.04574331723813795,False,-32.12112729014191,79.83061102823115,32.12112729014191,79.83061102823115,False
4-9-18_Schnable_49-317-JS221-348_2018-04-11_01-28-03_9972400,4,22.2839,33.41721130185866,-18.7998,-25.371617198327414,0.23029955041539313,99.0,-0.04574331723813795,False,11.133311301858658,-6.571817198327409,11.133311301858658,6.571817198327409,True
4-9-18_Schnable_49-317-JS221-348_2018-04-11_01-28-03_9972400,5,23.9484,24.069081909960175,178.319,4.860001546768444,0.3806958971749116,185.0,-0.005043184194923721,False,0.12068190996017591,-173.45899845323154,0.12068190996017591,173.45899845323154,True
4-9-18_Schnable_49-317-JS221-348_2018-04-11_01-28-03_9972400,6,44.1485,21.371331087510654,56.0947,-164.24942149253857,0.42876742079435237,185.0,0.06825798952426738,False,-22.777168912489344,139.6558785074614,22.777168912489344,139.6558785074614,True
4-9-18_Schnable_49-317-JS221-348_2018-04-11_01-28-03_9972400,7,26.2762,43.519890227890635,172.989,66.47613834250637,0.13544695891585684,70.0,0.07934832944510772,False,17.243690227890635,-106.51286165749363,17.243690227890635,106.51286165749363,True
4-9-18_Schnable_49-317-JS221-348_2018-04-11_01-28-03_9972400,8,17.5967,19.878056753401083,24.3899,28.917457538363124,0.39706388280914345,178.0,0.16262293200283548,False,2.2813567534010843,4.527557538363112,2.2813567534010843,4.527557538363112,True
4-9-18_Schnable_49-318-JS222-350_2018-04-11_01-30-16_9972500,0,78.4583,30.32762463048897,17.466,54.33451409201365,0.1545650020464317,58.0,-0.17525012629684336,True,-48.130675369511025,36.86851409201364,48.130675369511025,36.86851409201364,True
4-9-18_Schnable_49-318-JS222-350_2018-04-11_01-30-16_9972500,1,15.2267,30.512585528815663,-124.547,174.53408335732337,0.2011877479010754,89.0,-0.15322969987759794,True,15.285885528815664,-60.91891664267666,15.285885528815664,60.91891664267666,True
4-9-18_Schnable_49-318-JS222-350_2018-04-11_01-30-16_9972500,2,24.9927,19.255382863400882,-18.443,40.18939545968206,0.2809141411642418,122.0,-0.11488460155037662,True,-5.737317136599117,58.63239545968207,5.737317136599117,58.63239545968207,True
4-9-18_Schnable_49-318-JS222-350_2018-04-11_01-30-16_9972500,3,21.8421,28.485197505340942,177.434,-156.62914434867787,0.36327317442750984,158.0,-0.08793438662159062,True,6.643097505340943,25.936855651322162,6.643097505340943,25.936855651322162,True
4-9-18_Schnable_49-318-JS222-350_2018-04-11_01-30-16_9972500,4,22.9369,18.98208169780885,8.58991,40.151789830334195,0.35256612613781696,147.0,-0.07573563572852945,True,-3.95481830219115,31.561879830334192,3.95481830219115,31.561879830334192,True
4-9-18_Schnable_49-318-JS222-350_2018-04-11_01-30-16_9972500,5,17.0799,22.357665011613022,-150.266,-158.1714368524402,0.4616371425827695,203.0,-0.011289786599042818,True,5.277765011613024,-7.905436852440204,5.277765011613024,7.905436852440204,True
4-9-18_Schnable_49-318-JS222-350_2018-04-11_01-30-16_9972500,6,17.0581,24.227577716424534,-0.348032,-176.69473086628966,0.4603598149064526,184.0,0.11846361853839894,True,7.1694777164245345,-176.34669886628967,7.1694777164245345,176.34669886628967,True
4-9-18_Schnable_49-318-JS222-350_2018-04-11_01-30-16_9972500,7,29.6283,64.05875687270834,-138.992,118.45766577406806,0.0034641016151377513,1.0,0.14138365332900976,True,34.43045687270835,-102.55033422593192,34.43045687270835,102.55033422593192,False
4-9-18_Schnable_49-318-JS222-350_2018-04-11_01-30-16_9972500,8,33.1078,34.33756493653643,-9.9157,-27.92753644213508,0.08304410617032336,37.0,0.14138365332900976,True,1.2297649365364336,-18.011836442135063,1.2297649365364336,18.011836442135063,True
4-9-18_Schnable_49-318-JS222-350_2018-04-11_01-30-16_9972500,9,35.9113,28.719367174568582,-165.952,-88.94030664680793,0.2660227200300573,103.0,0.15576367707236707,True,-7.191932825431415,77.01169335319207,7.191932825431415,77.01169335319207,True
4-9-18_Schnable_49-318-JS222-350_2018-04-11_01-30-16_9972500,10,33.886,31.851165093955196,89.4592,21.021340216130767,0.31066087914050255,129.0,0.15576367707236707,True,-2.034834906044807,-68.43785978386923,2.034834906044807,68.43785978386923,True
4-9-18_Schnable_49-319-JS117-172_2018-04-11_01-32-29_9972600,0,22.6811,24.19883774311907,166.154,166.1077833866371,0.21849919724848926,98.0,-0.14940830786622944,False,1.5177377431190706,-0.04621661336290117,1.5177377431190706,0.04621661336290117,True
4-9-18_Schnable_49-319-JS117-172_2018-04-11_01-32-29_9972600,1,19.4933,25.76174097147451,-19.4186,13.38287120352146,0.2560071387313069,126.0,-0.09756850921846161,False,6.268440971474508,32.80147120352146,6.268440971474508,32.80147120352146,True
4-9-18_Schnable_49-319-JS117-172_2018-04-11_01-32-29_9972600,2,22.8023,21.254832990949964,-169.504,-170.41739130785396,0.3312463411123607,149.0,-0.057393517782559224,False,-1.5474670090500346,-0.9133913078539706,1.5474670090500346,0.9133913078539706,True
4-9-18_Schnable_49-319-JS117-172_2018-04-11_01-32-29_9972600,3,19.4501,17.62152014470965,-178.575,-170.71473850512413,0.39062657664303324,168.0,0.01663051182861166,False,-1.82857985529035,7.860261494875857,1.82857985529035,7.860261494875857,True
4-9-18_Schnable_49-319-JS117-172_2018-04-11_01-32-29_9972600,4,25.0073,22.157045455320258,10.9762,9.434625970153547,0.3447058910249289,145.0,0.048291874623759,False,-2.8502545446797427,-1.5415740298464584,2.8502545446797427,1.5415740298464584,True
4-9-18_Schnable_49-319-JS117-172_2018-04-11_01-32-29_9972600,5,20.5095,45.04089150711926,51.4222,-75.68932695587033,0.005656854249492376,2.0,0.07229159359190387,False,24.531391507119263,-127.11152695587032,24.531391507119263,127.11152695587032,False
4-9-18_Schnable_49-319-JS117-172_2018-04-11_01-32-29_9972600,6,26.152,35.85078059921129,-103.083,57.578977181916855,0.1511092597565412,76.0,0.08059342986303535,False,9.69878059921129,160.66197718191688,9.69878059921129,160.66197718191688,True
4-9-18_Schnable_49-319-JS117-172_2018-04-11_01-32-29_9972600,7,23.8816,7.566865597871626,46.1177,13.194716995992053,0.2974966055681489,136.0,0.0822593573663526,False,-16.314734402128373,-32.92298300400796,16.314734402128373,32.92298300400796,True
4-9-18_Schnable_49-319-JS117-172_2018-04-11_01-32-29_9972600,8,27.1566,33.507761781230265,-169.848,-105.14314201269968,0.1234244870935694,71.0,0.0822593573663526,False,6.351161781230264,64.70485798730033,6.351161781230264,64.70485798730033,True
4-9-18_Schnable_49-319-JS117-172_2018-04-11_01-32-29_9972600,9,32.0928,24.331715151206296,6.85418,-179.6941430765353,0.4476396783300395,199.0,0.13070868064073068,False,-7.7610848487937005,173.45167692346467,7.7610848487937005,173.45167692346467,True
4-9-18_Schnable_49-319-JS117-172_2018-04-11_01-32-29_9972600,10,11.9353,11.148383200388295,151.463,-178.53553822067732,0.1971798745226154,96.0,0.15855477948942653,False,-0.7869167996117046,30.001461779322653,0.7869167996117046,30.001461779322653,True
4-9-18_Schnable_49-320-JS277-103_2018-04-11_01-34-42_9972700,0,34.1511,38.47694460038667,27.908,26.20451756427326,0.24467119879019358,106.0,-0.051692880309248054,False,4.325844600386674,-1.7034824357267553,4.325844600386674,1.7034824357267553,True
4-9-18_Schnable_49-320-JS277-103_2018-04-11_01-34-42_9972700,1,38.5521,46.05873834418734,169.809,169.40601299395536,0.3878455179664484,162.0,-0.04453959562831763,False,7.506638344187337,-0.4029870060446399,7.506638344187337,0.4029870060446399,True
4-9-18_Schnable_49-320-JS277-103_2018-04-11_01-34-42_9972700,2,39.7694,39.593617409680014,164.531,161.73589084210494,0.18670190524276473,73.0,-0.012499466755542914,False,-0.175782590319983,-2.7951091578950695,0.175782590319983,2.7951091578950695,True
4-9-18_Schnable_49-320-JS277-103_2018-04-11_01-34-42_9972700,3,20.861,25.664971345776223,-27.7954,-31.948624426436766,0.3416043883228193,153.0,0.03480646188743222,False,4.8039713457762225,-4.153224426436765,4.8039713457762225,4.153224426436765,True
4-9-18_Schnable_49-320-JS277-103_2018-04-11_01-34-42_9972700,4,22.3927,32.12948780582243,158.583,160.74900617743924,0.3797730330779474,163.0,0.13618048346030895,False,9.736787805822427,2.166006177439243,9.736787805822427,2.166006177439243,True
4-9-18_Schnable_49-320-JS277-103_2018-04-11_01-34-42_9972700,5,26.209,21.23624096506238,-0.740043,-8.400776236612899,0.27370160747513095,130.0,0.13618048346030895,False,-4.972759034937621,-7.660733236612884,4.972759034937621,7.660733236612884,True
4-9-18_Schnable_49-321-JS248-396_2018-04-11_01-36-56_9972800,0,18.1458,23.879816403588194,40.1722,33.15504839885608,0.3107673247296791,146.0,-0.05267832324948084,False,5.734016403588193,-7.017151601143922,5.734016403588193,7.017151601143922,True
4-9-18_Schnable_49-321-JS248-396_2018-04-11_01-36-56_9972800,1,24.2645,27.002403338666632,-177.999,-161.1125018364777,0.4188586200592833,202.0,-0.038632591904676813,False,2.73790333866663,16.886498163522305,2.73790333866663,16.886498163522305,True
4-9-18_Schnable_49-321-JS248-396_2018-04-11_01-36-56_9972800,2,25.4834,23.275949876477426,21.6394,33.1670866112251,0.3846233028829561,175.0,0.005327853651237258,False,-2.207450123522573,11.527686611225107,2.207450123522573,11.527686611225107,True
4-9-18_Schnable_49-321-JS248-396_2018-04-11_01-36-56_9972800,3,33.866,22.50189903622598,-102.131,-147.69874398838397,0.5404573262129042,250.0,0.03133514238066888,False,-11.364100963774021,-45.56774398838397,11.364100963774021,45.56774398838397,True
4-9-18_Schnable_49-321-JS248-396_2018-04-11_01-36-56_9972800,4,22.7224,22.207811624309485,48.295,25.503311391086754,0.4827934094010347,226.0,0.0993067036266721,False,-0.514588375690515,-22.79168860891326,0.514588375690515,22.79168860891326,True
4-9-18_Schnable_49-321-JS248-396_2018-04-11_01-36-56_9972800,5,9.99385,24.64908357183988,15.3014,-143.03728017809476,0.530797042460279,229.0,0.15537967500511127,False,14.655233571839881,-158.33868017809476,14.655233571839881,158.33868017809476,True
4-9-18_Schnable_49-321-JS248-396_2018-04-11_01-36-56_9972800,6,29.9806,11.133088070676862,-148.64,18.71703825849397,0.5369548876260615,237.0,0.15537967500511127,False,-18.847511929323137,167.35703825849396,18.847511929323137,167.35703825849396,True
4-9-18_Schnable_49-323-JS120-175_2018-04-11_01-41-23_9973000,0,40.327,44.11781082869895,-8.44283,-38.16548360748385,0.35320782834699516,147.0,-0.07866559188200237,False,3.7908108286989517,-29.722653607483835,3.7908108286989517,29.722653607483835,True
4-9-18_Schnable_49-323-JS120-175_2018-04-11_01-41-23_9973000,1,43.7163,51.49250719431458,-142.467,-171.02137749826613,0.39133124865578284,154.0,-0.05015385990519135,False,7.77620719431458,-28.55437749826612,7.77620719431458,28.55437749826612,True
4-9-18_Schnable_49-323-JS120-175_2018-04-11_01-41-23_9973000,2,30.806,36.30558420044253,26.1543,-3.4530153297169477,0.49053453859345963,210.0,-0.0003555685702626074,False,5.499584200442531,-29.607315329716954,5.499584200442531,29.607315329716954,True
4-9-18_Schnable_49-323-JS120-175_2018-04-11_01-41-23_9973000,3,30.0033,43.61766994528996,-128.166,-157.84322488292148,0.4834956584001363,206.0,0.01786511916514566,False,13.614369945289962,-29.67722488292148,13.614369945289962,29.67722488292148,True
4-9-18_Schnable_49-323-JS120-175_2018-04-11_01-41-23_9973000,4,27.2211,26.312941632601223,58.5866,34.268362633847914,0.5437558027025089,265.0,0.0956805800983523,False,-0.9081583673987765,-24.31823736615209,0.9081583673987765,24.31823736615209,True
4-9-18_Schnable_49-323-JS120-175_2018-04-11_01-41-23_9973000,5,36.341,33.17249184418436,-104.423,-139.90173050081685,0.4414026352128558,208.0,0.16787292425653824,False,-3.168508155815644,-35.47873050081685,3.168508155815644,35.47873050081685,True
4-9-18_Schnable_49-323-JS120-175_2018-04-11_01-41-23_9973000,6,34.7202,27.93472875573773,39.9535,16.700808461116367,0.41027416778322584,185.0,0.16787292425653824,False,-6.785471244262268,-23.252691538883624,6.785471244262268,23.252691538883624,True
4-9-18_Schnable_49-324-JS247-395_2018-04-11_01-43-36_9973100,0,22.3045,29.361388940442744,-47.1694,-44.660344213116076,0.27564891261073504,116.0,-0.05238499200267712,False,7.056888940442743,2.50905578688392,7.056888940442743,2.50905578688392,True
4-9-18_Schnable_49-324-JS247-395_2018-04-11_01-43-36_9973100,1,19.1181,23.213646697001124,155.198,155.27894958405534,0.3299171381102813,147.0,-0.02318717862902824,False,4.095546697001126,0.08094958405533248,4.095546697001126,0.08094958405533248,True
4-9-18_Schnable_49-324-JS247-395_2018-04-11_01-43-36_9973100,2,21.4938,25.09013268648188,-25.3689,-32.98009735747178,0.35023744873592355,149.0,0.024066489528164734,False,3.5963326864818796,-7.611197357471781,3.5963326864818796,7.611197357471781,True
4-9-18_Schnable_49-324-JS247-395_2018-04-11_01-43-36_9973100,3,14.9485,19.58038518236806,165.467,173.48004186897117,0.4753706316836662,215.0,0.04133307518588939,False,4.6318851823680625,8.013041868971158,4.6318851823680625,8.013041868971158,True
4-9-18_Schnable_49-324-JS247-395_2018-04-11_01-43-36_9973100,4,39.5452,44.867253783139816,-101.29,-100.24248235895391,0.12033039403298804,57.0,0.1164647253362961,False,5.322053783139815,1.0475176410461131,5.322053783139815,1.0475176410461131,True
4-9-18_Schnable_49-324-JS247-395_2018-04-11_01-43-36_9973100,5,21.4557,16.971311551421863,24.379,-1.9942305015696036,0.4240922494147109,181.0,0.1184477703380848,False,-4.484388448578137,-26.373230501569594,4.484388448578137,26.373230501569594,True
4-9-18_Schnable_49-324-JS247-395_2018-04-11_01-43-36_9973100,6,18.8651,17.485690615535063,168.242,-160.81115944588936,0.33844466373804694,155.0,0.1184477703380848,False,-1.3794093844649389,30.946840554110622,1.3794093844649389,30.946840554110622,True
4-9-18_Schnable_49-325-JS117-172_2018-04-11_01-45-49_9973200,0,16.4498,23.575420346250638,21.7204,21.51936756769078,0.15051431719726477,70.0,-0.06871246083941901,False,7.1256203462506384,-0.2010324323092334,7.1256203462506384,0.2010324323092334,True
4-9-18_Schnable_49-325-JS117-172_2018-04-11_01-45-49_9973200,1,16.2666,20.714494945371996,-105.965,-102.48112757957564,0.25449419520115063,101.0,-0.04775461478683179,False,4.447894945371996,3.4838724204243476,4.447894945371996,3.4838724204243476,True
4-9-18_Schnable_49-325-JS117-172_2018-04-11_01-45-49_9973200,2,12.8917,18.975662063298785,48.5524,53.486043190750706,0.2851346705315651,140.0,0.0038162727866700944,False,6.0839620632987845,4.933643190750701,6.0839620632987845,4.933643190750701,True
4-9-18_Schnable_49-325-JS117-172_2018-04-11_01-45-49_9973200,3,16.3051,21.44021168668928,-79.4926,-95.81548160739325,0.3071871608234814,132.0,0.07534268029879145,False,5.135111686689282,-16.322881607393242,5.135111686689282,16.322881607393242,True
4-9-18_Schnable_49-325-JS117-172_2018-04-11_01-45-49_9973200,4,28.647,25.133110852862004,15.348,48.3052515195713,0.2383708359742764,118.0,0.11044549149486471,False,-3.513889147137995,32.95725151957129,3.513889147137995,32.95725151957129,True
4-9-18_Schnable_49-325-JS117-172_2018-04-11_01-45-49_9973200,5,32.8492,24.699666892188105,-76.9143,-79.30862199043025,0.2919795254051463,123.0,0.13403727580485286,False,-8.149533107811898,-2.3943219904302566,8.149533107811898,2.3943219904302566,True
4-9-18_Schnable_49-325-JS117-172_2018-04-11_01-45-49_9973200,6,7.89958,13.190021832622634,2.48258,13.422274340931779,0.16604004173535186,82.0,0.13403727580485286,False,5.2904418326226335,10.939694340931766,5.2904418326226335,10.939694340931766,True
4-9-18_Schnable_49-326-JS226-358_2018-04-11_01-48-02_9973300,0,39.3689,44.89743593205548,24.376,30.309610125332767,0.34629573149954324,155.0,-0.17676905131991347,False,5.528535932055483,5.933610125332763,5.528535932055483,5.933610125332763,True
4-9-18_Schnable_49-326-JS226-358_2018-04-11_01-48-02_9973300,1,22.383,25.22501637528792,-121.92,-118.43531612267627,0.3742003254554967,176.0,-0.1427779177947342,False,2.8420163752879226,3.4846838773237323,2.8420163752879226,3.4846838773237323,True
4-9-18_Schnable_49-326-JS226-358_2018-04-11_01-48-02_9973300,2,14.3384,35.69975365973526,-27.4149,-73.41329184120549,0.07345473217176587,41.0,-0.1322874834856618,False,21.361353659735258,-45.99839184120549,21.361353659735258,45.99839184120549,True
4-9-18_Schnable_49-326-JS226-358_2018-04-11_01-48-02_9973300,3,40.822,43.277332036428504,25.5831,26.78824913800156,0.4514146012239708,220.0,-0.1322874834856618,False,2.4553320364285014,1.205149138001559,2.4553320364285014,1.205149138001559,True
4-9-18_Schnable_49-326-JS226-358_2018-04-11_01-48-02_9973300,4,9.83493,10.94637408301314,-119.557,-128.30200136911697,0.44801577620419986,209.0,-0.07100182358567185,False,1.11144408301314,-8.745001369116949,1.11144408301314,8.745001369116949,True
4-9-18_Schnable_49-326-JS226-358_2018-04-11_01-48-02_9973300,5,39.0219,39.51506399215969,3.04545,24.448905856548492,0.5139643602676159,260.0,-0.04054772986424365,False,0.49316399215968687,21.403455856548504,0.49316399215968687,21.403455856548504,True
4-9-18_Schnable_49-326-JS226-358_2018-04-11_01-48-02_9973300,6,61.3898,66.26151436873099,49.572,61.33577586277363,0.15114527874135167,68.0,0.026311618481184067,False,4.871714368730984,11.763775862773628,4.871714368730984,11.763775862773628,True
4-9-18_Schnable_49-326-JS226-358_2018-04-11_01-48-02_9973300,7,48.8677,39.58537241732165,20.1287,36.322308749269894,0.5540501418176378,280.0,0.042742890192939226,False,-9.282327582678349,16.193608749269885,9.282327582678349,16.193608749269885,True
4-9-18_Schnable_49-326-JS226-358_2018-04-11_01-48-02_9973300,8,47.9198,40.45844757167154,-161.635,131.48996749870747,0.21955821884096918,97.0,0.2767314650289335,False,-7.4613524283284605,-66.87503250129254,7.4613524283284605,66.87503250129254,True
4-9-18_Schnable_49-326-JS226-358_2018-04-11_01-48-02_9973300,9,39.1924,52.02960016628272,123.179,-160.80880389811733,0.20269782859767876,109.0,0.2767314650289335,False,12.83720016628272,76.01219610188264,12.83720016628272,76.01219610188264,True
4-9-18_Schnable_49-327-JS88-125_2018-04-11_01-50-21_9973400,0,173.416,89.82103018676489,143.489,132.90272465018097,0.013416407864998746,1.0,-0.11637531053944619,False,-83.59496981323511,-10.586275349819033,83.59496981323511,10.586275349819033,False
4-9-18_Schnable_49-327-JS88-125_2018-04-11_01-50-21_9973400,1,26.6074,36.218688578402855,34.4153,34.08018435008364,0.34173094164503026,155.0,-0.08062833511793473,False,9.611288578402856,-0.3351156499163608,9.611288578402856,0.3351156499163608,True
4-9-18_Schnable_49-327-JS88-125_2018-04-11_01-50-21_9973400,2,34.4677,37.42117709495896,-133.198,-135.40562164865872,0.42633933040422645,183.0,-0.04562238136917117,False,2.953477094958963,-2.2076216486587157,2.953477094958963,2.2076216486587157,True
4-9-18_Schnable_49-327-JS88-125_2018-04-11_01-50-21_9973400,3,29.6436,30.787316399976717,24.4303,22.025695537341107,0.47831424020000435,223.0,-0.010503443433513384,False,1.143716399976718,-2.404604462658881,1.143716399976718,2.404604462658881,True
4-9-18_Schnable_49-327-JS88-125_2018-04-11_01-50-21_9973400,4,25.1344,47.75137347855596,67.7806,75.83457159349808,0.07584752595786752,38.0,0.001747553152904791,False,22.616973478555963,8.05397159349809,22.616973478555963,8.05397159349809,True
4-9-18_Schnable_49-327-JS88-125_2018-04-11_01-50-21_9973400,5,32.0728,28.119943464772405,-149.434,-163.3904314268044,0.5084639776087825,240.0,0.05224932340620233,False,-3.952856535227596,-13.956431426804414,3.952856535227596,13.956431426804414,True
4-9-18_Schnable_49-327-JS88-125_2018-04-11_01-50-21_9973400,6,26.7348,25.89503604039679,0.247752,1.4625480828245827,0.5230642150908971,232.0,0.08973894794954869,False,-0.8397639596032107,1.2147960828245914,0.8397639596032107,1.2147960828245914,True
4-9-18_Schnable_49-327-JS88-125_2018-04-11_01-50-21_9973400,7,18.933,17.943768349364206,-137.052,-179.2000515302289,0.5202235602375668,232.0,0.17282449544431192,False,-0.9892316506357943,-42.14805153022891,0.9892316506357943,42.14805153022891,True
4-9-18_Schnable_49-327-JS88-125_2018-04-11_01-50-21_9973400,8,32.999,31.27909531115163,13.3103,14.335992305895502,0.4665957631506182,202.0,0.17282449544431192,False,-1.7199046888483736,1.0256923058954897,1.7199046888483736,1.0256923058954897,True
4-9-18_Schnable_49-328-JS31-1-53_2018-04-11_01-52-35_9973500,0,27.211,26.57149786718287,0.101657,1.9968795987248313,0.29316453903444667,122.0,-0.05307363023107537,False,-0.6395021328171282,1.8952225987248426,0.6395021328171282,1.8952225987248426,True
4-9-18_Schnable_49-328-JS31-1-53_2018-04-11_01-52-35_9973500,1,25.8796,30.883889069459265,177.042,168.3145291065057,0.19572472062151305,84.0,-0.03589383903438619,False,5.004289069459265,-8.727470893494313,5.004289069459265,8.727470893494313,True
4-9-18_Schnable_49-328-JS31-1-53_2018-04-11_01-52-35_9973500,2,22.0969,22.679399619347592,-4.30688,-8.827128129071468,0.27695842329107584,115.0,-0.009142285538987069,False,0.5824996193475904,-4.520248129071462,0.5824996193475904,4.520248129071462,True
4-9-18_Schnable_49-328-JS31-1-53_2018-04-11_01-52-35_9973500,3,20.7405,24.304099790476698,-153.206,-173.3555852975374,0.2717888742297495,123.0,0.034374398715460844,False,3.5635997904766974,-20.149585297537413,3.5635997904766974,20.149585297537413,True
4-9-18_Schnable_49-328-JS31-1-53_2018-04-11_01-52-35_9973500,4,16.6581,19.180360337637268,-9.48788,-10.67843415292188,0.2704511808922207,122.0,0.11568990452104935,False,2.5222603376372668,-1.1905541529218908,2.5222603376372668,1.1905541529218908,True
4-9-18_Schnable_49-328-JS31-1-53_2018-04-11_01-52-35_9973500,5,22.8828,24.32969637406974,-177.848,-175.99664228863037,0.244493640919686,114.0,0.11568990452104935,False,1.4468963740697411,1.8513577113696442,1.4468963740697411,1.8513577113696442,True
4-9-18_Schnable_49-329-JS116-171_2018-04-11_01-54-47_9973600,0,32.3439,34.53160522656583,-19.8407,-15.73213680633998,0.2000027801619105,83.0,-0.12486478017862772,False,2.187705226565832,4.108563193660018,2.187705226565832,4.108563193660018,True
4-9-18_Schnable_49-329-JS116-171_2018-04-11_01-54-47_9973600,1,60.3325,65.07301322352755,163.483,149.07326356694625,0.12416149272513896,55.0,-0.06033047633216225,False,4.74051322352755,-14.409736433053752,4.74051322352755,14.409736433053752,True
4-9-18_Schnable_49-329-JS116-171_2018-04-11_01-54-47_9973600,2,57.9952,45.54946041967535,166.852,-151.8125762743047,0.07436250791838411,39.0,-0.06033047633216225,False,-12.445739580324648,41.33542372569531,12.445739580324648,41.33542372569531,True
4-9-18_Schnable_49-329-JS116-171_2018-04-11_01-54-47_9973600,3,34.1313,40.492442880661535,29.949,30.10873327427231,0.2897170821800002,133.0,-0.07819220926972795,False,6.361142880661532,0.15973327427229833,6.361142880661532,0.15973327427229833,True
4-9-18_Schnable_49-329-JS116-171_2018-04-11_01-54-47_9973600,4,36.1545,41.57267298943608,170.2,166.91718198991532,0.30967163922596264,135.0,-0.05966570492980027,False,5.41817298943608,-3.282818010084668,5.41817298943608,3.282818010084668,True
4-9-18_Schnable_49-329-JS116-171_2018-04-11_01-54-47_9973600,5,28.1396,28.689286133388443,5.01679,10.82576448173171,0.4381522387825882,200.0,-0.02560215178735683,False,0.5496861333884411,5.8089744817316955,0.5496861333884411,5.8089744817316955,True
4-9-18_Schnable_49-329-JS116-171_2018-04-11_01-54-47_9973600,6,36.677,31.244428824771703,156.19,159.55480383184,0.37290181312402904,169.0,0.021792514809491112,False,-5.432571175228297,3.3648038318399927,5.432571175228297,3.3648038318399927,True
4-9-18_Schnable_49-329-JS116-171_2018-04-11_01-54-47_9973600,7,33.5376,34.41609886374504,168.565,165.78433385882698,0.21457042031441043,105.0,0.18673194040520683,False,0.8784988637450439,-2.7806661411730147,0.8784988637450439,2.7806661411730147,True
4-9-18_Schnable_49-329-JS116-171_2018-04-11_01-54-47_9973600,8,32.8604,36.12511533020644,-14.2878,-27.856355741213434,0.29705621987318176,121.0,0.18673194040520683,False,3.2647153302064424,-13.56855574121343,3.2647153302064424,13.56855574121343,True
4-9-18_Schnable_49-330-JS27-47_2018-04-11_01-57-01_9973700,0,34.0355,40.44588961939871,-160.234,-163.77981186272334,0.2089261877490593,90.0,-0.0799366222278206,False,6.410389619398714,-3.545811862723326,6.410389619398714,3.545811862723326,True
4-9-18_Schnable_49-330-JS27-47_2018-04-11_01-57-01_9973700,1,17.3824,29.99333145486036,-156.135,-147.52298004503658,0.049634804041429094,26.0,-0.0799366222278206,False,12.61093145486036,8.612019954963415,12.61093145486036,8.612019954963415,True
4-9-18_Schnable_49-330-JS27-47_2018-04-11_01-57-01_9973700,2,35.1273,31.539820593089686,74.383,69.65838902815119,0.29868974942126186,123.0,-0.07015428963931061,False,-3.5874794069103118,-4.72461097184879,3.5874794069103118,4.72461097184879,True
4-9-18_Schnable_49-330-JS27-47_2018-04-11_01-57-01_9973700,3,30.134,31.997874958191254,-113.56,-124.4436643667406,0.3115972039722433,131.0,-0.04843987325711795,False,1.8638749581912535,-10.883664366740618,1.8638749581912535,10.883664366740618,True
4-9-18_Schnable_49-330-JS27-47_2018-04-11_01-57-01_9973700,4,23.0838,29.413848966589498,57.322,57.744575855428025,0.36101008639202015,144.0,-0.007202209807903257,False,6.330048966589498,0.4225758554280219,6.330048966589498,0.4225758554280219,True
4-9-18_Schnable_49-330-JS27-47_2018-04-11_01-57-01_9973700,5,22.2861,27.952410649528453,-146.446,-134.60215237273496,0.3798437197163189,176.0,0.033359506906949256,False,5.666310649528452,11.843847627265035,5.666310649528452,11.843847627265035,True
4-9-18_Schnable_49-330-JS27-47_2018-04-11_01-57-01_9973700,6,17.7073,25.535795505582612,70.1915,-108.71378495289163,0.19869334441156783,90.0,0.12400574115452892,False,7.828495505582612,-178.90528495289163,7.828495505582612,178.90528495289163,True
4-9-18_Schnable_49-330-JS27-47_2018-04-11_01-57-01_9973700,7,24.4461,13.777550435681064,-107.885,64.4081176250184,0.3343775338947632,144.0,0.12400574115452892,False,-10.668549564318937,172.2931176250184,10.668549564318937,172.2931176250184,True
4-9-18_Schnable_49-331-JS267-426_2018-04-11_01-59-14_9973800,0,29.2309,43.66783354238309,105.639,103.65584645666422,0.06257714809929595,34.0,-0.06313645831168505,False,14.436933542383095,-1.9831535433357885,14.436933542383095,1.9831535433357885,True
4-9-18_Schnable_49-331-JS267-426_2018-04-11_01-59-14_9973800,1,39.4775,37.763687338622496,104.057,96.7063114648189,0.3998352018785661,164.0,-0.04505489574335056,False,-1.7138126613775029,-7.350688535181121,1.7138126613775029,7.350688535181121,True
4-9-18_Schnable_49-331-JS267-426_2018-04-11_01-59-14_9973800,2,28.875,33.67056850560722,-69.0125,-65.65958096901912,0.41832341073884216,189.0,-0.04115109131966981,False,4.795568505607221,3.3529190309808996,4.795568505607221,3.3529190309808996,True
4-9-18_Schnable_49-331-JS267-426_2018-04-11_01-59-14_9973800,3,31.8182,32.15918438374746,83.221,88.76908943018003,0.25558734292143337,107.0,0.03709808584843854,False,0.34098438374745754,5.548089430180028,0.34098438374745754,5.548089430180028,True
4-9-18_Schnable_49-331-JS267-426_2018-04-11_01-59-14_9973800,4,48.5861,22.987344982290068,143.381,109.33716229298705,0.3329046437154753,165.0,0.15433754903973915,False,-25.598755017709934,-34.043837707012955,25.598755017709934,34.043837707012955,True
4-9-18_Schnable_49-331-JS267-426_2018-04-11_01-59-14_9973800,5,55.5759,26.20464119714824,-167.874,-82.10477207949364,0.3102011627887296,168.0,0.1564450127342982,False,-29.371258802851756,85.76922792050635,29.371258802851756,85.76922792050635,True
4-9-18_Schnable_49-331-JS267-426_2018-04-11_01-59-14_9973800,6,46.6281,49.782671466066766,-79.2162,-167.89246278459558,0.3253653651172243,127.0,0.1564450127342982,False,3.1545714660667628,-88.67626278459558,3.1545714660667628,88.67626278459558,True
4-9-18_Schnable_49-333-JS59-3-88_2018-04-11_02-03-41_9974000,0,175.493,44.33684958426663,-118.291,-155.55399559867385,0.019818260008430937,5.0,-0.16715077457089123,False,-131.15615041573335,-37.262995598673854,131.15615041573335,37.262995598673854,False
4-9-18_Schnable_49-333-JS59-3-88_2018-04-11_02-03-41_9974000,1,29.5715,35.17125609311932,16.5139,17.345681868631516,0.2788628802386833,123.0,-0.1210430518627482,False,5.599756093119318,0.8317818686315093,5.599756093119318,0.8317818686315093,True
4-9-18_Schnable_49-333-JS59-3-88_2018-04-11_02-03-41_9974000,2,25.3176,31.574772264561105,120.277,127.76218142711355,0.43573347331325796,187.0,-0.09339006499743946,False,6.257172264561106,7.4851814271135595,6.257172264561106,7.4851814271135595,True
4-9-18_Schnable_49-333-JS59-3-88_2018-04-11_02-03-41_9974000,3,22.4001,29.44987531403025,-4.91801,7.893590035660225,0.49250026199073443,221.0,-0.061123188386468276,False,7.049775314030253,12.811600035660234,7.049775314030253,12.811600035660234,True
4-9-18_Schnable_49-333-JS59-3-88_2018-04-11_02-03-41_9974000,4,26.9872,27.21812606797257,94.9231,121.05083710818303,0.5350959089160243,236.0,-0.011121948969342786,False,0.2309260679725682,26.127737108183027,0.2309260679725682,26.127737108183027,True
4-9-18_Schnable_49-333-JS59-3-88_2018-04-11_02-03-41_9974000,5,30.6925,25.125168905977162,-25.5039,-8.633020448064798,0.5929024634371555,252.0,0.04772491633598406,False,-5.567331094022837,16.870879551935218,5.567331094022837,16.870879551935218,True
4-9-18_Schnable_49-333-JS59-3-88_2018-04-11_02-03-41_9974000,6,56.2879,32.07974542213416,105.364,88.88269774920388,0.49849665313690533,231.0,0.20374924977469822,False,-24.20815457786584,-16.48130225079612,24.20815457786584,16.48130225079612,True
4-9-18_Schnable_49-333-JS59-3-88_2018-04-11_02-03-41_9974000,7,17.697,20.61439986623894,-13.8761,-23.212221859769443,0.4291173032111733,189.0,0.21014752640232506,False,2.9173998662389415,-9.336121859769435,2.9173998662389415,9.336121859769435,True
4-9-18_Schnable_49-333-JS59-3-88_2018-04-11_02-03-41_9974000,8,27.6687,27.891239536368957,-169.568,-168.17458165268442,0.2329654144127284,104.0,0.21014752640232506,False,0.22253953636895574,1.3934183473155883,0.22253953636895574,1.3934183473155883,True
4-9-18_Schnable_49-334-JS171-247_2018-04-11_02-05-54_9974100,0,22.8377,23.75772068552159,-33.8756,-34.31399280822524,0.3638197863527978,160.0,-0.24834812299483866,False,0.9200206855215889,-0.4383928082252453,0.9200206855215889,0.4383928082252453,True
4-9-18_Schnable_49-334-JS171-247_2018-04-11_02-05-54_9974100,1,37.0992,36.654446052808126,162.505,158.46440782696152,0.44876935012842367,195.0,-0.23001826961422292,False,-0.44475394719187733,-4.040592173038476,0.44475394719187733,4.040592173038476,True
4-9-18_Schnable_49-334-JS171-247_2018-04-11_02-05-54_9974100,2,25.0043,21.594972239629513,-90.6854,-61.54847384509881,0.412642347909938,172.0,-0.19078811032730167,False,-3.4093277603704877,29.136926154901175,3.4093277603704877,29.136926154901175,True
4-9-18_Schnable_49-334-JS171-247_2018-04-11_02-05-54_9974100,3,36.1325,35.320788265865495,178.22,169.4886465557977,0.5056524460624838,223.0,-0.15922309103775265,False,-0.811711734134505,-8.731353444202313,0.811711734134505,8.731353444202313,True
4-9-18_Schnable_49-334-JS171-247_2018-04-11_02-05-54_9974100,4,23.6638,13.311611321768822,-57.583,-34.7810280852602,0.5387720951186832,242.0,-0.11614658485534378,False,-10.352188678231176,22.801971914739795,10.352188678231176,22.801971914739795,True
4-9-18_Schnable_49-334-JS171-247_2018-04-11_02-05-54_9974100,5,30.4277,39.38694784560795,117.674,103.97627557225525,0.13329878896956124,68.0,-0.05039442737926787,False,8.959247845607948,-13.69772442774476,8.959247845607948,13.69772442774476,True
4-9-18_Schnable_49-334-JS171-247_2018-04-11_02-05-54_9974100,6,54.1147,45.509569918014854,179.252,168.31709304474055,0.36404844817095355,157.0,0.09757426036753333,False,-8.605130081985145,-10.934906955259464,8.605130081985145,10.934906955259464,True
4-9-18_Schnable_49-334-JS171-247_2018-04-11_02-05-54_9974100,7,25.5535,20.102855635728517,94.5462,90.8104291727567,0.22719618511669898,98.0,0.09757426036753333,False,-5.450644364271483,-3.7357708272433,5.450644364271483,3.7357708272433,True
4-9-18_Schnable_49-334-JS171-247_2018-04-11_02-05-54_9974100,8,59.5563,69.965248841632,29.0113,-56.55687688390648,0.09192023642344703,43.0,0.33190063253129903,False,10.408948841632004,-85.56817688390649,10.408948841632004,85.56817688390649,True
4-9-18_Schnable_49-334-JS171-247_2018-04-11_02-05-54_9974100,9,72.6314,62.484720391640366,-27.7425,25.204071541848634,0.19932180280194453,92.0,0.33190063253129903,False,-10.146679608359634,52.94657154184864,10.146679608359634,52.94657154184864,True
4-9-18_Schnable_49-335-JS161-231_2018-04-11_02-08-08_9974200,0,43.5798,44.2195935231778,-33.1624,-19.816280906659728,0.22592084600258208,118.0,-0.21337881069479864,False,0.6397935231778007,13.346119093340263,0.6397935231778007,13.346119093340263,True
4-9-18_Schnable_49-335-JS161-231_2018-04-11_02-08-08_9974200,1,7.01512,19.637386409346433,133.105,-163.50882427516464,0.29060484443758205,142.0,-0.1796303941908749,False,12.622266409346434,63.38617572483537,12.622266409346434,63.38617572483537,True
4-9-18_Schnable_49-335-JS161-231_2018-04-11_02-08-08_9974200,2,18.3848,38.31733664751245,-101.894,-85.60346776314641,0.07485492083801322,22.0,-0.1796303941908749,False,19.93253664751245,16.290532236853608,19.93253664751245,16.290532236853608,True
4-9-18_Schnable_49-335-JS161-231_2018-04-11_02-08-08_9974200,3,37.1509,35.857943862880596,-29.4738,-18.568049324716156,0.30167782881332766,142.0,-0.15971333400454862,False,-1.292956137119404,10.905750675283855,1.292956137119404,10.905750675283855,True
4-9-18_Schnable_49-335-JS161-231_2018-04-11_02-08-08_9974200,4,14.235,17.693575974272747,80.5219,143.30339777744496,0.3477579002599185,158.0,-0.13107789254450117,False,3.4585759742727475,62.78149777744494,3.4585759742727475,62.78149777744494,True
4-9-18_Schnable_49-335-JS161-231_2018-04-11_02-08-08_9974200,5,47.769,36.70067745112756,-56.2611,-36.90780748406365,0.366957234680055,175.0,-0.033401166570010465,False,-11.068322548872437,19.353292515936346,11.068322548872437,19.353292515936346,True
4-9-18_Schnable_49-335-JS161-231_2018-04-11_02-08-08_9974200,6,46.5937,51.160410357982535,-80.6379,-48.257128432248976,0.17192565866375756,89.0,0.048723169682707755,False,4.5667103579825366,32.380771567751026,4.5667103579825366,32.380771567751026,True
4-9-18_Schnable_49-335-JS161-231_2018-04-11_02-08-08_9974200,7,40.689,21.7251938585688,-46.5082,150.65223279243594,0.25258140126166256,115.0,0.13316260252027468,False,-18.9638061414312,-162.83956720756407,18.9638061414312,162.83956720756407,True
4-9-18_Schnable_49-335-JS161-231_2018-04-11_02-08-08_9974200,8,17.1526,40.618181747561266,103.343,-55.16196451240144,0.4799264385197982,216.0,0.13316260252027468,False,23.465581747561266,-158.50496451240144,23.465581747561266,158.50496451240144,True
4-9-18_Schnable_49-335-JS161-231_2018-04-11_02-08-08_9974200,9,8.85557,24.673037704824097,-177.835,-161.84110914359655,0.2429372212303959,111.0,0.19817165619834257,False,15.817467704824097,15.993890856403453,15.817467704824097,15.993890856403453,True
4-9-18_Schnable_49-335-JS161-231_2018-04-11_02-08-08_9974200,10,62.8467,10.520096358301643,-152.139,-63.03658482376578,0.4704925457813713,230.0,0.19817165619834257,False,-52.326603641698355,89.10241517623422,52.326603641698355,89.10241517623422,True
4-9-18_Schnable_49-336-JS41-2-68_2018-04-11_02-10-21_9974300,0,23.5014,28.74065307955138,14.2194,15.672771916347415,0.25772272436793414,109.0,-0.09155909254806721,False,5.2392530795513785,1.4533719163474075,5.2392530795513785,1.4533719163474075,True
4-9-18_Schnable_49-336-JS41-2-68_2018-04-11_02-10-21_9974300,1,90.0245,99.17636270426952,-159.421,-152.64186237400958,0.1609815964305571,80.0,-0.06844669973978568,False,9.151862704269519,6.7791376259904155,9.151862704269519,6.7791376259904155,True
4-9-18_Schnable_49-336-JS41-2-68_2018-04-11_02-10-21_9974300,2,51.8127,50.36624814018769,-4.22142,11.851671659393332,0.06516178112169072,40.0,-0.05487088072706069,False,-1.4464518598123064,16.073091659393327,1.4464518598123064,16.073091659393327,True
4-9-18_Schnable_49-336-JS41-2-68_2018-04-11_02-10-21_9974300,3,57.2674,60.51552533830484,-158.257,-161.33442028787724,0.16724191595016227,68.0,-0.019080270411982694,False,3.2481253383048383,-3.0774202878772314,3.2481253383048383,3.0774202878772314,True
4-9-18_Schnable_49-336-JS41-2-68_2018-04-11_02-10-21_9974300,4,41.6701,44.23181861053645,-178.564,-175.55749901829282,0.35044428313452425,157.0,0.06661086375224329,False,2.5617186105364524,3.006500981707177,2.5617186105364524,3.006500981707177,True
4-9-18_Schnable_49-336-JS41-2-68_2018-04-11_02-10-21_9974300,5,24.1758,19.611067710636434,-3.65423,-10.57492202723131,0.3151163062346771,139.0,0.09197099512401957,False,-4.564732289363565,-6.920692027231297,4.564732289363565,6.920692027231297,True
4-9-18_Schnable_49-336-JS41-2-68_2018-04-11_02-10-21_9974300,6,26.0021,29.965593918308322,-165.708,-170.10141147440115,0.19807179334054584,94.0,0.09197099512401957,False,3.9634939183083233,-4.393411474401148,3.9634939183083233,4.393411474401148,True
4-9-18_Schnable_49-336-JS41-2-68_2018-04-11_02-10-21_9974300,7,63.2758,65.77862513295699,-45.2918,-55.58269820138496,0.14439762048018817,68.0,0.14104388298246653,False,2.5028251329569926,-10.290898201384948,2.5028251329569926,10.290898201384948,True
4-9-18_Schnable_49-336-JS41-2-68_2018-04-11_02-10-21_9974300,8,59.5043,60.81900031102586,-13.1569,-6.661466477753237,0.14175915397876962,65.0,0.14104388298246653,False,1.3147003110258595,6.4954335222467705,1.3147003110258595,6.4954335222467705,True
4-9-18_Schnable_49-337-JS122-179_2018-04-11_02-12-35_9974400,0,38.3174,45.971680370281234,172.116,170.83624672542248,0.34254920478162143,148.0,-0.06420644485600666,False,7.654280370281235,-1.27975327457753,7.654280370281235,1.27975327457753,True
4-9-18_Schnable_49-337-JS122-179_2018-04-11_02-12-35_9974400,1,38.3167,44.58986806975681,-12.3918,-17.68154793765993,0.31593894746198337,137.0,-0.05001090497063133,False,6.273168069756814,-5.289747937659939,6.273168069756814,5.289747937659939,True
4-9-18_Schnable_49-337-JS122-179_2018-04-11_02-12-35_9974400,2,26.7034,35.527388129833966,173.972,166.21175653834842,0.4124556493652613,173.0,-0.03216640239037862,False,8.823988129833968,-7.760243461651584,8.823988129833968,7.760243461651584,True
4-9-18_Schnable_49-337-JS122-179_2018-04-11_02-12-35_9974400,3,28.8355,29.159365051168116,-31.3784,-14.666021263942412,0.3691985856656067,149.0,0.005970433671727817,False,0.3238650511681165,16.712378736057588,0.3238650511681165,16.712378736057588,True
4-9-18_Schnable_49-337-JS122-179_2018-04-11_02-12-35_9974400,4,27.1831,21.535686523640805,157.02,153.94702699912398,0.508778936695379,222.0,0.07375029268967222,False,-5.647413476359194,-3.0729730008760328,5.647413476359194,3.0729730008760328,True
4-9-18_Schnable_49-337-JS122-179_2018-04-11_02-12-35_9974400,5,13.9445,15.754119673245185,116.247,-16.372984715916715,0.36197846644967646,165.0,0.1401294596106823,False,1.8096196732451855,-132.6199847159167,1.8096196732451855,132.6199847159167,True
4-9-18_Schnable_49-337-JS122-179_2018-04-11_02-12-35_9974400,6,20.0441,18.943075163391768,8.35618,137.33902899926886,0.3062008058558686,142.0,0.1401294596106823,False,-1.1010248366082322,128.98284899926887,1.1010248366082322,128.98284899926887,True
4-9-18_Schnable_49-338-JS181-271_2018-04-11_02-14-49_9974500,0,38.1315,55.80179566630324,102.568,159.27301663540777,0.29033246462962076,134.0,-0.1323617811636977,False,17.67029566630324,56.70501663540779,17.67029566630324,56.70501663540779,True
4-9-18_Schnable_49-338-JS181-271_2018-04-11_02-14-49_9974500,1,31.455,16.759847427670067,-39.008,-9.36048570367015,0.33897361376089824,157.0,-0.11123941823493765,False,-14.695152572329931,29.64751429632986,14.695152572329931,29.64751429632986,True
4-9-18_Schnable_49-338-JS181-271_2018-04-11_02-14-49_9974500,2,39.9441,62.132092187482485,117.863,158.46163264501348,0.17958762307172269,76.0,-0.10031180342875769,False,22.187992187482486,40.59863264501348,22.187992187482486,40.59863264501348,True
4-9-18_Schnable_49-338-JS181-271_2018-04-11_02-14-49_9974500,3,21.8024,52.99601621517535,-13.157,167.7775034300306,0.468992961026257,206.0,-0.024731314925523485,False,31.193616215175354,-179.06549656996935,31.193616215175354,179.06549656996935,True
4-9-18_Schnable_49-338-JS181-271_2018-04-11_02-14-49_9974500,4,33.4782,16.499835870768152,126.878,-69.86625760746034,0.4097703013579445,189.0,0.05768306576210048,False,-16.97836412923185,163.25574239253967,16.97836412923185,163.25574239253967,True
4-9-18_Schnable_49-338-JS181-271_2018-04-11_02-14-49_9974500,5,25.29,58.27345669215768,-61.8198,-163.74911289073953,0.41233328952387904,185.0,0.05768306576210048,False,32.98345669215768,-101.92931289073952,32.98345669215768,101.92931289073952,True
4-9-18_Schnable_49-338-JS181-271_2018-04-11_02-14-49_9974500,6,49.0157,85.92735630357524,159.411,134.15194608067122,0.011832159566199202,1.0,0.22661563394544382,False,36.911656303575235,-25.259053919328778,36.911656303575235,25.259053919328778,False
4-9-18_Schnable_49-339-JS22-37_2018-04-11_02-17-02_9974600,0,12.8906,17.59782606640465,26.9495,22.37622296836662,0.253454371386368,97.0,-0.06102712335786916,False,4.707226066404651,-4.573277031633381,4.707226066404651,4.573277031633381,True
4-9-18_Schnable_49-339-JS22-37_2018-04-11_02-17-02_9974600,1,35.6325,39.67139515369717,115.916,123.88828274603964,0.2719605910206927,105.0,0.023046065813891396,False,4.038895153697169,7.972282746039639,4.038895153697169,7.972282746039639,True
4-9-18_Schnable_49-339-JS22-37_2018-04-11_02-17-02_9974600,2,38.1867,39.87738283330952,-37.7665,-31.27993756357779,0.1729776954346706,79.0,0.029070461562683718,False,1.6906828333095163,6.4865624364222185,1.6906828333095163,6.4865624364222185,True
4-9-18_Schnable_49-339-JS22-37_2018-04-11_02-17-02_9974600,3,11.2236,15.345106836481023,-31.7829,-28.937279230811782,0.2281747791471441,101.0,0.08097234451199786,False,4.121506836481023,2.84562076918823,4.121506836481023,2.84562076918823,True
4-9-18_Schnable_49-339-JS22-37_2018-04-11_02-17-02_9974600,4,26.8242,26.76190762423655,179.01,179.11916087491795,0.15295737856335012,66.0,0.08097234451199786,False,-0.0622923757634517,0.10916087491796134,0.0622923757634517,0.10916087491796134,True
4-9-18_Schnable_49-341-JS117-172_2018-04-11_02-21-30_9974800,0,21.3794,27.14266685034591,105.18,106.32246193657625,0.1402654602564289,61.0,-0.12011824806643316,False,5.763266850345911,1.1424619365762396,5.763266850345911,1.1424619365762396,True
4-9-18_Schnable_49-341-JS117-172_2018-04-11_02-21-30_9974800,1,15.7075,21.246715716739317,165.07,-165.9343627760229,0.22914168394750678,104.0,-0.07795422592993605,False,5.539215716739317,28.9956372239771,5.539215716739317,28.9956372239771,True
4-9-18_Schnable_49-341-JS117-172_2018-04-11_02-21-30_9974800,2,11.4416,20.725937402898992,36.8694,34.642893278519125,0.2643590221963677,125.0,-0.0500621056871487,False,9.284337402898993,-2.2265067214808596,9.284337402898993,2.2265067214808596,True
4-9-18_Schnable_49-341-JS117-172_2018-04-11_02-21-30_9974800,3,11.9669,18.326069702626043,177.177,-169.85938903749775,0.2653294757046254,121.0,0.01398970315703442,False,6.359169702626042,12.96361096250223,6.359169702626042,12.96361096250223,True
4-9-18_Schnable_49-341-JS117-172_2018-04-11_02-21-30_9974800,4,22.5581,22.786864861590928,29.9471,42.301314160420134,0.36993148488866395,173.0,0.0518218580680133,False,0.22876486159092835,12.354214160420128,0.22876486159092835,12.354214160420128,True
4-9-18_Schnable_49-341-JS117-172_2018-04-11_02-21-30_9974800,5,24.1885,23.3290849993013,-162.583,-157.49935807189013,0.416137764485765,181.0,0.12409478735498271,False,-0.8594150006987,5.08364192810987,0.8594150006987,5.08364192810987,True
4-9-18_Schnable_49-341-JS117-172_2018-04-11_02-21-30_9974800,6,32.2138,17.866052723559747,19.1019,-153.78268674338383,0.18129967054172,83.0,0.15187954465123968,False,-14.347747276440252,-172.88458674338384,14.347747276440252,172.88458674338384,True
4-9-18_Schnable_49-341-JS117-172_2018-04-11_02-21-30_9974800,7,15.8305,23.422973737706897,174.798,19.78596995906372,0.3453122867921329,166.0,0.15187954465123968,False,7.5924737377068965,-155.01203004093628,7.5924737377068965,155.01203004093628,True
4-9-18_Schnable_49-342-JS249-400_2018-04-11_02-23-44_9974900,0,31.062,32.61805112775751,-2.04646,-25.92839210696644,0.330278428244575,142.0,-0.08072741814179195,False,1.5560511277575095,-23.881932106966445,1.5560511277575095,23.881932106966445,True
4-9-18_Schnable_49-342-JS249-400_2018-04-11_02-23-44_9974900,1,24.3494,30.078257735301882,49.3314,148.2884812485044,0.38759054278501043,170.0,-0.059103337646653056,False,5.728857735301883,98.95708124850444,5.728857735301883,98.95708124850444,True
4-9-18_Schnable_49-342-JS249-400_2018-04-11_02-23-44_9974900,2,28.0356,55.43300506641916,170.512,138.5420505339858,0.0306426074811489,6.0,-0.03842306942925811,False,27.397405066419164,-31.969949466014214,27.397405066419164,31.969949466014214,False
4-9-18_Schnable_49-342-JS249-400_2018-04-11_02-23-44_9974900,3,41.2395,41.998185998486484,171.441,-19.0427783361159,0.013140123014062014,4.0,-0.03842306942925811,False,0.7586859984864844,169.5162216638841,0.7586859984864844,169.5162216638841,False
4-9-18_Schnable_49-342-JS249-400_2018-04-11_02-23-44_9974900,4,48.6954,26.61470236026559,14.9992,146.7788103431992,0.3902730638708998,185.0,-0.00461103038089733,False,-22.08069763973441,131.77961034319924,22.08069763973441,131.77961034319924,True
4-9-18_Schnable_49-342-JS249-400_2018-04-11_02-23-44_9974900,5,32.6217,36.266107172023695,79.1462,-10.756112627703317,0.3996618662488738,174.0,-0.0004217665147938191,False,3.6444071720236977,-89.90231262770331,3.6444071720236977,89.90231262770331,True
4-9-18_Schnable_49-342-JS249-400_2018-04-11_02-23-44_9974900,6,35.7877,33.79063870145626,-8.1651,45.00849273589347,0.1761514803383095,77.0,0.003383702753944348,False,-1.9970612985437413,53.173592735893465,1.9970612985437413,53.173592735893465,True
4-9-18_Schnable_49-342-JS249-400_2018-04-11_02-23-44_9974900,7,58.866,29.849543496078354,-146.925,-33.82233600141541,0.44506404355221824,204.0,0.09975637188055424,False,-29.016456503921646,113.1026639985846,29.016456503921646,113.1026639985846,True
4-9-18_Schnable_49-342-JS249-400_2018-04-11_02-23-44_9974900,8,13.8404,23.00064929876885,164.189,170.17133433165372,0.4023239260173652,172.0,0.16145034876763698,False,9.160249298768848,5.982334331653732,9.160249298768848,5.982334331653732,True
4-9-18_Schnable_49-342-JS249-400_2018-04-11_02-23-44_9974900,9,33.382,28.804540386265302,-19.3895,-49.499677401724455,0.3690446801562082,158.0,0.16343063463193447,False,-4.577459613734696,-30.110177401724457,4.577459613734696,30.110177401724457,True
4-9-18_Schnable_49-343-JS125-184_2018-04-11_02-25-57_9975000,0,39.7313,62.991279414382745,106.505,123.22770383500165,0.08194927577755212,34.0,-0.0394598928299153,False,23.259979414382748,16.722703835001653,23.259979414382748,16.722703835001653,True
4-9-18_Schnable_49-343-JS125-184_2018-04-11_02-25-57_9975000,1,34.9955,34.79790969239975,-42.1277,-36.37307438250477,0.32179482984776075,135.0,-0.03406978403708055,False,-0.19759030760025098,5.754625617495236,0.19759030760025098,5.754625617495236,True
4-9-18_Schnable_49-343-JS125-184_2018-04-11_02-25-57_9975000,2,22.9416,25.130224400339458,-46.9911,-47.060119135670874,0.24198667468053614,103.0,-0.01029182019293118,False,2.1886244003394566,-0.06901913567088513,2.1886244003394566,0.06901913567088513,True
4-9-18_Schnable_49-343-JS125-184_2018-04-11_02-25-57_9975000,3,32.1863,25.92382997683127,140.022,-21.940321852474085,0.30785649269350046,141.0,0.12460621391079368,False,-6.262470023168731,-161.96232185247408,6.262470023168731,161.96232185247408,True
4-9-18_Schnable_49-343-JS125-184_2018-04-11_02-25-57_9975000,4,21.4024,26.354816917320235,-11.4346,141.23880745727251,0.404868469526445,169.0,0.12460621391079368,False,4.952416917320235,152.6734074572725,4.952416917320235,152.6734074572725,True
4-9-18_Schnable_49-344-JS148-215_2018-04-11_02-28-10_9975100,0,20.1218,24.314634959365605,-154.754,-148.22226555052117,0.2526613449906259,115.0,-0.030598000623424295,False,4.192834959365605,6.531734449478819,4.192834959365605,6.531734449478819,True
4-9-18_Schnable_49-344-JS148-215_2018-04-11_02-28-10_9975100,1,14.4081,21.784892956726054,-148.905,-153.41908346483132,0.37579899367933073,162.0,0.02290705418926657,False,7.376792956726055,-4.514083464831316,7.376792956726055,4.514083464831316,True
4-9-18_Schnable_49-344-JS148-215_2018-04-11_02-28-10_9975100,2,22.822,29.493689270664547,48.8544,39.315199578353884,0.23789549107088268,100.0,0.02536061821271743,False,6.671689270664547,-9.539200421646115,6.671689270664547,9.539200421646115,True
4-9-18_Schnable_49-344-JS148-215_2018-04-11_02-28-10_9975100,3,15.9036,13.814016262771489,171.699,-147.65552208322958,0.25976060510786814,129.0,0.08936200736015612,False,-2.089583737228512,40.6454779167704,2.089583737228512,40.6454779167704,True
4-9-18_Schnable_49-344-JS148-215_2018-04-11_02-28-10_9975100,4,13.8968,15.19388484319039,174.917,-173.8753312016669,0.25719965445041487,129.0,0.1447045723579637,False,1.2970848431903885,11.207668798333088,1.2970848431903885,11.207668798333088,True
4-9-18_Schnable_49-344-JS148-215_2018-04-11_02-28-10_9975100,5,25.8324,23.627871211104292,67.3607,67.53609051739534,0.28571671106370966,123.0,0.1447045723579637,False,-2.2045287888957077,0.17539051739532852,2.2045287888957077,0.17539051739532852,True
4-9-18_Schnable_49-345-JS253-406_2018-04-11_02-30-24_9975200,0,27.553,24.01833023269006,-50.1926,-113.81426440789892,0.2632749651557474,116.0,-0.25320086988057217,True,-3.534669767309939,-63.62166440789892,3.534669767309939,63.62166440789892,True
4-9-18_Schnable_49-345-JS253-406_2018-04-11_02-30-24_9975200,1,31.1362,45.94427569907954,133.0,41.97978377366408,0.32616401275474555,145.0,-0.22749845012530795,True,14.808075699079541,-91.02021622633592,14.808075699079541,91.02021622633592,True
4-9-18_Schnable_49-345-JS253-406_2018-04-11_02-30-24_9975200,2,33.1067,26.422969838137845,-32.8816,-81.93751570464747,0.26836997119181705,153.0,-0.19096378368475672,True,-6.683730161862151,-49.055915704647475,6.683730161862151,49.055915704647475,True
4-9-18_Schnable_49-345-JS253-406_2018-04-11_02-30-24_9975200,3,30.6866,49.2480579712126,119.187,35.14441977260856,0.1644089958438604,67.0,-0.15984524058684899,True,18.561457971212604,-84.04258022739144,18.561457971212604,84.04258022739144,True
4-9-18_Schnable_49-345-JS253-406_2018-04-11_02-30-24_9975200,4,16.5966,14.68168939997554,-35.9368,-71.81530998072208,0.4095112706660959,187.0,-0.09286024724037342,True,-1.9149106000244593,-35.87850998072207,1.9149106000244593,35.87850998072207,True
4-9-18_Schnable_49-345-JS253-406_2018-04-11_02-30-24_9975200,5,33.2681,34.60617700516481,157.301,51.173133016509695,0.4965147314954315,207.0,0.0026261577429476106,True,1.3380770051648128,-106.12786698349029,1.3380770051648128,106.12786698349029,True
4-9-18_Schnable_49-345-JS253-406_2018-04-11_02-30-24_9975200,6,17.9887,91.6024174062825,-70.2214,-177.962009221259,0.061603115926248446,16.0,0.30705625903442213,True,73.61371740628249,-107.74060922125899,73.61371740628249,107.74060922125899,False
4-9-18_Schnable_49-346-JS225-357_2018-04-11_02-32-39_9975300,0,20.7699,24.661407791268104,-175.007,177.74739459755585,0.25556118241960185,120.0,-0.078430782225091,False,3.891507791268104,-7.245605402444198,3.891507791268104,7.245605402444198,True
4-9-18_Schnable_49-346-JS225-357_2018-04-11_02-32-39_9975300,1,26.3441,32.70758918073376,0.413451,-4.281117653601854,0.3180014959020079,140.0,-0.049379757527288674,False,6.363489180733762,-4.694568653601863,6.363489180733762,4.694568653601863,True
4-9-18_Schnable_49-346-JS225-357_2018-04-11_02-32-39_9975300,2,18.9638,24.48002999967595,-161.666,-172.55581610121234,0.36274162617527556,155.0,0.012127657936395997,False,5.51622999967595,-10.889816101212347,5.51622999967595,10.889816101212347,True
4-9-18_Schnable_49-346-JS225-357_2018-04-11_02-32-39_9975300,3,25.4681,27.397435385655292,6.8122,-3.883744668162109,0.4520666590850321,200.0,0.03762966483961694,False,1.9293353856552926,-10.695944668162099,1.9293353856552926,10.695944668162099,True
4-9-18_Schnable_49-346-JS225-357_2018-04-11_02-32-39_9975300,4,25.7757,20.275093519419386,-14.8167,-22.401550425016097,0.40117520118652206,192.0,0.13451582718559266,False,-5.500606480580615,-7.5848504250161,5.500606480580615,7.5848504250161,True
4-9-18_Schnable_49-346-JS225-357_2018-04-11_02-32-39_9975300,5,32.5396,33.38025078774714,174.001,173.33645482006625,0.42681086700523607,181.0,0.13451582718559266,False,0.840650787747137,-0.6645451799337536,0.840650787747137,0.6645451799337536,True
4-9-18_Schnable_49-347-js254-408_2018-04-11_02-34-52_9975400,0,11.4355,18.553787866282008,145.615,139.45789684996214,0.18470799276833033,83.0,-0.11833649438477178,False,7.118287866282008,-6.1571031500378695,7.118287866282008,6.1571031500378695,True
4-9-18_Schnable_49-347-js254-408_2018-04-11_02-34-52_9975400,1,18.3329,22.87960036500364,43.1939,34.09728432620659,0.2420211699562103,121.0,-0.08124959386363251,False,4.546700365003641,-9.096615673793394,4.546700365003641,9.096615673793394,True
4-9-18_Schnable_49-347-js254-408_2018-04-11_02-34-52_9975400,2,18.2243,31.14834416251899,69.6787,73.10810050504591,0.11025430733640623,54.0,-0.06308062925516816,False,12.924044162518989,3.429400505045919,12.924044162518989,3.429400505045919,True
4-9-18_Schnable_49-347-js254-408_2018-04-11_02-34-52_9975400,3,16.3401,19.50912770985623,-176.935,-174.49157686585042,0.22760330210369545,98.0,0.010820316168595998,False,3.1690277098562305,2.443423134149583,3.1690277098562305,2.443423134149583,True
4-9-18_Schnable_49-347-js254-408_2018-04-11_02-34-52_9975400,4,29.6435,27.28846770416005,5.62963,0.22795225244641415,0.278339407958227,134.0,0.03059949144077458,False,-2.355032295839951,-5.4016777475535775,2.355032295839951,5.4016777475535775,True
4-9-18_Schnable_49-347-js254-408_2018-04-11_02-34-52_9975400,5,8.29309,14.888433453002051,-126.395,15.678608163948468,0.24859760320841154,124.0,0.03059949144077458,False,6.595343453002052,142.07360816394845,6.595343453002052,142.07360816394845,True
4-9-18_Schnable_49-347-js254-408_2018-04-11_02-34-52_9975400,6,12.4286,16.38542562580811,-167.672,-160.69604700139982,0.20696953997101628,91.0,0.044690882547383445,False,3.9568256258081114,6.975952998600178,3.9568256258081114,6.975952998600178,True
4-9-18_Schnable_49-347-js254-408_2018-04-11_02-34-52_9975400,7,27.8741,20.707596364125124,-28.6828,-13.24599230497634,0.4522363131782851,219.0,0.08901928401972528,False,-7.166503635874875,15.436807695023674,7.166503635874875,15.436807695023674,True
4-9-18_Schnable_49-347-js254-408_2018-04-11_02-34-52_9975400,8,13.9606,16.604113991534106,-43.7284,-69.29800052223834,0.4287203369717214,196.0,0.18116624427257003,False,2.643513991534107,-25.569600522238346,2.643513991534107,25.569600522238346,True
4-9-18_Schnable_49-347-js254-408_2018-04-11_02-34-52_9975400,9,24.5817,24.60500515824954,-142.575,-154.50993961134117,0.4290050493082806,179.0,0.18116624427257003,False,0.023305158249538493,-11.934939611341179,0.023305158249538493,11.934939611341179,True
4-9-18_Schnable_49-348-js166-238_2018-04-11_02-37-05_9975500,0,34.2693,44.19700011090081,25.5852,27.163583962861026,0.10111415544382625,42.0,-0.07554893256140068,False,9.927700110900808,1.5783839628610394,9.927700110900808,1.5783839628610394,True
4-9-18_Schnable_49-348-js166-238_2018-04-11_02-37-05_9975500,1,30.6412,37.8714776695941,-158.793,-168.4243172376695,0.14935047582534966,62.0,-0.05916915950692582,False,7.2302776695940985,-9.631317237669492,7.2302776695940985,9.631317237669492,True
4-9-18_Schnable_49-348-js166-238_2018-04-11_02-37-05_9975500,2,38.6294,35.889498767209275,35.0207,19.792010545070866,0.3195858967942911,137.0,-0.019706358197568614,False,-2.7399012327907215,-15.228689454929139,2.7399012327907215,15.228689454929139,True
4-9-18_Schnable_49-348-js166-238_2018-04-11_02-37-05_9975500,3,33.6222,34.01859675406063,-163.246,-163.1364986265346,0.3740485904470034,160.0,0.02287912701625414,False,0.3963967540606319,0.109501373465406,0.3963967540606319,0.109501373465406,True
4-9-18_Schnable_49-348-js166-238_2018-04-11_02-37-05_9975500,4,28.6259,33.3956050258034,28.8851,30.775712104469562,0.4785254277847601,209.0,0.08226303497358148,False,4.769705025803397,1.890612104469568,4.769705025803397,1.890612104469568,True
4-9-18_Schnable_49-348-js166-238_2018-04-11_02-37-05_9975500,5,27.1996,25.483251709769334,-146.513,-156.2651751562212,0.40605453909845934,198.0,0.13941223583603798,False,-1.7163482902306662,-9.752175156221199,1.7163482902306662,9.752175156221199,True
4-9-18_Schnable_49-348-js166-238_2018-04-11_02-37-05_9975500,6,44.6646,34.53142587824167,39.7906,22.82979673786565,0.2764648414364432,126.0,0.13941223583603798,False,-10.13317412175833,-16.960803262134334,10.13317412175833,16.960803262134334,True
4-9-18_Schnable_49-349-js207-323_2018-04-11_02-39-19_9975600,0,15.5254,16.266260705603074,-119.661,-126.85843838593237,0.26504978436476495,137.0,-0.2038096603248884,False,0.7408607056030743,-7.197438385932372,0.7408607056030743,7.197438385932372,True
4-9-18_Schnable_49-349-js207-323_2018-04-11_02-39-19_9975600,1,35.8451,34.12800575097794,5.4046,1.5735056296641687,0.31878916111394756,130.0,-0.15355067187390645,False,-1.717094249022061,-3.831094370335819,1.717094249022061,3.831094370335819,True
4-9-18_Schnable_49-349-js207-323_2018-04-11_02-39-19_9975600,2,18.8843,14.325195590873932,-137.7,-144.71251267271197,0.37764842541182636,211.0,-0.0817578938658262,False,-4.559104409126068,-7.012512672711978,4.559104409126068,7.012512672711978,True
4-9-18_Schnable_49-349-js207-323_2018-04-11_02-39-19_9975600,3,17.9504,14.09678170966346,115.13,75.66267620284691,0.485733028760384,221.0,0.07342932885287094,False,-3.853618290336538,-39.467323797153085,3.853618290336538,39.467323797153085,True
4-9-18_Schnable_49-349-js207-323_2018-04-11_02-39-19_9975600,4,49.8825,49.589308944771425,-0.369423,6.024803048065337,0.30616073280056894,128.0,0.07342932885287094,False,-0.2931910552285757,6.394226048065349,0.2931910552285757,6.394226048065349,True
4-9-18_Schnable_49-349-js207-323_2018-04-11_02-39-19_9975600,5,51.5801,46.67498011487976,167.261,157.7470178875539,0.13985321142276902,65.0,0.25412657263409044,False,-4.905119885120243,-9.513982112446087,4.905119885120243,9.513982112446087,True
4-9-18_Schnable_49-349-js207-323_2018-04-11_02-39-19_9975600,6,37.9569,39.750851742446585,74.1367,77.81060037821885,0.19330203044013838,85.0,0.25412657263409044,False,1.7939517424465876,3.673900378218832,1.7939517424465876,3.673900378218832,True
4-9-18_Schnable_49-351-js139-201_2018-04-11_02-43-45_9975800,0,29.337,34.64144554606939,-146.892,-147.02820911773068,0.28748671905147777,116.0,-0.09462493732140984,False,5.304445546069392,-0.13620911773068656,5.304445546069392,0.13620911773068656,True
4-9-18_Schnable_49-351-js139-201_2018-04-11_02-43-45_9975800,1,26.8107,33.15180736229873,5.82377,-0.9071779958348429,0.3494988792144014,150.0,-0.0771719975572599,False,6.341107362298732,-6.730947995834839,6.341107362298732,6.730947995834839,True
4-9-18_Schnable_49-351-js139-201_2018-04-11_02-43-45_9975800,2,38.9609,38.88863281486782,-0.552053,-1.0407218407304129,0.19419565114974152,85.0,-0.04598759716520853,False,-0.07226718513218344,-0.48866884073041206,0.07226718513218344,0.48866884073041206,True
4-9-18_Schnable_49-351-js139-201_2018-04-11_02-43-45_9975800,3,19.9273,32.07875886827381,-164.785,159.44795457959754,0.28402874017379637,124.0,-0.03112002731552092,False,12.15145886827381,-35.767045420402496,12.15145886827381,35.767045420402496,True
4-9-18_Schnable_49-351-js139-201_2018-04-11_02-43-45_9975800,4,28.5342,40.43761720709233,31.9995,50.844950789105724,0.1060942152664575,55.0,-0.013937056363709987,False,11.903417207092332,18.845450789105712,11.903417207092332,18.845450789105712,True
4-9-18_Schnable_49-351-js139-201_2018-04-11_02-43-45_9975800,5,33.9393,37.58858512374403,34.0502,22.03226756882009,0.19234356139713288,94.0,0.057272696605784636,False,3.649285123744029,-12.0179324311799,3.649285123744029,12.0179324311799,True
4-9-18_Schnable_49-351-js139-201_2018-04-11_02-43-45_9975800,6,25.3274,20.313591532655266,13.8316,-6.512199790389332,0.3559254422325182,160.0,0.13691580085144903,False,-5.0138084673447345,-20.34379979038934,5.0138084673447345,20.34379979038934,True
4-9-18_Schnable_49-351-js139-201_2018-04-11_02-43-45_9975800,7,25.5331,30.252687657317708,162.747,173.92895510662038,0.3423043355185931,138.0,0.1505860603142714,False,4.719587657317707,11.181955106620364,4.719587657317707,11.181955106620364,True
4-9-18_Schnable_49-351-js139-201_2018-04-11_02-43-45_9975800,8,4.76991,10.67559901185139,-167.468,-134.5269885626108,0.22525280320223914,98.0,0.15576673452849382,False,5.905689011851389,32.94101143738919,5.905689011851389,32.94101143738919,True
4-9-18_Schnable_49-351-js139-201_2018-04-11_02-43-45_9975800,9,42.1784,43.724031766296626,48.6739,42.18226992995693,0.14378121711984249,72.0,0.15576673452849382,False,1.5456317662966228,-6.4916300700430725,1.5456317662966228,6.4916300700430725,True
4-9-18_Schnable_49-352-js184-274_2018-04-11_02-45-58_9975900,0,23.6589,26.927157252898837,14.4415,16.43436525844902,0.33018610189199177,158.0,-0.06620571977905791,False,3.268257252898838,1.9928652584490294,3.268257252898838,1.9928652584490294,True
4-9-18_Schnable_49-352-js184-274_2018-04-11_02-45-58_9975900,1,22.0567,29.050298713086484,-146.931,-150.3710125119594,0.34819809620307135,154.0,-0.05999798884680438,False,6.9935987130864845,-3.440012511959395,6.9935987130864845,3.440012511959395,True
4-9-18_Schnable_49-352-js184-274_2018-04-11_02-45-58_9975900,2,22.1359,29.800072743676196,-12.6581,-1.219366886319392,0.3677745416006553,157.0,-0.028243007044585322,False,7.664172743676197,11.438733113680598,7.664172743676197,11.438733113680598,True
4-9-18_Schnable_49-352-js184-274_2018-04-11_02-45-58_9975900,3,25.0671,27.177791978676872,-178.675,-160.5715221880407,0.4279112926490647,189.0,0.012238214418691815,False,2.110691978676872,18.103477811959323,2.110691978676872,18.103477811959323,True
4-9-18_Schnable_49-352-js184-274_2018-04-11_02-45-58_9975900,4,21.3826,24.117238519319756,16.5208,2.7186681400053203,0.528899670758612,250.0,0.04388475805070129,False,2.7346385193197555,-13.802131859994688,2.7346385193197555,13.802131859994688,True
4-9-18_Schnable_49-352-js184-274_2018-04-11_02-45-58_9975900,5,19.926,21.06611400253361,-169.394,176.311979654144,0.33446662079430983,153.0,0.16871823369214342,False,1.1401140025336112,-14.294020345855984,1.1401140025336112,14.294020345855984,True
4-9-18_Schnable_49-352-js184-274_2018-04-11_02-45-58_9975900,6,25.4765,21.18911835651322,44.0189,48.04764968798304,0.2884684128764406,131.0,0.16871823369214342,False,-4.287381643486782,4.028749687983037,4.287381643486782,4.028749687983037,True
4-9-18_Schnable_49-353-js46-75_2018-04-11_02-48-12_9976000,0,45.2492,48.70617414448961,-23.601,-21.743924959188604,0.21390232786238195,94.0,-0.11044641216907833,False,3.4569741444896067,1.8570750408113952,3.4569741444896067,1.8570750408113952,True
4-9-18_Schnable_49-353-js46-75_2018-04-11_02-48-12_9976000,1,54.038,45.924244135375005,-170.401,-121.45346601902459,0.03345259325556192,15.0,-0.08271524426596402,False,-8.113755864624991,48.947533980975436,8.113755864624991,48.947533980975436,False
4-9-18_Schnable_49-353-js46-75_2018-04-11_02-48-12_9976000,2,26.2066,37.451779229846345,-20.5885,-9.961873525617392,0.30975746259372783,140.0,-0.05542826705385342,False,11.245179229846343,10.626626474382618,11.245179229846343,10.626626474382618,True
4-9-18_Schnable_49-353-js46-75_2018-04-11_02-48-12_9976000,3,43.6911,34.72162092039968,-175.323,-178.27570113083843,0.3743606317318194,163.0,-0.016494397105180972,False,-8.969479079600319,-2.9527011308384203,8.969479079600319,2.9527011308384203,True
4-9-18_Schnable_49-353-js46-75_2018-04-11_02-48-12_9976000,4,29.731,37.37941038897359,-42.4123,-11.04357239550464,0.40623728235747386,185.0,0.048284701208259034,False,7.648410388973588,31.368727604495348,7.648410388973588,31.368727604495348,True
4-9-18_Schnable_49-353-js46-75_2018-04-11_02-48-12_9976000,5,25.0489,28.661671567387614,-177.437,-2.952684116090012,0.35827207377940495,142.0,0.15705956768221596,False,3.6127715673876146,174.48431588390997,3.6127715673876146,174.48431588390997,True
4-9-18_Schnable_49-353-js46-75_2018-04-11_02-48-12_9976000,6,37.8669,29.283435430543307,-25.1946,-176.03555851568726,0.28704694491701294,134.0,0.15705956768221596,False,-8.583464569456694,-150.84095851568725,8.583464569456694,150.84095851568725,True
4-9-18_Schnable_49-354-js200-312_2018-04-11_02-50-25_9976100,0,23.8574,25.836791215326855,30.8323,48.733956030195486,0.23171443784398738,105.0,-0.09196679611617138,False,1.9793912153268565,17.901656030195483,1.9793912153268565,17.901656030195483,True
4-9-18_Schnable_49-354-js200-312_2018-04-11_02-50-25_9976100,1,21.295,25.036671812622643,173.354,-177.033364749407,0.3003239601192807,145.0,-0.07407345875048348,False,3.7416718126226414,9.612635250592973,3.7416718126226414,9.612635250592973,True
4-9-18_Schnable_49-354-js200-312_2018-04-11_02-50-25_9976100,2,16.6948,23.506543585979173,12.6143,16.012556534605835,0.3179730405224163,145.0,-0.04782279954379741,False,6.811743585979173,3.398256534605821,6.811743585979173,3.398256534605821,True
4-9-18_Schnable_49-354-js200-312_2018-04-11_02-50-25_9976100,3,13.0533,20.88432382156762,-161.482,-176.7716690763512,0.37416663001155354,171.0,0.005864355536504227,False,7.831023821567619,-15.289669076351203,7.831023821567619,15.289669076351203,True
4-9-18_Schnable_49-354-js200-312_2018-04-11_02-50-25_9976100,4,23.9411,26.239995241986946,-6.80471,-3.9374670217970333,0.4187760504796198,192.0,0.05218980720648731,False,2.2988952419869477,2.8672429782029667,2.2988952419869477,2.8672429782029667,True
4-9-18_Schnable_49-354-js200-312_2018-04-11_02-50-25_9976100,5,17.9278,25.334076299405865,124.08,126.05797683618312,0.14041813983984977,69.0,0.09799444472124547,False,7.406276299405864,1.9779768361831316,7.406276299405864,1.9779768361831316,True
4-9-18_Schnable_49-354-js200-312_2018-04-11_02-50-25_9976100,6,17.6141,23.756786235294342,-130.112,-124.71019129831247,0.13084726325604762,65.0,0.10022190969862485,False,6.142686235294342,5.401808701687514,6.142686235294342,5.401808701687514,True
4-9-18_Schnable_49-354-js200-312_2018-04-11_02-50-25_9976100,7,19.2614,26.284285773082402,-169.881,-17.193666467084142,0.45844393685540163,217.0,0.17642750516325456,False,7.022885773082404,152.6873335329159,7.022885773082404,152.6873335329159,True
4-9-18_Schnable_49-354-js200-312_2018-04-11_02-50-25_9976100,8,34.8932,34.63102381068012,-3.7267,174.64918764492927,0.42752712326484843,208.0,0.17642750516325456,False,-0.26217618931988085,178.37588764492926,0.26217618931988085,178.37588764492926,True
4-9-18_Schnable_49-355-js10-2-19_2018-04-11_02-52-38_9976200,0,30.6415,37.44967201654951,-59.3517,-57.30737865541887,0.2064793225477541,87.0,-0.12185838523470806,False,6.808172016549513,2.0443213445811352,6.808172016549513,2.0443213445811352,True
4-9-18_Schnable_49-355-js10-2-19_2018-04-11_02-52-38_9976200,1,26.9322,33.096948000441245,160.647,168.79309915573037,0.322481890104052,138.0,-0.11407792908265545,False,6.164748000441243,8.146099155730383,6.164748000441243,8.146099155730383,True
4-9-18_Schnable_49-355-js10-2-19_2018-04-11_02-52-38_9976200,2,26.4458,31.406169219460814,-31.6336,-34.8544022709398,0.3395032524383407,151.0,-0.06982410923686899,False,4.960369219460816,-3.2208022709397994,4.960369219460816,3.2208022709397994,True
4-9-18_Schnable_49-355-js10-2-19_2018-04-11_02-52-38_9976200,3,31.9886,34.780038660599246,158.227,156.11754912962266,0.42169821077648584,184.0,-0.034189870278748855,False,2.791438660599244,-2.1094508703773442,2.791438660599244,2.1094508703773442,True
4-9-18_Schnable_49-355-js10-2-19_2018-04-11_02-52-38_9976200,4,27.0587,33.057257495451424,-13.9149,-20.16663869129468,0.3909301805123897,165.0,0.009951901697259015,False,5.998557495451422,-6.25173869129469,5.998557495451422,6.25173869129469,True
4-9-18_Schnable_49-355-js10-2-19_2018-04-11_02-52-38_9976200,5,36.6324,30.496077345973433,154.446,147.78287836828758,0.40087959902376785,173.0,0.04986014471007797,False,-6.136322654026564,-6.663121631712414,6.136322654026564,6.663121631712414,True
4-9-18_Schnable_49-355-js10-2-19_2018-04-11_02-52-38_9976200,6,16.7519,23.592602512219926,-146.862,147.46069801037913,0.48534830407905744,208.0,0.11389409126750481,False,6.840702512219927,-65.6773019896209,6.840702512219927,65.6773019896209,True
4-9-18_Schnable_49-355-js10-2-19_2018-04-11_02-52-38_9976200,7,48.7515,20.996299302250264,-19.8779,9.917617569314473,0.23365187145322777,100.0,0.16105616796116265,False,-27.755200697749736,29.795517569314484,27.755200697749736,29.795517569314484,True
4-9-18_Schnable_49-355-js10-2-19_2018-04-11_02-52-38_9976200,8,17.125,39.31164606123396,44.2085,-21.47752580769935,0.39415414100562035,152.0,0.16105616796116265,False,22.186646061233958,-65.68602580769935,22.186646061233958,65.68602580769935,True
4-9-18_Schnable_49-356-js257-415_2018-04-11_02-54-51_9976300,0,30.242,33.21486631419859,175.254,179.18560019752408,0.2656998818262595,99.0,-0.05800318477077976,False,2.972866314198587,3.931600197524091,2.972866314198587,3.931600197524091,True
4-9-18_Schnable_49-356-js257-415_2018-04-11_02-54-51_9976300,1,27.2316,30.17908381255654,-163.106,-166.01674766859324,0.23077751645999592,88.0,-0.035714255503045064,False,2.9474838125565412,-2.9107476685932454,2.9474838125565412,2.9107476685932454,True
4-9-18_Schnable_49-356-js257-415_2018-04-11_02-54-51_9976300,2,32.0867,35.53921973351975,-10.3477,-6.539424023429234,0.26738043116486065,112.0,0.030491153738650845,False,3.4525197335197504,3.808275976570769,3.4525197335197504,3.808275976570769,True
4-9-18_Schnable_49-356-js257-415_2018-04-11_02-54-51_9976300,3,17.5476,17.588632149852856,-30.011,-3.2086013128197237,0.22042536606195134,97.0,0.030491153738650845,False,0.04103214985285675,26.802398687180272,0.04103214985285675,26.802398687180272,True
4-9-18_Schnable_49-356-js257-415_2018-04-11_02-54-51_9976300,4,29.6101,30.119057371444335,-169.951,-171.98552080212477,0.3053702886315706,117.0,0.04296287311639344,False,0.5089573714443354,-2.0345208021247743,0.5089573714443354,2.0345208021247743,True
4-9-18_Schnable_49-356-js257-415_2018-04-11_02-54-51_9976300,5,32.6368,23.712159464393523,-25.8533,-172.64215684849543,0.2696483946962844,111.0,0.1183191784854771,False,-8.924640535606478,-146.78885684849544,8.924640535606478,146.78885684849544,True
4-9-18_Schnable_49-356-js257-415_2018-04-11_02-54-51_9976300,6,28.4431,25.043270724242603,-167.807,-27.18067484881277,0.38899547182946104,159.0,0.1183191784854771,False,-3.399829275757398,140.6263251511872,3.399829275757398,140.6263251511872,True
4-9-18_Schnable_49-357-JS153-222_2018-04-11_02-57-05_9976400,0,32.8282,47.20418812764546,-151.933,-158.282524651557,0.14045715111569534,58.0,-0.12035420705176787,False,14.375988127645456,-6.3495246515570045,14.375988127645456,6.3495246515570045,True
4-9-18_Schnable_49-357-JS153-222_2018-04-11_02-57-05_9976400,1,30.3804,33.02568998028779,-7.51907,-11.191078123525273,0.19745712148802688,99.0,-0.10419882690742882,False,2.645289980287785,-3.6720081235252735,2.645289980287785,3.6720081235252735,True
4-9-18_Schnable_49-357-JS153-222_2018-04-11_02-57-05_9976400,2,37.4224,35.47254785350029,-166.877,-174.3799675959889,0.24507263959895856,112.0,-0.09362419241245103,False,-1.9498521464997154,-7.502967595988878,1.9498521464997154,7.502967595988878,True
4-9-18_Schnable_49-357-JS153-222_2018-04-11_02-57-05_9976400,3,24.1449,21.712371095511017,-8.53007,-1.9065632368584886,0.2940864440539979,147.0,-0.056543904106503236,False,-2.432528904488983,6.623506763141506,2.432528904488983,6.623506763141506,True
4-9-18_Schnable_49-357-JS153-222_2018-04-11_02-57-05_9976400,4,26.0243,18.069976990007987,-145.398,-171.43237739057875,0.33073074149151965,150.0,0.01701124257723581,False,-7.954323009992013,-26.034377390578754,7.954323009992013,26.034377390578754,True
4-9-18_Schnable_49-357-JS153-222_2018-04-11_02-57-05_9976400,5,19.7554,20.165968833351627,-15.3522,1.9971069148178913,0.39298555182330686,177.0,0.06819111610810996,False,0.41056883335162553,17.3493069148179,0.41056883335162553,17.3493069148179,True
4-9-18_Schnable_49-357-JS153-222_2018-04-11_02-57-05_9976400,6,20.7694,31.246515935812276,161.422,14.672912277914463,0.21615165561160976,97.0,0.15396190567542176,False,10.477115935812275,-146.74908772208553,10.477115935812275,146.74908772208553,True
4-9-18_Schnable_49-357-JS153-222_2018-04-11_02-57-05_9976400,7,29.4634,18.481849434832995,-7.67743,168.6185316776132,0.2906718194517444,133.0,0.15396190567542176,False,-10.981550565167005,176.29596167761315,10.981550565167005,176.29596167761315,True
4-9-18_Schnable_49-358-JS154-223_2018-04-11_02-59-18_9976500,0,43.0258,44.27344531485717,-5.33896,-1.735976362515089,0.13316844724637708,46.0,-0.05149988419740269,False,1.2476453148571736,3.602983637484897,1.2476453148571736,3.602983637484897,True
4-9-18_Schnable_49-358-JS154-223_2018-04-11_02-59-18_9976500,1,46.6379,48.845753125930045,174.638,172.52911885296527,0.20797826666384975,87.0,-0.01891976780409887,False,2.2078531259300433,-2.1088811470347366,2.2078531259300433,2.1088811470347366,True
4-9-18_Schnable_49-358-JS154-223_2018-04-11_02-59-18_9976500,2,34.4842,37.491628462136894,19.3006,21.567535127610256,0.3168740719059954,133.0,0.0328072446506628,False,3.007428462136893,2.266935127610253,3.007428462136893,2.266935127610253,True
4-9-18_Schnable_49-358-JS154-223_2018-04-11_02-59-18_9976500,3,19.5168,22.32173453923788,177.7,159.20436927717952,0.2970927698851026,132.0,0.06765306483767639,False,2.8049345392378804,-18.495630722820465,2.8049345392378804,18.495630722820465,True
4-9-18_Schnable_49-358-JS154-223_2018-04-11_02-59-18_9976500,4,3.70232,9.354481459988264,88.1274,3.3314428664298816,0.36121825213624836,175.0,0.06765306483767639,False,5.652161459988264,-84.79595713357011,5.652161459988264,84.79595713357011,True
4-9-18_Schnable_49-359-js286-213_2018-04-11_03-01-33_9976600,0,16.7309,28.12155366526749,73.0029,58.609447062601475,0.3546300549819074,147.0,0.005347092175278077,False,11.390653665267493,-14.393452937398536,11.390653665267493,14.393452937398536,True
4-9-18_Schnable_49-359-js286-213_2018-04-11_03-01-33_9976600,1,40.1948,34.97483583109071,-131.941,-170.18125795892337,0.30784808074034287,134.0,0.04319994801531968,False,-5.219964168909293,-38.240257958923365,5.219964168909293,38.240257958923365,True
4-9-18_Schnable_49-359-js286-213_2018-04-11_03-01-33_9976600,2,7.82255,18.07161117818461,167.216,150.87286760310758,0.1119115414308701,55.0,0.0836737697239705,False,10.249061178184611,-16.34313239689243,10.249061178184611,16.34313239689243,True
4-9-18_Schnable_49-359-js286-213_2018-04-11_03-01-33_9976600,3,17.1215,20.533471757787325,-6.19151,-21.689849912883574,0.11595543515674711,55.0,0.0836737697239705,False,3.411971757787324,-15.49833991288358,3.411971757787324,15.49833991288358,True
4-9-18_Schnable_49-361-js55-84_2018-04-11_03-05-59_9976800,0,48.0803,51.1787432917434,-175.909,-177.3321577626505,0.28675208015719794,114.0,-0.06986125344233038,False,3.0984432917434006,-1.4231577626505043,3.0984432917434006,1.4231577626505043,True
4-9-18_Schnable_49-361-js55-84_2018-04-11_03-05-59_9976800,1,40.4502,47.70261980373121,5.58166,11.753130249086666,0.31011760284326373,139.0,-0.04510122976169365,False,7.2524198037312075,6.171470249086667,7.2524198037312075,6.171470249086667,True
4-9-18_Schnable_49-361-js55-84_2018-04-11_03-05-59_9976800,2,38.8306,42.68607707799565,172.102,168.68732826470523,0.3001227047011976,113.0,-0.02966882039129128,False,3.8554770779956513,-3.4146717352947746,3.8554770779956513,3.4146717352947746,True
4-9-18_Schnable_49-361-js55-84_2018-04-11_03-05-59_9976800,3,23.9928,29.27521302835008,18.0939,5.473209250567436,0.404436975491865,164.0,0.0057017794956992236,False,5.282413028350081,-12.620690749432555,5.282413028350081,12.620690749432555,True
4-9-18_Schnable_49-361-js55-84_2018-04-11_03-05-59_9976800,4,30.5333,27.59723075737186,171.116,167.67885034949438,0.36610487480341697,154.0,0.054711955730295185,False,-2.9360692426281396,-3.4371496505056314,2.9360692426281396,3.4371496505056314,True
4-9-18_Schnable_49-361-js55-84_2018-04-11_03-05-59_9976800,5,14.4516,17.942889383866273,-18.963,-8.311284123106901,0.41122068773727516,184.0,0.16249914966936027,False,3.491289383866274,10.651715876893093,3.491289383866274,10.651715876893093,True
4-9-18_Schnable_49-361-js55-84_2018-04-11_03-05-59_9976800,6,26.7472,24.29069815602179,-160.395,-165.55482751332332,0.29910767234916685,138.0,0.16249914966936027,False,-2.4565018439782094,-5.159827513323307,2.4565018439782094,5.159827513323307,True
4-9-18_Schnable_49-362-js63-92_2018-04-11_03-08-13_9976900,0,37.4446,40.40893479151121,29.846,25.403224901604972,0.3991785864508808,177.0,-0.18732268327958765,False,2.964334791511206,-4.442775098395032,2.964334791511206,4.442775098395032,True
4-9-18_Schnable_49-362-js63-92_2018-04-11_03-08-13_9976900,1,28.7798,35.61831425858881,-110.445,-120.69780028145601,0.47277255883675673,190.0,-0.15817308805116279,False,6.838514258588809,-10.252800281456018,6.838514258588809,10.252800281456018,True
4-9-18_Schnable_49-362-js63-92_2018-04-11_03-08-13_9976900,2,21.801,30.112537758714417,28.5257,30.62425502612291,0.5649274320047242,239.0,-0.12166325023646854,False,8.311537758714419,2.0985550261229093,8.311537758714419,2.0985550261229093,True
4-9-18_Schnable_49-362-js63-92_2018-04-11_03-08-13_9976900,3,22.0804,25.23654302703565,-135.09,-148.35239315807527,0.47160707948124336,205.0,-0.06247669932963356,False,3.1561430270356503,-13.26239315807527,3.1561430270356503,13.26239315807527,True
4-9-18_Schnable_49-362-js63-92_2018-04-11_03-08-13_9976900,4,22.4819,20.59302345270615,47.2332,36.61742986532272,0.6205158869532496,277.0,0.005864444137451928,False,-1.888876547293851,-10.615770134677291,1.888876547293851,10.615770134677291,True
4-9-18_Schnable_49-362-js63-92_2018-04-11_03-08-13_9976900,5,29.7226,22.43879458707859,5.95914,15.1327674928732,0.34710546810790294,167.0,0.19742065345972717,False,-7.28380541292141,9.173627492873209,7.28380541292141,9.173627492873209,True
4-9-18_Schnable_49-362-js63-92_2018-04-11_03-08-13_9976900,6,24.0983,23.954212760666152,-141.91,173.0111862130061,0.39899524487614296,161.0,0.19742065345972717,False,-0.14408723933384593,-45.07881378699392,0.14408723933384593,45.07881378699392,True
4-9-18_Schnable_49-363-js271-27_2018-04-11_03-10-26_9977000,0,11.9818,43.30208868379808,-14.0582,178.9769074974579,0.28225254627756846,132.0,-0.09033456374019917,False,31.320288683798083,-166.9648925025421,31.320288683798083,166.9648925025421,True
4-9-18_Schnable_49-363-js271-27_2018-04-11_03-10-26_9977000,1,22.219,61.57745326787166,176.578,177.2720891273425,0.21151231181527003,95.0,0.006019757154133383,False,39.35845326787166,0.6940891273424938,39.35845326787166,0.6940891273424938,True
4-9-18_Schnable_49-363-js271-27_2018-04-11_03-10-26_9977000,2,26.4179,14.059412641759465,24.8608,-41.79374752164023,0.2884067941379972,117.0,0.07228969105531732,False,-12.358487358240534,-66.65454752164023,12.358487358240534,66.65454752164023,True
4-9-18_Schnable_49-363-js271-27_2018-04-11_03-10-26_9977000,3,39.5346,24.829413434866424,-171.301,-146.17013186645798,0.1735536648074065,80.0,0.07228969105531732,False,-14.705186565133573,25.13086813354201,14.705186565133573,25.13086813354201,True
4-9-18_Schnable_49-363-js271-27_2018-04-11_03-10-26_9977000,4,33.0269,80.69630691398834,32.156,18.876475357709865,0.016124515496597103,1.0,0.22038170060759024,False,47.66940691398834,-13.279524642290141,47.66940691398834,13.279524642290141,False
4-9-18_Schnable_49-363-js271-27_2018-04-11_03-10-26_9977000,5,10.7168,85.68715179806117,-34.8015,104.47340316674865,0.00629252873988396,2.0,0.22038170060759024,False,74.97035179806116,139.2749031667487,74.97035179806116,139.2749031667487,False
4-9-18_Schnable_49-364-js74-106_2018-04-11_03-12-40_9977100,0,28.4638,28.40782097404699,5.06659,-170.28713386534068,0.21470133905331873,98.0,-0.08891808614943551,False,-0.05597902595300752,-175.35372386534067,0.05597902595300752,175.35372386534067,True
4-9-18_Schnable_49-364-js74-106_2018-04-11_03-12-40_9977100,1,23.4281,31.370799110163702,171.689,2.600287951524024,0.289922282043858,120.0,-0.08658529316616237,False,7.9426991101637014,-169.08871204847597,7.9426991101637014,169.08871204847597,True
4-9-18_Schnable_49-364-js74-106_2018-04-11_03-12-40_9977100,2,28.3829,24.406753374124435,1.5655,8.14501143111653,0.43319576134076054,191.0,-0.03586750145671463,False,-3.9761466258755647,6.5795114311165435,3.9761466258755647,6.5795114311165435,True
4-9-18_Schnable_49-364-js74-106_2018-04-11_03-12-40_9977100,3,15.368,7.708468300785185,-119.304,-107.14880701325869,0.10017441564973001,48.0,-0.034237902087621744,False,-7.659531699214815,12.155192986741326,7.659531699214815,12.155192986741326,True
4-9-18_Schnable_49-364-js74-106_2018-04-11_03-12-40_9977100,4,37.7919,43.7150562979078,-59.5154,-58.04150154552636,0.11896349779552408,54.0,0.004136486553997756,False,5.923156297907802,1.473898454473641,5.923156297907802,1.473898454473641,True
4-9-18_Schnable_49-364-js74-106_2018-04-11_03-12-40_9977100,5,17.6876,27.362835380954927,172.303,-141.08228519613098,0.3264895354493965,142.0,0.0170117169431768,False,9.675235380954927,46.61471480386899,9.675235380954927,46.61471480386899,True
4-9-18_Schnable_49-364-js74-106_2018-04-11_03-12-40_9977100,6,30.8098,13.968660067439174,-151.764,-159.79395435405598,0.47264841360782495,217.0,0.0170117169431768,False,-16.841139932560825,-8.029954354055974,16.841139932560825,8.029954354055974,True
4-9-18_Schnable_49-364-js74-106_2018-04-11_03-12-40_9977100,7,25.9139,31.563566247769856,-99.2206,-93.73815106237647,0.15635453118031117,63.0,0.028233969795322028,False,5.649666247769854,5.482448937623531,5.649666247769854,5.482448937623531,True
4-9-18_Schnable_49-364-js74-106_2018-04-11_03-12-40_9977100,8,34.7024,21.915705918389605,5.53972,6.417161378145806,0.5433656154011433,241.0,0.08134148984796692,False,-12.786694081610392,0.8774413781458179,12.786694081610392,0.8774413781458179,True
4-9-18_Schnable_49-364-js74-106_2018-04-11_03-12-40_9977100,9,16.713,19.95258784302085,-118.991,-123.52963691495992,0.43033604429816524,193.0,0.1674642320433818,False,3.23958784302085,-4.538636914959909,3.23958784302085,4.538636914959909,True
4-9-18_Schnable_49-364-js74-106_2018-04-11_03-12-40_9977100,10,65.26,56.0992962695407,-113.988,-34.649742904121695,0.023056421850827638,10.0,0.1674642320433818,False,-9.160703730459304,79.3382570958783,9.160703730459304,79.3382570958783,False
4-9-18_Schnable_49-365-js194-303_2018-04-11_03-14-53_9977200,0,25.3784,29.182251811015504,-165.973,-163.68337007417765,0.24446658492897644,105.0,-0.024266110698711034,False,3.8038518110155053,2.289629925822368,3.8038518110155053,2.289629925822368,True
4-9-18_Schnable_49-365-js194-303_2018-04-11_03-14-53_9977200,1,31.689,31.717875822353257,-7.23085,-9.52361146631722,0.26816140312464976,120.0,0.018027122678820773,False,0.028875822353256808,-2.2927614663172164,0.028875822353256808,2.2927614663172164,True
4-9-18_Schnable_49-365-js194-303_2018-04-11_03-14-53_9977200,2,26.8308,23.48227273150674,177.636,175.98734111692255,0.3641081348510971,163.0,0.019951139283340743,False,-3.3485272684932603,-1.6486588830774451,3.3485272684932603,1.6486588830774451,True
4-9-18_Schnable_49-365-js194-303_2018-04-11_03-14-53_9977200,3,0.851338,18.2027067147246,-2.90428,141.49084950209863,0.2898681659097212,151.0,0.08815549216538693,False,17.3513687147246,144.3951295020986,17.3513687147246,144.3951295020986,True
4-9-18_Schnable_49-365-js194-303_2018-04-11_03-14-53_9977200,4,8.65465,6.934776188028181,136.958,-7.018629210247241,0.3687442569520444,202.0,0.08815549216538693,False,-1.7198738119718193,-143.97662921024724,1.7198738119718193,143.97662921024724,True
4-9-18_Schnable_49-366-js128-187_2018-04-11_03-17-07_9977300,0,30.9632,36.35023413056665,-20.3852,-23.979941051387044,0.33721293039993294,162.0,-0.05841334937513051,False,5.387034130566647,-3.5947410513870466,5.387034130566647,3.5947410513870466,True
4-9-18_Schnable_49-366-js128-187_2018-04-11_03-17-07_9977300,1,31.556,32.91065303449121,154.474,155.43490735562654,0.3385786408967194,154.0,-0.03992898090114916,False,1.3546530344912107,0.9609073556265457,1.3546530344912107,0.9609073556265457,True
4-9-18_Schnable_49-366-js128-187_2018-04-11_03-17-07_9977300,2,15.7597,33.27071759531998,105.29,91.83707678801966,0.08412637503724725,39.0,-0.03992898090114916,False,17.511017595319977,-13.452923211980362,17.511017595319977,13.452923211980362,True
4-9-18_Schnable_49-366-js128-187_2018-04-11_03-17-07_9977300,3,37.7326,36.66452600719031,-28.8877,-22.333363765669333,0.35180268666813946,162.0,-5.5511415585201666e-05,False,-1.068073992809687,6.554336234330663,1.068073992809687,6.554336234330663,True
4-9-18_Schnable_49-366-js128-187_2018-04-11_03-17-07_9977300,4,39.1995,35.82206859212737,155.377,91.03965674892083,0.08083006067442104,40.0,0.010565657581036,False,-3.3774314078726277,-64.33734325107918,3.3774314078726277,64.33734325107918,True
4-9-18_Schnable_49-366-js128-187_2018-04-11_03-17-07_9977300,5,25.1966,25.621841143581975,100.82,143.38529919818956,0.40106968795435083,170.0,0.010565657581036,False,0.4252411435819745,42.565299198189564,0.4252411435819745,42.565299198189564,True
4-9-18_Schnable_49-366-js128-187_2018-04-11_03-17-07_9977300,6,18.5532,28.367842687092512,-34.5532,-27.214337497881928,0.4725958966202892,205.0,0.06106107977549484,False,9.814642687092512,7.338862502118076,9.814642687092512,7.338862502118076,True
4-9-18_Schnable_49-366-js128-187_2018-04-11_03-17-07_9977300,7,34.1657,26.481419669529096,151.066,-20.124553363818393,0.22319939027130017,100.0,0.13800087006294628,False,-7.684280330470905,-171.1905533638184,7.684280330470905,171.1905533638184,True
4-9-18_Schnable_49-366-js128-187_2018-04-11_03-17-07_9977300,8,25.2361,21.469484307062018,-16.6313,164.66622058592407,0.3488771268413503,171.0,0.13800087006294628,False,-3.7666156929379824,-178.70247941407592,3.7666156929379824,178.70247941407592,True
4-9-18_Schnable_49-368-js20-34_2018-04-11_03-21-34_9977500,0,21.5739,28.078239479701324,-141.419,-147.91855178185574,0.1474888251613241,65.0,-0.14321976403145434,False,6.504339479701326,-6.499551781855729,6.504339479701326,6.499551781855729,True
4-9-18_Schnable_49-368-js20-34_2018-04-11_03-21-34_9977500,1,18.515,19.541597540325455,-72.8315,-47.965094770128985,0.2577930726148936,101.0,-0.1311486264354628,False,1.0265975403254544,24.86640522987102,1.0265975403254544,24.86640522987102,True
4-9-18_Schnable_49-368-js20-34_2018-04-11_03-21-34_9977500,2,18.0237,21.76502863406084,-177.231,-167.84340086531108,0.3131291483885764,146.0,-0.07536576100228111,False,3.7413286340608387,9.387599134688912,3.7413286340608387,9.387599134688912,True
4-9-18_Schnable_49-368-js20-34_2018-04-11_03-21-34_9977500,3,21.5199,25.49490534367665,-33.0739,-25.872436234673103,0.3499751714332081,142.0,-0.05714630519326023,False,3.9750053436766493,7.201463765326906,3.9750053436766493,7.201463765326906,True
4-9-18_Schnable_49-368-js20-34_2018-04-11_03-21-34_9977500,4,13.5452,16.784357965615555,-170.462,171.72307705540982,0.4163428483106497,176.0,0.0048426091696439555,False,3.239157965615556,-17.814922944590194,3.239157965615556,17.814922944590194,True
4-9-18_Schnable_49-368-js20-34_2018-04-11_03-21-34_9977500,5,15.3347,18.465832703724132,-34.1584,-19.868810709033625,0.49616772230660144,220.0,0.02896564078939597,False,3.1311327037241323,14.289589290966376,3.1311327037241323,14.289589290966376,True
4-9-18_Schnable_49-368-js20-34_2018-04-11_03-21-34_9977500,6,40.8755,30.963114766825782,140.66,20.60548413648064,0.319996141073555,141.0,0.1491929559814202,False,-9.91238523317422,-120.05451586351936,9.91238523317422,120.05451586351936,True
4-9-18_Schnable_49-368-js20-34_2018-04-11_03-21-34_9977500,7,32.7029,22.330591932928726,22.6787,162.9446787642355,0.4541262775262461,205.0,0.1491929559814202,False,-10.372308067071273,140.2659787642355,10.372308067071273,140.2659787642355,True
4-9-18_Schnable_49-369-js99-143_2018-04-11_03-23-48_9977600,0,26.2301,31.034407000134827,157.974,160.68258217933482,0.2612522012993013,112.0,-0.07887774390517129,False,4.804307000134827,2.708582179334826,4.804307000134827,2.708582179334826,True
4-9-18_Schnable_49-369-js99-143_2018-04-11_03-23-48_9977600,1,31.2587,35.50196964221589,-18.9355,-13.913318230011157,0.27670526243825433,126.0,-0.05347753048320255,False,4.243269642215889,5.022181769988833,4.243269642215889,5.022181769988833,True
4-9-18_Schnable_49-369-js99-143_2018-04-11_03-23-48_9977600,2,25.8971,31.22688478060749,135.571,147.5778934211536,0.3414702045611397,153.0,-0.017826686014119335,False,5.329784780607493,12.006893421153592,5.329784780607493,12.006893421153592,True
4-9-18_Schnable_49-369-js99-143_2018-04-11_03-23-48_9977600,3,23.7543,30.06185275772126,-28.8686,-25.137826540787813,0.40707195791438117,177.0,0.004645098841935882,False,6.307552757721261,3.7307734592121733,6.307552757721261,3.7307734592121733,True
4-9-18_Schnable_49-369-js99-143_2018-04-11_03-23-48_9977600,4,18.5338,16.45380216829969,161.268,169.22187009151605,0.4195403378002643,198.0,0.04152172567599443,False,-2.079997831700311,7.953870091516052,2.079997831700311,7.953870091516052,True
4-9-18_Schnable_49-369-js99-143_2018-04-11_03-23-48_9977600,5,18.0479,14.276825515259105,-36.4482,-29.538409412587555,0.42119048271705734,177.0,0.12944098996894898,False,-3.7710744847408932,6.909790587412431,3.7710744847408932,6.909790587412431,True
4-9-18_Schnable_49-369-js99-143_2018-04-11_03-23-48_9977600,6,16.7846,22.22172774524705,-158.218,-160.9378073371888,0.3026152095090433,150.0,0.12944098996894898,False,5.43712774524705,-2.719807337188797,5.43712774524705,2.719807337188797,True
4-9-18_Schnable_49-370-js240-384_2018-04-11_03-26-01_9977700,0,76.9937,34.585032756370275,-151.86,11.165050934809813,0.189486326075284,80.0,0.008248727013573424,True,-42.40866724362973,163.02505093480983,42.40866724362973,163.02505093480983,True
4-9-18_Schnable_49-370-js240-384_2018-04-11_03-26-01_9977700,1,19.0841,36.05687464638351,6.7355,-22.296764452700586,0.13500860393910502,55.0,0.03883523320262876,True,16.972774646383513,-29.032264452700588,16.972774646383513,29.032264452700588,True
4-9-18_Schnable_49-370-js240-384_2018-04-11_03-26-01_9977700,2,74.6278,14.019416354756927,-169.8,159.560951582357,0.12984312384613475,51.0,0.03883523320262876,True,-60.608383645243066,-30.639048417642982,60.608383645243066,30.639048417642982,True
4-9-18_Schnable_49-371-JS154-223_2018-04-11_03-28-15_9977800,0,33.1345,44.1818825656429,151.031,157.5057722965637,0.28018398727683774,129.0,-0.06621807948253669,False,11.047382565642899,6.474772296563685,11.047382565642899,6.474772296563685,True
4-9-18_Schnable_49-371-JS154-223_2018-04-11_03-28-15_9977800,1,34.8049,39.10017671987455,-19.9094,-12.1171426357011,0.3778987896611483,159.0,-0.017665747331080582,False,4.295276719874543,7.792257364298905,4.295276719874543,7.792257364298905,True
4-9-18_Schnable_49-371-JS154-223_2018-04-11_03-28-15_9977800,2,24.052,33.54674711051422,153.259,149.676528193335,0.4415176882592227,202.0,0.021974133981612843,False,9.494747110514218,-3.5824718066649837,9.494747110514218,3.5824718066649837,True
4-9-18_Schnable_49-371-JS154-223_2018-04-11_03-28-15_9977800,3,27.5663,29.772665345958814,-10.6707,-10.237389808163698,0.45872210844458733,206.0,0.09048265981697946,False,2.2063653459588153,0.4333101918363127,2.2063653459588153,0.4333101918363127,True
4-9-18_Schnable_49-371-JS154-223_2018-04-11_03-28-15_9977800,4,22.1817,22.724118905017093,112.006,-37.22910119111859,0.2573744934257751,115.0,0.12216386148385677,False,0.5424189050170938,-149.2351011911186,0.5424189050170938,149.2351011911186,True
4-9-18_Schnable_49-371-JS154-223_2018-04-11_03-28-15_9977800,5,28.7932,28.623318775640527,-13.9403,118.05356223557027,0.38927654947496054,183.0,0.12216386148385677,False,-0.16988122435947162,131.9938622355703,0.16988122435947162,131.9938622355703,True
4-9-18_Schnable_49-372-JS176-257_2018-04-11_03-30-33_9977900,0,40.2065,38.89873144667624,174.692,177.65064982266586,0.16339370407705897,58.0,-0.07554711972133914,False,-1.3077685533237613,2.9586498226658478,1.3077685533237613,2.9586498226658478,True
4-9-18_Schnable_49-372-JS176-257_2018-04-11_03-30-33_9977900,1,27.5777,32.10756118923669,-4.41104,-11.539341467301114,0.23198583822000163,102.0,-0.04797677750776376,False,4.529861189236691,-7.128301467301128,4.529861189236691,7.128301467301128,True
4-9-18_Schnable_49-372-JS176-257_2018-04-11_03-30-33_9977900,2,21.9487,27.463270665861934,166.325,164.87751536261555,0.30801545181328066,132.0,-0.012730873298666042,False,5.514570665861935,-1.4474846373844343,5.514570665861935,1.4474846373844343,True
4-9-18_Schnable_49-372-JS176-257_2018-04-11_03-30-33_9977900,3,15.3034,19.06126606205332,-9.48221,-20.11194015935385,0.3376601573037686,153.0,0.026672059562770307,False,3.7578660620533206,-10.62973015935384,3.7578660620533206,10.62973015935384,True
4-9-18_Schnable_49-372-JS176-257_2018-04-11_03-30-33_9977900,4,15.6355,26.915556873520934,148.335,-9.194570489946955,0.15630151278107143,70.0,0.11485420000560684,False,11.280056873520934,-157.52957048994696,11.280056873520934,157.52957048994696,True
4-9-18_Schnable_49-372-JS176-257_2018-04-11_03-30-33_9977900,5,23.9838,21.15041051435425,-9.22414,152.53924790256372,0.3198820114594608,141.0,0.11485420000560684,False,-2.8333894856457498,161.76338790256375,2.8333894856457498,161.76338790256375,True
4-9-18_Schnable_49-373-js79-3-111_2018-04-11_03-32-42_9978000,0,33.4361,36.53276085578011,36.1793,48.25585703794491,0.2920018589166037,128.0,-0.1641795931235822,False,3.096660855780108,12.076557037944895,3.096660855780108,12.076557037944895,True
4-9-18_Schnable_49-373-js79-3-111_2018-04-11_03-32-42_9978000,1,25.0638,29.788355076764212,-143.776,-135.43185696030645,0.27957470279851604,131.0,-0.1256413481427531,False,4.7245550767642115,8.344143039693563,4.7245550767642115,8.344143039693563,True
4-9-18_Schnable_49-373-js79-3-111_2018-04-11_03-32-42_9978000,2,35.2485,38.06096321712565,19.6767,21.528603595855373,0.3587536559392941,163.0,-0.102046443298747,False,2.8124632171256465,1.8519035958553616,2.8124632171256465,1.8519035958553616,True
4-9-18_Schnable_49-373-js79-3-111_2018-04-11_03-32-42_9978000,3,17.4988,19.333621459201865,-116.418,-127.78371378451968,0.3712756334658844,169.0,-0.07145796781506546,False,1.8348214592018657,-11.36571378451967,1.8348214592018657,11.36571378451967,True
4-9-18_Schnable_49-373-js79-3-111_2018-04-11_03-32-42_9978000,4,28.9188,26.779338125315384,-49.8809,-68.89530129077654,0.0990620122036936,49.0,-0.0662893542042177,False,-2.139461874684617,-19.01440129077656,2.139461874684617,19.01440129077656,True
4-9-18_Schnable_49-373-js79-3-111_2018-04-11_03-32-42_9978000,5,30.9697,34.82655635408581,29.9663,28.16754235655003,0.40578103149704986,177.0,-0.04138478961823462,False,3.85685635408581,-1.7987576434499601,3.85685635408581,1.7987576434499601,True
4-9-18_Schnable_49-373-js79-3-111_2018-04-11_03-32-42_9978000,6,38.0561,49.473660082045456,-89.5721,-76.17624035758789,0.13575492994734767,66.0,0.013120900081141609,False,11.417560082045455,13.39585964241212,11.417560082045455,13.39585964241212,True
4-9-18_Schnable_49-373-js79-3-111_2018-04-11_03-32-42_9978000,7,34.5013,25.4314944232201,82.0004,177.827341620477,0.4340061164697865,192.0,0.1027186378764474,False,-9.069805576779899,95.82694162047699,9.069805576779899,95.82694162047699,True
4-9-18_Schnable_49-373-js79-3-111_2018-04-11_03-32-42_9978000,8,14.4592,32.85865378253132,-175.272,42.067862380231645,0.5253752171804325,229.0,0.11277167337089317,False,18.39945378253132,-142.66013761976836,18.39945378253132,142.66013761976836,True
4-9-18_Schnable_49-373-js79-3-111_2018-04-11_03-32-42_9978000,9,39.982,16.739645262463625,164.561,157.8508687794257,0.49384315610709084,239.0,0.11277167337089317,False,-23.242354737536374,-6.710131220574311,23.242354737536374,6.710131220574311,True
4-9-18_Schnable_49-373-js79-3-111_2018-04-11_03-32-42_9978000,10,37.2192,28.207927706991235,45.6145,-151.20748817059575,0.11020435239333073,45.0,0.13503513278469667,False,-9.011272293008766,163.17801182940423,9.011272293008766,163.17801182940423,True
4-9-18_Schnable_49-375-js76-3-108_2018-04-11_03-37-10_9978200,0,27.796,34.4099633929071,38.4457,36.92201039852654,0.3191279338111295,149.0,-0.03093975086299806,False,6.6139633929071024,-1.5236896014734498,6.6139633929071024,1.5236896014734498,True
4-9-18_Schnable_49-375-js76-3-108_2018-04-11_03-37-10_9978200,1,26.0025,31.423850630898734,-156.419,-150.5828365364608,0.2684462525671206,107.0,-0.011311797348301438,False,5.421350630898733,5.836163463539208,5.421350630898733,5.836163463539208,True
4-9-18_Schnable_49-375-js76-3-108_2018-04-11_03-37-10_9978200,2,21.4804,29.74740312646609,32.2364,28.768965151568295,0.3658578053255155,170.0,0.017200281797315614,False,8.26700312646609,-3.467434848431708,8.26700312646609,3.467434848431708,True
4-9-18_Schnable_49-375-js76-3-108_2018-04-11_03-37-10_9978200,3,29.1941,29.336705031145193,-134.853,-134.6471747782436,0.4167905806403706,183.0,0.07093386238018332,False,0.14260503114519452,0.20582522175641316,0.14260503114519452,0.20582522175641316,True
4-9-18_Schnable_49-375-js76-3-108_2018-04-11_03-37-10_9978200,4,25.5446,22.40761097559806,21.8674,31.275848815435552,0.30855944976027766,139.0,0.13764253055790704,False,-3.136989024401938,9.408448815435548,3.136989024401938,9.408448815435548,True
4-9-18_Schnable_49-375-js76-3-108_2018-04-11_03-37-10_9978200,5,10.5753,20.264992496497243,-134.243,-146.432591915219,0.3938515034681365,161.0,0.13764253055790704,False,9.689692496497242,-12.189591915219012,9.689692496497242,12.189591915219012,True
4-9-18_Schnable_49-376-js10-3-19_2018-04-11_03-39-23_9978300,0,33.3669,96.66910138873283,134.879,169.2396023575816,0.32712191279503866,141.0,-0.1081924800037036,True,63.302201388732826,34.3606023575816,63.302201388732826,34.3606023575816,True
4-9-18_Schnable_49-376-js10-3-19_2018-04-11_03-39-23_9978300,1,48.1562,94.82925601435977,-19.0845,-179.31681627405595,0.3901135002077491,174.0,-0.08579226182173673,True,46.67305601435977,-160.23231627405596,46.67305601435977,160.23231627405596,True
4-9-18_Schnable_49-376-js10-3-19_2018-04-11_03-39-23_9978300,2,34.6922,30.818899784097084,161.535,176.58583213504664,0.38226725044394955,161.0,-0.06986487089887167,True,-3.8733002159029155,15.050832135046647,3.8733002159029155,15.050832135046647,True
4-9-18_Schnable_49-376-js10-3-19_2018-04-11_03-39-23_9978300,3,37.4347,35.93877061801463,-0.679952,159.14780500584845,0.510930807145865,236.0,-0.05021740917685764,True,-1.4959293819853698,159.8277570058484,1.4959293819853698,159.8277570058484,True
4-9-18_Schnable_49-376-js10-3-19_2018-04-11_03-39-23_9978300,4,20.387,48.97575083853801,0.693428,102.72172137233292,0.0034641016151377626,1.0,0.22653324875273487,True,28.58875083853801,102.02829337233294,28.58875083853801,102.02829337233294,False
4-9-18_Schnable_49-376-js10-3-19_2018-04-11_03-39-23_9978300,5,43.4463,84.48674202904668,-53.0104,18.0237162905365,0.008717797887081366,1.0,0.22653324875273487,True,41.04044202904668,71.0341162905365,41.04044202904668,71.0341162905365,False
4-9-18_Schnable_49-376-js10-3-19_2018-04-11_03-39-23_9978300,6,34.4291,44.55424557140507,-179.884,-146.24079949846094,0.28423980995833,128.0,-0.029601546312832263,True,10.12514557140507,33.64320050153904,10.12514557140507,33.64320050153904,True
4-9-18_Schnable_49-377-js219-343_2018-04-11_03-41-39_9978400,0,15.541,73.96994622257051,-33.0344,-53.88369479687657,0.04345846421651042,20.0,-0.22084824554956828,False,58.42894622257052,-20.849294796876563,58.42894622257052,20.849294796876563,True
4-9-18_Schnable_49-377-js219-343_2018-04-11_03-41-39_9978400,1,28.0296,35.32975603805115,73.5568,74.62048315777304,0.15541611021809834,70.0,-0.2149142658191188,False,7.300156038051153,1.0636831577730277,7.300156038051153,1.0636831577730277,True
4-9-18_Schnable_49-377-js219-343_2018-04-11_03-41-39_9978400,2,26.9826,30.242628574564698,49.9158,51.39814422902225,0.3373088881628097,151.0,-0.08856669298706153,False,3.2600285745646964,1.4823442290222602,3.2600285745646964,1.4823442290222602,True
4-9-18_Schnable_49-377-js219-343_2018-04-11_03-41-39_9978400,3,22.9249,26.2179312756733,-108.12,-122.50811416901286,0.34181378135189766,152.0,-0.06760530827139687,False,3.2930312756733002,-14.388114169012852,3.2930312756733002,14.388114169012852,True
4-9-18_Schnable_49-377-js219-343_2018-04-11_03-41-39_9978400,4,25.7328,27.509539851084412,43.4338,42.1216434764259,0.4423816265088452,210.0,0.011736495697406028,False,1.776739851084411,-1.3121565235740889,1.776739851084411,1.3121565235740889,True
4-9-18_Schnable_49-377-js219-343_2018-04-11_03-41-39_9978400,5,36.5997,30.312899541923933,-137.163,-123.99575607586566,0.5609287148171218,247.0,0.046914709403448,False,-6.2868004580760655,13.167243924134368,6.2868004580760655,13.167243924134368,True
4-9-18_Schnable_49-377-js219-343_2018-04-11_03-41-39_9978400,6,42.0868,49.08575935118897,-2.91374,-25.23023218276606,0.2050329098628394,110.0,0.15638812327338833,False,6.998959351188972,-22.31649218276607,6.998959351188972,22.31649218276607,True
4-9-18_Schnable_49-377-js219-343_2018-04-11_03-41-39_9978400,7,57.4896,35.917583159401886,-147.464,-138.96570665262414,0.516342203192976,224.0,0.1871366540590484,False,-21.572016840598117,8.498293347375864,21.572016840598117,8.498293347375864,True
4-9-18_Schnable_49-377-js219-343_2018-04-11_03-41-39_9978400,8,42.2442,41.2411673110483,2.10684,-2.874020506417338,0.46816015555372165,195.0,0.22896418995055853,False,-1.0030326889516985,-4.9808605064173435,1.0030326889516985,4.9808605064173435,True
4-9-18_Schnable_49-377-js219-343_2018-04-11_03-41-39_9978400,9,21.7544,25.650015004226574,-0.126644,-6.334879572487864,0.29747373414894096,148.0,0.22896418995055853,False,3.895615004226574,-6.208235572487865,3.895615004226574,6.208235572487865,True
4-9-18_Schnable_49-379-js104-3-150_2018-04-11_03-46-04_9978600,0,65.3232,69.52716892364417,-148.237,-147.50926904794449,0.3307149354416056,148.0,-0.07082953631990022,False,4.203968923644169,0.7277309520555093,4.203968923644169,0.7277309520555093,True
4-9-18_Schnable_49-379-js104-3-150_2018-04-11_03-46-04_9978600,1,63.6581,66.36223697248394,-19.3336,-18.762504694697242,0.3736377422641276,151.0,-0.04985407983302021,False,2.704136972483944,0.5710953053027481,2.704136972483944,0.5710953053027481,True
4-9-18_Schnable_49-379-js104-3-150_2018-04-11_03-46-04_9978600,2,31.3934,38.437442743998304,-137.602,-142.0542054334203,0.4632331922940876,212.0,-0.008167467649251374,False,7.044042743998304,-4.452205433420289,7.044042743998304,4.452205433420289,True
4-9-18_Schnable_49-379-js104-3-150_2018-04-11_03-46-04_9978600,3,42.8756,47.34382343662198,13.0113,13.083894157171471,0.49810026479158026,210.0,0.014532117229986692,False,4.468223436621983,0.07259415717146567,4.468223436621983,0.07259415717146567,True
4-9-18_Schnable_49-379-js104-3-150_2018-04-11_03-46-04_9978600,4,24.6916,28.86310630680665,-149.475,-152.44073468290642,0.5032453141436647,227.0,0.05594572186967966,False,4.1715063068066485,-2.9657346829064295,4.1715063068066485,2.9657346829064295,True
4-9-18_Schnable_49-379-js104-3-150_2018-04-11_03-46-04_9978600,5,30.106,27.800024826478804,1.9735,6.511881817677818,0.5896098678281987,261.0,0.1009429607477112,False,-2.3059751735211975,4.538381817677816,2.3059751735211975,4.538381817677816,True
4-9-18_Schnable_49-379-js104-3-150_2018-04-11_03-46-04_9978600,6,23.1924,20.935040539697027,-145.723,-151.73247576390347,0.45485083226998063,212.0,0.17222567138015035,False,-2.257359460302972,-6.009475763903453,2.257359460302972,6.009475763903453,True
4-9-18_Schnable_49-379-js104-3-150_2018-04-11_03-46-04_9978600,7,23.8506,23.433759803680218,58.4146,51.81914548144516,0.27469657419937077,119.0,0.17222567138015035,False,-0.4168401963197823,-6.595454518554845,0.4168401963197823,6.595454518554845,True
4-9-18_Schnable_49-380-js29-51_2018-04-11_03-48-17_9978700,0,35.0906,41.76917318269492,73.7699,74.01813633030497,0.21267196816911235,80.0,-0.10997436897663869,False,6.678573182694919,0.2482363303049624,6.678573182694919,0.2482363303049624,True
4-9-18_Schnable_49-380-js29-51_2018-04-11_03-48-17_9978700,1,25.9748,27.885714777658492,-13.6707,-17.63021412436197,0.28082886401604257,116.0,-0.08821733241562041,False,1.910914777658494,-3.9595141243619594,1.910914777658494,3.9595141243619594,True
4-9-18_Schnable_49-380-js29-51_2018-04-11_03-48-17_9978700,2,28.6633,35.56828299548558,119.478,121.13196574214066,0.35458571268832695,160.0,-0.053102840893249036,False,6.904982995485582,1.653965742140656,6.904982995485582,1.653965742140656,True
4-9-18_Schnable_49-380-js29-51_2018-04-11_03-48-17_9978700,3,18.1759,28.137610460360627,-35.9595,-42.49151736832761,0.4482337024539631,196.0,-0.009658223928410837,False,9.961710460360628,-6.532017368327615,9.961710460360628,6.532017368327615,True
4-9-18_Schnable_49-380-js29-51_2018-04-11_03-48-17_9978700,4,31.5014,31.95281494586591,107.715,115.97880509616903,0.5098474026282119,227.0,0.037285856905135036,False,0.4514149458659098,8.263805096169023,0.4514149458659098,8.263805096169023,True
4-9-18_Schnable_49-380-js29-51_2018-04-11_03-48-17_9978700,5,46.3609,33.022770124192355,157.825,152.99869510973537,0.341768844758878,166.0,0.16431468720946033,False,-13.338129875807645,-4.826304890264623,13.338129875807645,4.826304890264623,True
4-9-18_Schnable_49-380-js29-51_2018-04-11_03-48-17_9978700,6,30.4193,27.857255863561612,-70.7787,-53.12302765832193,0.47355007484944134,211.0,0.16431468720946033,False,-2.562044136438388,17.65567234167807,2.562044136438388,17.65567234167807,True
4-9-18_Schnable_49-381-js16-1-29_2018-04-11_03-50-31_9978800,0,20.0773,23.36955206132407,48.2671,37.21301004955592,0.23871263146980948,111.0,-0.2825517353708783,False,3.2922520613240707,-11.05408995044408,3.2922520613240707,11.05408995044408,True
4-9-18_Schnable_49-381-js16-1-29_2018-04-11_03-50-31_9978800,1,25.7862,32.095754735884576,175.878,166.44541029730635,0.2631729705115306,121.0,-0.22060936240575538,False,6.309554735884575,-9.432589702693633,6.309554735884575,9.432589702693633,True
4-9-18_Schnable_49-381-js16-1-29_2018-04-11_03-50-31_9978800,2,29.518,30.707560248666717,-4.56482,-4.31639073997647,0.3221808211250822,147.0,-0.180553819617218,False,1.1895602486667158,0.24842926002352783,1.1895602486667158,0.24842926002352783,True
4-9-18_Schnable_49-381-js16-1-29_2018-04-11_03-50-31_9978800,3,32.4496,27.167373060128142,-168.749,178.2531094358253,0.3718966207537094,189.0,-0.12853177143608008,False,-5.282226939871855,-12.997890564174668,5.282226939871855,12.997890564174668,True
4-9-18_Schnable_49-381-js16-1-29_2018-04-11_03-50-31_9978800,4,39.7523,30.67270396725214,-4.94363,-8.020114159325544,0.4200539360018548,216.0,-0.07049090310311269,False,-9.079596032747858,-3.076484159325531,9.079596032747858,3.076484159325531,True
4-9-18_Schnable_49-381-js16-1-29_2018-04-11_03-50-31_9978800,5,27.1395,25.03454924462416,161.957,175.23696605695477,0.4696644363997225,230.0,-0.04244305275030015,False,-2.1049507553758424,13.279966056954777,2.1049507553758424,13.279966056954777,True
4-9-18_Schnable_49-381-js16-1-29_2018-04-11_03-50-31_9978800,6,53.6518,161.2488810217027,-8.23306,-167.87939301322783,0.039943625838811024,12.0,0.07647742312358574,False,107.59708102170268,-159.64633301322783,107.59708102170268,159.64633301322783,False
4-9-18_Schnable_49-381-js16-1-29_2018-04-11_03-50-31_9978800,7,37.2409,45.28421297172555,-122.402,9.443535357558858,0.004828427124746187,2.0,0.07647742312358574,False,8.043312971725548,131.84553535755884,8.043312971725548,131.84553535755884,False
4-9-18_Schnable_49-381-js16-1-29_2018-04-11_03-50-31_9978800,8,22.7359,25.197201925658092,134.719,125.88639748937709,0.1784536900161407,72.0,0.17371572542343205,False,2.4613019256580912,-8.832602510622905,2.4613019256580912,8.832602510622905,True
4-9-18_Schnable_49-381-js16-1-29_2018-04-11_03-50-31_9978800,9,42.9773,30.94125899751468,-19.8217,-134.74707192982203,0.40497441154909714,171.0,0.17371572542343205,False,-12.03604100248532,-114.92537192982203,12.03604100248532,114.92537192982203,True
4-9-18_Schnable_49-381-js16-1-29_2018-04-11_03-50-31_9978800,10,7.72423,21.951137986032492,-30.0165,-9.060316972564863,0.36139358881940065,166.0,0.20581394713138068,False,14.226907986032492,20.956183027435145,14.226907986032492,20.956183027435145,True
4-9-18_Schnable_49-382-js16-2-29_2018-04-11_03-52-44_9978900,0,17.4785,21.38586705413958,-177.174,-178.85665238816162,0.23291315524346431,114.0,-0.1900046643469117,False,3.9073670541395806,-1.682652388161614,3.9073670541395806,1.682652388161614,True
4-9-18_Schnable_49-382-js16-2-29_2018-04-11_03-52-44_9978900,1,24.407,31.320888508756425,7.72271,10.280896317300858,0.2739056954410177,118.0,-0.1504397702980674,False,6.9138885087564255,2.5581863173008514,6.9138885087564255,2.5581863173008514,True
4-9-18_Schnable_49-382-js16-2-29_2018-04-11_03-52-44_9978900,2,22.4046,27.96606681610738,164.302,173.55936208073751,0.35419970782075116,171.0,-0.09801189875687714,False,5.56146681610738,9.257362080737522,5.56146681610738,9.257362080737522,True
4-9-18_Schnable_49-382-js16-2-29_2018-04-11_03-52-44_9978900,3,31.8729,35.08402396562849,7.57473,7.65907118113887,0.3432198442424416,155.0,-0.0684935657367908,False,3.211123965628488,0.0843411811388819,3.211123965628488,0.0843411811388819,True
4-9-18_Schnable_49-382-js16-2-29_2018-04-11_03-52-44_9978900,4,32.2605,28.855168960999052,9.78706,5.238108616121792,0.44738664846243065,192.0,0.033691370722054845,False,-3.4053310390009486,-4.5489513838782045,3.4053310390009486,4.5489513838782045,True
4-9-18_Schnable_49-382-js16-2-29_2018-04-11_03-52-44_9978900,5,37.731,33.32694035850138,-162.652,-173.42540718373996,0.4044141914148528,183.0,0.036031165784065095,False,-4.40405964149862,-10.773407183739977,4.40405964149862,10.773407183739977,True
4-9-18_Schnable_49-382-js16-2-29_2018-04-11_03-52-44_9978900,6,25.5345,25.828888196207757,33.5599,-6.686606634423185,0.5499584175975601,234.0,0.13304721420713522,False,0.29438819620775547,-40.246506634423184,0.29438819620775547,40.246506634423184,True
4-9-18_Schnable_49-382-js16-2-29_2018-04-11_03-52-44_9978900,7,43.8589,18.83837663340239,-151.285,148.70568669176367,0.25346187796346914,112.0,0.22850397588543006,False,-25.020523366597608,-60.0093133082363,25.020523366597608,60.0093133082363,True
4-9-18_Schnable_49-382-js16-2-29_2018-04-11_03-52-44_9978900,8,19.6566,30.637097941269367,118.049,-156.90076760074018,0.4267218875101945,185.0,0.22850397588543006,False,10.980497941269366,85.05023239925981,10.980497941269366,85.05023239925981,True
4-9-18_Schnable_49-383-js113-168_2018-04-11_03-54-58_9979000,0,21.316,28.808487534854386,146.647,148.5153125346054,0.2079005956451733,93.0,-0.10369216699196193,False,7.492487534854387,1.8683125346054226,7.492487534854387,1.8683125346054226,True
4-9-18_Schnable_49-383-js113-168_2018-04-11_03-54-58_9979000,1,31.0741,36.1271327694632,-21.3028,-20.387189437019117,0.27337417297000133,115.0,-0.08376894475260861,False,5.053032769463201,0.9156105629808735,5.053032769463201,0.9156105629808735,True
4-9-18_Schnable_49-383-js113-168_2018-04-11_03-54-58_9979000,2,25.3169,27.92451106066465,157.66,176.4436138966159,0.3353354016547499,136.0,-0.04977913822053131,False,2.6076110606646488,18.78361389661589,2.6076110606646488,18.78361389661589,True
4-9-18_Schnable_49-383-js113-168_2018-04-11_03-54-58_9979000,3,25.41,31.373960088451838,-40.7049,-25.488648740520148,0.37375488972739435,166.0,-0.0217869660452177,False,5.963960088451838,15.216251259479861,5.963960088451838,15.216251259479861,True
4-9-18_Schnable_49-383-js113-168_2018-04-11_03-54-58_9979000,4,16.9443,25.90604048221087,162.891,173.918515417256,0.3732096931002408,168.0,0.01230993293680581,False,8.961740482210871,11.027515417256012,8.961740482210871,11.027515417256012,True
4-9-18_Schnable_49-383-js113-168_2018-04-11_03-54-58_9979000,5,25.1413,24.161214355005455,-14.3436,-18.345803648006097,0.46862300814521335,186.0,0.05222030757663538,False,-0.9800856449945456,-4.002203648006088,0.9800856449945456,4.002203648006088,True
4-9-18_Schnable_49-383-js113-168_2018-04-11_03-54-58_9979000,6,38.5457,23.583877507032653,136.191,137.31217200180407,0.3957839901059987,171.0,0.1643179822076502,False,-14.961822492967343,1.1211720018040694,14.961822492967343,1.1211720018040694,True
4-9-18_Schnable_49-383-js113-168_2018-04-11_03-54-58_9979000,7,34.6417,25.03912776146325,-19.9295,-1.8867710852507003,0.39102706761593264,161.0,0.1643179822076502,False,-9.602572238536752,18.04272891474929,9.602572238536752,18.04272891474929,True
4-9-18_Schnable_49-384-js81-1-113_2018-04-11_03-57-11_9979100,0,36.2807,41.293775373746435,92.9808,90.79699744976176,0.20686416420338455,97.0,-0.12978006379549042,False,5.013075373746432,-2.1838025502382266,5.013075373746432,2.1838025502382266,True
4-9-18_Schnable_49-384-js81-1-113_2018-04-11_03-57-11_9979100,1,26.3992,30.457075928073607,-93.5799,-93.64956451927648,0.29474779084807473,136.0,-0.09833074670067918,False,4.0578759280736065,-0.06966451927650041,4.0578759280736065,0.06966451927650041,True
4-9-18_Schnable_49-384-js81-1-113_2018-04-11_03-57-11_9979100,2,25.0533,27.741349555020463,66.0916,59.60042249612479,0.3329359573665008,157.0,-0.06948798188277361,False,2.688049555020463,-6.491177503875207,2.688049555020463,6.491177503875207,True
4-9-18_Schnable_49-384-js81-1-113_2018-04-11_03-57-11_9979100,3,21.977,26.939281528827287,-113.75,-108.07072874628857,0.4307408334854187,178.0,-0.027354193032978414,False,4.962281528827287,5.67927125371142,4.962281528827287,5.67927125371142,True
4-9-18_Schnable_49-384-js81-1-113_2018-04-11_03-57-11_9979100,4,22.9711,21.733243494246807,82.821,56.94058985817867,0.4734396425767218,204.0,0.010017173135723785,False,-1.237856505753193,-25.88041014182133,1.237856505753193,25.88041014182133,True
4-9-18_Schnable_49-384-js81-1-113_2018-04-11_03-57-11_9979100,5,27.8054,22.947159821121232,-104.114,-107.09271803936072,0.49557978123033714,193.0,0.08655120416099109,False,-4.858240178878766,-2.9787180393607287,4.858240178878766,2.9787180393607287,True
4-9-18_Schnable_49-384-js81-1-113_2018-04-11_03-57-11_9979100,6,16.5751,10.692635635739862,68.1601,155.07504880451086,0.2571859163023036,124.0,0.16534143434425716,False,-5.882464364260137,86.91494880451086,5.882464364260137,86.91494880451086,True
4-9-18_Schnable_49-384-js81-1-113_2018-04-11_03-57-11_9979100,7,12.1289,16.130602550169158,128.436,61.19767398493144,0.43488231974472885,191.0,0.16534143434425716,False,4.001702550169158,-67.23832601506857,4.001702550169158,67.23832601506857,True
4-9-18_Schnable_49-385-js205-320_2018-04-11_03-59-24_9979200,0,16.2455,26.501407232314328,-154.782,-154.0184935373681,0.3067567606189724,138.0,-0.1631388533194425,False,10.255907232314328,0.7635064626319092,10.255907232314328,0.7635064626319092,True
4-9-18_Schnable_49-385-js205-320_2018-04-11_03-59-24_9979200,1,32.2495,39.2578239400651,-4.61317,-9.944670730246855,0.3830355660128322,180.0,-0.09470106236006376,False,7.008323940065104,-5.331500730246859,7.008323940065104,5.331500730246859,True
4-9-18_Schnable_49-385-js205-320_2018-04-11_03-59-24_9979200,2,25.1976,31.46738586307749,-156.962,-155.14650787067376,0.3714476618510983,168.0,-0.06305430536749593,False,6.269785863077487,1.8154921293262305,6.269785863077487,1.8154921293262305,True
4-9-18_Schnable_49-385-js205-320_2018-04-11_03-59-24_9979200,3,25.1648,31.930209562676886,1.8299,-3.9753426143839192,0.44184577893010324,202.0,-0.03059532874975094,False,6.765409562676886,-5.805242614383928,6.765409562676886,5.805242614383928,True
4-9-18_Schnable_49-385-js205-320_2018-04-11_03-59-24_9979200,4,27.0934,27.279971419355213,-171.927,-179.21666176409286,0.4754125969193357,224.0,0.009101217965715131,False,0.18657141935521437,-7.28966176409287,0.18657141935521437,7.28966176409287,True
4-9-18_Schnable_49-385-js205-320_2018-04-11_03-59-24_9979200,5,19.3679,20.44501225956371,-72.5204,12.214473606036563,0.42269675982484683,214.0,0.06975537218272071,False,1.0771122595637124,84.73487360603656,1.0771122595637124,84.73487360603656,True
4-9-18_Schnable_49-385-js205-320_2018-04-11_03-59-24_9979200,6,25.3924,33.5432549856747,12.2707,-89.72496913720717,0.11217406566415147,56.0,0.06975537218272071,False,8.150854985674702,-101.99566913720717,8.150854985674702,101.99566913720717,True
4-9-18_Schnable_49-385-js205-320_2018-04-11_03-59-24_9979200,7,28.2417,36.88868437243768,-176.419,171.9017471624934,0.5156242421599125,237.0,0.16135305906107625,False,8.646984372437679,-11.679252837506624,8.646984372437679,11.679252837506624,True
4-9-18_Schnable_49-385-js205-320_2018-04-11_03-59-24_9979200,8,29.3088,29.86333665223006,21.3268,32.55965627484511,0.4035531067819673,183.0,0.16135305906107625,False,0.554536652230059,11.232856274845119,0.554536652230059,11.232856274845119,True
4-9-18_Schnable_49-386-JS176-257_2018-04-11_04-01-37_9979300,0,35.2956,40.65049354998107,19.2183,17.2670083372945,0.28331085319314736,122.0,-0.07640715747227664,False,5.354893549981071,-1.9512916627055006,5.354893549981071,1.9512916627055006,True
4-9-18_Schnable_49-386-JS176-257_2018-04-11_04-01-37_9979300,1,37.5796,46.5263114972896,-174.85,-177.0304156709653,0.3237012221650981,133.0,-0.05976137892695894,False,8.946711497289598,-2.180415670965317,8.946711497289598,2.180415670965317,True
4-9-18_Schnable_49-386-JS176-257_2018-04-11_04-01-37_9979300,2,32.9757,40.08982234715121,1.65463,-0.12706050170919525,0.36803690618536333,153.0,-0.032600640692936854,False,7.114122347151209,-1.7816905017091926,7.114122347151209,1.7816905017091926,True
4-9-18_Schnable_49-386-JS176-257_2018-04-11_04-01-37_9979300,3,30.9553,34.57762704990094,-171.415,-172.69942437467478,0.39672479003304156,167.0,-0.003749294931279832,False,3.622327049900939,-1.284424374674785,3.622327049900939,1.284424374674785,True
4-9-18_Schnable_49-386-JS176-257_2018-04-11_04-01-37_9979300,4,24.1274,23.55936618892619,6.51815,3.199046870109214,0.5028243858213849,220.0,0.05353785829244784,False,-0.5680338110738106,-3.3191031298907774,0.5680338110738106,3.3191031298907774,True
4-9-18_Schnable_49-386-JS176-257_2018-04-11_04-01-37_9979300,5,25.9758,21.685315447549996,-166.257,-171.03109899284146,0.37047264446392275,156.0,0.1496081287772443,False,-4.290484552450003,-4.774098992841459,4.290484552450003,4.774098992841459,True
4-9-18_Schnable_49-386-JS176-257_2018-04-11_04-01-37_9979300,6,19.2529,21.189117072772135,-14.6675,-31.430590760807405,0.25636677342786884,121.0,0.1496081287772443,False,1.9362170727721342,-16.763090760807415,1.9362170727721342,16.763090760807415,True
4-9-18_Schnable_49-387-js261-419_2018-04-11_04-03-51_9979400,0,30.2162,30.625887518603804,-88.4828,-89.62606188976078,0.33885241299704977,139.0,-0.05795606735657065,False,0.40968751860380337,-1.1432618897607654,0.40968751860380337,1.1432618897607654,True
4-9-18_Schnable_49-387-js261-419_2018-04-11_04-03-51_9979400,1,31.9849,36.98629842866287,97.895,97.31831971167583,0.3915308750346269,179.0,-0.03013546372564473,False,5.0013984286628705,-0.5766802883241553,5.0013984286628705,0.5766802883241553,True
4-9-18_Schnable_49-387-js261-419_2018-04-11_04-03-51_9979400,2,28.9825,29.885155484766216,-95.5303,-95.84476098619263,0.4395013493829401,186.0,0.008053275400798476,False,0.902655484766214,-0.3144609861926142,0.902655484766214,0.3144609861926142,True
4-9-18_Schnable_49-387-js261-419_2018-04-11_04-03-51_9979400,3,22.8602,27.54942863954242,108.94,107.48226929375903,0.30263342380502967,131.0,0.03984401721681392,False,4.689228639542421,-1.457730706240966,4.689228639542421,1.457730706240966,True
4-9-18_Schnable_49-387-js261-419_2018-04-11_04-03-51_9979400,4,30.7058,25.339471848536547,-32.1023,-91.24378226135934,0.38314158217164285,183.0,0.18598181433087987,False,-5.366328151463453,-59.14148226135934,5.366328151463453,59.14148226135934,True
4-9-18_Schnable_49-387-js261-419_2018-04-11_04-03-51_9979400,5,29.7134,19.176650481972956,99.6735,101.90357899288898,0.38494408576563105,169.0,0.18598181433087987,False,-10.536749518027044,2.2300789928889913,10.536749518027044,2.2300789928889913,True
4-9-18_Schnable_49-388-js203-316_2018-04-11_04-06-05_9979500,0,40.0958,46.07488358887444,-20.1084,-18.87788314884091,0.36702336197143315,156.0,-0.03266634480419105,False,5.979083588874445,1.2305168511590807,5.979083588874445,1.2305168511590807,True
4-9-18_Schnable_49-388-js203-316_2018-04-11_04-06-05_9979500,1,35.5755,36.21411013611168,-23.6541,-29.302228712363927,0.17821443410731128,69.0,-0.017156393164302248,False,0.63861013611168,-5.648128712363928,0.63861013611168,5.648128712363928,True
4-9-18_Schnable_49-388-js203-316_2018-04-11_04-06-05_9979500,2,30.845,31.55795907782734,147.799,154.91762078733632,0.29037527141998204,119.0,0.028711750914630955,False,0.7129590778273425,7.118620787336312,0.7129590778273425,7.118620787336312,True
4-9-18_Schnable_49-388-js203-316_2018-04-11_04-06-05_9979500,3,24.4377,24.758356924688883,-34.5089,-36.54196054303566,0.4119098156939469,186.0,0.10626972120145509,False,0.3206569246888833,-2.033060543035674,0.3206569246888833,2.033060543035674,True
4-9-18_Schnable_49-388-js203-316_2018-04-11_04-06-05_9979500,4,29.084,27.105642188400857,173.134,170.871576485761,0.317718095318207,129.0,0.13316469134282835,False,-1.9783578115991425,-2.262423514238975,1.9783578115991425,2.262423514238975,True
4-9-18_Schnable_49-388-js203-316_2018-04-11_04-06-05_9979500,5,18.7595,24.754870004752405,76.2538,71.69442248603951,0.12205459724693937,54.0,0.13316469134282835,False,5.995370004752406,-4.559377513960499,5.995370004752406,4.559377513960499,True
4-9-18_Schnable_49-389-js140-203_2018-04-11_04-08-18_9979600,0,39.8061,42.8738252541178,-157.836,-152.4509016464189,0.3254094586167409,140.0,-0.1508313618682339,False,3.0677252541177964,5.3850983535811,3.0677252541177964,5.3850983535811,True
4-9-18_Schnable_49-389-js140-203_2018-04-11_04-08-18_9979600,1,27.7521,35.73303162638034,-10.3607,-13.824043288062484,0.3842373711601799,174.0,-0.11277090519574352,False,7.98093162638034,-3.4633432880624753,7.98093162638034,3.4633432880624753,True
4-9-18_Schnable_49-389-js140-203_2018-04-11_04-08-18_9979600,2,36.2272,42.380549742597346,-177.184,-176.39632311523994,0.43567196596922136,193.0,-0.07981771999311692,False,6.153349742597342,0.7876768847600601,6.153349742597342,0.7876768847600601,True
4-9-18_Schnable_49-389-js140-203_2018-04-11_04-08-18_9979600,3,42.8104,43.36987990683041,-164.493,-169.63848996108464,0.5679988362513867,223.0,-0.01106269408189298,False,0.5594799068304113,-5.14548996108465,0.5594799068304113,5.14548996108465,True
4-9-18_Schnable_49-389-js140-203_2018-04-11_04-08-18_9979600,4,31.8029,26.390906030311115,19.4671,17.197132520271566,0.5763854201833997,251.0,0.0719514117790684,False,-5.411993969688886,-2.2699674797284217,5.411993969688886,2.2699674797284217,True
4-9-18_Schnable_49-389-js140-203_2018-04-11_04-08-18_9979600,5,51.9132,58.316746008293194,3.42201,4.382026401666906,0.29717428279937774,144.0,0.10426532167449337,False,6.4035460082931905,0.9600164016669055,6.4035460082931905,0.9600164016669055,True
4-9-18_Schnable_49-389-js140-203_2018-04-11_04-08-18_9979600,6,81.2772,74.15580877140455,-85.3668,-85.17735825601602,0.1554188001547845,80.0,0.10426532167449337,False,-7.121391228595442,0.18944174398399127,7.121391228595442,0.18944174398399127,True
4-9-18_Schnable_49-389-js140-203_2018-04-11_04-08-18_9979600,7,55.0641,31.517839883681447,-165.966,-128.29040237078868,0.5874832558801588,249.0,0.17678845546907782,False,-23.546260116318557,37.675597629211325,23.546260116318557,37.675597629211325,True
4-9-18_Schnable_49-389-js140-203_2018-04-11_04-08-18_9979600,8,25.699,28.867455792541428,-14.5677,150.90122621544032,0.18841011094882634,85.0,0.19512008413886064,False,3.168455792541426,165.46892621544032,3.168455792541426,165.46892621544032,True
4-9-18_Schnable_49-389-js140-203_2018-04-11_04-08-18_9979600,9,27.7009,30.21818160616072,163.016,-31.197882308829577,0.46222644075720043,201.0,0.19512008413886064,False,2.5172816061607186,165.78611769117043,2.5172816061607186,165.78611769117043,True
4-9-18_Schnable_49-390-js179-269_2018-04-11_04-10-32_9979700,0,31.3108,36.90278822550409,-167.749,-169.67907996270617,0.16135072925861563,66.0,-0.009083296844827117,False,5.591988225504089,-1.9300799627061735,5.591988225504089,1.9300799627061735,True
4-9-18_Schnable_49-390-js179-269_2018-04-11_04-10-32_9979700,1,25.0433,31.909321291182124,-5.8353,-11.126285427888774,0.24913227464241655,103.0,-0.0028514407146019416,False,6.8660212911821255,-5.290985427888785,6.8660212911821255,5.290985427888785,True
4-9-18_Schnable_49-390-js179-269_2018-04-11_04-10-32_9979700,2,16.9081,19.384490138086463,0.748406,6.052270036380207,0.26100831216901216,108.0,0.017223448219428335,False,2.4763901380864617,5.303864036380219,2.4763901380864617,5.303864036380219,True
4-9-18_Schnable_49-390-js179-269_2018-04-11_04-10-32_9979700,3,26.9271,21.23677159996285,165.851,1.4051490055850877,0.23696264408512469,106.0,0.122866887487619,False,-5.690328400037149,-164.4458509944149,5.690328400037149,164.4458509944149,True
4-9-18_Schnable_49-390-js179-269_2018-04-11_04-10-32_9979700,4,25.7627,31.69413077901178,10.8729,173.10502463387581,0.30267694750593527,118.0,0.122866887487619,False,5.93143077901178,162.23212463387586,5.93143077901178,162.23212463387586,True
4-9-18_Schnable_49-393-js154-223_2018-04-11_04-17-11_9980000,0,18.0164,51.71365096643727,-80.1495,-158.91999377637953,0.32410316205704875,146.0,0.09262626658052757,False,33.69725096643727,-78.77049377637952,33.69725096643727,78.77049377637952,True
4-9-18_Schnable_49-393-js154-223_2018-04-11_04-17-11_9980000,1,129.579,96.59389585166213,17.1508,27.568836306839216,0.12629385560693962,55.0,0.06829620392194218,False,-32.98510414833788,10.418036306839213,32.98510414833788,10.418036306839213,True
4-9-18_Schnable_49-393-js154-223_2018-04-11_04-17-11_9980000,2,107.216,108.07811872053112,-174.652,-167.8532715015878,0.3230539333033922,148.0,0.09338831858972206,False,0.8621187205311287,6.798728498412174,0.8621187205311287,6.798728498412174,True
4-9-18_Schnable_49-393-js154-223_2018-04-11_04-17-11_9980000,3,107.563,166.93361200675807,-166.233,135.07207029007384,0.29362530985472063,132.0,0.028186251982380787,False,59.370612006758066,-58.69492970992616,59.370612006758066,58.69492970992616,True
4-9-18_Schnable_49-393-js154-223_2018-04-11_04-17-11_9980000,4,166.314,114.47218917824135,61.7985,-160.86306211073796,0.20460171436728422,98.0,0.028186251982380787,False,-51.84181082175864,137.33843788926208,51.84181082175864,137.33843788926208,True
4-9-18_Schnable_49-394-js112-165_2018-04-11_04-19-26_9980100,0,24.0068,35.3739468779467,49.0985,45.301168566552576,0.10118500029886147,47.0,-0.12542667157431836,False,11.367146877946702,-3.7973314334474253,11.367146877946702,3.7973314334474253,True
4-9-18_Schnable_49-394-js112-165_2018-04-11_04-19-26_9980100,1,23.1715,25.69200956246432,-132.117,-137.42078621350672,0.2670894409469423,118.0,-0.09095054246212118,False,2.5205095624643192,-5.303786213506726,2.5205095624643192,5.303786213506726,True
4-9-18_Schnable_49-394-js112-165_2018-04-11_04-19-26_9980100,2,16.3132,22.459708284405437,55.642,68.39450118611302,0.307220015679293,131.0,-0.06136944915905604,False,6.146508284405439,12.752501186113022,6.146508284405439,12.752501186113022,True
4-9-18_Schnable_49-394-js112-165_2018-04-11_04-19-26_9980100,3,19.7742,25.284478888553323,132.237,136.89729606886408,0.08559675563716113,36.0,-0.05659894224794169,False,5.510278888553323,4.660296068864085,5.510278888553323,4.660296068864085,True
4-9-18_Schnable_49-394-js112-165_2018-04-11_04-19-26_9980100,4,23.7663,21.182127877065753,54.8595,43.69780644383047,0.44343736629210584,193.0,0.014197841921905232,False,-2.5841721229342483,-11.161693556169524,2.5841721229342483,11.161693556169524,True
4-9-18_Schnable_49-394-js112-165_2018-04-11_04-19-26_9980100,5,24.6971,23.21283828500131,-122.23,-124.81829553804309,0.37566356516798965,177.0,0.018968348833019583,False,-1.4842617149986879,-2.5882955380430985,1.4842617149986879,2.5882955380430985,True
4-9-18_Schnable_49-394-js112-165_2018-04-11_04-19-26_9980100,6,40.0245,21.13159876318815,56.9326,67.56194628481944,0.46185594718831796,194.0,0.17711498802944292,False,-18.892901236811852,10.629346284819434,18.892901236811852,10.629346284819434,True
4-9-18_Schnable_49-394-js112-165_2018-04-11_04-19-26_9980100,7,34.9837,33.546616726501085,-102.559,-127.4757561495483,0.425706942483976,180.0,0.17711498802944292,False,-1.4370832734989136,-24.91675614954829,1.4370832734989136,24.91675614954829,True
4-9-18_Schnable_49-395-js106-154_2018-04-11_04-21-39_9980200,0,23.4063,26.612131526925396,-12.9854,-14.91826917959574,0.23223936441361606,96.0,-0.05521228435829843,False,3.205831526925394,-1.9328691795957411,3.205831526925394,1.9328691795957411,True
4-9-18_Schnable_49-395-js106-154_2018-04-11_04-21-39_9980200,1,24.2734,25.27416975155198,177.133,-167.74431373195742,0.33349353070585813,155.0,-0.01816150133112685,False,1.0007697515519816,15.122686268042571,1.0007697515519816,15.122686268042571,True
4-9-18_Schnable_49-395-js106-154_2018-04-11_04-21-39_9980200,2,14.9352,20.217883164443833,-3.99766,-4.371782987334058,0.37913674846769724,162.0,-0.0018881780567125233,False,5.282683164443833,-0.37412298733406146,5.282683164443833,0.37412298733406146,True
4-9-18_Schnable_49-395-js106-154_2018-04-11_04-21-39_9980200,3,22.067,17.625685249946812,154.754,178.92389016340678,0.3292843112570817,156.0,0.050983612503261604,False,-4.441314750053188,24.16989016340679,4.441314750053188,24.16989016340679,True
4-9-18_Schnable_49-395-js106-154_2018-04-11_04-21-39_9980200,4,37.8151,39.266327690630895,129.834,119.93381934717104,0.14193038658230386,64.0,0.09716131763267928,False,1.451227690630894,-9.900180652828965,1.451227690630894,9.900180652828965,True
4-9-18_Schnable_49-395-js106-154_2018-04-11_04-21-39_9980200,5,19.5944,17.979765235342967,-99.2777,-169.24950985033118,0.3950747972435372,188.0,0.1405390597970153,False,-1.6146347646570334,-69.97180985033118,1.6146347646570334,69.97180985033118,True
4-9-18_Schnable_49-395-js106-154_2018-04-11_04-21-39_9980200,6,30.1804,25.383221020205653,2.85511,25.573842887046453,0.34350464758073157,146.0,0.1405390597970153,False,-4.797178979794346,22.718732887046457,4.797178979794346,22.718732887046457,True
4-9-18_Schnable_49-396-js239-382_2018-04-11_04-23-53_9980300,0,43.8251,45.73515307636799,171.351,177.57967632194368,0.2851144466331325,128.0,-0.055698795505300006,False,1.9100530763679942,6.228676321943681,1.9100530763679942,6.228676321943681,True
4-9-18_Schnable_49-396-js239-382_2018-04-11_04-23-53_9980300,1,35.2932,42.23821111591252,8.4963,14.08819069796158,0.19618256967996658,87.0,0.006817882910026348,False,6.945011115912521,5.591890697961588,6.945011115912521,5.591890697961588,True
4-9-18_Schnable_49-396-js239-382_2018-04-11_04-23-53_9980300,2,37.1987,39.67359931615453,164.427,166.71175090551242,0.37399207751178026,171.0,0.04677399819831788,False,2.474899316154527,2.284750905512425,2.474899316154527,2.284750905512425,True
4-9-18_Schnable_49-396-js239-382_2018-04-11_04-23-53_9980300,3,18.9078,23.40933595341663,-42.0423,-30.732070981465938,0.3640153692813775,160.0,0.11481436495277822,False,4.501535953416628,11.310229018534073,4.501535953416628,11.310229018534073,True
4-9-18_Schnable_49-396-js239-382_2018-04-11_04-23-53_9980300,4,23.4906,27.081933570887614,179.894,176.1270328639133,0.19529215208288617,87.0,0.11481436495277822,False,3.5913335708876133,-3.7669671360866914,3.5913335708876133,3.7669671360866914,True
4-9-18_Schnable_49-398-js264-422_2018-04-11_04-28-19_9980500,0,21.3165,23.73320371906584,-21.5921,-10.615202945605347,0.30365243917543716,139.0,-0.04734270800695896,False,2.41670371906584,10.976897054394641,2.41670371906584,10.976897054394641,True
4-9-18_Schnable_49-398-js264-422_2018-04-11_04-28-19_9980500,1,23.204,28.17337892889283,-174.466,-174.2023811935195,0.3296297747008954,135.0,-0.024771293707572098,False,4.96937892889283,0.2636188064805083,4.96937892889283,0.2636188064805083,True
4-9-18_Schnable_49-398-js264-422_2018-04-11_04-28-19_9980500,2,19.0392,19.35788991209901,-27.0559,-17.37307549266083,0.45410339084435664,211.0,0.03068902868986487,False,0.31868991209901054,9.682824507339177,0.31868991209901054,9.682824507339177,True
4-9-18_Schnable_49-398-js264-422_2018-04-11_04-28-19_9980500,3,19.2683,19.463293806627036,-164.319,-159.3472964648999,0.4268053842283325,173.0,0.08552518290336081,False,0.19499380662703558,4.97170353510009,0.19499380662703558,4.97170353510009,True
4-9-18_Schnable_49-398-js264-422_2018-04-11_04-28-19_9980500,4,12.4401,18.628836284687992,5.18581,25.19995258666853,0.4927647606046785,219.0,0.1609495330766781,False,6.188736284687993,20.014142586668527,6.188736284687993,20.014142586668527,True
4-9-18_Schnable_49-398-js264-422_2018-04-11_04-28-19_9980500,5,11.1929,17.779970893833777,173.421,-170.78666317777157,0.4611855420437465,196.0,0.1609495330766781,False,6.587070893833777,15.792336822228435,6.587070893833777,15.792336822228435,True
4-9-18_Schnable_49-399-JS179-269_2018-04-11_04-30-33_9980600,0,25.4701,37.67606085384772,-53.0738,-58.82570596193389,0.060305749419892016,27.0,-0.05286203188777315,False,12.205960853847724,-5.751905961933886,12.205960853847724,5.751905961933886,True
4-9-18_Schnable_49-399-JS179-269_2018-04-11_04-30-33_9980600,1,20.1637,24.178503624962886,-160.457,-173.533866019205,0.2757922979800733,124.0,0.018563571717539442,False,4.014803624962887,-13.076866019205,4.014803624962887,13.076866019205,True
4-9-18_Schnable_49-399-JS179-269_2018-04-11_04-30-33_9980600,2,31.0572,32.605889759437005,168.586,171.59459454143462,0.274714847230221,116.0,0.06871684728345287,False,1.5486897594370035,3.0085945414346043,1.5486897594370035,3.0085945414346043,True
4-9-18_Schnable_49-399-JS179-269_2018-04-11_04-30-33_9980600,3,73.3269,62.63975526516482,-14.0451,-13.732542741343252,0.31796113663491754,140.0,0.07955041575872707,False,-10.687144734835172,0.31255725865673867,10.687144734835172,0.31255725865673867,True
4-9-18_Schnable_49-399-JS179-269_2018-04-11_04-30-33_9980600,4,19.9475,11.652062064258885,-123.013,-160.7937234714643,0.16829057710921347,79.0,0.09422210904479408,False,-8.295437935741116,-37.780723471464285,8.295437935741116,37.780723471464285,True
4-9-18_Schnable_49-399-JS179-269_2018-04-11_04-30-33_9980600,5,30.6745,32.65694104965801,-3.67943,8.733380608268362,0.16550618231268613,73.0,0.09422210904479408,False,1.9824410496580107,12.412810608268359,1.9824410496580107,12.412810608268359,True
4-9-18_Schnable_49-400-js31-3-53_2018-04-11_04-32-46_9980700,0,34.4287,36.55329244911738,-168.78,-164.42081099856006,0.22127671954794284,93.0,-0.028263373805660543,False,2.1245924491173795,4.359189001439944,2.1245924491173795,4.359189001439944,True
4-9-18_Schnable_49-400-js31-3-53_2018-04-11_04-32-46_9980700,1,28.4443,32.33175962607024,9.60895,11.13003950484574,0.27190471442251873,115.0,-0.009615990895726189,False,3.887459626070239,1.5210895048457473,3.887459626070239,1.5210895048457473,True
4-9-18_Schnable_49-400-js31-3-53_2018-04-11_04-32-46_9980700,2,19.8351,23.111658262506353,179.265,-174.70580088679745,0.2670667416462718,111.0,0.017693949637808865,False,3.2765582625063523,6.029199113202594,3.2765582625063523,6.029199113202594,True
4-9-18_Schnable_49-400-js31-3-53_2018-04-11_04-32-46_9980700,3,19.1023,25.470648328800948,2.60099,2.3607590977154587,0.2141827785561707,90.0,0.03857255118140198,False,6.368348328800948,-0.24023090228453725,6.368348328800948,0.24023090228453725,True
4-9-18_Schnable_49-400-js31-3-53_2018-04-11_04-32-46_9980700,4,5.36637,7.107227689269735,-42.0066,-4.729309923928469,0.27983166403754184,133.0,0.07795717802949241,False,1.7408576892697347,37.27729007607152,1.7408576892697347,37.27729007607152,True
4-9-18_Schnable_49-400-js31-3-53_2018-04-11_04-32-46_9980700,5,21.0116,25.27667009794358,-149.239,-161.03992133194967,0.20108015006976226,93.0,0.07795717802949241,False,4.265070097943578,-11.800921331949667,4.265070097943578,11.800921331949667,True
4-9-18_Schnable_49-401-js182-272_2018-04-11_04-35-03_9980800,0,24.9759,32.129595158894205,-12.2844,-14.012104217980948,0.203581652314032,94.0,-0.09426128993225681,False,7.153695158894205,-1.7277042179809428,7.153695158894205,1.7277042179809428,True
4-9-18_Schnable_49-401-js182-272_2018-04-11_04-35-03_9980800,1,27.3457,25.67931645925121,151.107,166.29354147638378,0.29902672595525726,133.0,-0.05207125502964647,False,-1.6663835407487895,15.18654147638378,1.6663835407487895,15.18654147638378,True
4-9-18_Schnable_49-401-js182-272_2018-04-11_04-35-03_9980800,2,23.557,27.589196329608875,-12.0466,-10.231105216820026,0.35307991882905654,158.0,-0.04825980367589545,False,4.032196329608876,1.815494783179986,4.032196329608876,1.815494783179986,True
4-9-18_Schnable_49-401-js182-272_2018-04-11_04-35-03_9980800,3,18.9178,45.93943408740759,37.692,39.75244399544357,0.057656549746434124,33.0,-0.04825980367589545,False,27.02163408740759,2.0604439954435634,27.02163408740759,2.0604439954435634,True
4-9-18_Schnable_49-401-js182-272_2018-04-11_04-35-03_9980800,4,30.1764,50.13338123729779,96.9731,164.99239654807104,0.08646441048546247,45.0,0.003847188305296002,False,19.95698123729779,68.01929654807105,19.95698123729779,68.01929654807105,True
4-9-18_Schnable_49-401-js182-272_2018-04-11_04-35-03_9980800,5,33.094,30.23733432565008,176.869,164.7439592551961,0.34675599326386897,184.0,0.023786825626462706,False,-2.8566656743499195,-12.125040744803897,2.8566656743499195,12.125040744803897,True
4-9-18_Schnable_49-401-js182-272_2018-04-11_04-35-03_9980800,6,45.506,40.77121732355396,-7.31227,1.1737859872541776,0.16791064760004756,86.0,0.049693470422455144,False,-4.734782676446038,8.48605598725419,4.734782676446038,8.48605598725419,True
4-9-18_Schnable_49-401-js182-272_2018-04-11_04-35-03_9980800,7,27.2415,24.80711910303235,136.775,143.80043382889016,0.48385428002422387,225.0,0.13186110522539837,False,-2.4343808969676495,7.025433828890158,2.4343808969676495,7.025433828890158,True
4-9-18_Schnable_49-401-js182-272_2018-04-11_04-35-03_9980800,8,52.694,70.61566809466393,-2.15481,-2.366387802301233,0.12132787569064149,61.0,0.13584446660754954,False,17.92166809466393,-0.21157780230123535,17.92166809466393,0.21157780230123535,True
4-9-18_Schnable_49-401-js182-272_2018-04-11_04-35-03_9980800,9,18.522,28.180629863370022,-42.5735,-1.6623350256651577,0.5627524393860917,262.0,0.13584446660754954,False,9.658629863370024,40.91116497433484,9.658629863370024,40.91116497433484,True
4-9-18_Schnable_49-402-js41-3-68_2018-04-11_04-37-15_9980900,0,47.4538,47.374855181214144,121.946,118.53443786984053,0.24650329508116278,96.0,-0.06881232522398623,False,-0.0789448187858568,-3.411562130159467,0.0789448187858568,3.411562130159467,True
4-9-18_Schnable_49-402-js41-3-68_2018-04-11_04-37-15_9980900,1,41.0437,48.447688671803824,-73.9119,-88.47297761056555,0.19410202115014386,88.0,-0.04364920729729132,False,7.403988671803823,-14.561077610565548,7.403988671803823,14.561077610565548,True
4-9-18_Schnable_49-402-js41-3-68_2018-04-11_04-37-15_9980900,2,13.5831,44.72479422941761,-105.292,106.16531855176214,0.26864831330349387,116.0,-0.01798538566863589,False,31.14169422941761,-148.5426814482379,31.14169422941761,148.5426814482379,True
4-9-18_Schnable_49-402-js41-3-68_2018-04-11_04-37-15_9980900,3,29.5277,21.262013027364517,4.67369,-88.59952359288994,0.20505198113886122,87.0,-0.01798538566863589,False,-8.265686972635482,-93.27321359288993,8.265686972635482,93.27321359288993,True
4-9-18_Schnable_49-402-js41-3-68_2018-04-11_04-37-15_9980900,4,36.5985,48.201955543694886,106.557,7.670979237847007,0.07072176125872859,43.0,-0.01780166304995736,False,11.603455543694885,-98.886020762153,11.603455543694885,98.886020762153,True
4-9-18_Schnable_49-402-js41-3-68_2018-04-11_04-37-15_9980900,5,41.2221,44.35261417086273,114.827,109.40466424385744,0.3371873420427762,150.0,0.064631901225535,False,3.1305141708627318,-5.422335756142559,3.1305141708627318,5.422335756142559,True
4-9-18_Schnable_49-402-js41-3-68_2018-04-11_04-37-15_9980900,6,30.0373,38.344393913652404,-75.2107,-83.02160957554044,0.30389447641709544,128.0,0.1274961197294409,False,8.307093913652405,-7.81090957554045,8.307093913652405,7.81090957554045,True
4-9-18_Schnable_49-402-js41-3-68_2018-04-11_04-37-15_9980900,7,34.5244,15.003085322246065,119.57,-32.48456703787869,0.13167833548522906,63.0,0.15883186920524164,False,-19.521314677753935,-152.05456703787868,19.521314677753935,152.05456703787868,True
4-9-18_Schnable_49-402-js41-3-68_2018-04-11_04-37-15_9980900,8,12.5644,38.93217616887525,-32.5646,120.24240469606792,0.2770295585093022,111.0,0.15883186920524164,False,26.367776168875253,152.8070046960679,26.367776168875253,152.8070046960679,True
4-9-18_Schnable_49-403-js69-1-98_2018-04-11_04-39-28_9981000,0,35.6895,39.34855854624962,134.259,138.9240239331507,0.19871355232183177,101.0,-0.0773623142352231,False,3.659058546249618,4.665023933150707,3.659058546249618,4.665023933150707,True
4-9-18_Schnable_49-403-js69-1-98_2018-04-11_04-39-28_9981000,1,41.3726,46.374074092006275,-43.1392,-42.86643736446237,0.2792120834804395,111.0,-0.04292748069147994,False,5.001474092006276,0.27276263553761737,5.001474092006276,0.27276263553761737,True
4-9-18_Schnable_49-403-js69-1-98_2018-04-11_04-39-28_9981000,2,18.1783,34.28583381215564,-98.3817,-132.89063609739188,0.08381525344345735,36.0,-0.027218907315156405,False,16.107533812155637,-34.50893609739188,16.107533812155637,34.50893609739188,True
4-9-18_Schnable_49-403-js69-1-98_2018-04-11_04-39-28_9981000,3,32.2696,34.343167070412065,131.878,133.25801684237035,0.16518588667245807,72.0,-0.021255718167808715,False,2.073567070412068,1.3800168423703667,2.073567070412068,1.3800168423703667,True
4-9-18_Schnable_49-403-js69-1-98_2018-04-11_04-39-28_9981000,4,28.2816,34.58310109304573,-52.3288,-55.487904758284,0.3906770920711168,155.0,0.01118684027974985,False,6.301501093045726,-3.159104758284002,6.301501093045726,3.159104758284002,True
4-9-18_Schnable_49-403-js69-1-98_2018-04-11_04-39-28_9981000,5,31.7648,30.537233704756822,124.733,132.14790650719516,0.4067091120891904,167.0,0.04117786884481709,False,-1.2275662952431787,7.414906507195155,1.2275662952431787,7.414906507195155,True
4-9-18_Schnable_49-403-js69-1-98_2018-04-11_04-39-28_9981000,6,14.6326,16.51621555871573,-88.4024,-68.52978182082114,0.35079577142168034,159.0,0.12598573670178032,False,1.8836155587157286,19.872618179178858,1.8836155587157286,19.872618179178858,True
4-9-18_Schnable_49-403-js69-1-98_2018-04-11_04-39-28_9981000,7,20.1879,17.741466784096232,166.809,134.56667393286244,0.3334168213621263,151.0,0.12598573670178032,False,-2.4464332159037667,-32.242326067137554,2.4464332159037667,32.242326067137554,True
4-9-18_Schnable_49-404-js189-296_2018-04-11_04-41-42_9981100,0,37.729,35.65342977779805,-169.779,-171.81373850925505,0.16592146024447096,62.0,-0.1081472434894519,False,-2.0755702222019465,-2.0347385092550496,2.0755702222019465,2.0347385092550496,True
4-9-18_Schnable_49-404-js189-296_2018-04-11_04-41-42_9981100,1,15.0557,19.802945951213673,44.5741,36.00679697249382,0.23796064018826646,109.0,-0.06193067070178114,False,4.747245951213673,-8.56730302750617,4.747245951213673,8.56730302750617,True
4-9-18_Schnable_49-404-js189-296_2018-04-11_04-41-42_9981100,2,17.6553,20.61736672141714,-171.531,-165.05894225736938,0.19100932316302824,86.0,-0.05019742460280441,False,2.9620667214171412,6.472057742630625,2.9620667214171412,6.472057742630625,True
4-9-18_Schnable_49-404-js189-296_2018-04-11_04-41-42_9981100,3,13.5834,19.36366559968819,64.6585,49.79387160185985,0.21444932156109622,95.0,-0.019895978585335452,False,5.780265599688191,-14.864628398140155,5.780265599688191,14.864628398140155,True
4-9-18_Schnable_49-404-js189-296_2018-04-11_04-41-42_9981100,4,19.7334,19.747964725688945,-120.534,-132.11976056501746,0.2257453708926927,104.0,0.013719454079711792,False,0.014564725688945401,-11.585760565017438,0.014564725688945401,11.585760565017438,True
4-9-18_Schnable_49-404-js189-296_2018-04-11_04-41-42_9981100,5,32.2231,21.39618403936356,-160.46,-159.1654905656478,0.33428621075164533,149.0,0.149929189786571,False,-10.826915960636441,1.2945094343522214,10.826915960636441,1.2945094343522214,True
4-9-18_Schnable_49-404-js189-296_2018-04-11_04-41-42_9981100,6,2.73058,22.644598321922516,27.4534,23.215049092776383,0.3191985598463669,149.0,0.149929189786571,False,19.914018321922516,-4.238350907223605,19.914018321922516,4.238350907223605,True
4-9-18_Schnable_49-405-js229-361_2018-04-11_04-43-55_9981200,0,105.493,94.93958398371107,-2.51234,-4.677542738614704,0.1017117759611772,41.0,-0.1264960277705698,False,-10.55341601628892,-2.1652027386147097,10.55341601628892,2.1652027386147097,True
4-9-18_Schnable_49-405-js229-361_2018-04-11_04-43-55_9981200,1,25.3839,28.680122049254614,-128.602,-125.2836439848114,0.28177559340834374,130.0,-0.09667207825516087,False,3.296222049254613,3.3183560151886127,3.296222049254613,3.3183560151886127,True
4-9-18_Schnable_49-405-js229-361_2018-04-11_04-43-55_9981200,2,24.8536,28.248049958008863,19.9948,24.85396750410473,0.31739204815030736,143.0,-0.06424078838980145,False,3.394449958008863,4.859167504104732,3.394449958008863,4.859167504104732,True
4-9-18_Schnable_49-405-js229-361_2018-04-11_04-43-55_9981200,3,24.1622,30.045208640222043,-146.767,-145.0359646708174,0.34543005185955156,158.0,-0.02428990249539158,False,5.8830086402220445,1.731035329182589,5.8830086402220445,1.731035329182589,True
4-9-18_Schnable_49-405-js229-361_2018-04-11_04-43-55_9981200,4,47.9663,34.048149914220346,27.6458,32.72136801557525,0.3102172050841629,136.0,0.07009958021019477,False,-13.91815008577965,5.075568015575243,13.91815008577965,5.075568015575243,True
4-9-18_Schnable_49-405-js229-361_2018-04-11_04-43-55_9981200,5,26.6456,29.72890937825629,25.4169,44.09305604939226,0.4233381416061164,197.0,0.13034157232209553,False,3.0833093782562884,18.67615604939226,3.0833093782562884,18.67615604939226,True
4-9-18_Schnable_49-405-js229-361_2018-04-11_04-43-55_9981200,6,30.6763,35.59690836282533,-82.3501,-78.43440164983922,0.12743996687667936,61.0,0.13034157232209553,False,4.92060836282533,3.915698350160767,4.92060836282533,3.915698350160767,True
4-9-18_Schnable_49-405-js229-361_2018-04-11_04-43-55_9981200,7,44.8155,23.716796831762565,-126.344,128.44598282827462,0.30136085913126653,150.0,0.16016794676021914,False,-21.098703168237435,-105.21001717172538,21.098703168237435,105.21001717172538,True
4-9-18_Schnable_49-405-js229-361_2018-04-11_04-43-55_9981200,8,27.5855,36.912409987342954,107.242,-126.88572937631588,0.39604914495625426,189.0,0.16016794676021914,False,9.326909987342955,125.87227062368413,9.326909987342955,125.87227062368413,True
4-9-18_Schnable_49-407-JS225-357_2018-04-11_04-48-23_9981400,0,17.2178,32.429865659527614,-177.442,163.64383883287752,0.20614336364564143,90.0,-0.07841081151227029,False,15.212065659527614,-18.91416116712253,15.212065659527614,18.91416116712253,True
4-9-18_Schnable_49-407-JS225-357_2018-04-11_04-48-23_9981400,1,20.7566,27.73770428892115,-54.1111,-47.85178076076332,0.26261576204935405,123.0,-0.047728331089794934,False,6.981104288921152,6.2593192392366745,6.981104288921152,6.2593192392366745,True
4-9-18_Schnable_49-407-JS225-357_2018-04-11_04-48-23_9981400,2,15.5369,28.615110926506894,10.6958,4.5050775490991555,0.0695912170928287,33.0,-0.0319260517392955,False,13.078210926506895,-6.190722450900836,13.078210926506895,6.190722450900836,True
4-9-18_Schnable_49-407-JS225-357_2018-04-11_04-48-23_9981400,3,23.3177,28.168563132999303,147.817,140.64103977858696,0.3494574303629682,167.0,-0.026257264673107735,False,4.850863132999304,-7.17596022141305,4.850863132999304,7.17596022141305,True
4-9-18_Schnable_49-407-JS225-357_2018-04-11_04-48-23_9981400,4,20.4433,27.22853383316987,2.49682,-11.291911075284759,0.43306627002633413,186.0,0.01639187197474321,False,6.785233833169869,-13.788731075284772,6.785233833169869,13.788731075284772,True
4-9-18_Schnable_49-407-JS225-357_2018-04-11_04-48-23_9981400,5,32.8522,27.927475023774633,151.881,156.76623397960788,0.4907650391155721,219.0,0.09997785292608605,False,-4.92472497622537,4.885233979607875,4.92472497622537,4.885233979607875,True
4-9-18_Schnable_49-407-JS225-357_2018-04-11_04-48-23_9981400,6,22.9883,19.113993473835478,-27.4169,-16.261061123929068,0.4515979088745797,210.0,0.13082679924573482,False,-3.8743065261645206,11.15583887607093,3.8743065261645206,11.15583887607093,True
4-9-18_Schnable_49-407-JS225-357_2018-04-11_04-48-23_9981400,7,24.6358,26.218406004636833,161.372,165.1898557929232,0.17289087647974594,91.0,0.13082679924573482,False,1.5826060046368333,3.817855792923183,1.5826060046368333,3.817855792923183,True
4-9-18_Schnable_49-408-js19-32_2018-04-11_04-50-37_9981500,0,20.6752,27.28206722924726,-166.4,23.523145951094335,0.19849470611047149,85.0,-0.1302566293630469,True,6.6068672292472606,-170.07685404890566,6.6068672292472606,170.07685404890566,True
4-9-18_Schnable_49-408-js19-32_2018-04-11_04-50-37_9981500,1,18.2057,24.753843719722013,0.683415,-9.4935487688997,0.33875514621703273,140.0,-0.040264509903242006,True,6.548143719722013,-10.176963768899697,6.548143719722013,10.176963768899697,True
4-9-18_Schnable_49-408-js19-32_2018-04-11_04-50-37_9981500,2,26.9121,61.24540741214742,156.343,98.48754086177314,0.004898979485566355,1.0,-0.00631721693451957,True,34.33330741214742,-57.85545913822685,34.33330741214742,57.85545913822685,False
4-9-18_Schnable_49-408-js19-32_2018-04-11_04-50-37_9981500,3,17.586,54.20070974871093,16.4562,-14.824669738258763,0.003464101615137761,1.0,-0.00631721693451957,True,36.61470974871093,-31.280869738258758,36.61470974871093,31.280869738258758,False
4-9-18_Schnable_49-408-js19-32_2018-04-11_04-50-37_9981500,4,35.615,40.8727293311809,-24.1608,160.84219584408532,0.20259934789419015,89.0,0.013565320313117392,True,5.257729331180897,-174.99700415591468,5.257729331180897,174.99700415591468,True
4-9-18_Schnable_49-408-js19-32_2018-04-11_04-50-37_9981500,5,24.7808,24.549555702560696,174.385,-160.6307912570402,0.36985399188398027,149.0,0.013565320313117392,True,-0.23124429743930364,24.984208742959822,0.23124429743930364,24.984208742959822,True
4-9-18_Schnable_49-408-js19-32_2018-04-11_04-50-37_9981500,6,16.1754,19.403156968736624,-26.9153,-6.0295802058290064,0.483170860982603,211.0,0.05005167484872568,True,3.2277569687366245,20.885719794170996,3.2277569687366245,20.885719794170996,True
4-9-18_Schnable_49-408-js19-32_2018-04-11_04-50-37_9981500,7,33.4051,14.690903751938933,-172.874,-167.30586677402204,0.44244081338587204,203.0,0.1081826835245073,True,-18.714196248061064,5.5681332259779595,18.714196248061064,5.5681332259779595,True
4-9-18_Schnable_49-408-js19-32_2018-04-11_04-50-37_9981500,8,32.1813,26.753871246900104,-30.5508,16.977554745768828,0.4060192626945166,189.0,0.18451595049719188,True,-5.427428753099896,47.52835474576881,5.427428753099896,47.52835474576881,True
4-9-18_Schnable_49-409-js67-96_2018-04-11_04-52-51_9981600,0,69.1216,70.44587249205111,16.0424,18.43609812119189,0.17420616516628928,77.0,-0.05961394362763497,False,1.324272492051108,2.3936981211919033,1.324272492051108,2.3936981211919033,True
4-9-18_Schnable_49-409-js67-96_2018-04-11_04-52-51_9981600,1,59.8801,64.92658923377503,-170.975,-170.5690767001527,0.3270731416923583,137.0,-0.03228265822900248,False,5.046489233775034,0.40592329984730213,5.046489233775034,0.40592329984730213,True
4-9-18_Schnable_49-409-js67-96_2018-04-11_04-52-51_9981600,2,34.0373,41.18051374035439,3.71137,4.207248178310181,0.3587579152867071,135.0,-0.0160670151166384,False,7.1432137403543905,0.49587817831019265,7.1432137403543905,0.49587817831019265,True
4-9-18_Schnable_49-409-js67-96_2018-04-11_04-52-51_9981600,3,17.3596,30.0002712141158,-170.412,-172.6129619758938,0.43527144562898623,205.0,0.02136766386976029,False,12.640671214115798,-2.20096197589379,12.640671214115798,2.20096197589379,True
4-9-18_Schnable_49-409-js67-96_2018-04-11_04-52-51_9981600,4,23.5096,22.87192273141828,11.2684,-118.55857600630443,0.1411114918284961,67.0,0.13116729731517912,False,-0.6376772685817187,-129.82697600630445,0.6376772685817187,129.82697600630445,True
4-9-18_Schnable_49-409-js67-96_2018-04-11_04-52-51_9981600,5,19.1212,25.07064480739831,-109.411,0.5328946476357146,0.31572367488251646,135.0,0.13116729731517912,False,5.949444807398308,109.94389464763572,5.949444807398308,109.94389464763572,True
4-9-18_Schnable_49-410-js209-328_2018-04-11_04-55-04_9981700,0,36.9834,42.63579230964119,-31.0091,-28.49494601237771,0.20776087265735824,77.0,-0.08259187615622278,False,5.652392309641186,2.5141539876222794,5.652392309641186,2.5141539876222794,True
4-9-18_Schnable_49-410-js209-328_2018-04-11_04-55-04_9981700,1,22.6634,26.745570277368778,142.427,140.99082960888273,0.296103610401373,129.0,-0.05058906375084752,False,4.082170277368778,-1.4361703911172583,4.082170277368778,1.4361703911172583,True
4-9-18_Schnable_49-410-js209-328_2018-04-11_04-55-04_9981700,2,23.2636,26.368600090449718,-63.7749,-58.31438784696529,0.26561584668872196,119.0,-0.002981196673335715,False,3.1050000904497175,5.460512153034699,3.1050000904497175,5.460512153034699,True
4-9-18_Schnable_49-410-js209-328_2018-04-11_04-55-04_9981700,3,22.7059,22.07810861976347,114.738,133.53363164169292,0.3467321731200543,155.0,0.03772710705774014,False,-0.6277913802365305,18.79563164169292,0.6277913802365305,18.79563164169292,True
4-9-18_Schnable_49-410-js209-328_2018-04-11_04-55-04_9981700,4,29.5452,26.87549123615441,-106.465,-97.81813477770483,0.39517405433234143,195.0,0.13955714524845803,False,-2.669708763845591,8.646865222295162,2.669708763845591,8.646865222295162,True
4-9-18_Schnable_49-410-js209-328_2018-04-11_04-55-04_9981700,5,11.0073,25.02817321692733,169.344,140.20347917227298,0.389524256854042,182.0,0.13955714524845803,False,14.020873216927328,-29.140520827727016,14.020873216927328,29.140520827727016,True
4-9-18_Schnable_49-411-JS225-357_2018-04-11_04-57-23_9981800,0,172.321,79.56842731159121,8.47604,8.169928803978166,0.01040976953566137,4.0,-0.11936840698092417,False,-92.75257268840879,-0.30611119602184544,92.75257268840879,0.30611119602184544,False
4-9-18_Schnable_49-411-JS225-357_2018-04-11_04-57-23_9981800,1,28.9598,32.615213319595874,-179.686,-173.69084664070897,0.23288668087886455,110.0,-0.08826505054964241,False,3.6554133195958727,5.995153359291038,3.6554133195958727,5.995153359291038,True
4-9-18_Schnable_49-411-JS225-357_2018-04-11_04-57-23_9981800,2,10.804,16.260201101460822,-22.6459,0.17835168571116355,0.2988333340505125,140.0,-0.052985196270786995,False,5.456201101460822,22.824251685711175,5.456201101460822,22.824251685711175,True
4-9-18_Schnable_49-411-JS225-357_2018-04-11_04-57-23_9981800,3,25.9325,26.2552519102522,161.131,173.69091370799458,0.38316449199203045,207.0,-0.014776886708852008,False,0.3227519102521974,12.559913707994582,0.3227519102521974,12.559913707994582,True
4-9-18_Schnable_49-411-JS225-357_2018-04-11_04-57-23_9981800,4,4.61354,18.238317785986055,-80.8707,177.84369746038874,0.5016274537683244,229.0,0.044427026702287035,False,13.624777785986055,-101.28560253961126,13.624777785986055,101.28560253961126,True
4-9-18_Schnable_49-411-JS225-357_2018-04-11_04-57-23_9981800,5,15.1736,12.804168538384502,79.0063,120.67023779932379,0.22831055657912575,101.0,0.19547403057656454,False,-2.3694314616154983,41.663937799323776,2.3694314616154983,41.663937799323776,True
4-9-18_Schnable_49-411-JS225-357_2018-04-11_04-57-23_9981800,6,16.4599,21.144982526710777,15.3502,27.108252585028367,0.16190716384288079,67.0,0.19547403057656454,False,4.685082526710776,11.758052585028366,4.685082526710776,11.758052585028366,True
4-9-18_Schnable_49-412-JS225-357_2018-04-11_04-59-31_9981900,0,32.3153,34.13918456958729,165.547,165.82319999676372,0.2008628491355701,81.0,-0.09233556547198495,False,1.8238845695872925,0.2761999967637223,1.8238845695872925,0.2761999967637223,True
4-9-18_Schnable_49-412-JS225-357_2018-04-11_04-59-31_9981900,1,34.3588,43.39763883216249,-10.388,-11.941973186102757,0.2641590264476127,119.0,-0.05925514458749744,False,9.03883883216249,-1.553973186102752,9.03883883216249,1.553973186102752,True
4-9-18_Schnable_49-412-JS225-357_2018-04-11_04-59-31_9981900,2,32.7587,40.250303000289506,142.411,139.39228535270394,0.29932636804598706,133.0,-0.03365745735008045,False,7.491603000289508,-3.018714647296065,7.491603000289508,3.018714647296065,True
4-9-18_Schnable_49-412-JS225-357_2018-04-11_04-59-31_9981900,3,23.377,29.27346726828707,-15.9551,-24.432670416096045,0.3858770938836165,168.0,0.02130922704168662,False,5.896467268287072,-8.477570416096057,5.896467268287072,8.477570416096057,True
4-9-18_Schnable_49-412-JS225-357_2018-04-11_04-59-31_9981900,4,29.7337,31.859468324919817,163.773,157.48329465642297,0.2582095102507771,122.0,0.05182315066145348,False,2.125768324919818,-6.289705343577026,2.125768324919818,6.289705343577026,True
4-9-18_Schnable_49-412-JS225-357_2018-04-11_04-59-31_9981900,5,24.0129,25.226973252531877,-172.297,171.66774101446669,0.22500616581642796,107.0,0.13322530552025907,False,1.214073252531879,-16.035258985533346,1.214073252531879,16.035258985533346,True
4-9-18_Schnable_49-412-JS225-357_2018-04-11_04-59-31_9981900,6,15.1174,13.74497772714426,-68.9084,-65.33970028939119,0.1668271546055808,87.0,0.13322530552025907,False,-1.37242227285574,3.5686997106088256,1.37242227285574,3.5686997106088256,True
4-9-18_Schnable_49-413-js146-212_2018-04-11_05-01-45_9982000,0,37.2732,41.91245493190304,17.3711,14.655431608577885,0.3004399304873626,128.0,-0.07181916489816527,False,4.639254931903039,-2.7156683914221276,4.639254931903039,2.7156683914221276,True
4-9-18_Schnable_49-413-js146-212_2018-04-11_05-01-45_9982000,1,24.1407,28.991993832553668,141.499,142.49233336320287,0.3278822591348881,149.0,-0.030105926485827158,False,4.851293832553669,0.9933333632028791,4.851293832553669,0.9933333632028791,True
4-9-18_Schnable_49-413-js146-212_2018-04-11_05-01-45_9982000,2,31.6405,34.19289009506193,-23.1733,-1.779937627603914,0.4349079355202461,199.0,0.00726999132297131,False,2.552390095061927,21.393362372396098,2.552390095061927,21.393362372396098,True
4-9-18_Schnable_49-413-js146-212_2018-04-11_05-01-45_9982000,3,17.5457,17.886960625475467,32.0346,-33.776631544287426,0.41751293729823064,192.0,0.07239399372017964,False,0.3412606254754671,-65.81123154428742,0.3412606254754671,65.81123154428742,True
4-9-18_Schnable_49-413-js146-212_2018-04-11_05-01-45_9982000,4,25.948,7.825774754586888,176.844,44.17894444761424,0.22023792076457643,95.0,0.138129526126435,False,-18.122225245413112,-132.66505555238575,18.122225245413112,132.66505555238575,True
4-9-18_Schnable_49-413-js146-212_2018-04-11_05-01-45_9982000,5,8.26223,25.687166442841743,8.98611,176.6791961898722,0.36976013387742185,156.0,0.138129526126435,False,17.42493644284174,167.6930861898722,17.42493644284174,167.6930861898722,True
4-9-18_Schnable_49-415-js92-129_2018-04-11_05-06-13_9982200,0,140.935,37.70158502714223,-173.098,-26.900647014369042,0.11511546152658036,56.0,-0.04393026944352424,False,-103.23341497285777,146.19735298563097,103.23341497285777,146.19735298563097,True
4-9-18_Schnable_49-415-js92-129_2018-04-11_05-06-13_9982200,1,15.5728,36.43238680560616,110.689,179.6140230470345,0.32138714090360476,140.0,0.0022127296476632217,False,20.859586805606156,68.9250230470345,20.859586805606156,68.9250230470345,True
4-9-18_Schnable_49-415-js92-129_2018-04-11_05-06-13_9982200,2,50.2735,34.58193158746688,-23.6397,-8.665157208830152,0.3594601750774375,147.0,0.030134787326624203,False,-15.691568412533115,14.974542791169853,15.691568412533115,14.974542791169853,True
4-9-18_Schnable_49-415-js92-129_2018-04-11_05-06-13_9982200,3,9.05358,34.42515704888203,160.867,-170.595311024045,0.1781711658038214,66.0,0.05634740503758934,False,25.371577048882028,28.537688975955007,25.371577048882028,28.537688975955007,True
4-9-18_Schnable_49-415-js92-129_2018-04-11_05-06-13_9982200,4,33.7097,16.964061953562634,-14.0038,-161.23556912903638,0.14919187983853585,63.0,0.09800039598357252,False,-16.745638046437364,-147.23176912903637,16.745638046437364,147.23176912903637,True
4-9-18_Schnable_49-415-js92-129_2018-04-11_05-06-13_9982200,5,10.4736,22.89769993515877,-1.80424,-12.059066172254916,0.2727864521986355,121.0,0.09800039598357252,False,12.42409993515877,-10.254826172254923,12.42409993515877,10.254826172254923,True
4-9-18_Schnable_49-416-js230-367_2018-04-11_05-08-26_9982300,0,18.8683,21.070457282849503,29.0322,19.244632547024594,0.2511529736294172,114.0,-0.19456309349582446,False,2.2021572828495017,-9.787567452975395,2.2021572828495017,9.787567452975395,True
4-9-18_Schnable_49-416-js230-367_2018-04-11_05-08-26_9982300,1,22.0409,23.82646679088964,-178.443,162.61358323443324,0.3418184036374162,151.0,-0.15356145159733384,False,1.7855667908896393,-18.94341676556678,1.7855667908896393,18.94341676556678,True
4-9-18_Schnable_49-416-js230-367_2018-04-11_05-08-26_9982300,2,19.9263,21.185434781768137,-26.2669,-22.13065135656717,0.40113037896564063,168.0,-0.07887090707488231,False,1.259134781768136,4.136248643432822,1.259134781768136,4.136248643432822,True
4-9-18_Schnable_49-416-js230-367_2018-04-11_05-08-26_9982300,3,15.235,17.785343853386323,43.1735,76.3282317347747,0.148675291593447,52.0,-0.07887090707488231,False,2.550343853386323,33.154731734774714,2.550343853386323,33.154731734774714,True
4-9-18_Schnable_49-416-js230-367_2018-04-11_05-08-26_9982300,4,28.4146,24.350356089405864,154.526,157.19671403414452,0.4217870944047655,194.0,-0.04486933915541925,False,-4.064243910594136,2.6707140341445097,4.064243910594136,2.6707140341445097,True
4-9-18_Schnable_49-416-js230-367_2018-04-11_05-08-26_9982300,5,26.3501,20.19772428293787,-14.2002,-14.274940421915062,0.5409150665578598,228.0,0.009392372184863652,False,-6.152375717062132,-0.07474042191506669,6.152375717062132,0.07474042191506669,True
4-9-18_Schnable_49-416-js230-367_2018-04-11_05-08-26_9982300,6,44.0662,76.12868772881069,30.3917,16.642966235896722,0.04216632241586312,19.0,0.04248175124665492,False,32.06248772881069,-13.748733764103292,32.06248772881069,13.748733764103292,False
4-9-18_Schnable_49-416-js230-367_2018-04-11_05-08-26_9982300,7,50.4916,32.86192312333099,162.786,140.97971471547226,0.5514291642568369,238.0,0.11775868629153806,False,-17.62967687666901,-21.806285284527746,17.62967687666901,21.806285284527746,True
4-9-18_Schnable_49-416-js230-367_2018-04-11_05-08-26_9982300,8,33.397,32.38272191837396,160.617,157.289422873685,0.228850026425766,108.0,0.14848937022386482,False,-1.0142780816260384,-3.327577126314992,1.0142780816260384,3.327577126314992,True
4-9-18_Schnable_49-416-js230-367_2018-04-11_05-08-26_9982300,9,19.967,27.96397376467756,-98.0454,-95.11031312342851,0.1487921948679021,73.0,0.2328644821900486,False,7.996973764677563,2.9350868765714893,7.996973764677563,2.9350868765714893,True
4-9-18_Schnable_49-416-js230-367_2018-04-11_05-08-26_9982300,10,35.1524,26.877185182734735,31.8192,33.49766885057858,0.47841175487582666,195.0,0.2328644821900486,False,-8.275214817265265,1.6784688505785823,8.275214817265265,1.6784688505785823,True
4-9-18_Schnable_49-417-JS225-357_2018-04-11_05-10-42_9982400,0,79.907,8.006689856371352,28.3883,-90.37572895509925,0.12400607060411836,56.0,-0.16421790519665172,True,-71.90031014362864,-118.76402895509925,71.90031014362864,118.76402895509925,True
4-9-18_Schnable_49-417-JS225-357_2018-04-11_05-10-42_9982400,1,20.5797,54.431697263627214,169.169,-172.32795015690198,0.21306654900517072,96.0,-0.13328308371306324,True,33.85199726362721,18.503049843097983,33.85199726362721,18.503049843097983,True
4-9-18_Schnable_49-417-JS225-357_2018-04-11_05-10-42_9982400,2,23.0772,49.78158064911901,23.2017,177.09093115540344,0.3019055374549966,131.0,-0.019998967454508403,True,26.704380649119006,153.88923115540342,26.704380649119006,153.88923115540342,True
4-9-18_Schnable_49-417-JS225-357_2018-04-11_05-10-42_9982400,3,15.6527,3.1897246109399475,-163.61,50.437491683276875,0.2702989899032984,125.0,0.015632793727346807,True,-12.462975389060052,-145.95250831672308,12.462975389060052,145.95250831672308,True
4-9-18_Schnable_49-417-JS225-357_2018-04-11_05-10-42_9982400,4,16.871,15.01370370235081,-8.61021,144.32257610322324,0.13165903831531092,64.0,0.06700728398039507,True,-1.8572962976491887,152.93278610322324,1.8572962976491887,152.93278610322324,True
4-9-18_Schnable_49-417-JS225-357_2018-04-11_05-10-42_9982400,5,25.5891,48.3016727837032,-168.46,178.05064484280228,0.35310003035881654,160.0,0.06700728398039507,True,22.712572783703198,-13.489355157197679,22.712572783703198,13.489355157197679,True
4-9-18_Schnable_49-417-JS225-357_2018-04-11_05-10-42_9982400,6,23.3452,68.40141409283508,6.39732,-14.918540066656647,0.005656854249492365,2.0,0.18184105153791033,True,45.056214092835084,-21.315860066656654,45.056214092835084,21.315860066656654,False
4-9-18_Schnable_49-417-JS225-357_2018-04-11_05-10-42_9982400,7,11.5204,92.08153913191227,-158.358,-104.094068651317,0.004828427124746193,2.0,0.18184105153791033,True,80.56113913191227,54.263931348683,80.56113913191227,54.263931348683,False
4-9-18_Schnable_49-418-js33-3-57_2018-04-11_05-12-56_9982500,0,58.1216,47.42355446142494,7.01286,-35.03762498938539,0.19772256941706368,88.0,-0.01386272880237222,True,-10.698045538575059,-42.05048498938538,10.698045538575059,42.05048498938538,True
4-9-18_Schnable_49-418-js33-3-57_2018-04-11_05-12-56_9982500,1,44.1259,44.539721509377735,144.505,176.0384669616966,0.2718447789690659,119.0,0.006233443669234421,True,0.4138215093777333,31.533466961696604,0.4138215093777333,31.533466961696604,True
4-9-18_Schnable_49-418-js33-3-57_2018-04-11_05-12-56_9982500,2,37.9887,42.63397961304404,-5.30048,3.9419565974496606,0.2985827853841132,122.0,0.04195134529211723,True,4.645279613044039,9.242436597449654,4.645279613044039,9.242436597449654,True
4-9-18_Schnable_49-418-js33-3-57_2018-04-11_05-12-56_9982500,3,39.982,16.85985041254608,-173.75,-153.39229377528494,0.36919970769425503,163.0,0.08360928179062307,True,-23.12214958745392,20.35770622471506,23.12214958745392,20.35770622471506,True
4-9-18_Schnable_49-418-js33-3-57_2018-04-11_05-12-56_9982500,4,15.2395,6.588917454003578,-102.628,15.128652147530602,0.4060825900931837,185.0,0.08360928179062307,True,-8.650582545996421,117.75665214753059,8.650582545996421,117.75665214753059,True
4-9-18_Schnable_49-419-js220-345_2018-04-11_05-15-09_9982600,0,37.4119,30.303547291899214,27.4164,-17.40845217990659,0.17802390010622926,72.0,-0.07942374988345399,True,-7.108352708100789,-44.8248521799066,7.108352708100789,44.8248521799066,True
4-9-18_Schnable_49-419-js220-345_2018-04-11_05-15-09_9982600,1,29.5305,29.999875829409838,160.438,-146.17353752812647,0.23934937260252978,109.0,-0.03682848155916247,True,0.469375829409838,53.38846247187354,0.469375829409838,53.38846247187354,True
4-9-18_Schnable_49-419-js220-345_2018-04-11_05-15-09_9982600,2,25.4934,28.651096590766997,33.533,-3.255254414914816,0.34792456060281174,153.0,-0.011309640452323905,True,3.157696590766996,-36.78825441491483,3.157696590766996,36.78825441491483,True
4-9-18_Schnable_49-419-js220-345_2018-04-11_05-15-09_9982600,3,24.3799,21.36592300081314,176.033,-176.24198970928245,0.38571967407339847,177.0,0.045421897335379324,True,-3.013976999186859,7.7250102907175915,3.013976999186859,7.7250102907175915,True
4-9-18_Schnable_49-419-js220-345_2018-04-11_05-15-09_9982600,4,20.1125,26.67839269376004,21.4699,4.625226598589052,0.2837075195367355,143.0,0.11087553891355276,True,6.565892693760038,-16.844673401410944,6.565892693760038,16.844673401410944,True
4-9-18_Schnable_49-419-js220-345_2018-04-11_05-15-09_9982600,5,14.8964,21.678922801551167,167.738,177.12865057846,0.23976155745049102,129.0,0.14921388986504563,True,6.782522801551167,9.390650578459997,6.782522801551167,9.390650578459997,True
4-9-18_Schnable_49-419-js220-345_2018-04-11_05-15-09_9982600,6,21.8532,19.152520586679444,-7.98016,25.11140458175197,0.1393789968876017,68.0,0.14921388986504563,True,-2.7006794133205574,33.09156458175198,2.7006794133205574,33.09156458175198,True
4-9-18_Schnable_49-420-js49-1-78_2018-04-11_05-17-23_9982700,0,49.8755,52.368462819954274,155.35,159.7171217435374,0.1677775904268479,71.0,-0.08212582114697112,False,2.492962819954272,4.36712174353741,2.492962819954272,4.36712174353741,True
4-9-18_Schnable_49-420-js49-1-78_2018-04-11_05-17-23_9982700,1,48.9205,52.888943472349695,65.4648,61.38030213776426,0.22415631864609614,91.0,-0.055982710604404955,False,3.9684434723496977,-4.084497862235736,3.9684434723496977,4.084497862235736,True
4-9-18_Schnable_49-420-js49-1-78_2018-04-11_05-17-23_9982700,2,47.8312,52.59111950841613,-178.854,-179.28289019392238,0.24076847560693912,94.0,-0.018267835912170804,False,4.759919508416125,-0.4288901939223706,4.759919508416125,0.4288901939223706,True
4-9-18_Schnable_49-420-js49-1-78_2018-04-11_05-17-23_9982700,3,36.157,43.94600313822674,57.701,49.849078090942726,0.2800468461424416,131.0,0.004048525363483416,False,7.789003138226747,-7.851921909057268,7.789003138226747,7.851921909057268,True
4-9-18_Schnable_49-420-js49-1-78_2018-04-11_05-17-23_9982700,4,32.9754,34.10512203511963,-172.44,-171.11790106969613,0.2981865960734299,129.0,0.03985222765473698,False,1.1297220351196273,1.3220989303038664,1.1297220351196273,1.3220989303038664,True
4-9-18_Schnable_49-420-js49-1-78_2018-04-11_05-17-23_9982700,5,35.3788,27.81781419572441,35.5467,-150.67016893332814,0.2587308346183571,111.0,0.15043273607473978,False,-7.560985804275589,173.78313106667184,7.560985804275589,173.78313106667184,True
4-9-18_Schnable_49-420-js49-1-78_2018-04-11_05-17-23_9982700,6,28.3231,36.490376864554946,-146.205,29.77542696732047,0.33230775636299864,165.0,0.15043273607473978,False,8.167276864554946,175.98042696732045,8.167276864554946,175.98042696732045,True
4-9-18_Schnable_49-421-js80-112_2018-04-11_05-19-37_9982800,0,39.7165,44.04074020615282,-175.588,-177.4711974539255,0.30061215612797815,119.0,-0.012193128941476932,False,4.324240206152815,-1.8831974539255043,4.324240206152815,1.8831974539255043,True
4-9-18_Schnable_49-421-js80-112_2018-04-11_05-19-37_9982800,1,27.795,34.379139320938805,-6.13468,-7.756891080091151,0.42614943044551773,186.0,0.04427057904703956,False,6.584139320938803,-1.622211080091148,6.584139320938803,1.622211080091148,True
4-9-18_Schnable_49-421-js80-112_2018-04-11_05-19-37_9982800,2,21.7967,27.88295129723884,-167.581,-177.4851986780233,0.5251694114202784,224.0,0.08285880028889808,False,6.086251297238839,-9.904198678023306,6.086251297238839,9.904198678023306,True
4-9-18_Schnable_49-421-js80-112_2018-04-11_05-19-37_9982800,3,4.00917,19.91574455432209,148.366,-3.0125510611928803,0.46169143099491405,200.0,0.13337028365111894,False,15.906574554322088,-151.3785510611929,15.906574554322088,151.3785510611929,True
4-9-18_Schnable_49-421-js80-112_2018-04-11_05-19-37_9982800,4,15.7596,5.153846124417825,2.1275,177.91136551080695,0.5253662917895742,238.0,0.13337028365111894,False,-10.605753875582176,175.78386551080695,10.605753875582176,175.78386551080695,True
4-9-18_Schnable_49-422-js158-227_2018-04-11_05-21-52_9982900,0,45.046,30.718427649091034,38.116,60.7431293798559,0.19136967641183847,89.0,-0.09690056932625449,True,-14.327572350908966,22.627129379855887,14.327572350908966,22.627129379855887,True
4-9-18_Schnable_49-422-js158-227_2018-04-11_05-21-52_9982900,1,25.6137,28.52262146083381,-118.644,179.9101119729105,0.33202950331081127,142.0,-0.06545285307249961,True,2.9089214608338096,-61.445888027089495,2.9089214608338096,61.445888027089495,True
4-9-18_Schnable_49-422-js158-227_2018-04-11_05-21-52_9982900,2,26.3369,24.609453898439256,-0.0803145,10.90426613402309,0.3043889553641939,138.0,-0.043094148652316984,True,-1.7274461015607443,10.984580634023075,1.7274461015607443,10.984580634023075,True
4-9-18_Schnable_49-422-js158-227_2018-04-11_05-21-52_9982900,3,26.0147,30.29572197450605,-163.052,174.54831933956012,0.32809497037588276,143.0,-0.015489734461964088,True,4.28102197450605,-22.399680660439913,4.28102197450605,22.399680660439913,True
4-9-18_Schnable_49-422-js158-227_2018-04-11_05-21-52_9982900,4,33.0419,22.414272029860143,-29.0841,-6.077818314019396,0.4659723691666616,211.0,0.022867267466920485,True,-10.627627970139855,23.00628168598061,10.627627970139855,23.00628168598061,True
4-9-18_Schnable_49-422-js158-227_2018-04-11_05-21-52_9982900,5,21.5028,37.57031550741692,170.775,-179.52060269534286,0.39268631423735456,180.0,0.15678796122854144,True,16.06751550741692,9.704397304657164,16.06751550741692,9.704397304657164,True
4-9-18_Schnable_49-422-js158-227_2018-04-11_05-21-52_9982900,6,29.0059,30.924684661257302,4.99694,-75.68063869411537,0.3018962223772056,117.0,0.15678796122854144,True,1.9187846612573018,-80.67757869411537,1.9187846612573018,80.67757869411537,True
4-9-18_Schnable_49-423-js174-3-252_2018-04-11_05-24-06_9983000,0,23.7889,29.422468525440763,-11.8805,-6.986733834469931,0.24150433301340551,106.0,-0.07020651919361318,False,5.6335685254407615,4.8937661655300815,5.6335685254407615,4.8937661655300815,True
4-9-18_Schnable_49-423-js174-3-252_2018-04-11_05-24-06_9983000,1,32.8992,39.56790245728063,176.958,176.46471704249217,0.2830359212221151,123.0,-0.04392465722962,False,6.668702457280631,-0.49328295750783013,6.668702457280631,0.49328295750783013,True
4-9-18_Schnable_49-423-js174-3-252_2018-04-11_05-24-06_9983000,2,23.7974,28.343121346092353,-1.6751,-1.833951674262579,0.3156320634279188,141.0,-0.020113230711732166,False,4.545721346092353,-0.15885167426259272,4.545721346092353,0.15885167426259272,True
4-9-18_Schnable_49-423-js174-3-252_2018-04-11_05-24-06_9983000,3,31.4521,34.789271650097355,-179.222,176.70927990290323,0.2776139585241552,109.0,-0.01797310011000351,False,3.3371716500973534,-4.06872009709673,3.3371716500973534,4.06872009709673,True
4-9-18_Schnable_49-423-js174-3-252_2018-04-11_05-24-06_9983000,4,15.5929,24.06450265529567,4.12749,-18.524716469988476,0.41003139070144434,179.0,0.04191971304812341,False,8.47160265529567,-22.65220646998847,8.47160265529567,22.65220646998847,True
4-9-18_Schnable_49-423-js174-3-252_2018-04-11_05-24-06_9983000,5,19.4966,27.30748056511581,163.706,178.9903500403284,0.3742793676516243,152.0,0.1441825498610059,False,7.810880565115809,15.284350040328405,7.810880565115809,15.284350040328405,True
4-9-18_Schnable_49-423-js174-3-252_2018-04-11_05-24-06_9983000,6,29.9037,30.942868680933096,-15.2822,-9.865666359327548,0.21602983272884674,89.0,0.1441825498610059,False,1.039168680933095,5.416533640672441,1.039168680933095,5.416533640672441,True
4-9-18_Schnable_49-424-js256-410_2018-04-11_05-26-20_9983100,0,20.8385,24.830941135403847,157.696,162.78816018421685,0.259519111960548,114.0,-0.037161848536081954,False,3.9924411354038476,5.092160184216851,3.9924411354038476,5.092160184216851,True
4-9-18_Schnable_49-424-js256-410_2018-04-11_05-26-20_9983100,1,22.3485,27.105254179835157,-14.3166,-14.235292887235346,0.30666550865794207,134.0,-0.0028844535677154098,False,4.756754179835156,0.08130711276464808,4.756754179835156,0.08130711276464808,True
4-9-18_Schnable_49-424-js256-410_2018-04-11_05-26-20_9983100,2,25.5122,27.40184269145555,-179.119,173.21939916538338,0.3336718103822621,148.0,0.024984690297453538,False,1.889642691455549,-7.661600834616593,1.889642691455549,7.661600834616593,True
4-9-18_Schnable_49-424-js256-410_2018-04-11_05-26-20_9983100,3,24.1252,25.701864010870096,-42.2869,-31.893649110016156,0.3273053180880951,149.0,0.05536974473472962,False,1.5766640108700969,10.393250889983847,1.5766640108700969,10.393250889983847,True
4-9-18_Schnable_49-424-js256-410_2018-04-11_05-26-20_9983100,4,19.5559,21.98210272741234,169.633,168.35349730491117,0.305668371865212,140.0,0.09905343698641489,False,2.4262027274123383,-1.279502695088837,2.4262027274123383,1.279502695088837,True
4-9-18_Schnable_49-424-js256-410_2018-04-11_05-26-20_9983100,5,36.9831,53.196438595744794,-55.5764,-73.93985382725145,0.11073181268486089,54.0,0.1149483650002407,False,16.213338595744794,-18.363453827251448,16.213338595744794,18.363453827251448,True
4-9-18_Schnable_49-424-js256-410_2018-04-11_05-26-20_9983100,6,25.0206,25.735970057948563,-46.0527,-34.68571544788719,0.2578986249083026,106.0,0.1271353481021201,False,0.7153700579485616,11.366984552112797,0.7153700579485616,11.366984552112797,True
4-9-18_Schnable_49-424-js256-410_2018-04-11_05-26-20_9983100,7,11.4683,24.966274066768037,-170.516,176.45826915058035,0.11733950809344151,57.0,0.1271353481021201,False,13.497974066768037,-13.025730849419688,13.497974066768037,13.025730849419688,True
4-9-18_Schnable_49-425-JS233-371_2018-04-11_05-28-33_9983200,0,32.9872,37.69488325759022,171.205,165.9735240805046,0.21118740767523755,84.0,-0.12503281866688853,False,4.707683257590219,-5.231475919495409,4.707683257590219,5.231475919495409,True
4-9-18_Schnable_49-425-JS233-371_2018-04-11_05-28-33_9983200,1,43.4755,48.30973259277771,0.211048,-2.473826347812519,0.28492523174712997,123.0,-0.08498895901699483,False,4.834232592777717,-2.6848743478125243,4.834232592777717,2.6848743478125243,True
4-9-18_Schnable_49-425-JS233-371_2018-04-11_05-28-33_9983200,2,29.7055,39.607078658201274,179.873,179.17364781740594,0.3481167862512873,139.0,-0.03900811920189271,False,9.901578658201274,-0.6993521825940547,9.901578658201274,0.6993521825940547,True
4-9-18_Schnable_49-425-JS233-371_2018-04-11_05-28-33_9983200,3,26.8073,30.42854902469915,-4.88057,-7.166195535730594,0.4079256350118907,185.0,0.023026262769586026,False,3.62124902469915,-2.2856255357305884,3.62124902469915,2.2856255357305884,True
4-9-18_Schnable_49-425-JS233-371_2018-04-11_05-28-33_9983200,4,34.2282,27.03754047495137,-175.209,-170.88519505362765,0.3872202014876631,169.0,0.10297039106335151,False,-7.1906595250486305,4.3238049463723485,7.1906595250486305,4.3238049463723485,True
4-9-18_Schnable_49-425-JS233-371_2018-04-11_05-28-33_9983200,5,27.1379,24.458545749190478,-11.8303,-23.611020271684822,0.28536127467346406,132.0,0.14501870229026825,False,-2.6793542508095207,-11.780720271684828,2.6793542508095207,11.780720271684828,True
4-9-18_Schnable_49-425-JS233-371_2018-04-11_05-28-33_9983200,6,23.4334,22.512218885899273,160.038,150.52327183938303,0.15211714153866093,68.0,0.14501870229026825,False,-0.921181114100726,-9.514728160616983,0.921181114100726,9.514728160616983,True
4-9-18_Schnable_49-426-js15-28_2018-04-11_05-30-47_9983300,0,17.4131,20.571690436480935,-101.815,-101.38363984896273,0.21352255238555873,98.0,-0.1450924354387953,False,3.158590436480935,0.43136015103726777,3.158590436480935,0.43136015103726777,True
4-9-18_Schnable_49-426-js15-28_2018-04-11_05-30-47_9983300,1,27.1085,29.884530113234476,-33.9133,-30.99892344053839,0.26688792984581,126.0,-0.09424918513300576,False,2.7760301132344765,2.9143765594616013,2.7760301132344765,2.9143765594616013,True
4-9-18_Schnable_49-426-js15-28_2018-04-11_05-30-47_9983300,2,13.1661,17.80043426042404,-126.71,-148.22701409629727,0.34631601068381407,153.0,-0.045007556863493205,False,4.6343342604240405,-21.51701409629726,4.6343342604240405,21.51701409629726,True
4-9-18_Schnable_49-426-js15-28_2018-04-11_05-30-47_9983300,3,31.503,32.69283311669599,-2.77775,7.514815267263543,0.3253634546926559,157.0,0.03719745348282299,False,1.1898331166959863,10.29256526726354,1.1898331166959863,10.29256526726354,True
4-9-18_Schnable_49-426-js15-28_2018-04-11_05-30-47_9983300,4,20.3814,15.766920074296934,4.32864,16.469910453893647,0.5314858101827836,278.0,0.07823343175403413,False,-4.6144799257030655,12.14127045389364,4.6144799257030655,12.14127045389364,True
4-9-18_Schnable_49-426-js15-28_2018-04-11_05-30-47_9983300,5,39.4398,4.733547491711576,-161.692,93.28169551957467,0.49905586844391125,228.0,0.18753793930271545,False,-34.70625250828842,-105.02630448042532,34.70625250828842,105.02630448042532,True
4-9-18_Schnable_49-426-js15-28_2018-04-11_05-30-47_9983300,6,8.58291,33.6876180680796,3.18186,-167.30794553482494,0.32907188054506753,148.0,0.18753793930271545,False,25.104708068079603,-170.48980553482494,25.104708068079603,170.48980553482494,True
4-9-18_Schnable_49-427-js5-13_2018-04-11_05-33-01_9983400,0,27.5941,34.17683286461139,10.0466,9.57969275464285,0.1737342082299551,76.0,-0.14618404984932779,False,6.5827328646113905,-0.466907245357163,6.5827328646113905,0.466907245357163,True
4-9-18_Schnable_49-427-js5-13_2018-04-11_05-33-01_9983400,1,14.1264,28.598463870542,2.67304,19.48024215433287,0.3442951682053927,164.0,-0.12610549012105243,False,14.472063870541998,16.807202154332856,14.472063870541998,16.807202154332856,True
4-9-18_Schnable_49-427-js5-13_2018-04-11_05-33-01_9983400,2,22.4604,26.25679358437211,135.055,145.74442540229626,0.22920959107206432,99.0,-0.10947231869652849,False,3.7963935843721117,10.689425402296251,3.7963935843721117,10.689425402296251,True
4-9-18_Schnable_49-427-js5-13_2018-04-11_05-33-01_9983400,3,21.4122,23.876864474528844,-36.7548,2.101227942575349,0.4167211252094541,213.0,-0.0772357279486304,False,2.4646644745288455,38.85602794257534,2.4646644745288455,38.85602794257534,True
4-9-18_Schnable_49-427-js5-13_2018-04-11_05-33-01_9983400,4,26.4503,24.72612509163244,167.983,159.9344589623655,0.33364189647887454,160.0,-0.03953684541872731,False,-1.7241749083675586,-8.048541037634493,1.7241749083675586,8.048541037634493,True
4-9-18_Schnable_49-427-js5-13_2018-04-11_05-33-01_9983400,5,42.2591,33.253408004431364,27.5026,10.419308229353476,0.4000033136013576,206.0,0.09798038760819758,False,-9.005691995568633,-17.083291770646525,9.005691995568633,17.083291770646525,True
4-9-18_Schnable_49-427-js5-13_2018-04-11_05-33-01_9983400,6,21.2914,22.61406492626722,-22.1054,-42.53056897967517,0.17728301863204265,79.0,0.09798038760819758,False,1.322664926267219,-20.425168979675163,1.322664926267219,20.425168979675163,True
4-9-18_Schnable_49-427-js5-13_2018-04-11_05-33-01_9983400,7,26.3344,20.62528758069824,-95.8436,-125.74179854192008,0.2783976726120097,130.0,0.1635884559666484,False,-5.709112419301757,-29.898198541920067,5.709112419301757,29.898198541920067,True
4-9-18_Schnable_49-427-js5-13_2018-04-11_05-33-01_9983400,8,66.5097,32.68447071209695,172.424,-166.28540015379022,0.2996351518918521,146.0,0.1635884559666484,False,-33.82522928790304,21.290599846209773,33.82522928790304,21.290599846209773,True
4-9-18_Schnable_49-428-js293-385_2018-04-11_05-35-14_9983500,0,12.1625,22.438140199278777,-141.235,-149.58325426857786,0.3138595735785301,147.0,-0.11935468885189769,False,10.275640199278778,-8.348254268577847,10.275640199278778,8.348254268577847,True
4-9-18_Schnable_49-428-js293-385_2018-04-11_05-35-14_9983500,1,24.1575,28.755620794463418,49.7426,49.48950752954221,0.36287741662129613,157.0,-0.053215497594275726,False,4.598120794463419,-0.25309247045780126,4.598120794463419,0.25309247045780126,True
4-9-18_Schnable_49-428-js293-385_2018-04-11_05-35-14_9983500,2,30.1439,29.27362042486834,-135.975,-154.54980311302393,0.3878152534873752,172.0,-0.01772499780428043,False,-0.8702795751316579,-18.574803113023933,0.8702795751316579,18.574803113023933,True
4-9-18_Schnable_49-428-js293-385_2018-04-11_05-35-14_9983500,3,28.8476,28.455881178491005,-167.156,-161.9889799103148,0.2364687961730118,107.0,0.02042714479716006,False,-0.39171882150899506,5.167020089685195,0.39171882150899506,5.167020089685195,True
4-9-18_Schnable_49-428-js293-385_2018-04-11_05-35-14_9983500,4,31.0042,23.548227772880097,77.53,38.96083332537097,0.3591217262330564,148.0,0.07731447353163413,False,-7.455972227119904,-38.56916667462903,7.455972227119904,38.56916667462903,True
4-9-18_Schnable_49-428-js293-385_2018-04-11_05-35-14_9983500,5,19.8824,22.1645550373119,22.4717,24.66193112278023,0.23624913212537318,109.0,0.13731413354911456,False,2.282155037311899,2.190231122780233,2.282155037311899,2.190231122780233,True
4-9-18_Schnable_49-428-js293-385_2018-04-11_05-35-14_9983500,6,19.0869,20.06719726606292,-116.481,-119.17612164494562,0.13921774623006042,69.0,0.13731413354911456,False,0.9802972660629194,-2.6951216449456297,0.9802972660629194,2.6951216449456297,True
4-9-18_Schnable_49-429-JS233-371_2018-04-11_05-37-28_9983600,0,22.6076,26.262996023397122,-50.3745,-51.044537635923035,0.2178081991142104,97.0,-0.11115932478487231,False,3.6553960233971203,-0.6700376359230518,3.6553960233971203,0.6700376359230518,True
4-9-18_Schnable_49-429-JS233-371_2018-04-11_05-37-28_9983600,1,29.2713,32.898553534085025,-123.735,-124.47852568070942,0.27801284770541146,121.0,-0.08090007947905657,False,3.6272535340850247,-0.7435256807094106,3.6272535340850247,0.7435256807094106,True
4-9-18_Schnable_49-429-JS233-371_2018-04-11_05-37-28_9983600,2,25.5053,29.151439622323025,8.50224,7.906050312553418,0.34148377637821764,158.0,-0.04335972304507731,False,3.6461396223230267,-0.5961896874465822,3.6461396223230267,0.5961896874465822,True
4-9-18_Schnable_49-429-JS233-371_2018-04-11_05-37-28_9983600,3,23.0531,24.17729439752563,-169.521,-169.37277964934594,0.3568922111632336,155.0,-0.004191868358500554,False,1.1241943975256277,0.14822035065404293,1.1241943975256277,0.14822035065404293,True
4-9-18_Schnable_49-429-JS233-371_2018-04-11_05-37-28_9983600,4,24.2142,24.137678968136086,43.0668,32.634241890984924,0.4317461772261005,196.0,0.037930519339354284,False,-0.07652103186391557,-10.432558109015076,0.07652103186391557,10.432558109015076,True
4-9-18_Schnable_49-429-JS233-371_2018-04-11_05-37-28_9983600,5,21.8944,36.07254276485295,-50.3978,-52.39097287011029,0.10898646773189513,62.0,0.07262469553258032,False,14.178142764852947,-1.9931728701102998,14.178142764852947,1.9931728701102998,True
4-9-18_Schnable_49-429-JS233-371_2018-04-11_05-37-28_9983600,6,35.2663,16.243018919281624,-63.7696,-137.2362083365171,0.4457267222815158,193.0,0.1559663298981023,False,-19.023281080718377,-73.46660833651711,19.023281080718377,73.46660833651711,True
4-9-18_Schnable_49-429-JS233-371_2018-04-11_05-37-28_9983600,7,38.7652,35.14021710351282,-13.6981,27.764314253721125,0.36469027568455503,164.0,0.1559663298981023,False,-3.6249828964871824,41.462414253721136,3.6249828964871824,41.462414253721136,True
4-9-18_Schnable_49-430-js32-54_2018-04-11_05-39-43_9983700,0,26.1593,38.96773390864305,-43.0988,174.37119624353795,0.28499121206591077,117.0,-0.03882518699055619,True,12.808433908643046,-142.53000375646207,12.808433908643046,142.53000375646207,True
4-9-18_Schnable_49-430-js32-54_2018-04-11_05-39-43_9983700,1,43.5858,30.314929922066945,147.995,178.62813140605874,0.23802724310641535,113.0,0.02079373798867463,True,-13.270870077933054,30.633131406058737,13.270870077933054,30.633131406058737,True
4-9-18_Schnable_49-430-js32-54_2018-04-11_05-39-43_9983700,2,23.1352,67.16300602209841,-43.0102,-4.702964016853912,0.1730641314439004,74.0,0.08760289887062002,True,44.02780602209842,38.307235983146086,44.02780602209842,38.307235983146086,True
4-9-18_Schnable_49-430-js32-54_2018-04-11_05-39-43_9983700,3,21.7925,88.04313365034304,158.415,68.82569185938041,0.009403507047874486,4.0,0.08760289887062002,True,66.25063365034303,-89.58930814061958,66.25063365034303,89.58930814061958,False
4-9-18_Schnable_49-430-js32-54_2018-04-11_05-39-43_9983700,4,11.6107,11.951157148917062,32.6377,1.9286322518691748,0.19053468073993188,91.0,0.09740260698062222,True,0.34045714891706247,-30.70906774813082,0.34045714891706247,30.70906774813082,True
4-9-18_Schnable_49-431-js118-173_2018-04-11_05-41-56_9983800,0,32.7748,32.894592711727164,81.5875,-55.31002913849623,0.24234087097921467,106.0,-0.05452192099694862,False,0.11979271172716466,-136.89752913849622,0.11979271172716466,136.89752913849622,True
4-9-18_Schnable_49-431-js118-173_2018-04-11_05-41-56_9983800,1,28.4931,23.307253485767944,38.8744,59.65663914948385,0.29585041224238184,144.0,-0.007238016656777255,False,-5.185846514232054,20.782239149483843,5.185846514232054,20.782239149483843,True
4-9-18_Schnable_49-431-js118-173_2018-04-11_05-41-56_9983800,2,19.6065,55.12108514131869,149.788,-33.08158201313685,0.0034641016151377483,1.0,-0.015339601524813649,False,35.51458514131869,177.1304179868631,35.51458514131869,177.1304179868631,False
4-9-18_Schnable_49-431-js118-173_2018-04-11_05-41-56_9983800,3,22.1283,95.92876802288694,-3.45406,96.35110042164428,0.004828427124746194,2.0,-0.015339601524813649,False,73.80046802288695,99.80516042164425,73.80046802288695,99.80516042164425,False
4-9-18_Schnable_49-431-js118-173_2018-04-11_05-41-56_9983800,4,18.2318,26.958847529787334,154.898,-92.63117387025218,0.3541765599498625,155.0,0.02804943970791571,False,8.727047529787335,112.47082612974782,8.727047529787335,112.47082612974782,True
4-9-18_Schnable_49-431-js118-173_2018-04-11_05-41-56_9983800,5,16.9871,20.32659923690686,7.30727,79.63580880389662,0.4635042080094882,218.0,0.081678512063422,False,3.339499236906857,72.3285388038966,3.339499236906857,72.3285388038966,True
4-9-18_Schnable_49-431-js118-173_2018-04-11_05-41-56_9983800,6,32.509,19.386523638288793,-28.4975,-76.73061802877938,0.44484735990928403,211.0,0.1349836408783174,False,-13.122476361711207,-48.23311802877936,13.122476361711207,48.23311802877936,True
4-9-18_Schnable_49-431-js118-173_2018-04-11_05-41-56_9983800,7,32.352,34.47305836149498,-152.861,-133.057887770726,0.1511676931304433,63.0,0.19475776361856842,False,2.121058361494981,19.803112229273978,2.121058361494981,19.803112229273978,True
4-9-18_Schnable_49-432-js232-370_2018-04-11_05-44-09_9983900,0,33.6039,47.47189072272366,149.616,155.07393302745004,0.27899375406078103,127.0,-0.1759139368128034,False,13.867990722723654,5.457933027450025,13.867990722723654,5.457933027450025,True
4-9-18_Schnable_49-432-js232-370_2018-04-11_05-44-09_9983900,1,48.3273,56.706853763510814,-34.3819,-36.88028817243753,0.4081442283677763,182.0,-0.1292234325040243,False,8.379553763510813,-2.4983881724375294,8.379553763510813,2.4983881724375294,True
4-9-18_Schnable_49-432-js232-370_2018-04-11_05-44-09_9983900,2,46.7823,55.57043363635205,133.629,134.14133739029631,0.4469463682075329,200.0,-0.09531247536612038,False,8.78813363635205,0.5123373902963237,8.78813363635205,0.5123373902963237,True
4-9-18_Schnable_49-432-js232-370_2018-04-11_05-44-09_9983900,3,39.7553,47.93747299002677,-27.1028,-26.63173469407687,0.47611874366817886,215.0,-0.06019261144374201,False,8.182172990026771,0.47106530592313334,8.182172990026771,0.47106530592313334,True
4-9-18_Schnable_49-432-js232-370_2018-04-11_05-44-09_9983900,4,25.8237,26.781197899491247,130.009,135.38711006689664,0.5834673694861255,262.0,-0.002550316877014467,False,0.9574978994912478,5.378110066896653,0.9574978994912478,5.378110066896653,True
4-9-18_Schnable_49-432-js232-370_2018-04-11_05-44-09_9983900,5,31.4963,27.130283159775566,-38.9555,-55.22930783700417,0.5239788754646975,235.0,0.13069127942790457,False,-4.366016840224436,-16.27380783700417,4.366016840224436,16.27380783700417,True
4-9-18_Schnable_49-432-js232-370_2018-04-11_05-44-09_9983900,6,70.2277,66.1025742785036,-116.043,-118.37653510317891,0.125677175209443,78.0,0.23199593756163486,False,-4.125125721496403,-2.3335351031789173,4.125125721496403,2.3335351031789173,True
4-9-18_Schnable_49-432-js232-370_2018-04-11_05-44-09_9983900,7,21.796,26.4413105716429,-142.718,-144.54194168603829,0.36706498675577925,157.0,0.23199593756163486,False,4.645310571642902,-1.823941686038296,4.645310571642902,1.823941686038296,True
4-9-18_Schnable_49-435-js231-368_2018-04-11_05-50-50_9984200,0,36.6593,43.09554575836591,-37.4719,-36.85653158804061,0.3009687462058359,133.0,-0.09513972942448294,False,6.4362457583659065,0.6153684119593947,6.4362457583659065,0.6153684119593947,True
4-9-18_Schnable_49-435-js231-368_2018-04-11_05-50-50_9984200,1,44.3048,39.723447404522936,155.233,157.70460386690263,0.4595955832688264,190.0,-0.08494187514964681,False,-4.581352595477064,2.471603866902626,4.581352595477064,2.471603866902626,True
4-9-18_Schnable_49-435-js231-368_2018-04-11_05-50-50_9984200,2,30.723,30.63771921096201,0.294192,-31.029946092598237,0.4062166331077598,188.0,-0.07275276570238672,False,-0.08528078903798786,-31.324138092598247,0.08528078903798786,31.324138092598247,True
4-9-18_Schnable_49-435-js231-368_2018-04-11_05-50-50_9984200,3,37.901,41.57018548916319,160.949,155.57567207895426,0.2460901470422647,97.0,-0.034300680790182995,False,3.6691854891631834,-5.373327921045757,3.6691854891631834,5.373327921045757,True
4-9-18_Schnable_49-435-js231-368_2018-04-11_05-50-50_9984200,4,25.5554,27.064021424330377,-64.178,-48.5901407939636,0.5183416745236082,239.0,-0.010958526880180433,False,1.5086214243303786,15.587859206036399,1.5086214243303786,15.587859206036399,True
4-9-18_Schnable_49-435-js231-368_2018-04-11_05-50-50_9984200,5,27.9749,24.919942779167243,155.348,158.5737349942416,0.4924172589385307,235.0,0.04003278600890845,False,-3.0549572208327582,3.225734994241577,3.0549572208327582,3.225734994241577,True
4-9-18_Schnable_49-435-js231-368_2018-04-11_05-50-50_9984200,6,39.8655,53.482405031307934,-141.533,-147.67634896718536,0.11792426291396406,59.0,0.06981553014234969,False,13.616905031307937,-6.143348967185375,13.616905031307937,6.143348967185375,True
4-9-18_Schnable_49-435-js231-368_2018-04-11_05-50-50_9984200,7,47.9065,26.500058789751833,-15.8563,-7.370692932257242,0.5236067246150637,241.0,0.17381299338343245,False,-21.40644121024817,8.485607067742762,21.40644121024817,8.485607067742762,True
4-9-18_Schnable_49-435-js231-368_2018-04-11_05-50-50_9984200,8,45.6741,20.558406423061783,142.56,-66.89307744657918,0.26250533053024006,116.0,0.17603766090893982,False,-25.11569357693822,150.5469225534208,25.11569357693822,150.5469225534208,True
4-9-18_Schnable_49-435-js231-368_2018-04-11_05-50-50_9984200,9,31.8034,34.6885884473423,-56.0259,142.00872993908735,0.2814042537884447,133.0,0.17603766090893982,False,2.8851884473422977,-161.96537006091262,2.8851884473422977,161.96537006091262,True
4-9-18_Schnable_49-436-js69-3-98_2018-04-11_05-53-05_9984300,0,39.5047,42.85658889143764,-79.2065,-83.12524517303777,0.16757329776282037,74.0,-0.12702116120317414,False,3.351888891437639,-3.918745173037763,3.351888891437639,3.918745173037763,True
4-9-18_Schnable_49-436-js69-3-98_2018-04-11_05-53-05_9984300,1,33.7528,37.22338441192003,-20.9878,-14.690052598700163,0.25697024907535654,116.0,-0.09156736771515717,False,3.4705844119200293,6.29774740129983,3.4705844119200293,6.29774740129983,True
4-9-18_Schnable_49-436-js69-3-98_2018-04-11_05-53-05_9984300,2,39.4397,47.73694770123858,-153.364,-151.73620643473626,0.3067426274969155,135.0,-0.06421032440644907,False,8.297247701238575,1.6277935652637439,8.297247701238575,1.6277935652637439,True
4-9-18_Schnable_49-436-js69-3-98_2018-04-11_05-53-05_9984300,3,30.2369,35.42680856675664,-3.44703,-9.670129963009543,0.3999186250710219,181.0,-0.029077574240292576,False,5.1899085667566425,-6.223099963009531,5.1899085667566425,6.223099963009531,True
4-9-18_Schnable_49-436-js69-3-98_2018-04-11_05-53-05_9984300,4,27.8365,33.17336296160055,179.258,175.5348143152235,0.42602508046514714,175.0,0.009149710512144549,False,5.336862961600552,-3.723185684776496,5.336862961600552,3.723185684776496,True
4-9-18_Schnable_49-436-js69-3-98_2018-04-11_05-53-05_9984300,5,30.5768,28.143802165563557,-28.8153,-24.82854003745817,0.3942771792048555,177.0,0.0514088731280569,False,-2.432997834436442,3.9867599625418393,2.432997834436442,3.9867599625418393,True
4-9-18_Schnable_49-436-js69-3-98_2018-04-11_05-53-05_9984300,6,26.1331,26.840894438181934,164.877,8.475568033796037,0.21363885341319158,102.0,0.14543036233620293,False,0.707794438181935,-156.40143196620397,0.707794438181935,156.40143196620397,True
4-9-18_Schnable_49-436-js69-3-98_2018-04-11_05-53-05_9984300,7,26.0967,22.885878893237745,22.2546,151.24707383300085,0.4242940244117354,167.0,0.14543036233620293,False,-3.2108211067622534,128.99247383300087,3.2108211067622534,128.99247383300087,True
4-9-18_Schnable_49-437-js107-157_2018-04-11_05-55-18_9984400,0,30.1742,32.68579446897024,-159.82,-158.57731042494842,0.1948705811020632,80.0,-0.17446521578201732,False,2.5115944689702445,1.2426895750515712,2.5115944689702445,1.2426895750515712,True
4-9-18_Schnable_49-437-js107-157_2018-04-11_05-55-18_9984400,1,31.2498,35.00471781640089,40.6992,42.91524799710322,0.2372702078946867,106.0,-0.12450714358467752,False,3.7549178164008907,2.2160479971032316,3.7549178164008907,2.2160479971032316,True
4-9-18_Schnable_49-437-js107-157_2018-04-11_05-55-18_9984400,2,27.6833,30.315706846528514,-135.561,-138.79139354248426,0.317971594562822,136.0,-0.11435698823721267,False,2.6324068465285144,-3.2303935424842507,2.6324068465285144,3.2303935424842507,True
4-9-18_Schnable_49-437-js107-157_2018-04-11_05-55-18_9984400,3,21.6918,20.470621070862776,-143.982,-149.28873681053275,0.2732996121754694,113.0,-0.035754446215962105,False,-1.2211789291372241,-5.306736810532755,1.2211789291372241,5.306736810532755,True
4-9-18_Schnable_49-437-js107-157_2018-04-11_05-55-18_9984400,4,14.6293,15.553072480269677,27.6035,19.97736282525159,0.5194173904959584,223.0,0.04821839653809558,False,0.9237724802696761,-7.626137174748408,0.9237724802696761,7.626137174748408,True
4-9-18_Schnable_49-437-js107-157_2018-04-11_05-55-18_9984400,5,27.9688,23.835750035253866,138.059,127.71434396522972,0.30528081439036864,136.0,0.207995688048707,False,-4.133049964746135,-10.344656034770281,4.133049964746135,10.344656034770281,True
4-9-18_Schnable_49-437-js107-157_2018-04-11_05-55-18_9984400,6,23.9684,24.820461809816393,-10.6845,-0.033656401505226086,0.20191031244795238,97.0,0.207995688048707,False,0.8520618098163943,10.65084359849476,0.8520618098163943,10.65084359849476,True
4-9-18_Schnable_49-438-JS234-375_2018-04-11_05-57-32_9984500,0,25.7716,29.2411223865696,124.685,120.68301529297025,0.23781637421072288,102.0,-0.0302715249112982,False,3.4695223865696008,-4.001984707029749,3.4695223865696008,4.001984707029749,True
4-9-18_Schnable_49-438-JS234-375_2018-04-11_05-57-32_9984500,1,28.1135,35.42133363500124,-68.0855,-80.8206731097823,0.3019595639344418,131.0,0.012243171411571089,False,7.307833635001241,-12.735173109782295,7.307833635001241,12.735173109782295,True
4-9-18_Schnable_49-438-JS234-375_2018-04-11_05-57-32_9984500,2,20.53,21.95991516053212,82.4808,111.62942545783869,0.3509736283991026,140.0,0.04562719703335967,False,1.4299151605321185,29.148625457838705,1.4299151605321185,29.148625457838705,True
4-9-18_Schnable_49-438-JS234-375_2018-04-11_05-57-32_9984500,3,23.7282,14.741230741826683,-66.4398,113.81565990668776,0.23080191612702897,113.0,0.123116597999543,False,-8.986969258173318,-179.74454009331225,8.986969258173318,179.74454009331225,True
4-9-18_Schnable_49-438-JS234-375_2018-04-11_05-57-32_9984500,4,8.95848,30.614731486961098,66.7398,-80.67805805155447,0.20881976303400293,97.0,0.123116597999543,False,21.656251486961096,-147.41785805155448,21.656251486961096,147.41785805155448,True
4-9-18_Schnable_49-439-js30-52_2018-04-11_05-59-46_9984600,0,35.7169,48.881446685235574,120.454,133.32813832207262,0.08889706285375837,41.0,-0.005155951165301471,False,13.164546685235571,12.87413832207261,13.164546685235571,12.87413832207261,True
4-9-18_Schnable_49-439-js30-52_2018-04-11_05-59-46_9984600,1,33.7466,33.03190013027094,-107.805,-110.31281504781444,0.1067004123997341,46.0,0.005043094372456972,False,-0.7146998697290599,-2.5078150478144323,0.7146998697290599,2.5078150478144323,True
4-9-18_Schnable_49-439-js30-52_2018-04-11_05-59-46_9984600,2,24.2599,25.458884879156727,-127.833,-120.37781897470227,0.16088085643572783,70.0,0.03610602046217336,False,1.198984879156729,7.4551810252977475,1.198984879156729,7.4551810252977475,True
4-9-18_Schnable_49-439-js30-52_2018-04-11_05-59-46_9984600,3,16.5839,16.531431100947657,151.19,135.8429358697344,0.17295494195355246,82.0,0.03610602046217336,False,-0.05246889905234298,-15.347064130265608,0.05246889905234298,15.347064130265608,True
4-9-18_Schnable_49-440-JS234-375_2018-04-11_06-02-00_9984700,0,19.2461,20.047014210576393,7.60695,16.346272262878358,0.335140593139288,157.0,-0.008409658141403356,False,0.8009142105763942,8.739322262878346,0.8009142105763942,8.739322262878346,True
4-9-18_Schnable_49-440-JS234-375_2018-04-11_06-02-00_9984700,1,23.1618,26.782242393064067,-147.501,-155.89821649139097,0.3572722077408628,147.0,0.03892489180912064,False,3.6204423930640672,-8.397216491390964,3.6204423930640672,8.397216491390964,True
4-9-18_Schnable_49-440-JS234-375_2018-04-11_06-02-00_9984700,2,29.421,28.7335671558181,6.84568,19.64151679947463,0.3777999262224027,163.0,0.08281918255183227,False,-0.6874328441818989,12.795836799474642,0.6874328441818989,12.795836799474642,True
4-9-18_Schnable_49-440-JS234-375_2018-04-11_06-02-00_9984700,3,12.3953,1.4109251894844164,102.678,141.95189491541294,0.22093713440668125,102.0,0.08446119465060196,False,-10.984374810515584,39.27389491541294,10.984374810515584,39.27389491541294,True
4-9-18_Schnable_49-440-JS234-375_2018-04-11_06-02-00_9984700,4,20.9345,27.98601074189009,-32.2013,-42.38171631651568,0.10222059932211379,49.0,0.08446119465060196,False,7.051510741890091,-10.180416316515675,7.051510741890091,10.180416316515675,True
4-9-18_Schnable_49-441-js253-406_2018-04-11_06-04-14_9984800,0,36.0084,41.30502836901548,158.865,157.83661044833195,0.24395852392561243,106.0,-0.11656339926128827,False,5.29662836901548,-1.028389551668056,5.29662836901548,1.028389551668056,True
4-9-18_Schnable_49-441-js253-406_2018-04-11_06-04-14_9984800,1,27.4018,32.89601182460744,-31.8291,-38.09810236688298,0.29203950980909005,132.0,-0.0838647331823605,False,5.49421182460744,-6.269002366882972,5.49421182460744,6.269002366882972,True
4-9-18_Schnable_49-441-js253-406_2018-04-11_06-04-14_9984800,2,28.7035,33.24023655116722,151.301,145.11771702299563,0.3497049838973725,155.0,-0.036258758870389894,False,4.536736551167223,-6.183282977004353,4.536736551167223,6.183282977004353,True
4-9-18_Schnable_49-441-js253-406_2018-04-11_06-04-14_9984800,3,28.2768,27.48607952888611,-48.1349,-35.98841477525693,0.2780636092426558,116.0,-0.00361849234710395,False,-0.7907204711138931,12.14648522474306,0.7907204711138931,12.14648522474306,True
4-9-18_Schnable_49-441-js253-406_2018-04-11_06-04-14_9984800,4,22.1426,21.772889283563615,114.743,124.26617695883465,0.4096970780710212,181.0,0.10775931514504401,False,-0.3697107164363871,9.523176958834654,0.3697107164363871,9.523176958834654,True
4-9-18_Schnable_49-441-js253-406_2018-04-11_06-04-14_9984800,5,33.0915,22.733691953153894,-22.3139,-31.0001594007675,0.41983463478096533,198.0,0.17900738150193574,False,-10.35780804684611,-8.686259400767511,10.35780804684611,8.686259400767511,True
4-9-18_Schnable_49-441-js253-406_2018-04-11_06-04-14_9984800,6,21.0455,24.142368402133314,175.339,-174.48847711145285,0.2641178875812944,115.0,0.17900738150193574,False,3.096868402133314,10.172522888547178,3.096868402133314,10.172522888547178,True
4-9-18_Schnable_49-442-js251-404_2018-04-11_06-06-27_9984900,0,47.9231,56.33927473855232,-124.89,-125.86516692953263,0.29319809659757035,132.0,-0.056185471725360946,False,8.416174738552321,-0.9751669295326337,8.416174738552321,0.9751669295326337,True
4-9-18_Schnable_49-442-js251-404_2018-04-11_06-06-27_9984900,1,43.9144,54.41114761601317,67.8483,73.86741935465818,0.320917886346931,141.0,-0.03383840241971542,False,10.496747616013167,6.019119354658187,10.496747616013167,6.019119354658187,True
4-9-18_Schnable_49-442-js251-404_2018-04-11_06-06-27_9984900,2,41.2371,46.78113133829732,-116.015,-118.71884312284989,0.3350579363828159,138.0,-0.008155061926372728,False,5.544031338297323,-2.7038431228498894,5.544031338297323,2.7038431228498894,True
4-9-18_Schnable_49-442-js251-404_2018-04-11_06-06-27_9984900,3,35.1192,41.921780872765986,61.9403,64.5803811475642,0.38936352629599597,161.0,0.018171827175726674,False,6.802580872765986,2.6400811475641888,6.802580872765986,2.6400811475641888,True
4-9-18_Schnable_49-442-js251-404_2018-04-11_06-06-27_9984900,4,18.7568,21.453759449042124,-143.031,-122.33467706964807,0.433944420775438,198.0,0.06581935893985161,False,2.696959449042126,20.696322930351926,2.696959449042126,20.696322930351926,True
4-9-18_Schnable_49-442-js251-404_2018-04-11_06-06-27_9984900,5,20.484,25.012981088214374,89.8154,72.01135722883953,0.3604931668652274,155.0,0.13433523147671092,False,4.528981088214373,-17.804042771160482,4.528981088214373,17.804042771160482,True
4-9-18_Schnable_49-442-js251-404_2018-04-11_06-06-27_9984900,6,30.999,20.134079874945087,-86.3504,-95.61359258060148,0.3033685384554774,136.0,0.13433523147671092,False,-10.864920125054912,-9.26319258060147,10.864920125054912,9.26319258060147,True
4-9-18_Schnable_49-443-js1-6_2018-04-11_06-08-41_9985000,0,44.6303,48.64300139584046,-176.584,171.31103230177723,0.22223978915196196,104.0,-0.23297983637216885,False,4.012701395840459,-12.104967698222708,4.012701395840459,12.104967698222708,True
4-9-18_Schnable_49-443-js1-6_2018-04-11_06-08-41_9985000,1,7.32204,9.621271058416909,-63.185,-36.38514313501088,0.29954416128992106,134.0,-0.20102333644504009,False,2.2992310584169084,26.799856864989124,2.2992310584169084,26.799856864989124,True
4-9-18_Schnable_49-443-js1-6_2018-04-11_06-08-41_9985000,2,40.9415,39.72942998646389,-165.814,177.41591791275755,0.40378281950517053,204.0,-0.1837152966096225,False,-1.2120700135361062,-16.770082087242486,1.2120700135361062,16.770082087242486,True
4-9-18_Schnable_49-443-js1-6_2018-04-11_06-08-41_9985000,3,6.42547,6.020374695245607,-24.4394,13.59706305037497,0.38071685290755414,162.0,-0.14293485919267926,False,-0.4050953047543926,38.03646305037498,0.4050953047543926,38.03646305037498,True
4-9-18_Schnable_49-443-js1-6_2018-04-11_06-08-41_9985000,4,45.0321,41.524006690403944,-176.74,174.38800992863673,0.511483222418867,234.0,-0.10653272250412246,False,-3.508093309596056,-8.871990071363257,3.508093309596056,8.871990071363257,True
4-9-18_Schnable_49-443-js1-6_2018-04-11_06-08-41_9985000,5,12.6914,46.29752182476991,12.9811,173.34395862531562,0.5074915147306123,236.0,0.03748712799736096,False,33.60612182476991,160.36285862531565,33.60612182476991,160.36285862531565,True
4-9-18_Schnable_49-443-js1-6_2018-04-11_06-08-41_9985000,6,57.573,11.977144433397925,172.078,12.091718520006225,0.36124906177707455,155.0,0.03748712799736096,False,-45.595855566602076,-159.98628147999378,45.595855566602076,159.98628147999378,True
4-9-18_Schnable_49-443-js1-6_2018-04-11_06-08-41_9985000,7,69.2233,65.25112783748571,54.3536,61.024619695732554,0.03899018428049821,19.0,0.3388543905775798,False,-3.9721721625142834,6.671019695732554,3.9721721625142834,6.671019695732554,False
4-9-18_Schnable_49-443-js1-6_2018-04-11_06-08-41_9985000,8,44.1904,47.6624745230572,-18.0652,-23.94553590996972,0.16317081678648845,78.0,0.3388543905775798,False,3.472074523057202,-5.880335909969716,3.472074523057202,5.880335909969716,True
4-9-18_Schnable_49-444-js98-140_2018-04-11_06-10-55_9985100,0,9.51579,18.054438376502702,155.503,155.70806509632007,0.2664053967464094,102.0,-0.09360419088517331,False,8.538648376502701,0.20506509632008374,8.538648376502701,0.20506509632008374,True
4-9-18_Schnable_49-444-js98-140_2018-04-11_06-10-55_9985100,1,25.6781,28.65334322915882,16.0841,12.275144068891052,0.275936984602653,125.0,-0.02255297021128216,False,2.9752432291588207,-3.8089559311089545,2.9752432291588207,3.8089559311089545,True
4-9-18_Schnable_49-444-js98-140_2018-04-11_06-10-55_9985100,2,26.8194,29.207376588355174,159.353,147.22841481091473,0.33667506787576085,147.0,-0.0060735938786655504,False,2.3879765883551727,-12.12458518908528,2.3879765883551727,12.12458518908528,True
4-9-18_Schnable_49-444-js98-140_2018-04-11_06-10-55_9985100,3,15.6519,19.105881632614725,-13.5099,-4.079483499250955,0.43160616692295456,194.0,0.03538845093067215,False,3.4539816326147257,9.430416500749033,3.4539816326147257,9.430416500749033,True
4-9-18_Schnable_49-444-js98-140_2018-04-11_06-10-55_9985100,4,21.3818,32.22193489057724,-46.2746,-49.774574040007394,0.13016832496191652,63.0,0.08787589715012402,False,10.84013489057724,-3.4999740400074018,10.84013489057724,3.4999740400074018,True
4-9-18_Schnable_49-444-js98-140_2018-04-11_06-10-55_9985100,5,18.9823,16.577824677625898,138.764,17.61543457214009,0.3909499328641157,164.0,0.12060814771173166,False,-2.4044753223741004,-121.14856542785992,2.4044753223741004,121.14856542785992,True
4-9-18_Schnable_49-444-js98-140_2018-04-11_06-10-55_9985100,6,13.1559,22.81601614980822,43.0856,156.65373643457156,0.3774986235436607,173.0,0.12060814771173166,False,9.66011614980822,113.56813643457156,9.66011614980822,113.56813643457156,True
4-9-18_Schnable_49-445-js253-406_2018-04-11_06-13-09_9985200,0,37.6895,33.283743515706725,-159.036,-151.45372862057476,0.12017128917705874,37.0,-0.0085337083933877,False,-4.405756484293278,7.5822713794252365,4.405756484293278,7.5822713794252365,True
4-9-18_Schnable_49-445-js253-406_2018-04-11_06-13-09_9985200,1,21.0158,26.856990257454683,20.6143,6.539699410874846,0.1499385674860992,67.0,0.02345598989465309,False,5.841190257454684,-14.074600589125168,5.841190257454684,14.074600589125168,True
4-9-18_Schnable_49-445-js253-406_2018-04-11_06-13-09_9985200,2,9.06638,8.156707616117146,-128.11,-126.43504035624353,0.13029904653092145,60.0,0.02345598989465309,False,-0.9096723838828549,1.6749596437564946,0.9096723838828549,1.6749596437564946,True
4-9-18_Schnable_49-446-js95-132_2018-04-11_06-15-23_9985300,0,24.9733,26.42038380908194,-5.16721,-14.497465703979856,0.1591250501295896,66.0,0.03830936409002231,False,1.447083809081942,-9.330255703979844,1.447083809081942,9.330255703979844,True
4-9-18_Schnable_49-446-js95-132_2018-04-11_06-15-23_9985300,1,9.89652,12.346871540536611,166.895,168.25846583958548,0.09823681003854032,48.0,0.03830936409002231,False,2.4503515405366105,1.3634658395854728,2.4503515405366105,1.3634658395854728,True
4-9-18_Schnable_49-447-js284-177_2018-04-11_06-17-37_9985400,0,41.4097,37.76643837628816,-150.204,-148.36534062927032,0.16177983316330863,55.0,-0.09515255872075372,False,-3.643261623711844,1.8386593707296868,3.643261623711844,1.8386593707296868,True
4-9-18_Schnable_49-447-js284-177_2018-04-11_06-17-37_9985400,1,28.1116,33.1742984697128,-15.6834,-20.31385023031723,0.22234680421671968,108.0,-0.04959261712296833,False,5.062698469712803,-4.630450230317223,5.062698469712803,4.630450230317223,True
4-9-18_Schnable_49-447-js284-177_2018-04-11_06-17-37_9985400,2,28.8602,32.70186286915533,-165.084,-160.81934959802467,0.2744845662995292,127.0,-0.0027908889573239263,False,3.8416628691553285,4.264650401975331,3.8416628691553285,4.264650401975331,True
4-9-18_Schnable_49-447-js284-177_2018-04-11_06-17-37_9985400,3,22.4862,26.665890506328495,6.98838,-5.353222151216642,0.32440242714942996,148.0,0.04249830500394198,False,4.179690506328495,-12.341602151216648,4.179690506328495,12.341602151216648,True
4-9-18_Schnable_49-447-js284-177_2018-04-11_06-17-37_9985400,4,16.8951,33.541028085722026,-9.86371,-161.86583149087696,0.11989674139614641,57.0,0.10171791041489847,False,16.645928085722026,-152.00212149087696,16.645928085722026,152.00212149087696,True
4-9-18_Schnable_49-447-js284-177_2018-04-11_06-17-37_9985400,5,22.8701,18.97967353205712,-150.703,0.22848039017458177,0.18758998255284678,92.0,0.10171791041489847,False,-3.8904264679428806,150.93148039017456,3.8904264679428806,150.93148039017456,True
4-9-18_Schnable_49-448-js284-177_2018-04-11_06-19-51_9985500,0,30.6312,34.564223399691464,169.961,175.25567636707626,0.16676498743121965,68.0,-0.07140603084339073,False,3.9330233996914643,5.294676367076249,3.9330233996914643,5.294676367076249,True
4-9-18_Schnable_49-448-js284-177_2018-04-11_06-19-51_9985500,1,39.4076,42.88801978280669,5.75002,7.585065612172798,0.2263385603290271,95.0,-0.048078509376347084,False,3.4804197828066847,1.8350456121727916,3.4804197828066847,1.8350456121727916,True
4-9-18_Schnable_49-448-js284-177_2018-04-11_06-19-51_9985500,2,34.6167,39.534362064444316,162.645,161.42414309674245,0.2936948491266545,123.0,-0.017536691255597644,False,4.917662064444315,-1.2208569032575554,4.917662064444315,1.2208569032575554,True
4-9-18_Schnable_49-448-js284-177_2018-04-11_06-19-51_9985500,3,30.0052,29.713280925453425,-0.160181,9.067848782761757,0.3093418845611917,141.0,0.0028516705272625758,False,-0.2919190745465734,9.228029782761752,0.2919190745465734,9.228029782761752,True
4-9-18_Schnable_49-448-js284-177_2018-04-11_06-19-51_9985500,4,20.5982,24.194027679246517,-1.16567,-6.4161641706737385,0.1673031948108215,84.0,0.046275357925950306,False,3.5958276792465185,-5.250494170673733,3.5958276792465185,5.250494170673733,True
4-9-18_Schnable_49-448-js284-177_2018-04-11_06-19-51_9985500,5,14.3659,34.01220748678687,-124.846,-3.8676735504728867,0.2560912325920468,112.0,0.11130349836211843,False,19.64630748678687,120.97832644952712,19.64630748678687,120.97832644952712,True
4-9-18_Schnable_49-448-js284-177_2018-04-11_06-19-51_9985500,6,34.9613,18.67618483495731,0.376413,-138.35045913019945,0.2320393529710015,112.0,0.11130349836211843,False,-16.28511516504269,-138.72687213019947,16.28511516504269,138.72687213019947,True
4-9-18_Schnable_49-449-js162-232_2018-04-11_06-22-05_9985600,0,47.0733,15.161264395834422,-172.321,-157.00910327789484,0.41022670498765845,170.0,-0.3222499547445048,False,-31.91203560416558,15.31189672210516,31.91203560416558,15.31189672210516,True
4-9-18_Schnable_49-449-js162-232_2018-04-11_06-22-05_9985600,1,40.2408,83.52745086337282,20.0771,16.67195293475112,0.4688004383075377,223.0,-0.29856121403354674,False,43.28665086337282,-3.405147065248883,43.28665086337282,3.405147065248883,True
4-9-18_Schnable_49-449-js162-232_2018-04-11_06-22-05_9985600,2,31.0367,9.424162003714159,179.391,-141.88584399285034,0.6063576437649238,289.0,-0.2687681978497115,False,-21.61253799628584,38.72315600714967,21.61253799628584,38.72315600714967,True
4-9-18_Schnable_49-449-js162-232_2018-04-11_06-22-05_9985600,3,27.1748,68.53032343472589,3.53985,3.8892452010623515,0.5896598964651207,270.0,-0.23340780909413683,False,41.35552343472588,0.3493952010623502,41.35552343472588,0.3493952010623502,True
4-9-18_Schnable_49-449-js162-232_2018-04-11_06-22-05_9985600,4,30.2396,5.04394131373374,175.525,-2.841168460260917,0.5618884771900509,238.0,-0.15720072745765473,False,-25.19565868626626,-178.36616846026092,25.19565868626626,178.36616846026092,True
4-9-18_Schnable_49-449-js162-232_2018-04-11_06-22-05_9985600,5,43.1658,69.27230699445172,-15.9101,-18.647422878303985,0.5750816682638227,268.0,-0.12639362217118885,False,26.106506994451728,-2.737322878303985,26.106506994451728,2.737322878303985,True
4-9-18_Schnable_49-449-js162-232_2018-04-11_06-22-05_9985600,6,41.2368,27.7967114275176,127.043,-18.265398379154362,0.18416285111594446,81.0,-0.03905541605798276,False,-13.440088572482402,-145.30839837915437,13.440088572482402,145.30839837915437,True
4-9-18_Schnable_49-449-js162-232_2018-04-11_06-22-05_9985600,7,27.1366,64.17234467162179,35.3699,0.507226042136665,0.3804287975533464,187.0,-0.03905541605798276,False,37.035744671621785,-34.862673957863336,37.035744671621785,34.862673957863336,True
4-9-18_Schnable_49-449-js162-232_2018-04-11_06-22-05_9985600,8,19.0173,43.22836351463546,-143.73,2.1645565909138895,0.0063826943123729,3.0,0.29588885614811783,False,24.211063514635462,145.8945565909139,24.211063514635462,145.8945565909139,False
4-9-18_Schnable_49-450-js61-90_2018-04-11_06-24-22_9985700,0,31.1448,39.981995984007064,30.4784,31.564963176170863,0.35130091841752065,154.0,-0.0887323115683119,False,8.837195984007064,1.0865631761708698,8.837195984007064,1.0865631761708698,True
4-9-18_Schnable_49-450-js61-90_2018-04-11_06-24-22_9985700,1,11.464,24.951632965274044,47.9581,31.169760838329637,0.4791080217543983,211.0,-0.06460417330101134,False,13.487632965274043,-16.788339161670365,13.487632965274043,16.788339161670365,True
4-9-18_Schnable_49-450-js61-90_2018-04-11_06-24-22_9985700,2,7.92338,12.795934672512686,-12.4685,-151.63258784744494,0.5249193932270928,227.0,0.03131944627385291,False,4.8725546725126865,-139.16408784744493,4.8725546725126865,139.16408784744493,True
4-9-18_Schnable_49-450-js61-90_2018-04-11_06-24-22_9985700,3,35.295,29.75524530883974,177.049,172.34453477124202,0.33006826457084315,138.0,0.03131944627385291,False,-5.539754691160262,-4.704465228757982,5.539754691160262,4.704465228757982,True
4-9-18_Schnable_49-450-js61-90_2018-04-11_06-24-22_9985700,4,28.9024,27.21072737190662,39.7268,26.062012418533925,0.5866094397879236,260.0,0.05534404165843484,False,-1.6916726280933787,-13.664787581466072,1.6916726280933787,13.664787581466072,True
4-9-18_Schnable_49-450-js61-90_2018-04-11_06-24-22_9985700,5,29.2801,18.083410484244908,-172.54,-133.6652878426562,0.624118563802282,275.0,0.1300767448270968,False,-11.196689515755093,38.874712157343794,11.196689515755093,38.874712157343794,True
4-9-18_Schnable_49-450-js61-90_2018-04-11_06-24-22_9985700,6,33.9492,26.8220253058169,-8.88118,-15.868705772631358,0.43920424912870637,196.0,0.16975531115410789,False,-7.127174694183097,-6.987525772631358,7.127174694183097,6.987525772631358,True
4-9-18_Schnable_49-450-js61-90_2018-04-11_06-24-22_9985700,7,17.7252,16.16757952963242,161.601,157.3011774366597,0.2535620908807598,116.0,0.16975531115410789,False,-1.5576204703675813,-4.299822563340285,1.5576204703675813,4.299822563340285,True
4-9-18_Schnable_49-451-js284-177_2018-04-11_06-26-32_9985800,0,40.3346,53.68165717654351,75.6548,74.23060168113693,0.10233637485937491,40.0,-0.1391098012566648,False,13.347057176543508,-1.4241983188630627,13.347057176543508,1.4241983188630627,True
4-9-18_Schnable_49-451-js284-177_2018-04-11_06-26-32_9985800,1,29.5657,39.439700777097244,150.476,147.2723711293271,0.110593862289028,43.0,-0.11906860804389816,False,9.874000777097244,-3.203628870672901,9.874000777097244,3.203628870672901,True
4-9-18_Schnable_49-451-js284-177_2018-04-11_06-26-32_9985800,2,29.1972,34.91794341980662,21.6517,19.624269554305727,0.1732494838752809,77.0,-0.10457361432377044,False,5.72074341980662,-2.0274304456942787,5.72074341980662,2.0274304456942787,True
4-9-18_Schnable_49-451-js284-177_2018-04-11_06-26-32_9985800,3,32.2734,37.40525670831192,-178.913,-176.47009626343188,0.23838857054451218,111.0,-0.06022689372825249,False,5.131856708311915,2.4429037365681268,5.131856708311915,2.4429037365681268,True
4-9-18_Schnable_49-451-js284-177_2018-04-11_06-26-32_9985800,4,23.4695,26.370974243791423,-9.38104,-1.6300111337282601,0.28278035534340135,119.0,-0.018418902158485625,False,2.901474243791423,7.751028866271753,2.901474243791423,7.751028866271753,True
4-9-18_Schnable_49-451-js284-177_2018-04-11_06-26-32_9985800,5,25.1536,26.20645276816701,-161.946,-152.31777366912357,0.37615778370534486,164.0,0.02295785039948087,False,1.0528527681670106,9.62822633087643,1.0528527681670106,9.62822633087643,True
4-9-18_Schnable_49-451-js284-177_2018-04-11_06-26-32_9985800,6,21.9971,23.305466183504137,22.4891,26.256423944161497,0.31578261301711796,134.0,0.09274546794252067,False,1.3083661835041376,3.7673239441614896,1.3083661835041376,3.7673239441614896,True
4-9-18_Schnable_49-451-js284-177_2018-04-11_06-26-32_9985800,7,29.085,40.450412274520126,-25.3302,-28.302575586387093,0.11714023101335186,59.0,0.10683283658490764,False,11.365412274520125,-2.972375586387102,11.365412274520125,2.972375586387102,True
4-9-18_Schnable_49-451-js284-177_2018-04-11_06-26-32_9985800,8,37.1163,28.061508422092054,-154.164,-128.454435293317,0.3610430953352522,153.0,0.15449603393232172,False,-9.054791577907949,25.709564706682983,9.054791577907949,25.709564706682983,True
4-9-18_Schnable_49-451-js284-177_2018-04-11_06-26-32_9985800,9,19.1188,21.773573307065107,8.68778,-7.176335917016871,0.24326240448388053,93.0,0.15449603393232172,False,2.6547733070651063,-15.864115917016875,2.6547733070651063,15.864115917016875,True
4-9-18_Schnable_49-452-js234-375_2018-04-11_06-28-45_9985900,0,42.0789,46.66694150270792,4.49415,4.04770093797589,0.17799302640197193,72.0,-0.11426168950194639,False,4.588041502707924,-0.44644906202410084,4.588041502707924,0.44644906202410084,True
4-9-18_Schnable_49-452-js234-375_2018-04-11_06-28-45_9985900,1,25.6745,31.412439315347548,-135.212,-134.26451894994062,0.2836327658854923,129.0,-0.09211058157728479,False,5.73793931534755,0.9474810500593662,5.73793931534755,0.9474810500593662,True
4-9-18_Schnable_49-452-js234-375_2018-04-11_06-28-45_9985900,2,21.1099,29.444821357120254,33.1763,36.815564846552604,0.3347843064335439,159.0,-0.0305366483066244,False,8.334921357120255,3.6392648465526065,8.334921357120255,3.6392648465526065,True
4-9-18_Schnable_49-452-js234-375_2018-04-11_06-28-45_9985900,3,18.7146,23.315014907403594,-134.598,-125.58067622161718,0.38672486204861334,173.0,0.038406415025800875,False,4.600414907403593,9.017323778382831,4.600414907403593,9.017323778382831,True
4-9-18_Schnable_49-452-js234-375_2018-04-11_06-28-45_9985900,4,54.9533,34.22095108750829,37.2723,58.45943429040449,0.4111749035065351,194.0,0.13254496491995857,False,-20.73234891249171,21.187134290404487,20.73234891249171,21.187134290404487,True
4-9-18_Schnable_49-452-js234-375_2018-04-11_06-28-45_9985900,5,25.8325,26.84732996579517,-133.842,-134.36139829541526,0.42027877501124167,197.0,0.13476153922668635,False,1.014829965795169,-0.5193982954152432,1.014829965795169,0.5193982954152432,True
4-9-18_Schnable_49-452-js234-375_2018-04-11_06-28-45_9985900,6,33.0782,23.896827125945507,26.9416,38.23963275171576,0.24283581680665742,109.0,0.13476153922668635,False,-9.181372874054496,11.298032751715766,9.181372874054496,11.298032751715766,True
4-9-18_Schnable_49-453-js155-3-224_2018-04-11_06-30-59_9986000,0,31.0169,37.30773776634022,12.8134,13.557673015586772,0.26622959737889673,119.0,-0.15728501502588796,False,6.290837766340218,0.7442730155867707,6.290837766340218,0.7442730155867707,True
4-9-18_Schnable_49-453-js155-3-224_2018-04-11_06-30-59_9986000,1,37.0369,39.17100491584588,-153.922,-156.56984792247016,0.31125593154296616,144.0,-0.11291909450514881,False,2.1341049158458745,-2.647847922470163,2.1341049158458745,2.647847922470163,True
4-9-18_Schnable_49-453-js155-3-224_2018-04-11_06-30-59_9986000,2,38.53,41.89278852101668,-6.69815,-4.731370154692797,0.3759917092554679,170.0,-0.10097703179850803,False,3.3627885210166824,1.966779845307201,3.3627885210166824,1.966779845307201,True
4-9-18_Schnable_49-453-js155-3-224_2018-04-11_06-30-59_9986000,3,33.1267,39.295232713069424,-166.084,-162.38940864109748,0.4045710481593947,183.0,-0.06826013132938542,False,6.168532713069425,3.694591358902528,6.168532713069425,3.694591358902528,True
4-9-18_Schnable_49-453-js155-3-224_2018-04-11_06-30-59_9986000,4,37.8668,41.88446707700798,12.4851,14.484626026212936,0.4680879011504066,210.0,-0.04018400686122558,False,4.017667077007985,1.9995260262129477,4.017667077007985,1.9995260262129477,True
4-9-18_Schnable_49-453-js155-3-224_2018-04-11_06-30-59_9986000,5,34.0153,38.506310068225176,-161.216,-166.87790611752425,0.5317435128320832,224.0,0.02228016523138439,False,4.491010068225172,-5.661906117524239,4.491010068225172,5.661906117524239,True
4-9-18_Schnable_49-453-js155-3-224_2018-04-11_06-30-59_9986000,6,28.8611,30.67547426593771,22.8957,22.42391500260385,0.6007620716002255,261.0,0.07073138921735732,False,1.8143742659377082,-0.4717849973961563,1.8143742659377082,0.4717849973961563,True
4-9-18_Schnable_49-453-js155-3-224_2018-04-11_06-30-59_9986000,7,5.84426,27.807965604967208,-110.427,41.38662724454019,0.3447959231332782,146.0,0.18402052109124387,False,21.96370560496721,151.8136272445402,21.96370560496721,151.8136272445402,True
4-9-18_Schnable_49-453-js155-3-224_2018-04-11_06-30-59_9986000,8,36.5348,19.096917934551982,25.2969,175.5429823235918,0.44578640196593866,199.0,0.18402052109124387,False,-17.437882065448015,150.2460823235918,17.437882065448015,150.2460823235918,True
4-9-18_Schnable_49-454-js101-145_2018-04-11_06-33-13_9986100,0,13.7224,21.14416739340365,177.041,168.9838453071826,0.36449241237549834,147.0,0.0020945564360411663,False,7.421767393403648,-8.057154692817392,7.421767393403648,8.057154692817392,True
4-9-18_Schnable_49-454-js101-145_2018-04-11_06-33-13_9986100,1,22.1399,23.90114303950044,18.0448,9.344613720315351,0.22281172189198237,81.0,0.05634304180199857,False,1.7612430395004388,-8.700186279684658,1.7612430395004388,8.700186279684658,True
4-9-18_Schnable_49-454-js101-145_2018-04-11_06-33-13_9986100,2,38.5176,41.52009494945026,-161.547,-155.67306517972366,0.15152564315256242,72.0,0.05634304180199857,False,3.0024949494502593,5.873934820276332,3.0024949494502593,5.873934820276332,True
4-9-18_Schnable_49-455-js185-288_2018-04-11_06-35-28_9986200,0,34.5457,34.43020291723322,22.6248,15.634892064376345,0.3001011624783219,131.0,-0.061270484750270186,False,-0.11549708276677961,-6.989907935623648,0.11549708276677961,6.989907935623648,True
4-9-18_Schnable_49-455-js185-288_2018-04-11_06-35-28_9986200,1,26.9147,31.06159325387423,-170.761,-171.14260145597152,0.3021816633612442,121.0,-0.028613916613108335,False,4.146893253874229,-0.38160145597151995,4.146893253874229,0.38160145597151995,True
4-9-18_Schnable_49-455-js185-288_2018-04-11_06-35-28_9986200,2,38.9782,48.14748962767103,20.9387,8.745768678831155,0.08472414436786294,39.0,-0.008908947689265628,False,9.169289627671027,-12.192931321168857,9.169289627671027,12.192931321168857,True
4-9-18_Schnable_49-455-js185-288_2018-04-11_06-35-28_9986200,3,27.1533,32.206146791523686,-166.717,-163.3487705028871,0.3368269322010601,144.0,0.00809430118930008,False,5.0528467915236845,3.3682294971129068,5.0528467915236845,3.3682294971129068,True
4-9-18_Schnable_49-455-js185-288_2018-04-11_06-35-28_9986200,4,36.7805,38.42495297530127,7.73605,15.908336264983234,0.20848358060193672,96.0,0.06663112214213189,False,1.644452975301263,8.172286264983228,1.644452975301263,8.172286264983228,True
4-9-18_Schnable_49-455-js185-288_2018-04-11_06-35-28_9986200,5,24.7585,18.86502404351819,-93.596,-108.84033483771427,0.20634649823920448,96.0,0.1374244573779052,False,-5.8934759564818116,-15.244334837714263,5.8934759564818116,15.244334837714263,True
4-9-18_Schnable_49-455-js185-288_2018-04-11_06-35-28_9986200,6,18.3737,21.38988062810263,-165.115,5.0299610146198575,0.4398627428058465,209.0,0.14453807378515998,False,3.0161806281026315,170.14496101461987,3.0161806281026315,170.14496101461987,True
4-9-18_Schnable_49-455-js185-288_2018-04-11_06-35-28_9986200,7,11.9539,19.850547858319985,-13.5775,-166.02682171320325,0.35647862011247367,134.0,0.14453807378515998,False,7.896647858319984,-152.44932171320323,7.896647858319984,152.44932171320323,True
4-9-18_Schnable_49-456-js76-2-108_2018-04-11_06-37-41_9986300,0,42.9356,98.75895117429025,-7.48026,7.46664864236061,0.013790441182500324,6.0,-0.08012642874551065,False,55.823351174290245,14.946908642360597,55.823351174290245,14.946908642360597,False
4-9-18_Schnable_49-456-js76-2-108_2018-04-11_06-37-41_9986300,1,31.5243,37.22195707068549,-179.646,-176.44884122066452,0.2911135565255304,125.0,-0.05450883296980155,False,5.697657070685491,3.197158779335467,5.697657070685491,3.197158779335467,True
4-9-18_Schnable_49-456-js76-2-108_2018-04-11_06-37-41_9986300,2,36.8792,36.06656455295535,13.3101,8.98481937483956,0.27732659229687756,115.0,-0.027379532573948158,False,-0.8126354470446486,-4.325280625160445,0.8126354470446486,4.325280625160445,True
4-9-18_Schnable_49-456-js76-2-108_2018-04-11_06-37-41_9986300,3,29.8972,30.91271393853313,-163.242,-168.1196065785515,0.22831404503843977,96.0,0.004160287177043868,False,1.0155139385331289,-4.877606578551507,1.0155139385331289,4.877606578551507,True
4-9-18_Schnable_49-456-js76-2-108_2018-04-11_06-37-41_9986300,4,26.7884,27.70622854064439,8.87099,4.8149644152052815,0.31803421287727235,140.0,0.05528303906111784,False,0.9178285406443898,-4.056025584794725,0.9178285406443898,4.056025584794725,True
4-9-18_Schnable_49-456-js76-2-108_2018-04-11_06-37-41_9986300,5,25.2896,14.502819652824897,-170.409,3.3694721418447102,0.24721068876067373,121.0,0.1342566421825672,False,-10.786780347175103,173.7784721418447,10.786780347175103,173.7784721418447,True
4-9-18_Schnable_49-456-js76-2-108_2018-04-11_06-37-41_9986300,6,20.4786,24.193855281864515,9.90423,-166.49579977084028,0.42258985224254925,189.0,0.1342566421825672,False,3.715255281864515,-176.4000297708403,3.715255281864515,176.4000297708403,True
4-9-18_Schnable_49-457-js170-243_2018-04-11_06-39-55_9986400,0,32.4218,73.06767053370565,15.8877,20.593113781511533,0.25543783092939587,118.0,-0.11915820824884896,False,40.645870533705654,4.705413781511538,40.645870533705654,4.705413781511538,True
4-9-18_Schnable_49-457-js170-243_2018-04-11_06-39-55_9986400,1,25.252,59.47071059635397,164.501,23.535448651240188,0.38572243066176987,169.0,-0.10278280621744702,False,34.21871059635397,-140.96555134875982,34.21871059635397,140.96555134875982,True
4-9-18_Schnable_49-457-js170-243_2018-04-11_06-39-55_9986400,2,19.1558,17.2383213785363,63.4545,-17.8106391054217,0.4471814900114158,194.0,-0.05891658624530232,False,-1.917478621463701,-81.2651391054217,1.917478621463701,81.2651391054217,True
4-9-18_Schnable_49-457-js170-243_2018-04-11_06-39-55_9986400,3,31.8766,67.1853928634462,-167.404,17.14209902275394,0.37899326867195715,167.0,-0.045679567129758555,False,35.3087928634462,-175.45390097724606,35.3087928634462,175.45390097724606,True
4-9-18_Schnable_49-457-js170-243_2018-04-11_06-39-55_9986400,4,32.754,99.76508538162497,-1.77401,112.87462793954029,0.009797958971132713,1.0,0.2018441305467741,False,67.01108538162498,114.64863793954032,67.01108538162498,114.64863793954032,False
4-9-18_Schnable_49-457-js170-243_2018-04-11_06-39-55_9986400,5,42.485,103.65991005175256,139.504,-137.04901594812944,0.005656854249492401,2.0,0.2018441305467741,False,61.17491005175256,83.44698405187057,61.17491005175256,83.44698405187057,False
4-9-18_Schnable_49-457-js170-243_2018-04-11_06-39-55_9986400,6,46.5536,32.00600109159081,45.0244,-5.64619611103663,0.3193364655278336,152.0,0.06066323396723997,False,-14.547598908409192,-50.670596111036616,14.547598908409192,50.670596111036616,True
4-9-18_Schnable_49-457-js170-243_2018-04-11_06-39-55_9986400,7,49.1732,16.763615150439577,118.519,119.63797897482846,0.1229518910010981,63.0,0.06066323396723997,False,-32.409584849560424,1.118978974828451,32.409584849560424,1.118978974828451,True
4-9-18_Schnable_49-458-js251-404_2018-04-11_06-42-10_9986500,0,48.6863,51.014993208071196,-121.524,-124.33118550774188,0.24030821727876542,103.0,-0.06786031624580066,False,2.3286932080711935,-2.8071855077418775,2.3286932080711935,2.8071855077418775,True
4-9-18_Schnable_49-458-js251-404_2018-04-11_06-42-10_9986500,1,34.6334,42.5347531424227,24.3508,22.659285994157244,0.3323716463644268,137.0,-0.039038673511487765,False,7.9013531424227,-1.6915140058427482,7.9013531424227,1.6915140058427482,True
4-9-18_Schnable_49-458-js251-404_2018-04-11_06-42-10_9986500,2,34.0691,40.802825964891646,-143.777,-144.9143414211262,0.3395529403632333,138.0,-0.005502086319803042,False,6.733725964891647,-1.137341421126223,6.733725964891647,1.137341421126223,True
4-9-18_Schnable_49-458-js251-404_2018-04-11_06-42-10_9986500,3,24.8206,32.61081909356654,41.6323,32.99962431280187,0.431680388170714,186.0,0.02374714966944678,False,7.790219093566542,-8.632675687198116,7.790219093566542,8.632675687198116,True
4-9-18_Schnable_49-458-js251-404_2018-04-11_06-42-10_9986500,4,18.669,22.899439474573555,-114.973,-132.1810923951502,0.4190631518593214,179.0,0.08998316571322162,False,4.230439474573554,-17.208092395150175,4.230439474573554,17.208092395150175,True
4-9-18_Schnable_49-458-js251-404_2018-04-11_06-42-10_9986500,5,28.838,19.594427793455267,37.0209,28.693427035182367,0.35155959016722255,174.0,0.1319294748375732,False,-9.243572206544734,-8.327472964817616,9.243572206544734,8.327472964817616,True
4-9-18_Schnable_49-458-js251-404_2018-04-11_06-42-10_9986500,6,20.976,18.16889722297418,173.495,172.9174688829898,0.18564282143190947,79.0,0.1319294748375732,False,-2.8071027770258183,-0.57753111701021,2.8071027770258183,0.57753111701021,True
4-9-18_Schnable_49-459-js151-218_2018-04-11_06-44-23_9986600,0,21.4453,25.782912627854373,-1.40672,-14.693187652635316,0.3162362924313379,155.0,-0.07253546798171424,False,4.337612627854373,-13.28646765263531,4.337612627854373,13.28646765263531,True
4-9-18_Schnable_49-459-js151-218_2018-04-11_06-44-23_9986600,1,52.049,26.71882219924992,148.113,-175.73475071770142,0.2917734902144404,123.0,0.0036404327396071185,False,-25.33017780075008,36.15224928229861,25.33017780075008,36.15224928229861,True
4-9-18_Schnable_49-459-js151-218_2018-04-11_06-44-23_9986600,2,29.3596,53.267887126098394,178.934,143.31380816801038,0.16050767048205677,68.0,0.0036404327396071185,False,23.908287126098394,-35.620191831989615,23.908287126098394,35.620191831989615,True
4-9-18_Schnable_49-459-js151-218_2018-04-11_06-44-23_9986600,3,25.1899,5.374988662900421,55.8948,37.21137094631291,0.3372777006913091,157.0,0.10237566527607994,False,-19.81491133709958,-18.683429053687092,19.81491133709958,18.683429053687092,True
4-9-18_Schnable_49-459-js151-218_2018-04-11_06-44-23_9986600,4,14.101,26.651317517064953,147.18,70.76516650413146,0.321978765798201,154.0,0.10237566527607994,False,12.550317517064952,-76.41483349586855,12.550317517064952,76.41483349586855,True
4-9-18_Schnable_49-459-js151-218_2018-04-11_06-44-23_9986600,5,47.0698,46.95367413309053,-154.315,-172.59023713094177,0.3475761072430424,148.0,0.12173536118020052,False,-0.11612586690947069,-18.275237130941775,0.11612586690947069,18.275237130941775,True
4-9-18_Schnable_49-459-js151-218_2018-04-11_06-44-23_9986600,6,19.3634,13.099766771617041,154.182,107.4206969325324,0.12697842693029196,61.0,0.12173536118020052,False,-6.263633228382957,-46.761303067467594,6.263633228382957,46.761303067467594,True
4-9-18_Schnable_49-460-js23-2-38_2018-04-11_06-46-38_9986700,0,37.0905,40.583569024121566,95.057,91.83029265868475,0.2534931210928832,108.0,-0.10238641239583375,False,3.493069024121567,-3.2267073413152616,3.493069024121567,3.2267073413152616,True
4-9-18_Schnable_49-460-js23-2-38_2018-04-11_06-46-38_9986700,1,35.2875,36.70426515776349,-139.992,-142.34550502145362,0.30097992080722896,131.0,-0.09203968366692077,False,1.4167651577634857,-2.3535050214536284,1.4167651577634857,2.3535050214536284,True
4-9-18_Schnable_49-460-js23-2-38_2018-04-11_06-46-38_9986700,2,27.4812,33.70056910790284,68.1539,75.12222031427433,0.35204068526305055,149.0,-0.06591955303260721,False,6.2193691079028355,6.968320314274337,6.2193691079028355,6.968320314274337,True
4-9-18_Schnable_49-460-js23-2-38_2018-04-11_06-46-38_9986700,3,32.0956,36.25816724017782,-129.027,-132.34132674491494,0.36689749977304126,173.0,-0.048089908977903884,False,4.162567240177822,-3.3143267449149505,4.162567240177822,3.3143267449149505,True
4-9-18_Schnable_49-460-js23-2-38_2018-04-11_06-46-38_9986700,4,39.3109,33.41406316138289,56.3578,59.762251615526054,0.2712469403385391,107.0,-0.03488124822154519,False,-5.896836838617105,3.4044516155260567,5.896836838617105,3.4044516155260567,True
4-9-18_Schnable_49-460-js23-2-38_2018-04-11_06-46-38_9986700,5,36.0543,40.630198979448465,-91.2796,93.04364574264162,0.11392051533977483,36.0,-0.025535839297641562,False,4.575898979448468,-175.67675425735837,4.575898979448468,175.67675425735837,True
4-9-18_Schnable_49-460-js23-2-38_2018-04-11_06-46-38_9986700,6,29.1508,35.72954284604296,104.972,141.36750594340015,0.01227470824580349,5.0,-0.025535839297641562,False,6.57874284604296,36.39550594340017,6.57874284604296,36.39550594340017,False
4-9-18_Schnable_49-460-js23-2-38_2018-04-11_06-46-38_9986700,7,31.8275,101.17130036902341,175.845,94.67814135266894,0.021458055026688135,8.0,0.0015050421538670442,False,69.34380036902341,-81.16685864733105,69.34380036902341,81.16685864733105,False
4-9-18_Schnable_49-460-js23-2-38_2018-04-11_06-46-38_9986700,8,33.6475,25.255497096090124,82.0887,-121.9104511091988,0.4675627129998875,202.0,0.0015050421538670442,False,-8.392002903909876,156.0008488908012,8.392002903909876,156.0008488908012,True
4-9-18_Schnable_49-460-js23-2-38_2018-04-11_06-46-38_9986700,9,33.4557,45.89327881269545,-114.287,175.51193975193212,0.09805337716882526,45.0,0.013821799917237818,False,12.437578812695449,-70.20106024806785,12.437578812695449,70.20106024806785,True
4-9-18_Schnable_49-460-js23-2-38_2018-04-11_06-46-38_9986700,10,33.4995,31.182180324506206,53.4471,82.12833654588536,0.40902316785984244,164.0,0.10071814811458538,False,-2.317319675493792,28.681236545885355,2.317319675493792,28.681236545885355,True
4-9-18_Schnable_49-463-js159-2-228_2018-04-11_06-53-18_9987000,0,23.3779,27.03177147500292,170.48,175.89178862660572,0.24851891860194522,112.0,-0.014378180956632043,False,3.6538714750029193,5.411788626605727,3.6538714750029193,5.411788626605727,True
4-9-18_Schnable_49-463-js159-2-228_2018-04-11_06-53-18_9987000,1,35.8066,25.229483025805692,9.37114,9.97762653859138,0.2887166981770787,130.0,0.09913922663393451,False,-10.577116974194311,0.6064865385913834,10.577116974194311,0.6064865385913834,True
4-9-18_Schnable_49-463-js159-2-228_2018-04-11_06-53-18_9987000,2,14.167,12.38884645525144,-94.3588,-149.69102928575532,0.2326585524351485,105.0,0.10685090380031158,False,-1.7781535447485606,-55.33222928575532,1.7781535447485606,55.33222928575532,True
4-9-18_Schnable_49-463-js159-2-228_2018-04-11_06-53-18_9987000,3,42.5852,43.01200504663998,-113.25,-121.68539049731194,0.13396619128835852,57.0,0.10685090380031158,False,0.4268050466399771,-8.435390497311943,0.4268050466399771,8.435390497311943,True
4-9-18_Schnable_49-464-js278-105_2018-04-11_06-55-32_9987100,0,39.2096,45.85294397310549,111.177,112.6368983770202,0.2842231372436504,124.0,-0.13006162085248563,False,6.6433439731054875,1.4598983770201812,6.6433439731054875,1.4598983770201812,True
4-9-18_Schnable_49-464-js278-105_2018-04-11_06-55-32_9987100,1,39.3619,44.75361868348473,-69.8592,-70.32382004758729,0.35021213768144505,145.0,-0.10788592177599159,False,5.391718683484733,-0.4646200475872888,5.391718683484733,0.4646200475872888,True
4-9-18_Schnable_49-464-js278-105_2018-04-11_06-55-32_9987100,2,35.8069,44.85340578211993,95.5024,100.36027653466789,0.4028455878722338,176.0,-0.07457542962709858,False,9.04650578211993,4.857876534667895,9.04650578211993,4.857876534667895,True
4-9-18_Schnable_49-464-js278-105_2018-04-11_06-55-32_9987100,3,31.4308,35.34129423593284,-59.6923,-69.1488186776593,0.5268290300388236,228.0,-0.0468661269701827,False,3.910494235932841,-9.45651867765929,3.910494235932841,9.45651867765929,True
4-9-18_Schnable_49-464-js278-105_2018-04-11_06-55-32_9987100,4,26.3636,35.45715738671773,99.1407,105.43538827234744,0.5426116439007913,253.0,-0.022729384563853188,False,9.09355738671773,6.294688272347457,9.09355738671773,6.294688272347457,True
4-9-18_Schnable_49-464-js278-105_2018-04-11_06-55-32_9987100,5,23.9689,28.18529687191053,-85.3855,-92.0301719773748,0.5400177406363078,231.0,0.05370328545622339,False,4.216396871910529,-6.644671977374799,4.216396871910529,6.644671977374799,True
4-9-18_Schnable_49-464-js278-105_2018-04-11_06-55-32_9987100,6,35.9602,28.444091214639407,151.514,170.05116912348512,0.4029241019613743,186.0,0.19463670806087116,False,-7.5161087853605935,18.537169123485114,7.5161087853605935,18.537169123485114,True
4-9-18_Schnable_49-464-js278-105_2018-04-11_06-55-32_9987100,7,31.3334,30.24647364957322,-85.355,-99.36433921502157,0.2425157565544171,103.0,0.19463670806087116,False,-1.0869263504267828,-14.009339215021555,1.0869263504267828,14.009339215021555,True
4-9-18_Schnable_49-466-js110-162_2018-04-11_07-00-04_9987300,0,27.297,31.933620125032007,-133.391,-128.86800797553514,0.2822660147029274,123.0,-0.11391125071346701,False,4.636620125032007,4.522992024464855,4.636620125032007,4.522992024464855,True
4-9-18_Schnable_49-466-js110-162_2018-04-11_07-00-04_9987300,1,26.134,30.41157154445466,-35.915,-31.88028646437118,0.30266851574152576,136.0,-0.0685280368919968,False,4.277571544454659,4.034713535628811,4.277571544454659,4.034713535628811,True
4-9-18_Schnable_49-466-js110-162_2018-04-11_07-00-04_9987300,2,29.3162,21.972467306486976,-73.0282,-28.76971039950402,0.3830247348395208,159.0,-0.04713126795726334,False,-7.343732693513022,44.25848960049598,7.343732693513022,44.25848960049598,True
4-9-18_Schnable_49-466-js110-162_2018-04-11_07-00-04_9987300,3,35.2138,34.130798540050186,167.958,172.97200310402337,0.14004055060160264,60.0,-0.017825945284201953,False,-1.0830014599498128,5.014003104023374,1.0830014599498128,5.014003104023374,True
4-9-18_Schnable_49-466-js110-162_2018-04-11_07-00-04_9987300,4,30.2426,29.108081752448115,164.502,159.45680688911318,0.3591566832153764,157.0,0.017045561784134734,False,-1.1345182475518847,-5.045193110886828,1.1345182475518847,5.045193110886828,True
4-9-18_Schnable_49-466-js110-162_2018-04-11_07-00-04_9987300,5,30.0981,21.752470831748965,-54.8501,-47.24884428067813,0.5730648621651995,245.0,0.05326145417542865,False,-8.345629168251033,7.60125571932187,8.345629168251033,7.60125571932187,True
4-9-18_Schnable_49-466-js110-162_2018-04-11_07-00-04_9987300,6,23.3756,20.662004759172675,-13.8054,2.125877595187319,0.3015083954197022,134.0,0.14791675665062765,False,-2.713595240827324,15.93127759518731,2.713595240827324,15.93127759518731,True
4-9-18_Schnable_49-466-js110-162_2018-04-11_07-00-04_9987300,7,35.6248,31.54735360340677,103.699,113.03211388161725,0.48710135392077863,223.0,0.14791675665062765,False,-4.077446396593231,9.333113881617237,4.077446396593231,9.333113881617237,True
4-9-18_Schnable_49-467-js96-133_2018-04-11_07-02-18_9987400,0,47.2485,46.09717196161956,157.081,159.78073565453212,0.20353525190881072,72.0,-0.19096569616096298,False,-1.1513280383804414,2.699735654532134,1.1513280383804414,2.699735654532134,True
4-9-18_Schnable_49-467-js96-133_2018-04-11_07-02-18_9987400,1,43.2761,46.8394442746887,-27.6955,-23.767414226705597,0.26909981730883564,112.0,-0.13962826400415837,False,3.5633442746887027,3.9280857732944128,3.5633442746887027,3.9280857732944128,True
4-9-18_Schnable_49-467-js96-133_2018-04-11_07-02-18_9987400,2,53.8145,58.15859961446599,164.956,163.60525118441564,0.3225556479844785,123.0,-0.10104034705643028,False,4.344099614465989,-1.3507488155843532,4.344099614465989,1.3507488155843532,True
4-9-18_Schnable_49-467-js96-133_2018-04-11_07-02-18_9987400,3,45.8727,51.645600541921176,-48.4584,-46.030987253369915,0.40758311735167335,180.0,-0.0671676022813559,False,5.7729005419211745,2.4274127466300683,5.7729005419211745,2.4274127466300683,True
4-9-18_Schnable_49-467-js96-133_2018-04-11_07-02-18_9987400,4,32.5556,39.81881014274331,162.845,151.36425026494135,0.4930673419891763,197.0,-0.011570191359852195,False,7.263210142743311,-11.480749735058652,7.263210142743311,11.480749735058652,True
4-9-18_Schnable_49-467-js96-133_2018-04-11_07-02-18_9987400,5,35.6244,39.587049443008254,-38.2852,-35.9871924070398,0.6086965743931579,254.0,0.04137410940423701,False,3.962649443008253,2.2980075929602037,3.962649443008253,2.2980075929602037,True
4-9-18_Schnable_49-467-js96-133_2018-04-11_07-02-18_9987400,6,24.1159,26.24588597884481,153.493,157.77073319806493,0.5938167687390017,248.0,0.10800873327833269,False,2.129985978844811,4.2777331980649365,2.129985978844811,4.2777331980649365,True
4-9-18_Schnable_49-467-js96-133_2018-04-11_07-02-18_9987400,7,19.7784,21.092419644961666,137.077,140.18312727651949,0.27353425018321303,120.0,0.23509736131480852,False,1.3140196449616646,3.106127276519487,1.3140196449616646,3.106127276519487,True
4-9-18_Schnable_49-467-js96-133_2018-04-11_07-02-18_9987400,8,27.1184,20.996407372768132,-27.5077,-8.113934433162427,0.41567286494631955,187.0,0.23509736131480852,False,-6.121992627231869,19.393765566837573,6.121992627231869,19.393765566837573,True
4-9-18_Schnable_49-469-js37-1-63_2018-04-11_07-06-46_9987600,0,28.2705,35.185091703980135,-25.6111,-29.0705715161682,0.1573493038162061,73.0,-0.08564477138612019,False,6.914591703980136,-3.4594715161682075,6.914591703980136,3.4594715161682075,True
4-9-18_Schnable_49-469-js37-1-63_2018-04-11_07-06-46_9987600,1,41.1581,42.85466338965893,-173.057,-173.5593565155306,0.26618292215367784,108.0,-0.03509035431111489,False,1.6965633896589338,-0.5023565155306073,1.6965633896589338,0.5023565155306073,True
4-9-18_Schnable_49-469-js37-1-63_2018-04-11_07-06-46_9987600,2,20.3219,21.12698169546725,-166.924,179.7280234793094,0.43247785134174865,186.0,0.07722878116219228,False,0.8050816954672513,-13.347976520690622,0.8050816954672513,13.347976520690622,True
4-9-18_Schnable_49-469-js37-1-63_2018-04-11_07-06-46_9987600,3,31.9608,37.88335114194525,-79.9788,-82.93336117753068,0.14625771806950796,70.0,0.07722878116219228,False,5.922551141945249,-2.954561177530678,5.922551141945249,2.954561177530678,True
4-9-18_Schnable_49-469-js37-1-63_2018-04-11_07-06-46_9987600,4,22.9227,16.489966326877408,73.1235,71.75737028481694,0.19155011359707674,89.0,0.07435173503581355,False,-6.432733673122591,-1.3661297151830638,6.432733673122591,1.3661297151830638,True
4-9-18_Schnable_49-469-js37-1-63_2018-04-11_07-06-46_9987600,5,33.1217,47.239088980414486,-12.7407,-19.963087264897666,0.09482204246603074,45.0,0.07435173503581355,False,14.11738898041449,-7.222387264897662,14.11738898041449,7.222387264897662,True
4-9-18_Schnable_49-469-js37-1-63_2018-04-11_07-06-46_9987600,6,24.0685,19.64785094791783,63.0419,-179.1383848056054,0.1831820073883117,79.0,0.1342323432549731,False,-4.420649052082169,117.81971519439458,4.420649052082169,117.81971519439458,True
4-9-18_Schnable_49-469-js37-1-63_2018-04-11_07-06-46_9987600,7,21.0352,25.385327072213272,158.577,63.72924096760153,0.33899069131565346,149.0,0.1342323432549731,False,4.350127072213272,-94.84775903239847,4.350127072213272,94.84775903239847,True
4-9-18_Schnable_49-470-js154-223_2018-04-11_07-09-00_9987700,0,32.5782,36.37584204594978,-163.542,-162.2041747885465,0.2809828793966573,112.0,-0.03227486372027246,False,3.797642045949779,1.3378252114534916,3.797642045949779,1.3378252114534916,True
4-9-18_Schnable_49-470-js154-223_2018-04-11_07-09-00_9987700,1,24.9956,27.499834351836192,32.987,23.966634954248832,0.3160405563964575,128.0,-0.003764099695423735,False,2.5042343518361925,-9.020365045751163,2.5042343518361925,9.020365045751163,True
4-9-18_Schnable_49-470-js154-223_2018-04-11_07-09-00_9987700,2,26.2959,27.997461775560076,-172.969,179.39854523810266,0.36595656271810695,150.0,0.037863870632781335,False,1.7015617755600765,-7.632454761897407,1.7015617755600765,7.632454761897407,True
4-9-18_Schnable_49-470-js154-223_2018-04-11_07-09-00_9987700,3,16.1971,17.54580388037813,-168.361,-163.1322538123744,0.28906767179125326,139.0,0.09233453397403021,False,1.3487038803781317,5.228746187625603,1.3487038803781317,5.228746187625603,True
4-9-18_Schnable_49-470-js154-223_2018-04-11_07-09-00_9987700,4,24.1691,24.948067182498207,37.0007,32.474645333200556,0.3518552109435047,146.0,0.09233453397403021,False,0.7789671824982065,-4.526054666799439,0.7789671824982065,4.526054666799439,True
4-9-18_Schnable_49-471-js154-223_2018-04-11_07-11-14_9987800,0,31.5947,35.13537354083524,-144.799,-145.1439503394441,0.2303946440330668,91.0,-0.058288202435833936,False,3.5406735408352397,-0.3449503394440967,3.5406735408352397,0.3449503394440967,True
4-9-18_Schnable_49-471-js154-223_2018-04-11_07-11-14_9987800,1,28.2004,28.179791169215513,23.9655,21.344968364529223,0.29956298611306015,124.0,-0.038360951977390846,False,-0.020608830784485832,-2.620531635470769,0.020608830784485832,2.620531635470769,True
4-9-18_Schnable_49-471-js154-223_2018-04-11_07-11-14_9987800,2,25.6167,29.830149271974058,-143.299,-135.61755534721794,0.33498253355266805,136.0,-0.005806757676479292,False,4.213449271974056,7.681444652782062,4.213449271974056,7.681444652782062,True
4-9-18_Schnable_49-471-js154-223_2018-04-11_07-11-14_9987800,3,26.461,30.903289686884193,41.9523,48.46020013971463,0.33083473785109396,147.0,0.039780222851553394,False,4.442289686884195,6.5079001397146214,4.442289686884195,6.5079001397146214,True
4-9-18_Schnable_49-471-js154-223_2018-04-11_07-11-14_9987800,4,29.2008,20.76886016177967,-131.104,62.70533363707165,0.34086745271473223,152.0,0.11584738908126696,False,-8.43193983822033,-166.19066636292837,8.43193983822033,166.19066636292837,True
4-9-18_Schnable_49-471-js154-223_2018-04-11_07-11-14_9987800,5,27.5448,25.136116703447982,63.9722,-138.56377538132722,0.37701167024050036,151.0,0.11584738908126696,False,-2.4086832965520166,157.4640246186728,2.4086832965520166,157.4640246186728,True
4-9-18_Schnable_49-472-js68-97_2018-04-11_07-13-27_9987900,0,63.9305,56.80751348594937,-46.6073,-55.914856873812596,0.2444926090672131,118.0,0.009421513729324708,True,-7.1229865140506305,-9.307556873812587,7.1229865140506305,9.307556873812587,True
4-9-18_Schnable_49-472-js68-97_2018-04-11_07-13-27_9987900,1,5.35793,9.658204667128444,-65.4905,-29.812862517614803,0.3374588682789798,145.0,0.027170958973366688,True,4.300274667128445,35.677637482385194,4.300274667128445,35.677637482385194,True
4-9-18_Schnable_49-472-js68-97_2018-04-11_07-13-27_9987900,2,88.0161,96.67192289733727,-176.426,-177.9889922003792,0.40608561196758153,173.0,0.052510373741251726,True,8.655822897337274,-1.562992200379199,8.655822897337274,1.562992200379199,True
4-9-18_Schnable_49-472-js68-97_2018-04-11_07-13-27_9987900,3,7.76473,5.269001497829834,-152.566,19.399052778368656,0.5418431631408898,249.0,0.08346983830535033,True,-2.4957285021701665,171.96505277836866,2.4957285021701665,171.96505277836866,True
4-9-18_Schnable_49-472-js68-97_2018-04-11_07-13-27_9987900,4,67.3937,71.77541754501812,177.061,176.02428832648877,0.5420163449386652,226.0,0.10849530045537181,True,4.38171754501812,-1.0367116735112347,4.38171754501812,1.0367116735112347,True
4-9-18_Schnable_49-472-js68-97_2018-04-11_07-13-27_9987900,5,28.1251,36.59020711930707,132.358,141.80714854738744,0.493577632910918,222.0,0.2116714620876271,True,8.465107119307067,9.449148547387438,8.465107119307067,9.449148547387438,True
4-9-18_Schnable_49-472-js68-97_2018-04-11_07-13-27_9987900,6,75.7257,74.34953040699506,-172.329,-177.97946010502812,0.2989800562181081,122.0,0.2116714620876271,True,-1.3761695930049456,-5.650460105028117,1.3761695930049456,5.650460105028117,True
4-9-18_Schnable_49-473-js233-371_2018-04-11_07-15-41_9988000,0,40.1264,46.4094041951966,148.75,149.72180137093795,0.22221011614023328,97.0,-0.094144797971669,False,6.283004195196604,0.9718013709379534,6.283004195196604,0.9718013709379534,True
4-9-18_Schnable_49-473-js233-371_2018-04-11_07-15-41_9988000,1,32.7117,36.65420706580929,-22.1751,-17.87361198295136,0.29368989620561586,132.0,-0.054992465889454646,False,3.942507065809288,4.301488017048655,3.942507065809288,4.301488017048655,True
4-9-18_Schnable_49-473-js233-371_2018-04-11_07-15-41_9988000,2,38.6589,46.27391979316045,174.937,177.43430989752335,0.3144874120038982,145.0,-0.025766478995401715,False,7.6150197931604495,2.497309897523337,7.6150197931604495,2.497309897523337,True
4-9-18_Schnable_49-473-js233-371_2018-04-11_07-15-41_9988000,3,35.439,39.85471086620236,-11.3197,-13.122082907886181,0.38923557621432653,163.0,0.0034435364361350956,False,4.41571086620236,-1.8023829078861695,4.41571086620236,1.8023829078861695,True
4-9-18_Schnable_49-473-js233-371_2018-04-11_07-15-41_9988000,4,53.2277,53.7561571322271,175.111,166.05915665252326,0.15395179054356697,67.0,0.0169314193827843,False,0.5284571322271034,-9.051843347476733,0.5284571322271034,9.051843347476733,True
4-9-18_Schnable_49-473-js233-371_2018-04-11_07-15-41_9988000,5,36.057,33.601404710260645,-11.6771,175.33675165538534,0.26201388304584233,138.0,0.1136643866920882,False,-2.4555952897393567,-172.98614834461466,2.4555952897393567,172.98614834461466,True
4-9-18_Schnable_49-473-js233-371_2018-04-11_07-15-41_9988000,6,25.4051,36.59103596353703,166.592,-11.277498794689478,0.37332934964664133,146.0,0.1136643866920882,False,11.18593596353703,-177.8694987946895,11.18593596353703,177.8694987946895,True
4-9-18_Schnable_49-474-js64-93_2018-04-11_07-17-55_9988100,0,82.4396,149.21560050557892,-116.301,-163.8049437597062,0.033832956965712584,19.0,-0.2079784940373475,False,66.77600050557892,-47.5039437597062,66.77600050557892,47.5039437597062,False
4-9-18_Schnable_49-474-js64-93_2018-04-11_07-17-55_9988100,1,43.7288,47.36927012509927,-21.4519,-24.367420150985964,0.3410123098382229,157.0,-0.11919718655981017,False,3.64047012509927,-2.9155201509859694,3.64047012509927,2.9155201509859694,True
4-9-18_Schnable_49-474-js64-93_2018-04-11_07-17-55_9988100,2,26.6444,36.01387431883286,145.357,137.011556145121,0.40859034741796274,172.0,-0.09802177927297204,False,9.36947431883286,-8.345443854878994,9.36947431883286,8.345443854878994,True
4-9-18_Schnable_49-474-js64-93_2018-04-11_07-17-55_9988100,3,39.2682,41.97237720706588,-44.5176,-48.73151371480151,0.46255083200761665,203.0,-0.07995086764000643,False,2.7041772070658823,-4.2139137148014925,2.7041772070658823,4.2139137148014925,True
4-9-18_Schnable_49-474-js64-93_2018-04-11_07-17-55_9988100,4,32.4902,35.03457027618746,125.388,130.81551369782414,0.5078353839665809,227.0,-0.02471730276338841,False,2.5443702761874576,5.427513697824139,2.5443702761874576,5.427513697824139,True
4-9-18_Schnable_49-474-js64-93_2018-04-11_07-17-55_9988100,5,34.0845,56.14554654516719,-36.4264,-119.59347362052966,0.13029966913088734,64.0,0.024525291241696036,False,22.061046545167194,-83.16707362052966,22.061046545167194,83.16707362052966,True
4-9-18_Schnable_49-474-js64-93_2018-04-11_07-17-55_9988100,6,46.7965,27.718031790665876,-111.326,-29.797137532465968,0.5445377112247751,236.0,0.024525291241696036,False,-19.078468209334126,81.52886246753405,19.078468209334126,81.52886246753405,True
4-9-18_Schnable_49-474-js64-93_2018-04-11_07-17-55_9988100,7,55.3151,36.6456376609656,106.4,117.70182479939086,0.5496245851981866,237.0,0.13104094107517214,False,-18.669462339034403,11.301824799390857,18.669462339034403,11.301824799390857,True
4-9-18_Schnable_49-474-js64-93_2018-04-11_07-17-55_9988100,8,38.2662,32.46585034451006,12.3604,34.508562350546185,0.4467237185076324,207.0,0.19074751076242202,False,-5.8003496554899385,22.148162350546187,5.8003496554899385,22.148162350546187,True
4-9-18_Schnable_49-474-js64-93_2018-04-11_07-17-55_9988100,9,43.4668,36.83002033041698,134.12,134.11242524807187,0.26300961454458377,115.0,0.21462178187194011,False,-6.636779669583021,-0.007574751928132173,6.636779669583021,0.007574751928132173,True
4-9-18_Schnable_49-474-js64-93_2018-04-11_07-17-55_9988100,10,31.2732,30.751762863315847,-126.964,-123.10300125230577,0.186273082425419,79.0,0.21462178187194011,False,-0.5214371366841526,3.860998747694225,0.5214371366841526,3.860998747694225,True
4-9-18_Schnable_49-475-js159-1-228_2018-04-11_07-20-09_9988200,0,45.8013,45.48997243903729,-25.4781,-13.857543582302355,0.2727343424367018,127.0,-0.0016187940112949595,False,-0.3113275609627095,11.620556417697657,0.3113275609627095,11.620556417697657,True
4-9-18_Schnable_49-475-js159-1-228_2018-04-11_07-20-09_9988200,1,40.5068,36.076792404285726,154.089,158.16756524056154,0.30603492779346464,137.0,-0.0010826093550698095,False,-4.430007595714272,4.078565240561545,4.430007595714272,4.078565240561545,True
4-9-18_Schnable_49-475-js159-1-228_2018-04-11_07-20-09_9988200,2,17.7178,12.871279314490295,163.704,173.98938287999874,0.30014166249470103,125.0,-0.0010826093550698095,False,-4.846520685509706,10.285382879998735,4.846520685509706,10.285382879998735,True
4-9-18_Schnable_49-475-js159-1-228_2018-04-11_07-20-09_9988200,3,33.1888,37.5467786783875,-30.9875,-40.41115961538296,0.3212840023023495,140.0,0.056258485178986226,False,4.3579786783874965,-9.423659615382945,4.3579786783874965,9.423659615382945,True
4-9-18_Schnable_49-475-js159-1-228_2018-04-11_07-20-09_9988200,4,30.3833,41.58756630644963,57.7541,43.3641903003014,0.11163052415114182,50.0,0.056258485178986226,False,11.204266306449632,-14.389909699698592,11.204266306449632,14.389909699698592,True
4-9-18_Schnable_49-475-js159-1-228_2018-04-11_07-20-09_9988200,5,53.228,47.615287140703636,-27.3227,-32.83361520061413,0.405985817766575,155.0,0.11094694526277186,False,-5.612712859296366,-5.510915200614136,5.612712859296366,5.510915200614136,True
4-9-18_Schnable_49-475-js159-1-228_2018-04-11_07-20-09_9988200,6,32.0603,37.13981813369696,160.564,174.23371902276085,0.468702320172082,216.0,0.11094694526277186,False,5.079518133696965,13.669719022760859,5.079518133696965,13.669719022760859,True
4-9-18_Schnable_49-475-js159-1-228_2018-04-11_07-20-09_9988200,7,33.5187,21.77356561519889,-37.0233,-56.02128037588264,0.4300637576576281,186.0,0.11094694526277186,False,-11.745134384801112,-18.997980375882634,11.745134384801112,18.997980375882634,True
4-9-18_Schnable_49-477-js45-73_2018-04-11_07-24-37_9988400,0,18.6221,21.453580648771563,165.402,152.92838880923466,0.25315578307269393,112.0,-0.0288984140950848,False,2.8314806487715636,-12.473611190765325,2.8314806487715636,12.473611190765325,True
4-9-18_Schnable_49-477-js45-73_2018-04-11_07-24-37_9988400,1,44.5522,48.87542340569905,-1.72112,5.705827925066842,0.15551781663162295,63.0,-0.022343666373038456,False,4.3232234056990535,7.426947925066855,4.3232234056990535,7.426947925066855,True
4-9-18_Schnable_49-477-js45-73_2018-04-11_07-24-37_9988400,2,8.09461,12.844443732659215,-55.7649,-18.304041040315553,0.41796378647709953,185.0,0.023257716021511804,False,4.749833732659216,37.46085895968446,4.749833732659216,37.46085895968446,True
4-9-18_Schnable_49-477-js45-73_2018-04-11_07-24-37_9988400,3,32.2639,33.97440902310114,-14.0989,-6.626241400585229,0.23451075420045217,100.0,0.023257716021511804,False,1.7105090231011388,7.472658599414785,1.7105090231011388,7.472658599414785,True
4-9-18_Schnable_49-477-js45-73_2018-04-11_07-24-37_9988400,4,21.0153,8.038348691494477,154.049,-71.85720161158243,0.16980377856668985,72.0,0.08873290852289388,False,-12.976951308505523,134.09379838841755,12.976951308505523,134.09379838841755,True
4-9-18_Schnable_49-477-js45-73_2018-04-11_07-24-37_9988400,5,5.54602,30.714827527598594,-89.1834,153.64983802349298,0.22594993425047466,98.0,0.08873290852289388,False,25.168807527598595,-117.16676197650702,25.168807527598595,117.16676197650702,True
4-9-18_Schnable_49-479-js271-27_2018-04-11_07-29-04_9988600,0,19.395,21.06344822304959,24.4668,16.618948416123146,0.13362449848039554,59.0,-0.004395896344716621,False,1.668448223049591,-7.84785158387686,1.668448223049591,7.84785158387686,True
4-9-18_Schnable_49-479-js271-27_2018-04-11_07-29-04_9988600,1,17.2096,20.589312314628557,179.335,172.57899988163615,0.23540799265745635,96.0,0.014898416864472979,False,3.3797123146285593,-6.756000118363858,3.3797123146285593,6.756000118363858,True
4-9-18_Schnable_49-479-js271-27_2018-04-11_07-29-04_9988600,2,5.76521,19.415173165312765,24.9889,166.510767432193,0.23556193432002456,101.0,0.08265918605189883,False,13.649963165312766,141.521867432193,13.649963165312766,141.521867432193,True
4-9-18_Schnable_49-479-js271-27_2018-04-11_07-29-04_9988600,3,19.1388,8.49881866409872,155.408,-13.379173508850982,0.21200176993907496,102.0,0.08265918605189883,False,-10.639981335901279,-168.78717350885097,10.639981335901279,168.78717350885097,True
4-9-18_Schnable_49-480-js236-377_2018-04-11_07-31-19_9988700,0,49.6671,48.08269566525113,-3.28191,-6.513658889363427,0.3495463192472965,156.0,-0.09926678856387554,False,-1.5844043347488679,-3.2317488893634163,1.5844043347488679,3.2317488893634163,True
4-9-18_Schnable_49-480-js236-377_2018-04-11_07-31-19_9988700,1,39.5124,46.79096460382732,157.43,161.30890640692633,0.34360746229601563,145.0,-0.08129363357580778,False,7.27856460382732,3.878906406926319,7.27856460382732,3.878906406926319,True
4-9-18_Schnable_49-480-js236-377_2018-04-11_07-31-19_9988700,2,39.1581,34.09122762590234,7.90019,-5.155178262939387,0.4666967035131282,214.0,-0.06466892246938973,False,-5.066872374097656,-13.055368262939396,5.066872374097656,13.055368262939396,True
4-9-18_Schnable_49-480-js236-377_2018-04-11_07-31-19_9988700,3,32.5425,42.086761705464774,149.261,150.65039248558094,0.5189177855046698,230.0,-0.026741851621787167,False,9.544261705464777,1.3893924855809416,9.544261705464777,1.3893924855809416,True
4-9-18_Schnable_49-480-js236-377_2018-04-11_07-31-19_9988700,4,33.902,30.05753795711494,-13.5055,-19.0881695732472,0.5610443777080516,254.0,0.02103206898778043,False,-3.8444620428850627,-5.582669573247188,3.8444620428850627,5.582669573247188,True
4-9-18_Schnable_49-480-js236-377_2018-04-11_07-31-19_9988700,5,39.7325,30.653527362127797,-169.046,-171.41010558106584,0.4789136610223866,223.0,0.12847406782746237,False,-9.078972637872205,-2.364105581065843,9.078972637872205,2.364105581065843,True
4-9-18_Schnable_49-480-js236-377_2018-04-11_07-31-19_9988700,6,32.8118,29.03207249012079,-42.4255,-65.52980601418858,0.3966471137465601,161.0,0.15532785371072166,False,-3.7797275098792085,-23.10430601418858,3.7797275098792085,23.10430601418858,True
4-9-18_Schnable_49-480-js236-377_2018-04-11_07-31-19_9988700,7,34.9167,31.625458334137193,172.402,174.48871229916398,0.18652022990918804,85.0,0.15532785371072166,False,-3.291241665862806,2.0867122991639917,3.291241665862806,2.0867122991639917,True
4-9-18_Schnable_49-481-js290-299_2018-04-11_07-33-33_9988800,0,48.6343,52.229823370575566,-152.429,-147.92272699574164,0.24939278397130288,106.0,-0.02987041665757156,False,3.595523370575563,4.506273004258361,3.595523370575563,4.506273004258361,True
4-9-18_Schnable_49-481-js290-299_2018-04-11_07-33-33_9988800,1,38.9382,45.67121255732871,-17.2936,-11.27224850391255,0.284328425806386,111.0,-0.00923379646050651,False,6.733012557328706,6.021351496087448,6.733012557328706,6.021351496087448,True
4-9-18_Schnable_49-481-js290-299_2018-04-11_07-33-33_9988800,2,30.9507,29.331682459282064,-168.255,-160.297900028294,0.3191652223966209,144.0,0.014576513119304314,False,-1.6190175407179375,7.957099971705986,1.6190175407179375,7.957099971705986,True
4-9-18_Schnable_49-481-js290-299_2018-04-11_07-33-33_9988800,3,22.685,15.354264651277632,171.916,-179.20510289532234,0.38376665015707245,179.0,0.05737308909566534,False,-7.330735348722367,8.878897104677662,7.330735348722367,8.878897104677662,True
4-9-18_Schnable_49-481-js290-299_2018-04-11_07-33-33_9988800,4,14.7621,6.793759043275259,26.2967,-31.16015044007699,0.22932081132184734,107.0,0.11663107989293749,False,-7.968340956724742,-57.45685044007699,7.968340956724742,57.45685044007699,True
4-9-18_Schnable_49-481-js290-299_2018-04-11_07-33-33_9988800,5,2.54445,25.77181593514318,17.8442,36.4279896575905,0.25680157432885387,116.0,0.11663107989293749,False,23.22736593514318,18.5837896575905,23.22736593514318,18.5837896575905,True
4-9-18_Schnable_49-482-js37-2-63_2018-04-11_07-35-47_9988900,0,39.0664,35.32675955284494,-176.456,-179.38813076078,0.32425431088911394,135.0,-0.08278371158465762,False,-3.739640447155061,-2.9321307607800122,3.739640447155061,2.9321307607800122,True
4-9-18_Schnable_49-482-js37-2-63_2018-04-11_07-35-47_9988900,1,34.5275,33.72989296257543,-6.45443,-8.865562961901588,0.33349853036154453,136.0,-0.04745544916209893,False,-0.7976070374245765,-2.411132961901586,0.7976070374245765,2.411132961901586,True
4-9-18_Schnable_49-482-js37-2-63_2018-04-11_07-35-47_9988900,2,27.6327,31.409544695576834,177.205,174.520639028542,0.4280420668894075,190.0,-0.000704716493961399,False,3.776844695576834,-2.6843609714580055,3.776844695576834,2.6843609714580055,True
4-9-18_Schnable_49-482-js37-2-63_2018-04-11_07-35-47_9988900,3,40.5956,31.39571937417203,8.63233,13.845745963112051,0.5102737327088754,235.0,0.03670700916717765,False,-9.199880625827966,5.213415963112055,9.199880625827966,5.213415963112055,True
4-9-18_Schnable_49-482-js37-2-63_2018-04-11_07-35-47_9988900,4,43.1548,60.421909149702664,82.2625,88.1524659971397,0.11902368509016481,64.0,0.08927654269383604,False,17.267109149702662,5.889965997139711,17.267109149702662,5.889965997139711,True
4-9-18_Schnable_49-482-js37-2-63_2018-04-11_07-35-47_9988900,5,25.4191,21.35841567454233,157.36,151.7526281757173,0.4149660907831232,182.0,0.10782441709351973,False,-4.060684325457672,-5.607371824282723,4.060684325457672,5.607371824282723,True
4-9-18_Schnable_49-482-js37-2-63_2018-04-11_07-35-47_9988900,6,65.4627,31.677005856569295,34.6658,161.83675471646177,0.20761448790961462,108.0,0.18322143361125465,False,-33.7856941434307,127.17095471646178,33.7856941434307,127.17095471646178,True
4-9-18_Schnable_49-482-js37-2-63_2018-04-11_07-35-47_9988900,7,33.2552,39.71042079686425,-165.258,45.78777499700334,0.4185110381073575,193.0,0.18322143361125465,False,6.455220796864246,-148.95422500299662,6.455220796864246,148.95422500299662,True
4-9-18_Schnable_49-484-js167-239_2018-04-11_07-40-14_9989100,0,28.8242,33.43509906153271,147.734,148.0966998870408,0.25872928974349885,121.0,-0.09754290929797871,False,4.6108990615327095,0.36269988704080447,4.6108990615327095,0.36269988704080447,True
4-9-18_Schnable_49-484-js167-239_2018-04-11_07-40-14_9989100,1,39.8087,37.55407655944196,-168.96,176.92526193041323,0.08182682940856903,30.0,-0.053040519912982434,False,-2.254623440558042,-14.114738069586792,2.254623440558042,14.114738069586792,True
4-9-18_Schnable_49-484-js167-239_2018-04-11_07-40-14_9989100,2,30.3239,33.324889745841716,4.90859,8.37208936942045,0.3557785229014461,155.0,-0.0021085863064001856,False,3.000989745841718,3.463499369420447,3.000989745841718,3.463499369420447,True
4-9-18_Schnable_49-484-js167-239_2018-04-11_07-40-14_9989100,3,33.0807,33.47394780348992,59.1118,58.1007479323996,0.3986131787814549,160.0,0.10352613721244491,False,0.3932478034899205,-1.011052067600417,0.3932478034899205,1.011052067600417,True
4-9-18_Schnable_49-484-js167-239_2018-04-11_07-40-14_9989100,4,24.1978,24.587721396016576,161.795,-69.70147935151044,0.1278309639158302,63.0,0.13295586861765235,False,0.3899213960165753,128.5035206484896,0.3899213960165753,128.5035206484896,True
4-9-18_Schnable_49-484-js167-239_2018-04-11_07-40-14_9989100,5,18.5063,23.100319641441033,-86.6656,164.7979930465475,0.2455535789901735,110.0,0.13295586861765235,False,4.594019641441033,-108.53640695345251,4.594019641441033,108.53640695345251,True
4-9-18_Schnable_49-485-js151-218_2018-04-11_07-42-28_9989200,0,51.061,53.0166839611524,156.677,159.19511810178028,0.33828518480038317,179.0,-0.12805581937815655,False,1.9556839611524026,2.5181181017802885,1.9556839611524026,2.5181181017802885,True
4-9-18_Schnable_49-485-js151-218_2018-04-11_07-42-28_9989200,1,49.7488,73.62922638570852,-162.124,-153.30376605779531,0.08690005976455632,45.0,-0.12245567504763066,False,23.880426385708518,8.82023394220468,23.880426385708518,8.82023394220468,True
4-9-18_Schnable_49-485-js151-218_2018-04-11_07-42-28_9989200,2,18.1843,50.959854351360185,-102.671,-114.10479948222923,0.2944678528880642,133.0,-0.10049514397781921,False,32.775554351360185,-11.433799482229233,32.775554351360185,11.433799482229233,True
4-9-18_Schnable_49-485-js151-218_2018-04-11_07-42-28_9989200,3,58.8342,19.16065905176606,-111.345,-79.71586614426737,0.3962497479297289,176.0,-0.10049514397781921,False,-39.67354094823394,31.62913385573262,39.67354094823394,31.62913385573262,True
4-9-18_Schnable_49-485-js151-218_2018-04-11_07-42-28_9989200,4,51.0775,45.934365181902585,152.578,150.31479553504357,0.4383762466086603,207.0,-0.08254692619559974,False,-5.1431348180974155,-2.2632044649564307,5.1431348180974155,2.2632044649564307,True
4-9-18_Schnable_49-485-js151-218_2018-04-11_07-42-28_9989200,5,30.0577,39.7844857301792,-146.701,-132.94726083598732,0.12821009997714322,74.0,-0.024446785810205172,False,9.726785730179198,13.753739164012671,9.726785730179198,13.753739164012671,True
4-9-18_Schnable_49-485-js151-218_2018-04-11_07-42-28_9989200,6,48.8676,46.41701013887258,144.212,144.9277272058714,0.4973329830122132,230.0,0.008504699682407753,False,-2.450589861127426,0.715727205871417,2.450589861127426,0.715727205871417,True
4-9-18_Schnable_49-485-js151-218_2018-04-11_07-42-28_9989200,7,37.5497,48.07077827964806,77.0203,91.14666569416408,0.14710918707454773,60.0,0.05028445741762614,False,10.521078279648059,14.126365694164065,10.521078279648059,14.126365694164065,True
4-9-18_Schnable_49-485-js151-218_2018-04-11_07-42-28_9989200,8,29.6186,38.267836498465634,31.9743,3.5972672456985038,0.10901995555792712,57.0,0.058277029379127196,False,8.649236498465633,-28.377032754301496,8.649236498465633,28.377032754301496,True
4-9-18_Schnable_49-485-js151-218_2018-04-11_07-42-28_9989200,9,48.8743,51.944001680213404,-34.6034,129.28751007402207,0.3486125181399781,138.0,0.09825345725694591,False,3.069701680213406,163.89091007402203,3.069701680213406,163.89091007402203,True
4-9-18_Schnable_49-485-js151-218_2018-04-11_07-42-28_9989200,10,55.3097,50.86302429225081,134.811,-32.65100418763953,0.1632772629458922,70.0,0.09825345725694591,False,-4.446675707749186,-167.46200418763954,4.446675707749186,167.46200418763954,True
4-9-18_Schnable_49-485-js151-218_2018-04-11_07-42-28_9989200,11,37.9275,42.71672721899432,37.9312,39.935550529588795,0.2716201240853346,118.0,0.21112670199741015,False,4.78922721899432,2.0043505295888053,4.78922721899432,2.0043505295888053,True
4-9-18_Schnable_49-485-js151-218_2018-04-11_07-42-28_9989200,12,31.8013,12.99346379054957,170.466,91.62187119244436,0.33399293480784564,147.0,0.21112670199741015,False,-18.807836209450432,-78.84412880755565,18.807836209450432,78.84412880755565,True
4-9-18_Schnable_49-486-js97-138_2018-04-11_07-44-41_9989300,0,30.4417,36.872403819172305,47.726,46.53324990149781,0.28607106959855166,133.0,-0.03513835778629587,False,6.4307038191723045,-1.192750098502188,6.4307038191723045,1.192750098502188,True
4-9-18_Schnable_49-486-js97-138_2018-04-11_07-44-41_9989300,1,40.711,35.23800402619755,34.9119,44.51807796019233,0.3769976978076109,180.0,0.007179185720167355,False,-5.472995973802448,9.606177960192326,5.472995973802448,9.606177960192326,True
4-9-18_Schnable_49-486-js97-138_2018-04-11_07-44-41_9989300,2,41.3341,39.702917282610905,-136.698,-132.39205887130154,0.29746024208168875,134.0,0.009204361158363233,False,-1.6311827173890947,4.305941128698464,1.6311827173890947,4.305941128698464,True
4-9-18_Schnable_49-486-js97-138_2018-04-11_07-44-41_9989300,3,31.1139,29.483776955147484,14.5388,25.64187516740253,0.2636460403261547,109.0,0.08284871572032247,False,-1.6301230448525175,11.103075167402523,1.6301230448525175,11.103075167402523,True
4-9-18_Schnable_49-486-js97-138_2018-04-11_07-44-41_9989300,4,28.4222,31.884561530187078,-155.65,-159.40514183840492,0.14074930927167803,58.0,0.08284871572032247,False,3.462361530187078,-3.75514183840491,3.462361530187078,3.75514183840491,True
4-9-18_Schnable_49-487-js155-2-224_2018-04-11_07-46-56_9989400,0,14.9362,48.12980373258672,52.6955,71.57305681648529,0.3543705096965543,161.0,-0.044979111850578575,False,33.19360373258672,18.87755681648528,33.19360373258672,18.87755681648528,True
4-9-18_Schnable_49-487-js155-2-224_2018-04-11_07-46-56_9989400,1,42.7367,66.95887100581182,141.938,-22.51634482096526,0.4654648420407519,189.0,-0.021423193140906294,False,24.222171005811816,-164.45434482096525,24.222171005811816,164.45434482096525,True
4-9-18_Schnable_49-487-js155-2-224_2018-04-11_07-46-56_9989400,2,32.7186,39.30857208118597,6.74502,86.7070950728019,0.43236736083596056,193.0,-0.0020456497227400497,False,6.589972081185969,79.9620750728019,6.589972081185969,79.9620750728019,True
4-9-18_Schnable_49-487-js155-2-224_2018-04-11_07-46-56_9989400,3,42.1591,63.949914899439534,150.192,-33.674568393355685,0.6024771523478564,269.0,0.03861106793857177,False,21.790814899439532,176.1334316066443,21.790814899439532,176.1334316066443,True
4-9-18_Schnable_49-487-js155-2-224_2018-04-11_07-46-56_9989400,4,33.0217,33.55193938985134,-15.4631,54.51526577499317,0.555782066487403,245.0,0.09324851567443311,False,0.5302393898513387,69.97836577499316,0.5302393898513387,69.97836577499316,True
4-9-18_Schnable_49-487-js155-2-224_2018-04-11_07-46-56_9989400,5,28.5224,54.174152684407936,125.15,-22.77401023993974,0.5643526009551022,262.0,0.16224775504346614,False,25.651752684407935,-147.92401023993975,25.651752684407935,147.92401023993975,True
4-9-18_Schnable_49-487-js155-2-224_2018-04-11_07-46-56_9989400,6,34.6895,28.490049856882024,6.89601,61.11900851355438,0.39114975346387504,169.0,0.2232085244658514,False,-6.1994501431179785,54.22299851355439,6.1994501431179785,54.22299851355439,True
4-9-18_Schnable_49-487-js155-2-224_2018-04-11_07-46-56_9989400,7,33.7013,43.60883246805783,-51.2219,-52.59155136631554,0.20183738105052737,92.0,0.2232085244658514,False,9.907532468057823,-1.3696513663155372,9.907532468057823,1.3696513663155372,True
4-9-18_Schnable_49-488-js44-71_2018-04-11_07-49-10_9989500,0,36.5784,40.77987295540207,158.792,155.53572551391602,0.15493930667213446,71.0,-0.11016034882347092,False,4.2014729554020676,-3.2562744860839814,4.2014729554020676,3.2562744860839814,True
4-9-18_Schnable_49-488-js44-71_2018-04-11_07-49-10_9989500,1,32.5141,19.42945838142704,172.321,97.82596289873067,0.04088611158927286,19.0,-0.07616229344908138,False,-13.08464161857296,-74.49503710126933,13.08464161857296,74.49503710126933,False
4-9-18_Schnable_49-488-js44-71_2018-04-11_07-49-10_9989500,2,39.0825,76.08670879522215,20.0332,7.677795488466131,0.09152707398811973,46.0,-0.07345805389557333,False,37.00420879522215,-12.355404511533862,37.00420879522215,12.355404511533862,True
4-9-18_Schnable_49-488-js44-71_2018-04-11_07-49-10_9989500,3,52.8563,33.15075437186335,4.24893,177.6097127021916,0.2762474320610223,130.0,-0.07345805389557333,False,-19.705545628136647,173.3607827021916,19.705545628136647,173.3607827021916,True
4-9-18_Schnable_49-488-js44-71_2018-04-11_07-49-10_9989500,4,71.3938,57.237105278807206,12.3624,-1.963227283944974,0.06687896269418522,33.0,-0.018525205671187255,False,-14.156694721192792,-14.325627283944982,14.156694721192792,14.325627283944982,True
4-9-18_Schnable_49-488-js44-71_2018-04-11_07-49-10_9989500,5,42.9086,66.7830006365167,13.4336,7.165259578091593,0.2230826045714967,96.0,-0.018525205671187255,False,23.874400636516704,-6.26834042190842,23.874400636516704,6.26834042190842,True
4-9-18_Schnable_49-488-js44-71_2018-04-11_07-49-10_9989500,6,35.8921,39.72756806779412,-174.068,-175.97938741641278,0.21146162653716927,102.0,0.027606012726954853,False,3.8354680677941175,-1.911387416412765,3.8354680677941175,1.911387416412765,True
4-9-18_Schnable_49-488-js44-71_2018-04-11_07-49-10_9989500,7,28.1634,29.032521871177686,-2.17339,4.026384129276721,0.3409706974857462,163.0,0.06855593112786158,False,0.8691218711776862,6.199774129276733,0.8691218711776862,6.199774129276733,True
4-9-18_Schnable_49-488-js44-71_2018-04-11_07-49-10_9989500,8,29.1804,20.180262586921685,-178.874,-10.237698818126205,0.31421701329807034,151.0,0.13762683856223423,False,-9.000137413078313,168.63630118187382,9.000137413078313,168.63630118187382,True
4-9-18_Schnable_49-488-js44-71_2018-04-11_07-49-10_9989500,9,26.5761,29.515321458503514,-2.57048,175.12514771503646,0.3504696230887406,162.0,0.13762683856223423,False,2.939221458503514,177.6956277150365,2.939221458503514,177.6956277150365,True
4-9-18_Schnable_49-489-js285-207_2018-04-11_07-51-28_9989600,0,22.1074,24.838449573812056,137.061,136.77617228108096,0.32807895212836924,154.0,-0.08977966704665406,False,2.731049573812058,-0.2848277189190469,2.731049573812058,0.2848277189190469,True
4-9-18_Schnable_49-489-js285-207_2018-04-11_07-51-28_9989600,1,32.7185,23.06328797287871,120.371,140.91153890712917,0.3394900962446383,157.0,-0.02364085943184851,False,-9.655212027121287,20.54053890712919,9.655212027121287,20.54053890712919,True
4-9-18_Schnable_49-489-js285-207_2018-04-11_07-51-28_9989600,2,61.5574,36.67668191788461,-21.8929,-21.33750802229443,0.3408874354841547,143.0,-0.017567311847929108,False,-24.880718082115393,0.5553919777055683,24.880718082115393,0.5553919777055683,True
4-9-18_Schnable_49-489-js285-207_2018-04-11_07-51-28_9989600,3,29.1095,28.695290597621614,-26.2486,-12.998584233591316,0.41905643672675535,187.0,0.03124615104142796,False,-0.4142094023783862,13.250015766408694,0.4142094023783862,13.250015766408694,True
4-9-18_Schnable_49-489-js285-207_2018-04-11_07-51-28_9989600,4,27.0875,25.336031305104513,159.82,165.23131713937806,0.3352421602268743,166.0,0.046351956618244074,False,-1.751468694895486,5.41131713937807,1.751468694895486,5.41131713937807,True
4-9-18_Schnable_49-489-js285-207_2018-04-11_07-51-28_9989600,5,66.4108,65.05356529126276,45.3337,44.60577024972315,0.15340634789554786,99.0,0.155690017052028,False,-1.3572347087372378,-0.7279297502768429,1.3572347087372378,0.7279297502768429,True
4-9-18_Schnable_49-489-js285-207_2018-04-11_07-51-28_9989600,6,40.6175,36.324756520090034,176.647,-9.623580510970442,0.3824976707641811,151.0,0.16994407768620237,False,-4.292743479909966,173.72941948902957,4.292743479909966,173.72941948902957,True
4-9-18_Schnable_49-489-js285-207_2018-04-11_07-51-28_9989600,7,41.0352,28.765142451355906,-23.9157,61.13422954373425,0.3336289278734968,139.0,0.16994407768620237,False,-12.270057548644097,85.04992954373427,12.270057548644097,85.04992954373427,True
4-9-18_Schnable_49-491-js262-420_2018-04-11_07-55-51_9989800,0,37.7725,44.01702598004976,171.206,173.75928205327034,0.326857007873683,142.0,-0.04590176932357815,False,6.244525980049758,2.553282053270351,6.244525980049758,2.553282053270351,True
4-9-18_Schnable_49-491-js262-420_2018-04-11_07-55-51_9989800,1,34.7097,35.038042452988606,-65.0013,-70.64507539043352,0.3814537868159144,178.0,-0.01794525753486369,False,0.32834245298860765,-5.643775390433518,0.32834245298860765,5.643775390433518,True
4-9-18_Schnable_49-491-js262-420_2018-04-11_07-55-51_9989800,2,39.2892,38.537315871023665,142.74,144.76437354795564,0.4313049405061654,167.0,-0.00575781843908538,False,-0.7518841289763358,2.0243735479556335,0.7518841289763358,2.0243735479556335,True
4-9-18_Schnable_49-491-js262-420_2018-04-11_07-55-51_9989800,3,30.8243,30.148440943119468,168.246,160.13804181034754,0.245412583839318,104.0,0.014417821376586808,False,-0.6758590568805332,-8.107958189652464,0.6758590568805332,8.107958189652464,True
4-9-18_Schnable_49-491-js262-420_2018-04-11_07-55-51_9989800,4,26.4627,30.931079834652614,-2.44832,1.4026683558691957,0.3619840443102963,146.0,0.1177888295412029,False,4.4683798346526125,3.850988355869191,4.4683798346526125,3.850988355869191,True
4-9-18_Schnable_49-491-js262-420_2018-04-11_07-55-51_9989800,5,30.2464,25.793523170401286,154.235,138.68135994682007,0.32219461759056633,137.0,0.1177888295412029,False,-4.452876829598715,-15.553640053179947,4.452876829598715,15.553640053179947,True
4-9-18_Schnable_49-493-js254-408_2018-04-11_08-00-19_9990000,0,15.5677,15.194715094128085,129.52,132.68074579607753,0.15902291473636324,59.0,-0.14994671291166634,False,-0.372984905871915,3.1607457960775207,0.372984905871915,3.1607457960775207,True
4-9-18_Schnable_49-493-js254-408_2018-04-11_08-00-19_9990000,1,32.6385,21.378616029362078,-7.18058,-22.9316493127574,0.2099153970069413,99.0,-0.10088313654807964,False,-11.259883970637922,-15.751069312757409,11.259883970637922,15.751069312757409,True
4-9-18_Schnable_49-493-js254-408_2018-04-11_08-00-19_9990000,2,19.2505,12.389444423848403,-29.5362,144.96103594272677,0.2854624738537433,124.0,-0.047716081422931204,False,-6.861055576151596,174.49723594272677,6.861055576151596,174.49723594272677,True
4-9-18_Schnable_49-493-js254-408_2018-04-11_08-00-19_9990000,3,13.805,23.56635117444783,158.421,-28.451751968266507,0.271466043553897,128.0,-0.009640014382860882,False,9.761351174447832,173.12724803173353,9.761351174447832,173.12724803173353,True
4-9-18_Schnable_49-493-js254-408_2018-04-11_08-00-19_9990000,4,27.4543,33.095481260782556,-39.2459,170.23599708962416,0.3236117140507966,149.0,0.11243930228358202,False,5.641181260782556,-150.51810291037583,5.641181260782556,150.51810291037583,True
4-9-18_Schnable_49-493-js254-408_2018-04-11_08-00-19_9990000,5,43.1979,22.3527755212489,165.31,175.92298481309967,0.43461375585135,195.0,0.11243930228358202,False,-20.845124478751096,10.612984813099672,20.845124478751096,10.612984813099672,True
4-9-18_Schnable_49-493-js254-408_2018-04-11_08-00-19_9990000,6,12.2155,24.540831330585462,-108.801,102.26973779044238,0.16444497446177142,67.0,0.18820924410822318,False,12.325331330585461,-148.92926220955763,12.325331330585461,148.92926220955763,True
4-9-18_Schnable_49-493-js254-408_2018-04-11_08-00-19_9990000,7,33.8799,31.49624300199187,-32.0306,-23.119278630657703,0.22922839261228875,113.0,0.18820924410822318,False,-2.383656998008128,8.91132136934229,2.383656998008128,8.91132136934229,True
4-9-18_Schnable_49-494-js59-2-88_2018-04-11_08-02-32_9990100,0,50.863,51.7326613941288,-144.477,-146.19253369465378,0.28233116625017013,124.0,-0.14374177633423443,False,0.8696613941287978,-1.7155336946537716,0.8696613941287978,1.7155336946537716,True
4-9-18_Schnable_49-494-js59-2-88_2018-04-11_08-02-32_9990100,1,36.9765,42.37533705735302,-14.3381,-18.418902724181038,0.3964455763347181,178.0,-0.11983693891183941,False,5.39883705735302,-4.080802724181041,5.39883705735302,4.080802724181041,True
4-9-18_Schnable_49-494-js59-2-88_2018-04-11_08-02-32_9990100,2,30.6397,31.777761125856465,-5.0218,-16.170413195672694,0.491167551007299,208.0,-0.056987252408787964,False,1.1380611258564635,-11.14861319567268,1.1380611258564635,11.14861319567268,True
4-9-18_Schnable_49-494-js59-2-88_2018-04-11_08-02-32_9990100,3,41.3521,43.482051754023864,150.041,163.89705202310176,0.4087783823815216,178.0,-0.04559424124858991,False,2.129951754023864,13.856052023101768,2.129951754023864,13.856052023101768,True
4-9-18_Schnable_49-494-js59-2-88_2018-04-11_08-02-32_9990100,4,42.3002,41.577486085183104,-111.488,-110.60930815423114,0.20588809146725595,86.0,-0.04559424124858991,False,-0.7227139148168931,0.8786918457688557,0.7227139148168931,0.8786918457688557,True
4-9-18_Schnable_49-494-js59-2-88_2018-04-11_08-02-32_9990100,5,27.0761,26.77011654478749,179.499,170.72121057728577,0.5797056336726097,279.0,-0.01274852816575624,False,-0.3059834552125089,-8.777789422714221,0.3059834552125089,8.777789422714221,True
4-9-18_Schnable_49-494-js59-2-88_2018-04-11_08-02-32_9990100,6,22.9097,21.168305413881583,-8.56031,-163.83183677726643,0.24064481250545777,123.0,0.09499577250179499,False,-1.7413945861184175,-155.27152677726644,1.7413945861184175,155.27152677726644,True
4-9-18_Schnable_49-494-js59-2-88_2018-04-11_08-02-32_9990100,7,32.2717,22.798845163093958,-153.673,-19.956435749568243,0.5052597873371226,219.0,0.09499577250179499,False,-9.472854836906045,133.71656425043176,9.472854836906045,133.71656425043176,True
4-9-18_Schnable_49-494-js59-2-88_2018-04-11_08-02-32_9990100,8,47.0447,34.95680420686571,-15.0351,-3.3817070498658666,0.45032403068802246,182.0,0.19176032057461934,False,-12.087895793134287,11.653392950134133,12.087895793134287,11.653392950134133,True
4-9-18_Schnable_49-494-js59-2-88_2018-04-11_08-02-32_9990100,9,31.1788,27.445209991414792,74.7329,81.49450766964901,0.46082837578415436,192.0,0.24256049096516424,False,-3.7335900085852067,6.76160766964901,3.7335900085852067,6.76160766964901,True
4-9-18_Schnable_49-494-js59-2-88_2018-04-11_08-02-32_9990100,10,24.0362,19.321448057315294,-125.7,-128.5081392471497,0.1866234052771885,89.0,0.24256049096516424,False,-4.714751942684707,-2.808139247149711,4.714751942684707,2.808139247149711,True
4-9-18_Schnable_49-495-js28-2-48_2018-04-11_08-04-45_9990200,0,49.0296,54.983883698197076,115.733,70.546299455787,0.21360790310999986,99.0,-0.1401849376198223,False,5.954283698197074,-45.18670054421301,5.954283698197074,45.18670054421301,True
4-9-18_Schnable_49-495-js28-2-48_2018-04-11_08-04-45_9990200,1,36.2164,40.25177719055534,77.9689,26.11277544542486,0.2653457592120129,112.0,-0.10191389020692757,False,4.035377190555337,-51.85612455457516,4.035377190555337,51.85612455457516,True
4-9-18_Schnable_49-495-js28-2-48_2018-04-11_08-04-45_9990200,2,37.9825,44.35995844305407,-176.763,126.99382301375914,0.34714221562816405,140.0,-0.07848109021283285,False,6.377458443054067,-56.24317698624088,6.377458443054067,56.24317698624088,True
4-9-18_Schnable_49-495-js28-2-48_2018-04-11_08-04-45_9990200,3,34.419,38.29889312515726,34.9551,-17.541347633561713,0.3934434960633169,168.0,-0.05585604273494446,False,3.8798931251572597,-52.496447633561715,3.8798931251572597,52.496447633561715,True
4-9-18_Schnable_49-495-js28-2-48_2018-04-11_08-04-45_9990200,4,38.5209,45.61028710470945,-172.728,133.13038462445604,0.31391872990476966,127.0,-0.0406407025211929,False,7.089387104709452,-54.14161537554395,7.089387104709452,54.14161537554395,True
4-9-18_Schnable_49-495-js28-2-48_2018-04-11_08-04-45_9990200,5,34.1814,18.381359650490666,38.0794,65.60723219996453,0.09611982894989185,37.0,-0.03882870051867925,False,-15.800040349509331,27.527832199964536,15.800040349509331,27.527832199964536,True
4-9-18_Schnable_49-495-js28-2-48_2018-04-11_08-04-45_9990200,6,24.7594,54.55689530978743,100.456,49.6249274334516,0.03907938914552184,11.0,-2.1665441542772448e-05,False,29.79749530978743,-50.831072566548414,29.79749530978743,50.831072566548414,False
4-9-18_Schnable_49-495-js28-2-48_2018-04-11_08-04-45_9990200,7,39.807,50.42515920062414,-170.141,-50.385149906364006,0.003464101615137754,1.0,-2.1665441542772448e-05,False,10.618159200624135,119.75585009363601,10.618159200624135,119.75585009363601,False
4-9-18_Schnable_49-495-js28-2-48_2018-04-11_08-04-45_9990200,8,39.4853,40.18633495538312,169.04,141.50552491142207,0.3848335399656112,166.0,0.04350952980893767,False,0.7010349553831148,-27.53447508857792,0.7010349553831148,27.53447508857792,True
4-9-18_Schnable_49-495-js28-2-48_2018-04-11_08-04-45_9990200,9,41.1315,38.55047157106956,33.6107,116.7184056508022,0.34019495595145777,135.0,0.12044655184503243,False,-2.581028428930445,83.10770565080219,2.581028428930445,83.10770565080219,True
4-9-18_Schnable_49-495-js28-2-48_2018-04-11_08-04-45_9990200,10,24.7586,28.89278523357227,-34.8418,-26.817520480686568,0.4012435200006785,168.0,0.1497647867782073,False,4.134185233572268,8.024279519313438,4.134185233572268,8.024279519313438,True
4-9-18_Schnable_49-496-js233-371_2018-04-11_08-06-59_9990300,0,36.6123,44.194560592441576,-147.538,-153.5479586058681,0.21373257260025205,101.0,-0.09835268417562787,False,7.582260592441578,-6.009958605868093,7.582260592441578,6.009958605868093,True
4-9-18_Schnable_49-496-js233-371_2018-04-11_08-06-59_9990300,1,38.4721,42.53955139932379,55.8421,50.711176590921355,0.2898370120207742,124.0,-0.0750810291008119,False,4.067451399323794,-5.130923409078662,4.067451399323794,5.130923409078662,True
4-9-18_Schnable_49-496-js233-371_2018-04-11_08-06-59_9990300,2,34.4375,40.69646570515977,-120.872,-121.34280216588057,0.32057606916897013,141.0,-0.047147167780583234,False,6.258965705159767,-0.47080216588057056,6.258965705159767,0.47080216588057056,True
4-9-18_Schnable_49-496-js233-371_2018-04-11_08-06-59_9990300,3,55.2944,49.82167484323287,55.1941,55.697637601699626,0.36621631629433116,150.0,-0.036966742451604286,False,-5.472725156767133,0.5035376016996338,5.472725156767133,0.5035376016996338,True
4-9-18_Schnable_49-496-js233-371_2018-04-11_08-06-59_9990300,4,35.4597,40.459470774928384,-128.755,-127.76615940007324,0.4233024813919711,179.0,0.005956233188824017,False,4.999770774928386,0.9888405999267604,4.999770774928386,0.9888405999267604,True
4-9-18_Schnable_49-496-js233-371_2018-04-11_08-06-59_9990300,5,29.9592,32.78304321669937,34.1175,36.16499983867499,0.5051197386651481,232.0,0.04859004201372285,False,2.8238432166993697,2.0474998386749803,2.8238432166993697,2.0474998386749803,True
4-9-18_Schnable_49-496-js233-371_2018-04-11_08-06-59_9990300,6,40.2053,13.796438534251976,-98.3235,8.683746903131066,0.38094493339174895,178.0,0.1379393542771169,False,-26.408861465748025,107.00724690313109,26.408861465748025,107.00724690313109,True
4-9-18_Schnable_49-496-js233-371_2018-04-11_08-06-59_9990300,7,4.07102,37.17643865778768,-30.5156,-100.65666383772103,0.4626932869266855,211.0,0.1379393542771169,False,33.10541865778768,-70.14106383772102,33.10541865778768,70.14106383772102,True
4-9-18_Schnable_49-497-js243-388_2018-04-11_08-09-13_9990400,0,41.9996,44.198403227683364,-144.135,-138.86012988341216,0.28716981122559454,120.0,-0.02694766187151596,False,2.1988032276833636,5.2748701165878344,2.1988032276833636,5.2748701165878344,True
4-9-18_Schnable_49-497-js243-388_2018-04-11_08-09-13_9990400,1,49.1923,47.70631301948078,9.53067,15.630491276190469,0.2624699384175841,122.0,-0.012764152297355932,False,-1.4859869805192218,6.099821276190482,1.4859869805192218,6.099821276190482,True
4-9-18_Schnable_49-497-js243-388_2018-04-11_08-09-13_9990400,2,39.1324,42.17314886310781,-162.291,-166.19719926436773,0.19543026339585007,81.0,0.031069354351628675,False,3.0407488631078152,-3.9061992643677286,3.0407488631078152,3.9061992643677286,True
4-9-18_Schnable_49-497-js243-388_2018-04-11_08-09-13_9990400,3,30.8653,27.788682435279284,5.4665,-149.56206426358548,0.3318595828510456,148.0,0.1057200001228282,False,-3.076617564720717,-155.02856426358548,3.076617564720717,155.02856426358548,True
4-9-18_Schnable_49-497-js243-388_2018-04-11_08-09-13_9990400,4,31.2419,34.5681665213818,-154.709,6.776400129632805,0.33514253610781963,158.0,0.1057200001228282,False,3.326266521381797,161.4854001296328,3.326266521381797,161.4854001296328,True
4-9-18_Schnable_49-498-js169-241_2018-04-11_08-11-26_9990500,0,57.0962,62.52211438390398,179.145,179.68407399297138,0.25915165427418685,121.0,-0.0545944821533171,False,5.425914383903979,0.5390739929713675,5.425914383903979,0.5390739929713675,True
4-9-18_Schnable_49-498-js169-241_2018-04-11_08-11-26_9990500,1,46.3416,54.750855162887305,33.2802,36.03013494952438,0.30409954279323304,131.0,-0.028137150598882495,False,8.409255162887305,2.7499349495243735,8.409255162887305,2.7499349495243735,True
4-9-18_Schnable_49-498-js169-241_2018-04-11_08-11-26_9990500,2,41.845,51.316680413008875,-173.425,-175.36546916660066,0.3462801187574791,153.0,-0.014250530151709415,False,9.471680413008876,-1.94046916660065,9.471680413008876,1.94046916660065,True
4-9-18_Schnable_49-498-js169-241_2018-04-11_08-11-26_9990500,3,36.429,40.17200132596323,24.0325,23.119209524092412,0.25458919983094086,95.0,0.0036620540102991444,False,3.7430013259632275,-0.913290475907587,3.7430013259632275,0.913290475907587,True
4-9-18_Schnable_49-498-js169-241_2018-04-11_08-11-26_9990500,4,22.4032,24.30460299865588,7.32724,1.8466212477588329,0.24404516416065397,106.0,0.11656706975723648,False,1.9014029986558825,-5.480618752241156,1.9014029986558825,5.480618752241156,True
4-9-18_Schnable_49-498-js169-241_2018-04-11_08-11-26_9990500,5,15.5327,16.168866129217477,-135.855,-141.08415416171607,0.19343729124035217,91.0,0.11656706975723648,False,0.636166129217477,-5.229154161716082,0.636166129217477,5.229154161716082,True
4-9-18_Schnable_49-500-js234-375_2018-04-11_08-15-54_9990700,0,29.6294,32.8692616645238,-10.2711,-14.768972705103238,0.17646343178976226,83.0,-0.09140565561891617,False,3.239861664523797,-4.497872705103248,3.239861664523797,4.497872705103248,True
4-9-18_Schnable_49-500-js234-375_2018-04-11_08-15-54_9990700,1,29.0392,29.120274516604375,109.27,117.99475106970607,0.1935473637357281,74.0,-0.05054856187215358,False,0.08107451660437448,8.724751069706087,0.08107451660437448,8.724751069706087,True
4-9-18_Schnable_49-500-js234-375_2018-04-11_08-15-54_9990700,2,34.76,26.54834977403938,-52.6038,-39.323000108402795,0.26604110047082524,133.0,-0.04042221744913324,False,-8.211650225960618,13.280799891597212,8.211650225960618,13.280799891597212,True
4-9-18_Schnable_49-500-js234-375_2018-04-11_08-15-54_9990700,3,44.147,37.16793264821509,151.647,143.8469191796462,0.2747254194781606,127.0,0.05391599452061928,False,-6.979067351784906,-7.800080820353799,6.979067351784906,7.800080820353799,True
4-9-18_Schnable_49-500-js234-375_2018-04-11_08-15-54_9990700,4,32.8072,23.258697905206475,118.795,-51.52162083260362,0.23321094497533676,115.0,0.12834155613374343,False,-9.548502094793527,-170.31662083260363,9.548502094793527,170.31662083260363,True
4-9-18_Schnable_49-500-js234-375_2018-04-11_08-15-54_9990700,5,24.1183,32.338245785750416,-46.2487,120.57792333689179,0.28741665325894034,111.0,0.12834155613374343,False,8.219945785750415,166.82662333689177,8.219945785750415,166.82662333689177,True
4-9-18_Schnable_49-501-js196-305_2018-04-11_08-18-10_9990800,0,26.335,30.49668735993518,-80.2051,-89.52431117962196,0.19770743765673196,94.0,-0.1587507639375712,False,4.161687359935179,-9.31921117962196,4.161687359935179,9.31921117962196,True
4-9-18_Schnable_49-501-js196-305_2018-04-11_08-18-10_9990800,1,38.0589,36.64972287907468,-11.9709,-17.19671110734606,0.258772503209545,122.0,-0.14253383541883785,False,-1.409177120925321,-5.225811107346061,1.409177120925321,5.225811107346061,True
4-9-18_Schnable_49-501-js196-305_2018-04-11_08-18-10_9990800,2,36.3828,20.443751081759387,19.1809,58.55516999153991,0.059569587845905735,30.0,-0.14253383541883785,False,-15.939048918240616,39.374269991539904,15.939048918240616,39.374269991539904,True
4-9-18_Schnable_49-501-js196-305_2018-04-11_08-18-10_9990800,3,8.39744,9.619053247397915,-168.416,-147.86678985037491,0.29563267891418415,133.0,-0.1098598541914894,False,1.221613247397915,20.549210149625083,1.221613247397915,20.549210149625083,True
4-9-18_Schnable_49-501-js196-305_2018-04-11_08-18-10_9990800,4,34.347,41.8942442367321,-4.03791,6.081621833001805,0.3661870270803697,172.0,-0.08120701943107224,False,7.547244236732098,10.119531833001815,7.547244236732098,10.119531833001815,True
4-9-18_Schnable_49-501-js196-305_2018-04-11_08-18-10_9990800,5,26.263,24.80288532811244,-7.84616,7.534295546428098,0.47686922793693076,232.0,-0.0181926106235796,False,-1.4601146718875633,15.380455546428095,1.4601146718875633,15.380455546428095,True
4-9-18_Schnable_49-501-js196-305_2018-04-11_08-18-10_9990800,6,17.2718,17.242356685359198,-13.6455,-22.815007773779627,0.1897009385588799,93.0,-0.00493429340315266,False,-0.029443314640801077,-9.169507773779628,0.029443314640801077,9.169507773779628,True
4-9-18_Schnable_49-501-js196-305_2018-04-11_08-18-10_9990800,7,43.7782,19.943011751685745,26.2747,43.54530111439874,0.3971048718926553,195.0,0.14214254355590988,False,-23.835188248314253,17.270601114398744,23.835188248314253,17.270601114398744,True
4-9-18_Schnable_49-501-js196-305_2018-04-11_08-18-10_9990800,8,55.3562,49.705247013292364,94.1375,155.5394715393884,0.19570048004050583,94.0,0.22801895602059216,False,-5.650952986707637,61.4019715393884,5.650952986707637,61.4019715393884,True
4-9-18_Schnable_49-501-js196-305_2018-04-11_08-18-10_9990800,9,47.8788,57.30544954514921,149.591,98.30434537699699,0.1802046176465375,92.0,0.22801895602059216,False,9.42664954514921,-51.28665462300302,9.42664954514921,51.28665462300302,True
4-9-18_Schnable_49-502-js8-16_2018-04-11_08-20-23_9990900,0,33.6175,39.933526340731696,-6.74354,-11.671856896227354,0.3328233693790531,158.0,-0.1085643948620437,False,6.316026340731696,-4.928316896227358,6.316026340731696,4.928316896227358,True
4-9-18_Schnable_49-502-js8-16_2018-04-11_08-20-23_9990900,1,37.3428,42.702672361897626,-165.764,-161.8564232146849,0.3854447005017589,167.0,-0.07635326836167124,False,5.359872361897629,3.907576785315115,5.359872361897629,3.907576785315115,True
4-9-18_Schnable_49-502-js8-16_2018-04-11_08-20-23_9990900,2,28.4147,35.942900774156996,8.33557,-3.5391495965806428,0.48437751751941055,220.0,-0.043587003068051196,False,7.528200774156996,-11.874719596580633,7.528200774156996,11.874719596580633,True
4-9-18_Schnable_49-502-js8-16_2018-04-11_08-20-23_9990900,3,36.0154,36.228550744476934,-163.338,-156.48064667465312,0.5045715995341787,218.0,0.023897522301319703,False,0.21315074447693405,6.857353325346878,0.21315074447693405,6.857353325346878,True
4-9-18_Schnable_49-502-js8-16_2018-04-11_08-20-23_9990900,4,21.5849,22.02855359348311,24.9969,-3.7940389766365286,0.59623260897373,285.0,0.06840286755044084,False,0.4436535934831092,-28.79093897663654,0.4436535934831092,28.79093897663654,True
4-9-18_Schnable_49-502-js8-16_2018-04-11_08-20-23_9990900,5,39.614,34.09958193242259,22.6872,-154.65304016860026,0.5200056963572394,218.0,0.1749697497759132,False,-5.5144180675774095,-177.34024016860025,5.5144180675774095,177.34024016860025,True
4-9-18_Schnable_49-502-js8-16_2018-04-11_08-20-23_9990900,6,58.011,34.35272436154248,-159.172,15.356526814774782,0.37308720219598984,174.0,0.1749697497759132,False,-23.658275638457525,174.52852681477475,23.658275638457525,174.52852681477475,True
4-9-18_Schnable_49-503-js261-419_2018-04-11_08-22-36_9991000,0,31.7209,47.61245164737731,32.6271,27.394295709464643,0.15373046193295634,64.0,-0.13976646720941885,False,15.891551647377312,-5.232804290535341,15.891551647377312,5.232804290535341,True
4-9-18_Schnable_49-503-js261-419_2018-04-11_08-22-36_9991000,1,28.0315,32.56544266571962,163.036,156.06102007585582,0.2628377438676544,116.0,-0.09758989892502849,False,4.533942665719621,-6.974979924144179,4.533942665719621,6.974979924144179,True
4-9-18_Schnable_49-503-js261-419_2018-04-11_08-22-36_9991000,2,25.1318,28.51774320635552,-12.3906,-12.349994987467142,0.3734668148699682,172.0,-0.05348321368019787,False,3.3859432063555204,0.04060501253286475,3.3859432063555204,0.04060501253286475,True
4-9-18_Schnable_49-503-js261-419_2018-04-11_08-22-36_9991000,3,25.2213,24.178551583705413,167.262,163.64963646511615,0.36808678235357123,153.0,-0.01471046990322286,False,-1.042748416294586,-3.6123635348838548,1.042748416294586,3.6123635348838548,True
4-9-18_Schnable_49-503-js261-419_2018-04-11_08-22-36_9991000,4,26.1009,22.303289187891437,6.12729,-12.686169682059102,0.48269790053026385,203.0,0.06748765925428733,False,-3.7976108121085623,-18.81345968205909,3.7976108121085623,18.81345968205909,True
4-9-18_Schnable_49-503-js261-419_2018-04-11_08-22-36_9991000,5,23.3619,19.903681417927316,-158.028,-159.408903565713,0.3819304854277849,183.0,0.18982985708153016,False,-3.458218582072682,-1.3809035657129982,3.458218582072682,1.3809035657129982,True
4-9-18_Schnable_49-503-js261-419_2018-04-11_08-22-36_9991000,6,16.4084,12.765552263103416,-28.5139,-37.811159806150556,0.2510451391648262,121.0,0.18982985708153016,False,-3.6428477368965844,-9.29725980615055,3.6428477368965844,9.29725980615055,True
4-9-18_Schnable_49-505-js54-83_2018-04-11_08-27-04_9991200,0,35.8846,44.500583261014796,168.734,-0.5700550677529463,0.08842061387920751,37.0,-0.031622945129663974,True,8.615983261014797,-169.30405506775296,8.615983261014797,169.30405506775296,True
4-9-18_Schnable_49-505-js54-83_2018-04-11_08-27-04_9991200,1,34.9878,40.19559851190564,-14.2856,-8.565689633224451,0.08581215307405546,35.0,0.004616760572333587,True,5.2077985119056365,5.719910366775537,5.2077985119056365,5.719910366775537,True
4-9-18_Schnable_49-505-js54-83_2018-04-11_08-27-04_9991200,2,34.8843,23.39292522816592,-28.5737,-8.143641869700446,0.2365215698205877,96.0,0.08499993370410522,True,-11.491374771834082,20.430058130299557,11.491374771834082,20.430058130299557,True
4-9-18_Schnable_49-505-js54-83_2018-04-11_08-27-04_9991200,3,34.317,25.485321835705776,160.25,158.61911947401677,0.3020561728301543,146.0,0.08499993370410522,True,-8.831678164294225,-1.6308805259832297,8.831678164294225,1.6308805259832297,True
4-9-18_Schnable_49-506-js58-87_2018-04-11_08-29-17_9991300,0,65.3471,68.98579188460587,142.056,141.3725721472324,0.2504094131697598,112.0,-0.23880715833735844,False,3.6386918846058762,-0.6834278527676076,3.6386918846058762,0.6834278527676076,True
4-9-18_Schnable_49-506-js58-87_2018-04-11_08-29-17_9991300,1,31.2986,42.02187670772761,-63.3733,-74.62133087566687,0.08867867620809883,40.0,-0.23256208850803348,False,10.723276707727607,-11.24803087566687,10.723276707727607,11.24803087566687,True
4-9-18_Schnable_49-506-js58-87_2018-04-11_08-29-17_9991300,2,51.2274,51.95846829963552,166.253,149.1797376448165,0.4580723236760536,215.0,-0.19923833069532906,False,0.7310682996355169,-17.073262355183488,0.7310682996355169,17.073262355183488,True
4-9-18_Schnable_49-506-js58-87_2018-04-11_08-29-17_9991300,3,6.50861,13.423937563288348,61.655,-93.1083547642086,0.5748852140998707,269.0,-0.1595469518505365,False,6.915327563288348,-154.7633547642086,6.915327563288348,154.7633547642086,True
4-9-18_Schnable_49-506-js58-87_2018-04-11_08-29-17_9991300,4,47.2557,46.13403306701102,161.841,152.70613349125222,0.5487720805432339,247.0,-0.11283086074923192,False,-1.1216669329889797,-9.134866508747791,1.1216669329889797,9.134866508747791,True
4-9-18_Schnable_49-506-js58-87_2018-04-11_08-29-17_9991300,5,44.6012,52.292387434522304,-144.991,-136.57491693660506,0.1484105699617527,73.0,-0.032513296762594776,False,7.6911874345223055,8.41608306339495,7.6911874345223055,8.41608306339495,True
4-9-18_Schnable_49-506-js58-87_2018-04-11_08-29-17_9991300,6,51.3327,44.25213515545783,146.77,142.47929980944633,0.41825007190965635,186.0,0.0281775473959542,False,-7.080564844542174,-4.290700190553679,7.080564844542174,4.290700190553679,True
4-9-18_Schnable_49-506-js58-87_2018-04-11_08-29-17_9991300,7,2.37067,5.611014258158292,-107.223,-88.87799268078093,0.33171320069530813,130.0,0.0281775473959542,False,3.240344258158292,18.345007319219064,3.240344258158292,18.345007319219064,True
4-9-18_Schnable_49-506-js58-87_2018-04-11_08-29-17_9991300,8,44.759,52.992788856028255,63.9293,67.83196342433098,0.1643013342693003,81.0,0.345942967106223,False,8.233788856028255,3.9026634243309672,8.233788856028255,3.9026634243309672,True
4-9-18_Schnable_49-506-js58-87_2018-04-11_08-29-17_9991300,9,45.4687,49.05459371972413,30.1476,25.670339332177946,0.10539255881667495,57.0,0.345942967106223,False,3.585893719724133,-4.477260667822065,3.585893719724133,4.477260667822065,True
4-9-18_Schnable_49-507-js72-102_2018-04-11_08-31-31_9991400,0,30.4701,36.17026440496743,127.167,127.17061152317285,0.3524440043379943,147.0,-0.11189964079274012,False,5.700164404967435,0.003611523172850184,5.700164404967435,0.003611523172850184,True
4-9-18_Schnable_49-507-js72-102_2018-04-11_08-31-31_9991400,1,28.9147,35.45453274926435,-136.216,-123.6560970574626,0.4094578773525773,172.0,-0.07772889780420751,False,6.539832749264352,12.559902942537406,6.539832749264352,12.559902942537406,True
4-9-18_Schnable_49-507-js72-102_2018-04-11_08-31-31_9991400,2,33.9174,39.53921402461701,66.9225,78.21316819797318,0.47582648551332163,201.0,-0.05028656127485984,False,5.621814024617009,11.290668197973162,5.621814024617009,11.290668197973162,True
4-9-18_Schnable_49-507-js72-102_2018-04-11_08-31-31_9991400,3,25.7686,30.155926305918562,-130.049,-118.04997374243922,0.5789923103356001,230.0,-0.012153660670868423,False,4.387326305918563,11.999026257560786,4.387326305918563,11.999026257560786,True
4-9-18_Schnable_49-507-js72-102_2018-04-11_08-31-31_9991400,4,26.8893,27.375987152769724,80.6903,68.88190672460138,0.5041263068808745,229.0,0.014467397655618955,False,0.48668715276972563,-11.8083932753986,0.48668715276972563,11.8083932753986,True
4-9-18_Schnable_49-507-js72-102_2018-04-11_08-31-31_9991400,5,33.7319,23.217202636645084,-98.1146,-106.15535147355172,0.6010404658999784,236.0,0.0856194683138614,False,-10.51469736335492,-8.040751473551722,10.51469736335492,8.040751473551722,True
4-9-18_Schnable_49-507-js72-102_2018-04-11_08-31-31_9991400,6,18.6026,18.930001893725162,59.2808,63.95885669431556,0.5955331424433425,283.0,0.14440927685428404,False,0.32740189372516326,4.678056694315558,0.32740189372516326,4.678056694315558,True
4-9-18_Schnable_49-507-js72-102_2018-04-11_08-31-31_9991400,7,16.6538,16.090425690938304,-114.045,-114.28014081468332,0.40331509215951644,185.0,0.21475883328594486,False,-0.5633743090616967,-0.23514081468331938,0.5633743090616967,0.23514081468331938,True
4-9-18_Schnable_49-507-js72-102_2018-04-11_08-31-31_9991400,8,1.8251,9.023788794496909,26.8162,29.6096875175013,0.2420825262536481,118.0,0.21475883328594486,False,7.198688794496909,2.7934875175012905,7.198688794496909,2.7934875175012905,True
4-9-18_Schnable_49-508-js75-107_2018-04-11_08-33-45_9991500,0,48.4698,47.87235983627099,-51.1844,-58.95539087578271,0.2843468017521792,142.0,0.0626431604758106,False,-0.5974401637290114,-7.770990875782729,0.5974401637290114,7.770990875782729,True
4-9-18_Schnable_49-508-js75-107_2018-04-11_08-33-45_9991500,1,116.323,120.49625813206525,3.63369,6.304580708985668,0.23578645892788283,103.0,0.0632963435356768,False,4.173258132065257,2.6708907089856666,4.173258132065257,2.6708907089856666,True
4-9-18_Schnable_49-508-js75-107_2018-04-11_08-33-45_9991500,2,50.1814,45.80154983922966,-34.9258,-44.62269223141959,0.27189724211308897,126.0,0.08556884471668307,False,-4.379850160770339,-9.696892231419582,4.379850160770339,9.696892231419582,True
4-9-18_Schnable_49-508-js75-107_2018-04-11_08-33-45_9991500,3,91.6877,55.93352764049172,3.69078,-6.8107953258536895,0.3018088051207509,151.0,0.09915434277495494,False,-35.75417235950829,-10.501575325853679,35.75417235950829,10.501575325853679,True
4-9-18_Schnable_49-508-js75-107_2018-04-11_08-33-45_9991500,4,70.3079,97.2760900119729,-4.21991,10.327897024401125,0.3913752542089122,184.0,0.09915434277495494,False,26.968190011972894,14.547807024401123,26.968190011972894,14.547807024401123,True
4-9-18_Schnable_49-509-js241-386_2018-04-11_08-35-58_9991600,0,22.593,31.79644277928812,127.676,116.86630808850646,0.3152248306137817,145.0,-0.06086430698216573,False,9.203442779288121,-10.80969191149353,9.203442779288121,10.80969191149353,True
4-9-18_Schnable_49-509-js241-386_2018-04-11_08-35-58_9991600,1,25.8803,37.01329061835646,-93.3444,-92.81422432483669,0.3312387963481227,142.0,-0.031081468198624763,False,11.132990618356459,0.5301756751633206,11.132990618356459,0.5301756751633206,True
4-9-18_Schnable_49-509-js241-386_2018-04-11_08-35-58_9991600,2,33.7741,32.17550570249771,-82.856,-87.13188462995721,0.2947951969696169,130.0,0.017228379383669216,False,-1.598594297502288,-4.275884629957204,1.598594297502288,4.275884629957204,True
4-9-18_Schnable_49-509-js241-386_2018-04-11_08-35-58_9991600,3,29.7531,28.91663245729324,105.665,118.25449479808901,0.40445901016266217,161.0,0.021050244043696986,False,-0.8364675427067603,12.589494798088992,0.8364675427067603,12.589494798088992,True
4-9-18_Schnable_49-509-js241-386_2018-04-11_08-35-58_9991600,4,25.7339,22.464110437971982,124.252,-67.62452024324789,0.4321270881533648,197.0,0.11937537604014235,False,-3.2697895620280164,168.1234797567521,3.2697895620280164,168.1234797567521,True
4-9-18_Schnable_49-509-js241-386_2018-04-11_08-35-58_9991600,5,9.31167,22.215718501752946,-64.9897,113.65349825184774,0.4345974858606946,197.0,0.11937537604014235,False,12.904048501752946,178.6431982518477,12.904048501752946,178.6431982518477,True
4-9-18_Schnable_49-510-js100-144_2018-04-11_08-38-12_9991700,0,27.3989,36.28291990931972,67.4256,73.56084963032896,0.15708548932507682,68.0,-0.049451807666998235,False,8.884019909319722,6.135249630328957,8.884019909319722,6.135249630328957,True
4-9-18_Schnable_49-510-js100-144_2018-04-11_08-38-12_9991700,1,29.2587,32.95175718330006,112.734,122.388897839876,0.3629001023169781,157.0,-0.005093093283944865,False,3.693057183300059,9.654897839876014,3.693057183300059,9.654897839876014,True
4-9-18_Schnable_49-510-js100-144_2018-04-11_08-38-12_9991700,2,45.1507,46.38052691975287,-30.2521,-14.197624332426244,0.24194804297934194,98.0,0.0029422010858791833,False,1.2298269197528668,16.05447566757374,1.2298269197528668,16.05447566757374,True
4-9-18_Schnable_49-510-js100-144_2018-04-11_08-38-12_9991700,3,23.4278,38.59651176895462,37.0818,37.470515685359715,0.12014377514754894,48.0,0.014697328606373902,False,15.16871176895462,0.38871568535972756,15.16871176895462,0.38871568535972756,True
4-9-18_Schnable_49-510-js100-144_2018-04-11_08-38-12_9991700,4,33.8837,34.702926117747985,-45.6993,-43.42235412228564,0.31462505910908817,130.0,0.07747416604365827,False,0.8192261177479878,2.276945877714354,0.8192261177479878,2.276945877714354,True
4-9-18_Schnable_49-510-js100-144_2018-04-11_08-38-12_9991700,5,22.901,6.373298143533816,98.4864,-42.97146108924622,0.3441463224548838,167.0,0.09592467435916907,False,-16.527701856466184,-141.45786108924622,16.527701856466184,141.45786108924622,True
4-9-18_Schnable_49-510-js100-144_2018-04-11_08-38-12_9991700,6,6.53243,22.22007594271004,-17.3012,118.63680650986981,0.49370948196328773,202.0,0.09592467435916907,False,15.68764594271004,135.9380065098698,15.68764594271004,135.9380065098698,True
4-9-18_Schnable_49-511-js26-45_2018-04-11_08-40-25_9991800,0,7.29116,90.01108886956699,-4.26292,-6.546605222557673,0.16143587385115823,105.0,0.10073954727442606,True,82.71992886956698,-2.283685222557665,82.71992886956698,2.283685222557665,True
4-9-18_Schnable_49-511-js26-45_2018-04-11_08-40-25_9991800,1,35.6779,39.99279250027878,-138.065,177.2025231924921,0.3829951088735704,184.0,0.11119237181106789,True,4.314892500278781,-44.73247680750791,4.314892500278781,44.73247680750791,True
4-9-18_Schnable_49-511-js26-45_2018-04-11_08-40-25_9991800,2,35.703,115.47061688241972,21.6264,177.2082307080617,0.4128251281154406,188.0,0.11298488598014614,True,79.76761688241972,155.58183070806172,79.76761688241972,155.58183070806172,True
4-9-18_Schnable_49-511-js26-45_2018-04-11_08-40-25_9991800,3,35.2158,107.5324608710307,-134.43,-179.42789404528128,0.3334199781240047,137.0,0.11830883996039449,True,72.31666087103069,-44.99789404528127,72.31666087103069,44.99789404528127,True
4-9-18_Schnable_49-511-js26-45_2018-04-11_08-40-25_9991800,4,31.5865,114.70063563850505,-146.637,149.4974777457948,0.22869174161662678,94.0,0.15242541505564328,True,83.11413563850505,-63.86552225420519,83.11413563850505,63.86552225420519,True
4-9-18_Schnable_49-511-js26-45_2018-04-11_08-40-25_9991800,5,26.2517,57.96328863594023,52.0157,165.27744691977512,0.29883649935926154,134.0,0.15242541505564328,True,31.71158863594023,113.26174691977508,31.71158863594023,113.26174691977508,True
4-9-18_Schnable_49-512-js271-27_2018-04-11_08-42-39_9991900,0,25.4932,28.48849638313638,-174.838,-176.2968550126477,0.3045528526364348,130.0,0.0018296355853097792,False,2.9952963831363775,-1.4588550126477173,2.9952963831363775,1.4588550126477173,True
4-9-18_Schnable_49-512-js271-27_2018-04-11_08-42-39_9991900,1,22.4706,26.68051084516975,38.5649,24.842317379348913,0.35450765172075416,169.0,0.03414432869221977,False,4.209910845169748,-13.722582620651082,4.209910845169748,13.722582620651082,True
4-9-18_Schnable_49-512-js271-27_2018-04-11_08-42-39_9991900,2,16.7801,17.37988107738623,29.1997,35.08662096759309,0.2035793413468789,94.0,0.1081585480919568,False,0.5997810773862291,5.886920967593085,0.5997810773862291,5.886920967593085,True
4-9-18_Schnable_49-512-js271-27_2018-04-11_08-42-39_9991900,3,20.9432,37.00525127545359,-163.507,-167.90753467596295,0.11138794641604598,58.0,0.1081585480919568,False,16.062051275453587,-4.400534675962945,16.062051275453587,4.400534675962945,True
4-9-18_Schnable_49-513-js151-218_2018-04-11_08-44-52_9992000,0,31.6343,33.85248600914974,23.8732,25.8044978415831,0.27115396486511045,124.0,-0.06626913162296262,False,2.2181860091497434,1.9312978415831026,2.2181860091497434,1.9312978415831026,True
4-9-18_Schnable_49-513-js151-218_2018-04-11_08-44-52_9992000,1,20.255,22.280250163580774,-139.538,-144.4718312147118,0.34343388186568563,155.0,-0.045068733083892115,False,2.0252501635807754,-4.933831214711802,2.0252501635807754,4.933831214711802,True
4-9-18_Schnable_49-513-js151-218_2018-04-11_08-44-52_9992000,2,18.1118,22.67752674574082,13.6562,0.9082562857236667,0.37140499881915967,176.0,-0.024227560112347293,False,4.565726745740822,-12.747943714276346,4.565726745740822,12.747943714276346,True
4-9-18_Schnable_49-513-js151-218_2018-04-11_08-44-52_9992000,3,14.6897,22.097222696185028,-107.99,-142.51494947056017,0.3984131896834693,179.0,0.009948953967598376,False,7.407522696185028,-34.52494947056016,7.407522696185028,34.52494947056016,True
4-9-18_Schnable_49-513-js151-218_2018-04-11_08-44-52_9992000,4,19.2025,22.989732053387414,28.7711,4.195421591160027,0.4363581989983467,210.0,0.0511345464562609,False,3.787232053387413,-24.575678408839963,3.787232053387413,24.575678408839963,True
4-9-18_Schnable_49-513-js151-218_2018-04-11_08-44-52_9992000,5,27.5626,36.99571733310139,-68.6493,-83.32219542988402,0.12121504536243634,57.0,0.05541389272836577,False,9.43311733310139,-14.672895429884022,9.43311733310139,14.672895429884022,True
4-9-18_Schnable_49-513-js151-218_2018-04-11_08-44-52_9992000,6,32.4566,8.510809666845859,-149.738,-0.8182327757003804,0.2632156916810782,126.0,0.10356489012263531,False,-23.945790333154143,148.91976722429962,23.945790333154143,148.91976722429962,True
4-9-18_Schnable_49-513-js151-218_2018-04-11_08-44-52_9992000,7,23.746,28.28724458955987,98.4906,-159.6370700320718,0.3633730782591655,160.0,0.10356489012263531,False,4.54124458955987,101.87232996792818,4.54124458955987,101.87232996792818,True
4-9-18_Schnable_49-514-js83-120_2018-04-11_08-47-05_9992100,0,34.3575,40.638422983850774,154.386,152.19524317922446,0.258803045428951,118.0,-0.0004902443023759705,False,6.280922983850772,-2.1907568207755332,6.280922983850772,2.1907568207755332,True
4-9-18_Schnable_49-514-js83-120_2018-04-11_08-47-05_9992100,1,28.1473,31.68737348560726,-7.33512,-19.103137348315443,0.29654414214221714,135.0,0.028939867716100562,False,3.540073485607259,-11.768017348315453,3.540073485607259,11.768017348315453,True
4-9-18_Schnable_49-514-js83-120_2018-04-11_08-47-05_9992100,2,33.8426,37.464412052961755,157.708,152.73976179757244,0.2778537904317652,127.0,0.05398039112357775,False,3.621812052961758,-4.968238202427557,3.621812052961758,4.968238202427557,True
4-9-18_Schnable_49-514-js83-120_2018-04-11_08-47-05_9992100,3,27.8362,9.832382707285348,-30.1924,-176.92348719768347,0.25336747087128214,126.0,0.07549572516941161,False,-18.003817292714654,-146.73108719768348,18.003817292714654,146.73108719768348,True
4-9-18_Schnable_49-514-js83-120_2018-04-11_08-47-05_9992100,4,22.4973,31.99201212682477,169.427,-28.595185066303486,0.29286515087915055,129.0,0.07549572516941161,False,9.49471212682477,161.97781493369655,9.49471212682477,161.97781493369655,True
4-9-18_Schnable_49-515-js234-375_2018-04-11_08-49-20_9992200,0,61.9147,71.05232528701507,-8.52158,-7.684646752595995,0.24364194712048137,108.0,-0.3036612364454829,False,9.137625287015062,0.836933247404005,9.137625287015062,0.836933247404005,True
4-9-18_Schnable_49-515-js234-375_2018-04-11_08-49-20_9992200,1,7.58551,6.713517969053541,-50.9909,-136.36792222827182,0.30645881787464,141.0,-0.2754629843951769,False,-0.8719920309464593,-85.37702222827181,0.8719920309464593,85.37702222827181,True
4-9-18_Schnable_49-515-js234-375_2018-04-11_08-49-20_9992200,2,67.6799,67.109603905938,-2.22372,-10.229456759406787,0.3520332538861389,156.0,-0.2356750927185266,False,-0.5702960940620017,-8.005736759406773,0.5702960940620017,8.005736759406773,True
4-9-18_Schnable_49-515-js234-375_2018-04-11_08-49-20_9992200,3,3.72867,5.133225509578409,-172.643,-144.12777145183543,0.38479361477688534,178.0,-0.178661851402364,False,1.404555509578409,28.515228548164572,1.404555509578409,28.515228548164572,True
4-9-18_Schnable_49-515-js234-375_2018-04-11_08-49-20_9992200,4,73.3506,58.90362231679423,-22.4278,-22.344903553023045,0.4844525592768587,245.0,-0.14914147047784562,False,-14.446977683205773,0.08289644697694598,14.446977683205773,0.08289644697694598,True
4-9-18_Schnable_49-515-js234-375_2018-04-11_08-49-20_9992200,5,81.2457,57.70136528010278,-63.8868,-45.31292581902082,0.5771667012229152,284.0,-0.04299338244365473,False,-23.544334719897222,18.573874180979175,23.544334719897222,18.573874180979175,True
4-9-18_Schnable_49-515-js234-375_2018-04-11_08-49-20_9992200,6,72.6844,68.45964228658433,-10.9814,-15.96301912764332,0.38113873235853235,169.0,-0.00702526765763127,False,-4.22475771341567,-4.981619127643313,4.22475771341567,4.981619127643313,True
4-9-18_Schnable_49-515-js234-375_2018-04-11_08-49-20_9992200,7,146.418,113.79546736026231,-158.878,167.48740245938404,0.14783021949008157,69.0,0.27931809843247113,False,-32.6225326397377,-33.63459754061597,32.6225326397377,33.63459754061597,True
4-9-18_Schnable_49-515-js234-375_2018-04-11_08-49-20_9992200,8,119.238,142.2055248406095,166.408,-143.1287732519445,0.1115060501026878,54.0,0.27931809843247113,False,22.967524840609514,50.46322674805549,22.967524840609514,50.46322674805549,True
4-9-18_Schnable_49-515-js234-375_2018-04-11_08-49-20_9992200,9,19.1136,16.471935302717597,-144.886,175.9485980730862,0.2565721071054093,121.0,0.14334378041172283,False,-2.6416646972824047,-39.16540192691377,2.6416646972824047,39.16540192691377,True
4-9-18_Schnable_49-515-js234-375_2018-04-11_08-49-20_9992200,10,105.369,97.19491062559486,-87.9901,-84.03564548969452,0.10671439419506519,51.0,0.28168552657591134,False,-8.174089374405142,3.9544545103054816,8.174089374405142,3.9544545103054816,True
4-9-18_Schnable_49-516-js157-226_2018-04-11_08-51-32_9992300,0,41.7594,48.7252237605111,-177.534,-172.7463945456515,0.33630551863514263,142.0,-0.10654787208870693,False,6.9658237605111,4.787605454348494,6.9658237605111,4.787605454348494,True
4-9-18_Schnable_49-516-js157-226_2018-04-11_08-51-32_9992300,1,29.6581,34.23209780457474,31.0506,25.521729302281585,0.38664240327765165,185.0,-0.08906805019049967,False,4.573997804574741,-5.528870697718418,4.573997804574741,5.528870697718418,True
4-9-18_Schnable_49-516-js157-226_2018-04-11_08-51-32_9992300,2,33.4908,42.14090182019855,-153.051,-160.25050992693903,0.422006665127047,184.0,-0.07288411010152133,False,8.65010182019855,-7.199509926939044,8.65010182019855,7.199509926939044,True
4-9-18_Schnable_49-516-js157-226_2018-04-11_08-51-32_9992300,3,37.2067,33.26277640251306,36.8272,19.450851167170583,0.43920616524215556,204.0,-0.038158753659238064,False,-3.943923597486936,-17.37634883282942,3.943923597486936,17.37634883282942,True
4-9-18_Schnable_49-516-js157-226_2018-04-11_08-51-32_9992300,4,22.3739,21.708673463348575,-24.7453,-47.5008828050307,0.12454590571837283,65.0,-0.038158753659238064,False,-0.6652265366514243,-22.755582805030713,0.6652265366514243,22.755582805030713,True
4-9-18_Schnable_49-516-js157-226_2018-04-11_08-51-32_9992300,5,36.1425,33.76338325513675,-170.615,-162.4160646769434,0.5085549493422917,222.0,-0.004193819301349233,False,-2.3791167448632464,8.198935323056617,2.3791167448632464,8.198935323056617,True
4-9-18_Schnable_49-516-js157-226_2018-04-11_08-51-32_9992300,6,25.5603,19.500060601470608,-32.1331,-27.28194723651569,0.4392254612710483,188.0,0.12723821556227816,False,-6.060239398529394,4.851152763484322,6.060239398529394,4.851152763484322,True
4-9-18_Schnable_49-516-js157-226_2018-04-11_08-51-32_9992300,7,18.9085,31.684991794929104,119.372,78.76986099412784,0.13770420154250093,68.0,0.12723821556227816,False,12.776491794929104,-40.602139005872175,12.776491794929104,40.602139005872175,True
4-9-18_Schnable_49-516-js157-226_2018-04-11_08-51-32_9992300,8,24.7245,23.99303757959096,-132.469,-131.49596681969828,0.4319833874310986,189.0,0.157787497446112,False,-0.7314624204090379,0.9730331803017123,0.7314624204090379,0.9730331803017123,True
4-9-18_Schnable_49-516-js157-226_2018-04-11_08-51-32_9992300,9,43.1386,27.428292576115382,14.7023,-7.5958170094459945,0.29014644985794574,129.0,0.157787497446112,False,-15.710307423884615,-22.298117009446003,15.710307423884615,22.298117009446003,True
4-9-18_Schnable_49-517-js192-301_2018-04-11_08-53-46_9992400,0,38.677,37.72556178319063,169.851,171.01954598149996,0.20706531476992987,98.0,-0.11775763540673467,False,-0.9514382168093718,1.1685459814999604,0.9514382168093718,1.1685459814999604,True
4-9-18_Schnable_49-517-js192-301_2018-04-11_08-53-46_9992400,1,22.1509,20.677420450211898,159.704,168.93955382966578,0.2657733931291044,109.0,-0.11775763540673467,False,-1.4734795497881024,9.235553829665776,1.4734795497881024,9.235553829665776,True
4-9-18_Schnable_49-517-js192-301_2018-04-11_08-53-46_9992400,2,35.2645,29.826155259487194,168.078,179.41696560925283,0.23703196384676198,102.0,-0.04669117742457075,False,-5.438344740512804,11.338965609252824,5.438344740512804,11.338965609252824,True
4-9-18_Schnable_49-517-js192-301_2018-04-11_08-53-46_9992400,3,43.7967,33.8558705116757,10.8865,20.557573976304695,0.46147794121796165,217.0,0.005485830057045027,False,-9.940829488324304,9.671073976304683,9.940829488324304,9.671073976304683,True
4-9-18_Schnable_49-517-js192-301_2018-04-11_08-53-46_9992400,4,39.4222,34.68666017670953,-159.473,-161.76609121982787,0.31283008611235613,154.0,0.12167406288852033,False,-4.735539823290466,-2.2930912198278577,4.735539823290466,2.2930912198278577,True
4-9-18_Schnable_49-517-js192-301_2018-04-11_08-53-46_9992400,5,49.4247,36.22964226168071,-111.428,121.72023680421319,0.36528348373313474,165.0,0.17514332104643693,False,-13.195057738319292,-126.85176319578682,13.195057738319292,126.85176319578682,True
4-9-18_Schnable_49-517-js192-301_2018-04-11_08-53-46_9992400,6,36.7694,41.512077753152894,105.988,-120.07577434409271,0.2349027789938064,98.0,0.17514332104643693,False,4.742677753152897,133.93622565590726,4.742677753152897,133.93622565590726,True
4-9-18_Schnable_49-519-js228-360_2018-04-11_08-58-14_9992600,0,13.558,24.457499355861685,12.3463,6.82213082208375,0.28558687681304434,127.0,-0.01622688324131292,False,10.899499355861686,-5.524169177916235,10.899499355861686,5.524169177916235,True
4-9-18_Schnable_49-519-js228-360_2018-04-11_08-58-14_9992600,1,16.5441,21.64930749617089,3.56594,-13.087091773809192,0.12725663930681028,59.0,0.06854877073302121,False,5.105207496170891,-16.653031773809204,5.105207496170891,16.653031773809204,True
4-9-18_Schnable_49-519-js228-360_2018-04-11_08-58-14_9992600,2,30.3068,33.72644550223023,-174.25,-171.6619002464797,0.13609385380813432,56.0,0.06854877073302121,False,3.419645502230228,2.5880997535203107,3.419645502230228,2.5880997535203107,True
4-9-18_Schnable_49-520-js294-413_2018-04-11_09-00-27_9992700,0,31.5658,36.55857505332671,172.194,172.16754975492552,0.4228431882464553,197.0,-0.07959654090079156,False,4.992775053326714,-0.026450245074471468,4.992775053326714,0.026450245074471468,True
4-9-18_Schnable_49-520-js294-413_2018-04-11_09-00-27_9992700,1,15.3836,17.717427080428294,-15.3429,-20.636131327573707,0.4448853696690449,217.0,-0.03759055974113423,False,2.3338270804282946,-5.2932313275737215,2.3338270804282946,5.2932313275737215,True
4-9-18_Schnable_49-520-js294-413_2018-04-11_09-00-27_9992700,2,38.9945,33.70118218534697,154.122,164.61979035430113,0.48472639537080753,221.0,0.007679474394902737,False,-5.2933178146530295,10.497790354301117,5.2933178146530295,10.497790354301117,True
4-9-18_Schnable_49-520-js294-413_2018-04-11_09-00-27_9992700,3,16.6272,21.772356317918025,-179.053,160.33015648296117,0.6111828743514687,272.0,0.040142201931581745,False,5.145156317918026,-20.616843517038888,5.145156317918026,20.616843517038888,True
4-9-18_Schnable_49-520-js294-413_2018-04-11_09-00-27_9992700,4,14.0326,15.895994231385302,17.6781,148.70021719893782,0.19382403967359751,111.0,0.19757137707001968,False,1.8633942313853016,131.02211719893785,1.8633942313853016,131.02211719893785,True
4-9-18_Schnable_49-520-js294-413_2018-04-11_09-00-27_9992700,5,16.2799,21.386097893240006,155.752,13.52285680386018,0.4328043052411849,179.0,0.19757137707001968,False,5.1061978932400045,-142.22914319613983,5.1061978932400045,142.22914319613983,True
4-9-18_Schnable_49-521-js76-1-108_2018-04-11_09-02-41_9992800,0,12.6748,21.087847268495622,-169.705,-148.8512841460693,0.31804884911622333,139.0,-0.07503686582889071,False,8.413047268495623,20.85371585393071,8.413047268495623,20.85371585393071,True
4-9-18_Schnable_49-521-js76-1-108_2018-04-11_09-02-41_9992800,1,30.5957,34.81887882929774,4.33458,12.938086564552009,0.26056108509401976,117.0,-0.024924102058250033,False,4.223178829297737,8.60350656455202,4.223178829297737,8.60350656455202,True
4-9-18_Schnable_49-521-js76-1-108_2018-04-11_09-02-41_9992800,2,24.6342,30.375827754653905,0.0914142,18.7215320268117,0.10093997120497249,46.0,0.0030342010930135143,False,5.741627754653905,18.6301178268117,5.741627754653905,18.6301178268117,True
4-9-18_Schnable_49-521-js76-1-108_2018-04-11_09-02-41_9992800,3,20.6095,22.007834070404897,-170.72,-168.79293940521768,0.25904866344372657,113.0,0.06898387713919081,False,1.3983340704048963,1.9270605947823185,1.3983340704048963,1.9270605947823185,True
4-9-18_Schnable_49-521-js76-1-108_2018-04-11_09-02-41_9992800,4,30.4827,27.954672450294346,-4.94807,-8.979120875982574,0.3495493470383895,153.0,0.14717119696568298,False,-2.528027549705655,-4.031050875982572,2.528027549705655,4.031050875982572,True
4-9-18_Schnable_49-521-js76-1-108_2018-04-11_09-02-41_9992800,5,18.6708,16.855478284969237,-136.384,-148.61093120498393,0.24633926945774076,118.0,0.14717119696568298,False,-1.8153217150307626,-12.226931204983941,1.8153217150307626,12.226931204983941,True
4-9-18_Schnable_49-522-js269-428_2018-04-11_09-04-56_9992900,0,19.8767,24.067040456268714,37.5168,33.62444027848909,0.25434080735416686,114.0,-0.07076045946768,False,4.190340456268714,-3.8923597215109,4.190340456268714,3.8923597215109,True
4-9-18_Schnable_49-522-js269-428_2018-04-11_09-04-56_9992900,1,23.6255,31.424020437357044,-172.964,-178.25541987358014,0.29155852741365085,139.0,-0.04373671098433317,False,7.798520437357045,-5.291419873580139,7.798520437357045,5.291419873580139,True
4-9-18_Schnable_49-522-js269-428_2018-04-11_09-04-56_9992900,2,40.6387,39.331158706455376,-22.4827,-21.324761238728172,0.127308381138674,51.0,-0.04373671098433317,False,-1.3075412935446238,1.1579387612718222,1.3075412935446238,1.1579387612718222,True
4-9-18_Schnable_49-522-js269-428_2018-04-11_09-04-56_9992900,3,23.0587,27.59989263138344,179.925,174.2261708789872,0.22837618415498473,107.0,0.02452484921090897,False,4.5411926313834385,-5.698829121012807,4.5411926313834385,5.698829121012807,True
4-9-18_Schnable_49-522-js269-428_2018-04-11_09-04-56_9992900,4,25.1934,21.242129000085242,156.068,146.6066405858504,0.3728200658373045,160.0,0.10098153549979723,False,-3.951270999914758,-9.461359414149598,3.951270999914758,9.461359414149598,True
4-9-18_Schnable_49-522-js269-428_2018-04-11_09-04-56_9992900,5,31.4633,30.038129051246912,1.76255,-1.923202945668777,0.25676474600789856,103.0,0.1538088493079906,False,-1.4251709487530881,-3.6857529456687814,1.4251709487530881,3.6857529456687814,True
4-9-18_Schnable_49-522-js269-428_2018-04-11_09-04-56_9992900,6,13.4542,12.78092503170491,-14.7299,-16.3497615527846,0.23497511050984266,98.0,0.1538088493079906,False,-0.6732749682950896,-1.6198615527845845,0.6732749682950896,1.6198615527845845,True
4-9-18_Schnable_49-523-js261-419_2018-04-11_09-07-11_9993000,0,30.6542,31.821346946306868,15.6049,12.08247436155466,0.27520191511123215,111.0,-0.004645358729979745,False,1.1671469463068682,-3.522425638445327,1.1671469463068682,3.522425638445327,True
4-9-18_Schnable_49-523-js261-419_2018-04-11_09-07-11_9993000,1,27.2321,29.934161774521527,-176.86,-175.58694809201333,0.3940967655364876,156.0,0.038749268488211246,False,2.7020617745215283,1.2730519079866838,2.7020617745215283,1.2730519079866838,True
4-9-18_Schnable_49-523-js261-419_2018-04-11_09-07-11_9993000,2,26.99,29.312080979117987,23.8859,21.969974989273283,0.450654492861538,213.0,0.06013009548565138,False,2.322080979117988,-1.9159250107267098,2.322080979117988,1.9159250107267098,True
4-9-18_Schnable_49-523-js261-419_2018-04-11_09-07-11_9993000,3,3.78982,5.440789144241066,-43.6832,-40.45604904026598,0.5238555462519906,250.0,0.10416697988146995,False,1.6509691442410657,3.2271509597340184,1.6509691442410657,3.2271509597340184,True
4-9-18_Schnable_49-523-js261-419_2018-04-11_09-07-11_9993000,4,24.4532,23.404593168182743,170.344,170.41812227480733,0.2647355553052824,114.0,0.10416697988146995,False,-1.0486068318172563,0.07412227480733691,1.0486068318172563,0.07412227480733691,True
4-9-18_Schnable_49-524-js21-35_2018-04-11_09-09-26_9993100,0,34.1588,40.12882410819881,-164.885,-170.54200924513606,0.24040015859667266,114.0,-0.10737922729526997,False,5.970024108198814,-5.6570092451360665,5.970024108198814,5.6570092451360665,True
4-9-18_Schnable_49-524-js21-35_2018-04-11_09-09-26_9993100,1,16.2406,16.365749955884695,19.0158,19.15072909891984,0.31080011857245826,139.0,-0.09258448792192685,False,0.12514995588469446,0.13492909891982663,0.12514995588469446,0.13492909891982663,True
4-9-18_Schnable_49-524-js21-35_2018-04-11_09-09-26_9993100,2,16.9137,24.011312761789497,83.591,86.06263008065582,0.06364878862478918,31.0,-0.08312030180890696,False,7.097612761789499,2.471630080655814,7.097612761789499,2.471630080655814,True
4-9-18_Schnable_49-524-js21-35_2018-04-11_09-09-26_9993100,3,39.9785,39.18084202471171,-176.729,-178.11867772536266,0.30880306676005753,133.0,-0.06899296171152328,False,-0.7976579752882884,-1.3896777253626453,0.7976579752882884,1.3896777253626453,True
4-9-18_Schnable_49-524-js21-35_2018-04-11_09-09-26_9993100,4,60.7537,68.26822460186457,-136.369,-159.0429635708015,0.08951755030178773,45.0,-0.013337511521818383,False,7.514524601864572,-22.673963570801504,7.514524601864572,22.673963570801504,True
4-9-18_Schnable_49-524-js21-35_2018-04-11_09-09-26_9993100,5,33.5675,12.419759572715819,-107.728,-152.50370569177005,0.5725322984758368,299.0,0.009164757667961805,False,-21.147740427284184,-44.77570569177004,21.147740427284184,44.77570569177004,True
4-9-18_Schnable_49-524-js21-35_2018-04-11_09-09-26_9993100,6,50.4421,46.295392152926965,-127.135,-154.0880717060171,0.4095133760286866,176.0,0.009164757667961805,False,-4.1467078470730385,-26.953071706017113,4.1467078470730385,26.953071706017113,True
4-9-18_Schnable_49-524-js21-35_2018-04-11_09-09-26_9993100,7,40.1023,42.21709861926883,18.2337,19.590394335092583,0.27165545879409053,108.0,0.102365973401957,False,2.114798619268832,1.356694335092584,2.114798619268832,1.356694335092584,True
4-9-18_Schnable_49-524-js21-35_2018-04-11_09-09-26_9993100,8,21.0072,6.718881907638519,-177.626,155.2921054079461,0.4041579793838022,174.0,0.18363526287050388,False,-14.288318092361482,-27.081894592053914,14.288318092361482,27.081894592053914,True
4-9-18_Schnable_49-524-js21-35_2018-04-11_09-09-26_9993100,9,28.6671,27.747714886634434,25.5402,29.995806690101972,0.2287143623277436,93.0,0.18363526287050388,False,-0.9193851133655677,4.455606690101973,0.9193851133655677,4.455606690101973,True
4-9-18_Schnable_49-525-js121-176_2018-04-11_09-11-40_9993200,0,49.1924,53.86402455586744,-86.9072,-90.94944945307978,0.24682172961341242,107.0,-0.14674497508023515,False,4.671624555867439,-4.042249453079762,4.671624555867439,4.042249453079762,True
4-9-18_Schnable_49-525-js121-176_2018-04-11_09-11-40_9993200,1,56.6951,64.1281755830803,-16.4189,-19.949679699132076,0.3067498196866204,132.0,-0.1047139325629224,False,7.43307558308031,-3.5307796991320686,7.43307558308031,3.5307796991320686,True
4-9-18_Schnable_49-525-js121-176_2018-04-11_09-11-40_9993200,2,32.7886,41.498636747274944,-135.188,-136.16281807149963,0.3832104913107251,157.0,-0.07516890013811954,False,8.710036747274941,-0.9748180714996408,8.710036747274941,0.9748180714996408,True
4-9-18_Schnable_49-525-js121-176_2018-04-11_09-11-40_9993200,3,45.7439,62.038964384078376,4.64481,4.316685652091849,0.49322649110007155,225.0,-0.0368616410121336,False,16.29506438407838,-0.32812434790815814,16.29506438407838,0.32812434790815814,True
4-9-18_Schnable_49-525-js121-176_2018-04-11_09-11-40_9993200,4,51.7556,43.66101609893799,3.76254,2.913971765033466,0.46710883714786894,225.0,0.10450083050403974,False,-8.094583901062009,-0.8485682349665353,8.094583901062009,0.8485682349665353,True
4-9-18_Schnable_49-525-js121-176_2018-04-11_09-11-40_9993200,5,23.1966,24.195162365293342,160.865,170.20075901539326,0.20871914118456128,93.0,0.10450083050403974,False,0.998562365293342,9.33575901539325,0.998562365293342,9.33575901539325,True
4-9-18_Schnable_49-525-js121-176_2018-04-11_09-11-40_9993200,6,38.7346,26.997480474704474,150.978,-158.87009789521738,0.21350683547420998,112.0,0.19847344271864645,False,-11.737119525295526,50.15190210478261,11.737119525295526,50.15190210478261,True
4-9-18_Schnable_49-525-js121-176_2018-04-11_09-11-40_9993200,7,30.0262,31.73848096487604,-157.526,148.58889155542852,0.33278076982097293,141.0,0.19847344271864645,False,1.7122809648760402,-53.88510844457147,1.7122809648760402,53.88510844457147,True
4-9-18_Schnable_49-526-js79-1-111_2018-04-11_09-13-55_9993300,0,30.3972,37.36467575657404,-2.62853,-7.832967169290356,0.3257083212012718,151.0,-0.051822616051942653,False,6.967475756574036,-5.204437169290344,6.967475756574036,5.204437169290344,True
4-9-18_Schnable_49-526-js79-1-111_2018-04-11_09-13-55_9993300,1,23.8645,29.365347943785487,-151.078,-146.220807093063,0.37763224875874896,170.0,-0.04118454181647979,False,5.500847943785487,4.8571929069370015,5.500847943785487,4.8571929069370015,True
4-9-18_Schnable_49-526-js79-1-111_2018-04-11_09-13-55_9993300,2,25.7742,39.70269437411892,25.9984,29.01979952456668,0.09465216953124436,44.0,-0.02247158490743933,False,13.92849437411892,3.021399524566675,13.92849437411892,3.021399524566675,True
4-9-18_Schnable_49-526-js79-1-111_2018-04-11_09-13-55_9993300,3,51.2795,63.420434991204345,-44.9845,-41.931232066821906,0.10526827952918082,45.0,-0.011054445190699098,False,12.140934991204347,3.053267933178091,12.140934991204347,3.053267933178091,True
4-9-18_Schnable_49-526-js79-1-111_2018-04-11_09-13-55_9993300,4,38.6973,36.2526688574247,33.2932,35.676077156638485,0.28521520101280345,127.0,0.05564319130582076,False,-2.4446311425752967,2.3828771566384717,2.4446311425752967,2.3828771566384717,True
4-9-18_Schnable_49-526-js79-1-111_2018-04-11_09-13-55_9993300,5,21.2506,11.820659071817602,-152.371,168.98602822251598,0.47807062203632505,221.0,0.12448036243378671,False,-9.429940928182397,-38.642971777484036,9.429940928182397,38.642971777484036,True
4-9-18_Schnable_49-526-js79-1-111_2018-04-11_09-13-55_9993300,6,19.8231,20.65262724253533,22.7723,1.084134528921311,0.4846701659453123,228.0,0.12448036243378671,False,0.829527242535331,-21.68816547107869,0.829527242535331,21.68816547107869,True
4-9-18_Schnable_49-527-js38-64_2018-04-11_09-16-10_9993400,0,28.832,31.739045022935947,89.0487,88.25833404753445,0.27324562620537524,133.0,-0.06226094684608344,False,2.9070450229359466,-0.7903659524655495,2.9070450229359466,0.7903659524655495,True
4-9-18_Schnable_49-527-js38-64_2018-04-11_09-16-10_9993400,1,43.2196,38.790448992930266,-83.8779,-96.95719285431535,0.3113145612676923,138.0,-0.025892973010067533,False,-4.429151007069734,-13.079292854315355,4.429151007069734,13.079292854315355,True
4-9-18_Schnable_49-527-js38-64_2018-04-11_09-16-10_9993400,2,20.4719,33.08774979590564,18.1305,-72.88628565794234,0.3462153828206294,145.0,0.00047150856430974416,False,12.615849795905635,-91.01678565794234,12.615849795905635,91.01678565794234,True
4-9-18_Schnable_49-527-js38-64_2018-04-11_09-16-10_9993400,3,36.58,19.581832575327056,-69.6709,-67.93997201301127,0.5255310895509387,228.0,0.00047150856430974416,False,-16.998167424672943,1.7309279869887177,16.998167424672943,1.7309279869887177,True
4-9-18_Schnable_49-527-js38-64_2018-04-11_09-16-10_9993400,4,11.0362,37.85461250675394,124.667,-155.52402622615523,0.12402582016878475,52.0,0.02659595231488791,False,26.818412506753937,79.80897377384474,26.818412506753937,79.80897377384474,True
4-9-18_Schnable_49-527-js38-64_2018-04-11_09-16-10_9993400,5,43.4766,20.26409388211394,-151.556,97.50667423722717,0.3044850075495821,130.0,0.02659595231488791,False,-23.212506117886058,-110.93732576277284,23.212506117886058,110.93732576277284,True
4-9-18_Schnable_49-527-js38-64_2018-04-11_09-16-10_9993400,6,21.3686,16.317554805441574,38.9528,-100.38900607560495,0.16269265879841363,77.0,0.1051158039831211,False,-5.0510451945584265,-139.34180607560495,5.0510451945584265,139.34180607560495,True
4-9-18_Schnable_49-527-js38-64_2018-04-11_09-16-10_9993400,7,11.1705,18.313445222224615,-119.219,94.48831928045973,0.31559070630026503,139.0,0.1051158039831211,False,7.142945222224615,-146.29268071954027,7.142945222224615,146.29268071954027,True
4-9-18_Schnable_49-527-js38-64_2018-04-11_09-16-10_9993400,8,25.4673,34.54724856428797,153.74,-96.60793845930026,0.11558728650608874,55.0,0.11722992597828424,False,9.079948564287967,109.65206154069972,9.079948564287967,109.65206154069972,True
4-9-18_Schnable_49-527-js38-64_2018-04-11_09-16-10_9993400,9,38.8583,15.330965589907365,-100.477,163.86672246983517,0.37761067605731885,170.0,0.11722992597828424,False,-23.527334410092635,-95.65627753016486,23.527334410092635,95.65627753016486,True
4-9-18_Schnable_49-528-js131-1-190_2018-04-11_09-18-26_9993500,0,92.9508,36.834843843303496,-107.23,119.42886145016706,0.34050415361741143,151.0,-0.07121329594243908,True,-56.115956156696505,-133.34113854983292,56.115956156696505,133.34113854983292,True
4-9-18_Schnable_49-528-js131-1-190_2018-04-11_09-18-26_9993500,1,34.7079,49.98914385221992,-6.37449,-19.462663409855736,0.3788947231929661,155.0,-0.04615147745926032,True,15.281243852219916,-13.088173409855727,15.281243852219916,13.088173409855727,True
4-9-18_Schnable_49-528-js131-1-190_2018-04-11_09-18-26_9993500,2,34.7205,29.315771832027984,-158.459,141.31087265300522,0.33842796472257286,135.0,-0.026848656517345082,True,-5.404728167972017,-60.23012734699478,5.404728167972017,60.23012734699478,True
4-9-18_Schnable_49-528-js131-1-190_2018-04-11_09-18-26_9993500,3,26.8713,43.092213097392,9.22145,-14.725533528885308,0.4470585416103102,174.0,-0.00021578276307886648,True,16.220913097391996,-23.946983528885312,16.220913097391996,23.946983528885312,True
4-9-18_Schnable_49-528-js131-1-190_2018-04-11_09-18-26_9993500,4,36.1526,31.027595881823274,-150.639,127.2691580357681,0.4882579210556275,199.0,0.03995687294053292,True,-5.125004118176726,-82.09184196423189,5.125004118176726,82.09184196423189,True
4-9-18_Schnable_49-528-js131-1-190_2018-04-11_09-18-26_9993500,5,27.6231,31.245741035890468,-1.87636,-19.935864516212746,0.5658168716351151,236.0,0.08565160994048963,True,3.6226410358904673,-18.05950451621274,3.6226410358904673,18.05950451621274,True
4-9-18_Schnable_49-528-js131-1-190_2018-04-11_09-18-26_9993500,6,27.207,13.09220717553471,-153.073,-14.458806611336058,0.3059824226359244,147.0,0.17959156189474867,True,-14.11479282446529,138.61419338866392,14.11479282446529,138.61419338866392,True
4-9-18_Schnable_49-528-js131-1-190_2018-04-11_09-18-26_9993500,7,24.5597,12.625830390989094,21.0292,139.15363397653562,0.46739133303084984,208.0,0.17959156189474867,True,-11.933869609010905,118.12443397653561,11.933869609010905,118.12443397653561,True
4-9-18_Schnable_49-529-js90-127_2018-04-11_09-20-46_9993600,0,36.169,43.76553541147007,4.06994,5.981646443291083,0.16490609766416964,64.0,-0.08733592815038621,False,7.596535411470072,1.9117064432910809,7.596535411470072,1.9117064432910809,True
4-9-18_Schnable_49-529-js90-127_2018-04-11_09-20-46_9993600,1,24.6225,27.2401182650704,154.445,157.35828811298768,0.33273685698413763,134.0,-0.0473124666650725,False,2.6176182650704014,2.9132881129876864,2.6176182650704014,2.9132881129876864,True
4-9-18_Schnable_49-529-js90-127_2018-04-11_09-20-46_9993600,2,33.5819,41.17409352444532,-25.2566,-24.121495089583902,0.15754913050665334,63.0,-0.031020705238463956,False,7.592193524445321,1.1351049104160893,7.592193524445321,1.1351049104160893,True
4-9-18_Schnable_49-529-js90-127_2018-04-11_09-20-46_9993600,3,21.632,22.107219953801845,154.585,157.5340280723883,0.41286292422763843,172.0,0.011458276414188633,False,0.4752199538018438,2.949028072388302,0.4752199538018438,2.949028072388302,True
4-9-18_Schnable_49-529-js90-127_2018-04-11_09-20-46_9993600,4,11.7302,15.797109508260078,-0.0613363,-20.343831516114278,0.4630767399750652,203.0,0.09923340140604112,False,4.066909508260078,-20.282495216114285,4.066909508260078,20.282495216114285,True
4-9-18_Schnable_49-529-js90-127_2018-04-11_09-20-46_9993600,5,25.0292,18.228590669367136,136.885,156.55900710538816,0.4639517409362339,205.0,0.16157349349677444,False,-6.800609330632863,19.67400710538817,6.800609330632863,19.67400710538817,True
4-9-18_Schnable_49-529-js90-127_2018-04-11_09-20-46_9993600,6,22.8003,26.909734305870863,-44.9382,-50.39592116950553,0.2247308327411305,100.0,0.16157349349677444,False,4.109434305870863,-5.4577211695055325,4.109434305870863,5.4577211695055325,True
4-9-18_Schnable_49-530-js52-81_2018-04-11_09-22-57_9993700,0,14.181,23.010368614715816,-59.472,-52.915823605617646,0.40471282927782815,170.0,-0.2472578635565947,False,8.829368614715817,6.556176394382362,8.829368614715817,6.556176394382362,True
4-9-18_Schnable_49-530-js52-81_2018-04-11_09-22-57_9993700,1,9.69899,12.024073826532117,-44.8035,-47.2183729665112,0.5802891411013505,260.0,-0.20091691717430918,False,2.3250838265321168,-2.4148729665112114,2.3250838265321168,2.4148729665112114,True
4-9-18_Schnable_49-530-js52-81_2018-04-11_09-22-57_9993700,2,72.8988,79.50085951753003,167.868,173.47151581419286,0.54798745219676,262.0,-0.1896197508191134,False,6.602059517530037,5.6035158141928605,6.602059517530037,5.6035158141928605,True
4-9-18_Schnable_49-530-js52-81_2018-04-11_09-22-57_9993700,3,5.40805,5.7498860204213855,31.2544,18.679834430846483,0.5702744204910045,272.0,-0.15621443528342177,False,0.3418360204213853,-12.57456556915352,0.3418360204213853,12.57456556915352,True
4-9-18_Schnable_49-530-js52-81_2018-04-11_09-22-57_9993700,4,41.8406,45.87242702902552,-108.989,-103.97734042316146,0.158663689214615,74.0,-0.1508237316838497,False,4.031827029025521,5.011659576838554,4.031827029025521,5.011659576838554,True
4-9-18_Schnable_49-530-js52-81_2018-04-11_09-22-57_9993700,5,62.9356,62.584370022753234,-171.666,-177.77954102520675,0.5656287614732285,248.0,-0.13323656391351893,False,-0.3512299772467671,-6.113541025206757,0.3512299772467671,6.113541025206757,True
4-9-18_Schnable_49-530-js52-81_2018-04-11_09-22-57_9993700,6,112.224,108.06501912097681,148.723,-116.82451539521428,0.11847267535790307,59.0,-0.2116342528315898,False,-4.15898087902319,94.4524846047857,4.15898087902319,94.4524846047857,True
4-9-18_Schnable_49-530-js52-81_2018-04-11_09-22-57_9993700,7,115.447,114.67010225224831,-132.48,150.66776863900748,0.2546202038093677,106.0,-0.2116342528315898,False,-0.7768977477516898,-76.8522313609925,0.7768977477516898,76.8522313609925,True
4-9-18_Schnable_49-530-js52-81_2018-04-11_09-22-57_9993700,8,5.9364,45.14906274949091,146.69,-161.44084202995768,0.5481758413961599,240.0,0.08961532750083948,False,39.21266274949091,51.86915797004235,39.21266274949091,51.86915797004235,True
4-9-18_Schnable_49-530-js52-81_2018-04-11_09-22-57_9993700,9,57.0127,8.098019846311075,-152.903,-146.9354171581939,0.39764745524816875,192.0,0.08961532750083948,False,-48.91468015368893,5.967582841806092,48.91468015368893,5.967582841806092,True
4-9-18_Schnable_49-530-js52-81_2018-04-11_09-22-57_9993700,10,52.0444,49.936120358872145,19.4776,-64.0573339095978,0.10629875963763585,51.0,0.4434175807183704,False,-2.108279641127858,-83.5349339095978,2.108279641127858,83.5349339095978,True
4-9-18_Schnable_49-530-js52-81_2018-04-11_09-22-57_9993700,11,55.0466,67.41722428156031,-39.2819,30.08621576691104,0.07077953918219401,34.0,0.4434175807183704,False,12.37062428156031,69.36811576691105,12.37062428156031,69.36811576691105,True
4-9-18_Schnable_49-531-js85-122_2018-04-11_09-25-13_9993800,0,53.661,55.72813142216528,-168.483,-164.09268907133952,0.27656705239361895,119.0,-0.19179088370078767,False,2.067131422165282,4.390310928660483,2.067131422165282,4.390310928660483,True
4-9-18_Schnable_49-531-js85-122_2018-04-11_09-25-13_9993800,1,31.0639,37.20952805493149,-46.0851,-41.52139063308226,0.3475148692190718,153.0,-0.16865774995672542,False,6.145628054931489,4.563709366917749,6.145628054931489,4.563709366917749,True
4-9-18_Schnable_49-531-js85-122_2018-04-11_09-25-13_9993800,2,48.9312,52.67628620718045,179.68,177.65038980929995,0.3805740349275248,168.0,-0.1419742098479109,False,3.7450862071804565,-2.0296101907000548,3.7450862071804565,2.0296101907000548,True
4-9-18_Schnable_49-531-js85-122_2018-04-11_09-25-13_9993800,3,24.8735,22.79833301339275,-24.2735,-16.877185543771816,0.4076478348844041,176.0,-0.10932155802270375,False,-2.0751669866072504,7.396314456228197,2.0751669866072504,7.396314456228197,True
4-9-18_Schnable_49-531-js85-122_2018-04-11_09-25-13_9993800,4,37.753,35.71324033082319,140.406,158.3766089203504,0.491891913823823,238.0,-0.08072754891601211,False,-2.03975966917681,17.9706089203504,2.03975966917681,17.9706089203504,True
4-9-18_Schnable_49-531-js85-122_2018-04-11_09-25-13_9993800,5,24.957,41.39828648512005,-31.5875,-21.431331128280902,0.1452903858299253,69.0,0.04775596161197919,False,16.441286485120052,10.156168871719103,16.441286485120052,10.156168871719103,True
4-9-18_Schnable_49-531-js85-122_2018-04-11_09-25-13_9993800,6,42.9782,28.547902656228537,93.5286,109.18713690367827,0.43091833059327095,191.0,0.08616444689479144,False,-14.430297343771464,15.658536903678282,14.430297343771464,15.658536903678282,True
4-9-18_Schnable_49-531-js85-122_2018-04-11_09-25-13_9993800,7,46.6327,49.270373875050176,-158.673,-164.0271936917742,0.1488813175333616,66.0,0.08616444689479144,False,2.637673875050176,-5.354193691774185,2.637673875050176,5.354193691774185,True
4-9-18_Schnable_49-531-js85-122_2018-04-11_09-25-13_9993800,8,49.7369,51.41314485004662,62.0111,62.57715074752497,0.20259213941166967,94.0,0.2512418589774508,False,1.676244850046622,0.5660507475249688,1.676244850046622,0.5660507475249688,True
4-9-18_Schnable_49-531-js85-122_2018-04-11_09-25-13_9993800,9,66.0901,69.10843481932562,-15.0571,-23.86602297981014,0.16201211771417526,65.0,0.2512418589774508,False,3.0183348193256165,-8.808922979810148,3.0183348193256165,8.808922979810148,True
4-9-18_Schnable_49-532-js245-393_2018-04-11_09-27-28_9993900,0,40.0597,45.98215144855411,-150.862,-151.85087843973866,0.2732870327722275,107.0,-0.08807355549575765,False,5.9224514485541135,-0.9888784397386701,5.9224514485541135,0.9888784397386701,True
4-9-18_Schnable_49-532-js245-393_2018-04-11_09-27-28_9993900,1,41.7815,49.97369084197658,52.7147,57.55399895562903,0.36059837976406556,166.0,-0.07106439476366727,False,8.192190841976576,4.839298955629033,8.192190841976576,4.839298955629033,True
4-9-18_Schnable_49-532-js245-393_2018-04-11_09-27-28_9993900,2,35.5084,42.700744754983,-123.593,-127.21510111354259,0.4087086519478312,173.0,-0.049915321752163413,False,7.192344754982997,-3.622101113542584,7.192344754982997,3.622101113542584,True
4-9-18_Schnable_49-532-js245-393_2018-04-11_09-27-28_9993900,3,33.6409,39.18142044902998,37.3062,48.61008314023974,0.4446614916157726,190.0,-0.03052082915899453,False,5.540520449029977,11.303883140239748,5.540520449029977,11.303883140239748,True
4-9-18_Schnable_49-532-js245-393_2018-04-11_09-27-28_9993900,4,25.3887,31.91651426317644,-125.75,-124.24892573706099,0.5069062395044546,225.0,0.0005556572579240941,False,6.527814263176438,1.501074262939028,6.527814263176438,1.501074262939028,True
4-9-18_Schnable_49-532-js245-393_2018-04-11_09-27-28_9993900,5,24.0099,24.151476526336424,48.1388,34.95281471723695,0.5272053315709164,231.0,0.051670546796533046,False,0.1415765263364257,-13.185985282763056,0.1415765263364257,13.185985282763056,True
4-9-18_Schnable_49-532-js245-393_2018-04-11_09-27-28_9993900,6,24.6056,19.78384560193058,-103.68,-107.20597249157943,0.5146426416675816,220.0,0.14565966977374273,False,-4.8217543980694195,-3.5259724915794095,4.8217543980694195,3.5259724915794095,True
4-9-18_Schnable_49-532-js245-393_2018-04-11_09-27-28_9993900,7,37.8473,24.496635608904,25.9968,27.353517703174532,0.4499102630305396,206.0,0.17132628819809065,False,-13.350664391095997,1.3567177031745246,13.350664391095997,1.3567177031745246,True
4-9-18_Schnable_49-532-js245-393_2018-04-11_09-27-28_9993900,8,14.0665,12.643141380138147,-115.225,-87.72808512714448,0.23916023194896702,113.0,0.17132628819809065,False,-1.4233586198618529,27.496914872855513,1.4233586198618529,27.496914872855513,True
4-9-18_Schnable_49-533-js218-341_2018-04-11_09-29-43_9994000,0,26.6086,31.916888402510338,159.538,166.07639528770835,0.19133418959811907,87.0,-0.13423081305510762,False,5.308288402510339,6.53839528770834,5.308288402510339,6.53839528770834,True
4-9-18_Schnable_49-533-js218-341_2018-04-11_09-29-43_9994000,1,18.2277,21.815533134069,-45.6062,-34.57808799089537,0.2604671269063109,123.0,-0.09690579534074734,False,3.587833134069001,11.028112009104632,3.587833134069001,11.028112009104632,True
4-9-18_Schnable_49-533-js218-341_2018-04-11_09-29-43_9994000,2,18.3808,17.091025761379996,41.4327,47.31526165195879,0.07527919734183355,36.0,-0.09690579534074734,False,-1.289774238620005,5.882561651958781,1.289774238620005,5.882561651958781,True
4-9-18_Schnable_49-533-js218-341_2018-04-11_09-29-43_9994000,3,22.7112,21.836900152245377,101.768,125.75754532488804,0.36735424682238815,168.0,-0.09221204572932075,False,-0.8742998477546244,23.98954532488804,0.8742998477546244,23.98954532488804,True
4-9-18_Schnable_49-533-js218-341_2018-04-11_09-29-43_9994000,4,25.7532,24.716478992739937,-19.8012,-30.83845641862743,0.3730597192852874,167.0,0.011649382461039514,False,-1.0367210072600628,-11.037256418627436,1.0367210072600628,11.037256418627436,True
4-9-18_Schnable_49-533-js218-341_2018-04-11_09-29-43_9994000,5,26.7813,25.42509030146867,159.969,154.73369053283977,0.4906690751843317,245.0,0.060522745363034904,False,-1.3562096985313303,-5.235309467160221,1.3562096985313303,5.235309467160221,True
4-9-18_Schnable_49-533-js218-341_2018-04-11_09-29-43_9994000,6,36.4344,35.64755399215602,167.363,170.7422468247405,0.3041094542789026,138.0,0.17165728484206674,False,-0.7868460078439767,3.3792468247405054,0.7868460078439767,3.3792468247405054,True
4-9-18_Schnable_49-533-js218-341_2018-04-11_09-29-43_9994000,7,24.9717,16.465315234994378,-15.0016,-37.12986693423778,0.37794222327432886,175.0,0.17165728484206674,False,-8.50638476500562,-22.128266934237786,8.50638476500562,22.128266934237786,True
4-9-18_Schnable_49-534-js202-315_2018-04-11_09-31-58_9994100,0,49.1404,63.313055312576786,98.1903,71.8032551363595,0.08344310337663553,31.0,-0.04798576273368381,False,14.172655312576786,-26.387044863640483,14.172655312576786,26.387044863640483,True
4-9-18_Schnable_49-534-js202-315_2018-04-11_09-31-58_9994100,1,37.2241,35.60500166488271,175.53,170.5044513485078,0.1294756400723156,43.0,-0.033944085859292365,False,-1.6190983351172932,-5.025548651492187,1.6190983351172932,5.025548651492187,True
4-9-18_Schnable_49-534-js202-315_2018-04-11_09-31-58_9994100,2,29.1561,32.55134647480088,39.0199,41.03021754548706,0.17406140974440218,80.0,-0.002122204225292472,False,3.3952464748008815,2.010317545487055,3.3952464748008815,2.010317545487055,True
4-9-18_Schnable_49-534-js202-315_2018-04-11_09-31-58_9994100,3,29.2592,29.88289839793665,-152.169,-158.30642810631588,0.25434980410692654,112.0,0.02615981428336976,False,0.6236983979366499,-6.137428106315866,0.6236983979366499,6.137428106315866,True
4-9-18_Schnable_49-534-js202-315_2018-04-11_09-31-58_9994100,4,10.888,28.470080641402383,-148.582,45.567772148349775,0.20409472258568823,87.0,0.050019555804622674,False,17.582080641402385,-165.85022785165023,17.582080641402385,165.85022785165023,True
4-9-18_Schnable_49-534-js202-315_2018-04-11_09-31-58_9994100,5,26.6186,12.805928277064027,41.9614,-148.1627726262867,0.21256139700214832,102.0,0.050019555804622674,False,-13.812671722935974,169.87582737371326,13.812671722935974,169.87582737371326,True
4-9-18_Schnable_49-535-js84-121_2018-04-11_09-34-13_9994200,0,34.386,39.74215315794714,-116.195,-119.78264497262316,0.4093792145484677,162.0,-0.10223986226706275,False,5.356153157947141,-3.587644972623167,5.356153157947141,3.587644972623167,True
4-9-18_Schnable_49-535-js84-121_2018-04-11_09-34-13_9994200,1,25.0664,35.027480149684834,51.0971,57.91331375509867,0.5295612778806627,235.0,-0.06131220182946784,False,9.961080149684832,6.816213755098659,9.961080149684832,6.816213755098659,True
4-9-18_Schnable_49-535-js84-121_2018-04-11_09-34-13_9994200,2,32.058,42.04144583568233,-139.612,-140.10561580240983,0.575902304796983,251.0,-0.01172755079535121,False,9.983445835682332,-0.4936158024098347,9.983445835682332,0.4936158024098347,True
4-9-18_Schnable_49-535-js84-121_2018-04-11_09-34-13_9994200,3,30.473,27.84216668358045,53.7816,67.31920287947719,0.5159667041130018,231.0,0.060242787205834106,False,-2.6308333164195474,13.537602879477191,2.6308333164195474,13.537602879477191,True
4-9-18_Schnable_49-535-js84-121_2018-04-11_09-34-13_9994200,4,39.6769,33.46219481357186,-152.235,-169.1044747581115,0.5169339631014122,222.0,0.19851110098224198,False,-6.214705186428141,-16.869474758111494,6.214705186428141,16.869474758111494,True
4-9-18_Schnable_49-535-js84-121_2018-04-11_09-34-13_9994200,5,25.7689,32.685732226044195,85.1508,101.15539991072791,0.44396484357107663,196.0,0.22898912361184062,False,6.916832226044196,16.004599910727904,6.916832226044196,16.004599910727904,True
4-9-18_Schnable_49-535-js84-121_2018-04-11_09-34-13_9994200,6,25.9045,22.71863048728804,-109.619,-142.69241004224685,0.2986025680270245,127.0,0.22898912361184062,False,-3.1858695127119603,-33.07341004224685,3.1858695127119603,33.07341004224685,True
4-9-18_Schnable_49-536-js159-3-228_2018-04-11_09-36-30_9994300,0,21.3818,25.19944015389882,-3.00781,1.5637766000045303,0.2661089792829491,114.0,-0.04814345870203145,False,3.8176401538988216,4.571586600004537,3.8176401538988216,4.571586600004537,True
4-9-18_Schnable_49-536-js159-3-228_2018-04-11_09-36-30_9994300,1,25.3477,26.765614112583556,21.694,-4.701869695843413,0.11186268316911059,44.0,-0.0011596863310189421,False,1.4179141125835564,-26.395869695843402,1.4179141125835564,26.395869695843402,True
4-9-18_Schnable_49-536-js159-3-228_2018-04-11_09-36-30_9994300,2,46.7391,49.735140952357256,-155.752,-168.31873614417427,0.24805424940827958,102.0,0.031537880616669914,False,2.996040952357255,-12.566736144174257,2.996040952357255,12.566736144174257,True
4-9-18_Schnable_49-536-js159-3-228_2018-04-11_09-36-30_9994300,3,30.6416,16.65485192374321,-134.033,-120.0705509021779,0.3962349835039572,187.0,0.12520491927658042,False,-13.986748076256792,13.962449097822088,13.986748076256792,13.962449097822088,True
4-9-18_Schnable_49-536-js159-3-228_2018-04-11_09-36-30_9994300,4,39.6954,24.61419221898943,1.42495,58.29090299453458,0.20534778478197732,85.0,0.15312825431760577,False,-15.08120778101057,56.86595299453458,15.08120778101057,56.86595299453458,True
4-9-18_Schnable_49-536-js159-3-228_2018-04-11_09-36-30_9994300,5,21.9178,37.59065737135257,65.8921,2.881005480127385,0.27526023770715735,101.0,0.15312825431760577,False,15.67285737135257,-63.011094519872614,15.67285737135257,63.011094519872614,True
4-9-18_Schnable_49-537-js250-402_2018-04-11_09-38-46_9994400,0,42.9169,48.621169011309256,-144.164,-145.06623107583107,0.27714868651791835,133.0,-0.11521596469922316,False,5.704269011309258,-0.9022310758310823,5.704269011309258,0.9022310758310823,True
4-9-18_Schnable_49-537-js250-402_2018-04-11_09-38-46_9994400,1,44.1274,53.313649732913404,-3.87539,-7.901623549987107,0.31508632488846783,128.0,-0.09135203428492449,False,9.186249732913403,-4.026233549987097,9.186249732913403,4.026233549987097,True
4-9-18_Schnable_49-537-js250-402_2018-04-11_09-38-46_9994400,2,49.7847,53.86503976729542,-148.289,-148.48840906777104,0.33907365333006395,159.0,-0.05711437722113804,False,4.0803397672954205,-0.19940906777105738,4.0803397672954205,0.19940906777105738,True
4-9-18_Schnable_49-537-js250-402_2018-04-11_09-38-46_9994400,3,38.7559,48.927643547660644,15.0874,11.077514161049862,0.496846951699017,214.0,-0.043520206003652154,False,10.171743547660647,-4.00988583895014,10.171743547660647,4.00988583895014,True
4-9-18_Schnable_49-537-js250-402_2018-04-11_09-38-46_9994400,4,41.2771,46.522831362643316,-154.576,-155.91782062419068,0.4748699806374838,213.0,0.002994480548850397,False,5.245731362643319,-1.3418206241906887,5.245731362643319,1.3418206241906887,True
4-9-18_Schnable_49-537-js250-402_2018-04-11_09-38-46_9994400,5,34.7335,30.113799158826033,12.096,14.125933444852421,0.5462560975083772,234.0,0.03876226157113414,False,-4.619700841173966,2.029933444852418,4.619700841173966,2.029933444852418,True
4-9-18_Schnable_49-537-js250-402_2018-04-11_09-38-46_9994400,6,33.7829,34.982010092303796,-145.293,-142.1854105016572,0.46730544327870144,207.0,0.18386292033453233,False,1.1991100923037976,3.1075894983428043,1.1991100923037976,3.1075894983428043,True
4-9-18_Schnable_49-537-js250-402_2018-04-11_09-38-46_9994400,7,26.838,25.09096402493212,59.5409,18.701704472304243,0.37844253306988246,173.0,0.18386292033453233,False,-1.747035975067881,-40.83919552769575,1.747035975067881,40.83919552769575,True
4-9-18_Schnable_49-538-js284-177_2018-04-11_09-41-02_9994500,0,16.2124,22.6542652682151,-69.921,-74.75704525890143,0.19821089393811597,82.0,-0.10996194483976969,False,6.4418652682151,-4.836045258901436,6.4418652682151,4.836045258901436,True
4-9-18_Schnable_49-538-js284-177_2018-04-11_09-41-02_9994500,1,39.1542,44.19314306397196,130.099,124.99683644525498,0.2206102124112784,98.0,-0.0541515232623522,False,5.038943063971956,-5.102163554745005,5.038943063971956,5.102163554745005,True
4-9-18_Schnable_49-538-js284-177_2018-04-11_09-41-02_9994500,2,27.2467,30.925955327408218,-82.7731,-79.81531606213736,0.3116618352816343,136.0,-0.036248706272371055,False,3.6792553274082174,2.9577839378626436,3.6792553274082174,2.9577839378626436,True
4-9-18_Schnable_49-538-js284-177_2018-04-11_09-41-02_9994500,3,34.0792,37.868808085924044,119.054,109.72470319140433,0.21183901815803693,82.0,-0.018299231430859972,False,3.789608085924044,-9.329296808595672,3.789608085924044,9.329296808595672,True
4-9-18_Schnable_49-538-js284-177_2018-04-11_09-41-02_9994500,4,21.3038,31.505721070661302,112.326,56.24918019443214,0.10090029842414018,48.0,-0.010101529745867017,False,10.201921070661303,-56.07681980556785,10.201921070661303,56.07681980556785,True
4-9-18_Schnable_49-538-js284-177_2018-04-11_09-41-02_9994500,5,29.4568,19.393185803785684,145.956,-79.59575229886885,0.1563470804439273,75.0,0.11806618161476873,False,-10.063614196214317,134.44824770113115,10.063614196214317,134.44824770113115,True
4-9-18_Schnable_49-538-js284-177_2018-04-11_09-41-02_9994500,6,26.6246,22.69770243907692,-70.5739,137.0201212446966,0.21980758013137283,106.0,0.11806618161476873,False,-3.9268975609230807,-152.4059787553034,3.9268975609230807,152.4059787553034,True
4-9-18_Schnable_49-539-js37-3-63_2018-04-11_09-43-16_9994600,0,31.4109,36.508638219913124,-70.7424,-72.4026014527946,0.26481475609427835,115.0,-0.08989958594650485,False,5.097738219913122,-1.6602014527945812,5.097738219913122,1.6602014527945812,True
4-9-18_Schnable_49-539-js37-3-63_2018-04-11_09-43-16_9994600,1,21.6173,28.32694500230457,69.8478,69.27693938391201,0.30756223694526114,127.0,-0.05362817141512822,False,6.709645002304569,-0.5708606160879981,6.709645002304569,0.5708606160879981,True
4-9-18_Schnable_49-539-js37-3-63_2018-04-11_09-43-16_9994600,2,18.8247,30.65930364173616,-69.8702,-86.64526553942042,0.3855203774965023,170.0,-0.023982865555519588,False,11.834603641736159,-16.77506553942044,11.834603641736159,16.77506553942044,True
4-9-18_Schnable_49-539-js37-3-63_2018-04-11_09-43-16_9994600,3,38.09,30.21615386822247,77.0424,80.48280653549187,0.4822963192135707,198.0,0.020566874133524884,False,-7.873846131777533,3.4404065354918885,7.873846131777533,3.4404065354918885,True
4-9-18_Schnable_49-539-js37-3-63_2018-04-11_09-43-16_9994600,4,38.1422,54.695409537632315,40.8296,37.838967088352206,0.11315167917475667,57.0,0.05786208416140139,False,16.553209537632313,-2.9906329116477934,16.553209537632313,2.9906329116477934,True
4-9-18_Schnable_49-539-js37-3-63_2018-04-11_09-43-16_9994600,5,29.4188,24.428599186197644,-83.8074,-80.88611547868771,0.5405055630656733,234.0,0.05786208416140139,False,-4.990200813802357,2.9212845213122876,4.990200813802357,2.9212845213122876,True
4-9-18_Schnable_49-539-js37-3-63_2018-04-11_09-43-16_9994600,6,31.0623,44.16343666400198,-114.479,-107.60321110094796,0.09466234090400792,55.0,0.07690200571716092,False,13.101136664001977,6.875788899052054,13.101136664001977,6.875788899052054,True
4-9-18_Schnable_49-539-js37-3-63_2018-04-11_09-43-16_9994600,7,44.2835,32.124832253909034,100.726,95.68490269064887,0.49706105137881984,229.0,0.1724752949065607,False,-12.158667746090963,-5.04109730935113,12.158667746090963,5.04109730935113,True
4-9-18_Schnable_49-539-js37-3-63_2018-04-11_09-43-16_9994600,8,52.1215,30.499437103449424,-128.293,-110.94984046273052,0.4036309678456487,199.0,0.1724752949065607,False,-21.622062896550574,17.343159537269486,21.622062896550574,17.343159537269486,True
4-9-18_Schnable_49-540-js23-3-38_2018-04-11_09-45-31_9994700,0,41.2203,45.53717143282502,11.1442,13.97243857760077,0.25547946664360965,114.0,-0.05199291015122986,False,4.3168714328250175,2.8282385776007573,4.3168714328250175,2.8282385776007573,True
4-9-18_Schnable_49-540-js23-3-38_2018-04-11_09-45-31_9994700,1,40.1031,45.116404601842596,-5.34014,6.257401316480355,0.32174422060878377,143.0,-0.015229108225158923,False,5.013304601842599,11.597541316480346,5.013304601842599,11.597541316480346,True
4-9-18_Schnable_49-540-js23-3-38_2018-04-11_09-45-31_9994700,2,10.9048,14.61257916342393,156.063,173.89492021954288,0.47132360387097194,195.0,0.012972182857331987,False,3.7077791634239308,17.831920219542894,3.7077791634239308,17.831920219542894,True
4-9-18_Schnable_49-540-js23-3-38_2018-04-11_09-45-31_9994700,3,32.8642,30.02043231122191,17.0547,18.145798886600176,0.36120189308846273,144.0,0.021430981545158448,False,-2.8437676887780867,1.0910988866001787,2.8437676887780867,1.0910988866001787,True
4-9-18_Schnable_49-540-js23-3-38_2018-04-11_09-45-31_9994700,4,43.3204,66.90882333325999,-28.9011,-64.58482726141897,0.06612848854181626,30.0,0.021430981545158448,False,23.58842333325999,-35.683727261418966,23.58842333325999,35.683727261418966,True
4-9-18_Schnable_49-540-js23-3-38_2018-04-11_09-45-31_9994700,5,50.9597,50.95393382305622,-174.33,-175.14765030891942,0.2025653326256866,94.0,0.05422992713676073,False,-0.00576617694378001,-0.8176503089194114,0.00576617694378001,0.8176503089194114,True
4-9-18_Schnable_49-540-js23-3-38_2018-04-11_09-45-31_9994700,6,36.4323,27.41061169723625,-138.926,-138.7125184365583,0.13226433420481593,56.0,0.05422992713676073,False,-9.02168830276375,0.21348156344168956,9.02168830276375,0.21348156344168956,True
4-9-18_Schnable_49-540-js23-3-38_2018-04-11_09-45-31_9994700,7,3.40272,17.0008739744964,-13.1203,17.247728476302825,0.3108822576871572,142.0,0.0788114016630833,False,13.5981539744964,30.36802847630281,13.5981539744964,30.36802847630281,True
4-9-18_Schnable_49-540-js23-3-38_2018-04-11_09-45-31_9994700,8,29.319,12.918417067893174,-160.228,-157.83067292136212,0.3735803945645984,162.0,0.0788114016630833,False,-16.400582932106825,2.397327078637886,16.400582932106825,2.397327078637886,True
4-9-18_Schnable_49-541-js133-194_2018-04-11_09-47-47_9994800,0,26.5194,33.51297319076082,-72.0636,-67.86133293407325,0.23887431978983886,110.0,-0.08575498978068773,False,6.9935731907608165,4.202267065926748,6.9935731907608165,4.202267065926748,True
4-9-18_Schnable_49-541-js133-194_2018-04-11_09-47-47_9994800,1,30.8015,34.183296107028916,83.8928,89.48999110890941,0.28558120827237476,128.0,-0.06089348877887659,False,3.381796107028915,5.5971911089094135,3.381796107028915,5.5971911089094135,True
4-9-18_Schnable_49-541-js133-194_2018-04-11_09-47-47_9994800,2,25.227,31.88743342823149,-46.1654,-51.39022475662895,0.16165972469950524,74.0,-0.019311983044015428,False,6.660433428231489,-5.224824756628948,6.660433428231489,5.224824756628948,True
4-9-18_Schnable_49-541-js133-194_2018-04-11_09-47-47_9994800,3,20.3622,27.713075650194256,132.325,132.4225241863034,0.33967194212435964,145.0,-0.0025891624506755528,False,7.350875650194254,0.09752418630341708,7.350875650194254,0.09752418630341708,True
4-9-18_Schnable_49-541-js133-194_2018-04-11_09-47-47_9994800,4,24.9879,21.985252716557014,-31.8346,-45.332958412762395,0.3881534505370403,176.0,0.04926638858275908,False,-3.002647283442986,-13.4983584127624,3.002647283442986,13.4983584127624,True
4-9-18_Schnable_49-541-js133-194_2018-04-11_09-47-47_9994800,5,15.3222,18.666276329281914,136.037,116.81798255564524,0.5381372796368018,229.0,0.09042752993441142,False,3.344076329281913,-19.219017444354762,3.344076329281913,19.219017444354762,True
4-9-18_Schnable_49-541-js133-194_2018-04-11_09-47-47_9994800,6,38.5179,28.836634866969575,-98.7308,147.17855962531456,0.3162407526682595,131.0,0.1805385968662066,False,-9.681265133030422,-114.09064037468545,9.681265133030422,114.09064037468545,True
4-9-18_Schnable_49-541-js133-194_2018-04-11_09-47-47_9994800,7,35.6567,23.804130843181454,147.723,-95.68278387122766,0.5020804740325403,222.0,0.1805385968662066,False,-11.852569156818547,116.59421612877236,11.852569156818547,116.59421612877236,True
4-9-18_Schnable_49-542-js292-381_2018-04-11_09-50-02_9994900,0,43.3565,46.19812611469814,-22.2446,-22.445093106093168,0.10141549937751546,46.0,-0.11003945806160162,False,2.841626114698144,-0.20049310609317672,2.841626114698144,0.20049310609317672,True
4-9-18_Schnable_49-542-js292-381_2018-04-11_09-50-02_9994900,1,49.101,53.40107580937992,-165.429,-160.27809194512602,0.16102897282574138,70.0,-0.07413804102016233,False,4.300075809379919,5.15090805487398,4.300075809379919,5.15090805487398,True
4-9-18_Schnable_49-542-js292-381_2018-04-11_09-50-02_9994900,2,51.2629,55.77414896638975,-11.8741,-11.875812129639797,0.24494473096508051,103.0,-0.03993504230837193,False,4.511248966389751,-0.0017121296397988317,4.511248966389751,0.0017121296397988317,True
4-9-18_Schnable_49-542-js292-381_2018-04-11_09-50-02_9994900,3,38.1648,41.62216910857536,-166.857,-169.1676690198425,0.27136692986838756,109.0,-0.004114977677785973,False,3.4573691085753637,-2.310669019842493,3.4573691085753637,2.310669019842493,True
4-9-18_Schnable_49-542-js292-381_2018-04-11_09-50-02_9994900,4,40.0535,40.65257286509494,-7.69115,-4.539369225140717,0.3163196699084667,126.0,0.040154673091320675,False,0.5990728650949393,3.151780774859276,0.5990728650949393,3.151780774859276,True
4-9-18_Schnable_49-542-js292-381_2018-04-11_09-50-02_9994900,5,25.2269,34.353774595833656,175.177,174.85261786231683,0.4534008492123054,186.0,0.07190308945872094,False,9.126874595833655,-0.32438213768315904,9.126874595833655,0.32438213768315904,True
4-9-18_Schnable_49-542-js292-381_2018-04-11_09-50-02_9994900,6,3.53446,3.437782187633701,143.907,126.8099073080271,0.4479512165532382,209.0,0.12218049070946749,False,-0.09667781236629924,-17.097092691972904,0.09667781236629924,17.097092691972904,True
4-9-18_Schnable_49-542-js292-381_2018-04-11_09-50-02_9994900,7,26.2074,24.50005021909932,-31.2018,-30.579148423581103,0.348766403378259,184.0,0.12218049070946749,False,-1.7073497809006781,0.6226515764188889,1.7073497809006781,0.6226515764188889,True
4-9-18_Schnable_49-543-js131-3-190_2018-04-11_09-52-18_9995000,0,36.1848,40.08850990653202,13.8565,13.598099204352366,0.25665308478299936,110.0,-0.10741263902833073,False,3.903709906532015,-0.2584007956476455,3.903709906532015,0.2584007956476455,True
4-9-18_Schnable_49-543-js131-3-190_2018-04-11_09-52-18_9995000,1,37.8115,40.264160752381116,158.105,151.52875924046094,0.31949977619496295,141.0,-0.09482930491741418,False,2.4526607523811137,-6.576240759539047,2.4526607523811137,6.576240759539047,True
4-9-18_Schnable_49-543-js131-3-190_2018-04-11_09-52-18_9995000,2,29.3292,32.73384100637022,-4.89206,-0.25515356201222517,0.39153491132729346,169.0,-0.07495386907639558,False,3.4046410063702197,4.636906437987761,3.4046410063702197,4.636906437987761,True
4-9-18_Schnable_49-543-js131-3-190_2018-04-11_09-52-18_9995000,3,28.5909,30.35660467909453,156.905,159.04918132479247,0.4032673991398742,175.0,-0.033978901158263,False,1.7657046790945294,2.14418132479247,1.7657046790945294,2.14418132479247,True
4-9-18_Schnable_49-543-js131-3-190_2018-04-11_09-52-18_9995000,4,26.777,33.639297928350246,-19.7206,-17.813346924798736,0.47219029667430673,182.0,-0.0019020568830870428,False,6.8622979283502445,1.907253075201254,6.8622979283502445,1.907253075201254,True
4-9-18_Schnable_49-543-js131-3-190_2018-04-11_09-52-18_9995000,5,23.7613,24.63095841121971,-173.736,162.59021850230806,0.5228549218133374,217.0,0.029077662504214116,False,0.8696584112197101,-23.673781497691948,0.8696584112197101,23.673781497691948,True
4-9-18_Schnable_49-543-js131-3-190_2018-04-11_09-52-18_9995000,6,20.9334,25.9636662138128,9.47696,17.004180318880458,0.364701983136806,161.0,0.14803858120696067,False,5.030266213812801,7.527220318880467,5.030266213812801,7.527220318880467,True
4-9-18_Schnable_49-543-js131-3-190_2018-04-11_09-52-18_9995000,7,12.8008,12.854993040039034,-149.238,174.88641626594256,0.39380791461359776,164.0,0.14803858120696067,False,0.054193040039033136,-35.87558373405744,0.054193040039033136,35.87558373405744,True
4-9-18_Schnable_49-544-js163-234_2018-04-11_09-54-34_9995100,0,36.1307,41.24000578766063,-146.143,-151.72177827419497,0.20455041304001106,82.0,-0.13195790956899917,False,5.109305787660631,-5.578778274194974,5.109305787660631,5.578778274194974,True
4-9-18_Schnable_49-544-js163-234_2018-04-11_09-54-34_9995100,1,26.417,32.09633557652177,24.084,22.21565005236755,0.2631049839714492,111.0,-0.09657994848645553,False,5.6793355765217655,-1.8683499476324528,5.6793355765217655,1.8683499476324528,True
4-9-18_Schnable_49-544-js163-234_2018-04-11_09-54-34_9995100,2,29.4546,38.3579842075734,-162.95,-157.8158351445141,0.38854128141802097,180.0,-0.07196589340122263,False,8.903384207573403,5.134164855485892,8.903384207573403,5.134164855485892,True
4-9-18_Schnable_49-544-js163-234_2018-04-11_09-54-34_9995100,3,18.3172,24.38540867002955,26.1537,39.597331047296336,0.3919031200411586,182.0,-0.034592853470701415,False,6.068208670029549,13.443631047296321,6.068208670029549,13.443631047296321,True
4-9-18_Schnable_49-544-js163-234_2018-04-11_09-54-34_9995100,4,19.7771,22.456433954689828,179.423,-161.9516052434054,0.4471043999756204,208.0,0.016084305000318173,False,2.6793339546898274,18.625394756594574,2.6793339546898274,18.625394756594574,True
4-9-18_Schnable_49-544-js163-234_2018-04-11_09-54-34_9995100,5,25.1386,14.722539037507374,33.0634,28.139334051665287,0.5224743377663401,272.0,0.08581013105019746,False,-10.416060962492626,-4.9240659483347144,10.416060962492626,4.9240659483347144,True
4-9-18_Schnable_49-544-js163-234_2018-04-11_09-54-34_9995100,6,43.1398,63.61106263829871,-109.252,-95.25005793338693,0.10665479144985754,54.0,0.09007959020304988,False,20.47126263829871,14.001942066613083,20.47126263829871,14.001942066613083,True
4-9-18_Schnable_49-544-js163-234_2018-04-11_09-54-34_9995100,7,31.906,17.93789983320815,-127.376,57.8816815962756,0.4666241628416902,227.0,0.17481273981813722,False,-13.96810016679185,-174.74231840372443,13.96810016679185,174.74231840372443,True
4-9-18_Schnable_49-544-js163-234_2018-04-11_09-54-34_9995100,8,12.4966,27.94779068319736,54.1696,-145.7565525470263,0.4813482687257576,229.0,0.17481273981813722,False,15.45119068319736,160.07384745297372,15.45119068319736,160.07384745297372,True
4-9-18_Schnable_49-545-js208-327_2018-04-11_09-56-50_9995200,0,42.573,50.8677327428671,16.6511,18.093012912732945,0.2411786014450522,81.0,-0.18519596675863997,False,8.294732742867097,1.4419129127329597,8.294732742867097,1.4419129127329597,True
4-9-18_Schnable_49-545-js208-327_2018-04-11_09-56-50_9995200,1,29.2656,35.10271866299801,178.358,-179.14582123096335,0.29351484751758394,132.0,-0.12099487851661349,False,5.837118662998009,2.4961787690366464,5.837118662998009,2.4961787690366464,True
4-9-18_Schnable_49-545-js208-327_2018-04-11_09-56-50_9995200,2,23.1841,27.349329743999228,10.9269,16.480801687320252,0.41963365539972136,182.0,-0.011196388992901688,False,4.165229743999227,5.553901687320263,4.165229743999227,5.553901687320263,True
4-9-18_Schnable_49-545-js208-327_2018-04-11_09-56-50_9995200,3,19.5432,25.48905251332002,159.165,170.74174072399757,0.5640947588069486,257.0,0.0911483944628927,False,5.94585251332002,11.576740723997574,5.94585251332002,11.576740723997574,True
4-9-18_Schnable_49-545-js208-327_2018-04-11_09-56-50_9995200,4,18.4079,22.13598985050419,-18.1617,9.625589777585276,0.6068805593907943,255.0,0.12284909464195137,False,3.728089850504187,27.787289777585272,3.728089850504187,27.787289777585272,True
4-9-18_Schnable_49-545-js208-327_2018-04-11_09-56-50_9995200,5,22.4849,26.68673095108057,-164.844,-175.83989310533224,0.5511240252353394,245.0,0.18731909110154765,False,4.20183095108057,-10.995893105332243,4.20183095108057,10.995893105332243,True
4-9-18_Schnable_49-545-js208-327_2018-04-11_09-56-50_9995200,6,14.8447,16.942438864257426,36.5156,-6.337004546863255,0.3607227696536781,168.0,0.26116628451470314,False,2.097738864257426,-42.85260454686326,2.097738864257426,42.85260454686326,True
4-9-18_Schnable_49-545-js208-327_2018-04-11_09-56-50_9995200,7,20.3419,22.722391806210723,150.976,147.44582971524562,0.19153089653849417,87.0,0.26116628451470314,False,2.380491806210724,-3.5301702847543766,2.380491806210724,3.5301702847543766,True
4-9-18_Schnable_49-547-js135-196_2018-04-11_10-01-20_9995400,0,51.0281,49.58652279269981,-90.0209,-93.14379542158062,0.26724639317617305,103.0,-0.16330023289798992,False,-1.4415772073001918,-3.1228954215806084,1.4415772073001918,3.1228954215806084,True
4-9-18_Schnable_49-547-js135-196_2018-04-11_10-01-20_9995400,1,39.2254,43.663033842054794,75.2557,76.04993737312782,0.27548878234327523,118.0,-0.1387554995988102,False,4.437633842054794,0.794237373127828,4.437633842054794,0.794237373127828,True
4-9-18_Schnable_49-547-js135-196_2018-04-11_10-01-20_9995400,2,38.6613,42.094638271499804,-114.817,-117.33197464015319,0.36990407692247657,161.0,-0.11510568301126567,False,3.4333382714998066,-2.5149746401531843,3.4333382714998066,2.5149746401531843,True
4-9-18_Schnable_49-547-js135-196_2018-04-11_10-01-20_9995400,3,31.6705,36.77119272479655,81.8338,78.04406019847295,0.29387774205400213,107.0,-0.1048641253234964,False,5.100692724796549,-3.7897398015270483,5.100692724796549,3.7897398015270483,True
4-9-18_Schnable_49-547-js135-196_2018-04-11_10-01-20_9995400,4,34.906,37.83278503646759,-82.5464,-85.40825733102143,0.4036821224193012,166.0,-0.07538883055181256,False,2.9267850364675922,-2.86185733102144,2.9267850364675922,2.86185733102144,True
4-9-18_Schnable_49-547-js135-196_2018-04-11_10-01-20_9995400,5,30.5557,33.821992007130035,82.5333,83.1640532451965,0.3568676845235133,141.0,-0.058818538258589,False,3.2662920071300334,0.6307532451965017,3.2662920071300334,0.6307532451965017,True
4-9-18_Schnable_49-547-js135-196_2018-04-11_10-01-20_9995400,6,28.5552,24.53624003393206,-91.9671,-100.28172624703649,0.5292150286513719,228.0,-0.009251788401686906,False,-4.018959966067939,-8.314626247036472,4.018959966067939,8.314626247036472,True
4-9-18_Schnable_49-547-js135-196_2018-04-11_10-01-20_9995400,7,18.945,21.05614395122005,94.8624,95.11640087973524,0.616641125218124,267.0,0.08224394860958903,False,2.1111439512200505,0.2540008797352584,2.1111439512200505,0.2540008797352584,True
4-9-18_Schnable_49-547-js135-196_2018-04-11_10-01-20_9995400,8,12.8192,11.617800918254858,-97.3701,-178.61442298219643,0.3805680187784869,177.0,0.2158158354593551,False,-1.2013990817451425,-81.24432298219644,1.2013990817451425,81.24432298219644,True
4-9-18_Schnable_49-547-js135-196_2018-04-11_10-01-20_9995400,9,21.9099,22.313480385815396,19.9276,69.72489293577252,0.222744911655672,102.0,0.2158158354593551,False,0.40358038581539546,49.79729293577253,0.40358038581539546,49.79729293577253,True
4-9-18_Schnable_49-548-js150-217_2018-04-11_10-03-36_9995500,0,15.5039,25.326598870181527,127.704,-56.07339768803274,0.3701005360001247,160.0,-0.048554350200240015,True,9.822698870181528,176.22260231196725,9.822698870181528,176.22260231196725,True
4-9-18_Schnable_49-548-js150-217_2018-04-11_10-03-36_9995500,1,31.4767,35.93387231913381,37.836,-127.83291388781504,0.3029188281039921,127.0,-0.033352642796539884,True,4.457172319133811,-165.66891388781505,4.457172319133811,165.66891388781505,True
4-9-18_Schnable_49-548-js150-217_2018-04-11_10-03-36_9995500,2,23.6845,29.075751183232036,19.0933,-150.65710374617697,0.2690509671251239,110.0,-0.009101764238549494,True,5.391251183232036,-169.75040374617697,5.391251183232036,169.75040374617697,True
4-9-18_Schnable_49-548-js150-217_2018-04-11_10-03-36_9995500,3,38.7358,28.667707379442618,-18.9678,-21.560461185399845,0.40570715736614227,186.0,0.035320359699057176,True,-10.06809262055738,-2.592661185399834,10.06809262055738,2.592661185399834,True
4-9-18_Schnable_49-548-js150-217_2018-04-11_10-03-36_9995500,4,27.1551,33.01785848301691,154.909,152.91664922540951,0.3890832044221086,209.0,0.035320359699057176,True,5.862758483016908,-1.9923507745904772,5.862758483016908,1.9923507745904772,True
4-9-18_Schnable_49-548-js150-217_2018-04-11_10-03-36_9995500,5,25.395,9.028059240461971,-174.453,-156.89934387619206,0.3920046772527674,185.0,0.11359051300141083,True,-16.36694075953803,17.55365612380794,16.36694075953803,17.55365612380794,True
4-9-18_Schnable_49-548-js150-217_2018-04-11_10-03-36_9995500,6,11.0538,26.486506665705015,-4.3001,1.8599930119417252,0.46645893401552907,200.0,0.11359051300141083,True,15.432706665705014,6.160093011941711,15.432706665705014,6.160093011941711,True
4-9-18_Schnable_49-550-js289-293_2018-04-11_10-08-08_9995700,0,21.6218,29.479668633406376,-51.9184,-46.044364923131695,0.2884947001047825,131.0,-0.05967578096340435,False,7.857868633406376,5.874035076868296,7.857868633406376,5.874035076868296,True
4-9-18_Schnable_49-550-js289-293_2018-04-11_10-08-08_9995700,1,28.2249,32.07196514094735,102.267,97.26952501119888,0.3966600420794394,167.0,-0.029113035021265943,False,3.847065140947347,-4.997474988801116,3.847065140947347,4.997474988801116,True
4-9-18_Schnable_49-550-js289-293_2018-04-11_10-08-08_9995700,2,27.1931,21.674239448680638,-93.3578,-56.185667261763186,0.4660201132303089,213.0,0.0028317645762965726,False,-5.518860551319364,37.172132738236826,5.518860551319364,37.172132738236826,True
4-9-18_Schnable_49-550-js289-293_2018-04-11_10-08-08_9995700,3,35.7994,28.141829564349464,115.046,109.43938989153946,0.4434201115101957,191.0,0.05523306821970969,False,-7.657570435650534,-5.606610108460529,7.657570435650534,5.606610108460529,True
4-9-18_Schnable_49-550-js289-293_2018-04-11_10-08-08_9995700,4,22.3852,19.892322781940337,-76.4192,-45.244608146830956,0.5426651892447439,244.0,0.09296579699595055,False,-2.4928772180596646,31.174591853169034,2.4928772180596646,31.174591853169034,True
4-9-18_Schnable_49-550-js289-293_2018-04-11_10-08-08_9995700,5,32.9343,23.266908455516102,109.748,116.24744135536974,0.404656514482116,192.0,0.17145077969925973,False,-9.667391544483898,6.499441355369754,9.667391544483898,6.499441355369754,True
4-9-18_Schnable_49-550-js289-293_2018-04-11_10-08-08_9995700,6,24.3248,14.305085595012415,-95.6063,-46.7468749039019,0.21971991877918326,99.0,0.17145077969925973,False,-10.019714404987585,48.85942509609811,10.019714404987585,48.85942509609811,True
4-9-18_Schnable_49-551-js153-222_2018-04-11_10-10-21_9995800,0,35.9635,40.030655667498394,172.253,169.97574169246286,0.19959550802144996,82.0,-0.0931468524773194,False,4.06715566749839,-2.2772583075371244,4.06715566749839,2.2772583075371244,True
4-9-18_Schnable_49-551-js153-222_2018-04-11_10-10-21_9995800,1,25.6016,30.184001183091354,27.6807,30.173263526662254,0.289617113015846,116.0,-0.06256809615075429,False,4.582401183091353,2.492563526662252,4.582401183091353,2.492563526662252,True
4-9-18_Schnable_49-551-js153-222_2018-04-11_10-10-21_9995800,2,33.4051,35.77392169611143,179.654,-173.82431405806378,0.33316667354452306,155.0,-0.02949268472042623,False,2.368821696111432,6.521685941936198,2.368821696111432,6.521685941936198,True
4-9-18_Schnable_49-551-js153-222_2018-04-11_10-10-21_9995800,3,25.4081,26.650750794515773,21.5732,15.009330701790589,0.4296001734526486,167.0,0.009130592148131896,False,1.2426507945157717,-6.563869298209397,1.2426507945157717,6.563869298209397,True
4-9-18_Schnable_49-551-js153-222_2018-04-11_10-10-21_9995800,4,22.3017,21.54020078044067,166.973,163.99346663913144,0.5070479913568284,239.0,0.05205397814229491,False,-0.7614992195593295,-2.9795333608685723,0.7614992195593295,2.9795333608685723,True
4-9-18_Schnable_49-551-js153-222_2018-04-11_10-10-21_9995800,5,22.1831,14.133711945847708,35.1176,-166.22253609874923,0.381375907253073,186.0,0.15355400588383455,False,-8.049388054152292,158.6598639012508,8.049388054152292,158.6598639012508,True
4-9-18_Schnable_49-551-js153-222_2018-04-11_10-10-21_9995800,6,10.6599,15.940126020791382,-170.655,22.79131530501064,0.4451837555111728,186.0,0.15355400588383455,False,5.280226020791382,-166.55368469498933,5.280226020791382,166.55368469498933,True
4-9-18_Schnable_49-552-js172-249_2018-04-11_10-12-34_9995900,0,34.0411,38.980227377080084,80.6808,81.01921453222548,0.25713961972463584,115.0,-0.0738387617544273,False,4.939127377080084,0.338414532225471,4.939127377080084,0.338414532225471,True
4-9-18_Schnable_49-552-js172-249_2018-04-11_10-12-34_9995900,1,38.0626,43.77396786830188,-174.334,-175.45392071252022,0.3836009751365881,175.0,-0.038733991344168696,False,5.711367868301878,-1.1199207125202122,5.711367868301878,1.1199207125202122,True
4-9-18_Schnable_49-552-js172-249_2018-04-11_10-12-34_9995900,2,29.4043,36.03189031267169,46.8434,59.55029324084239,0.38022680486646404,161.0,-0.007131058323316717,False,6.627590312671693,12.70689324084239,6.627590312671693,12.70689324084239,True
4-9-18_Schnable_49-552-js172-249_2018-04-11_10-12-34_9995900,3,25.33,38.42457324007768,171.677,-158.69303863672948,0.3862355071806254,174.0,0.024572021363950293,False,13.094573240077679,29.629961363270525,13.094573240077679,29.629961363270525,True
4-9-18_Schnable_49-552-js172-249_2018-04-11_10-12-34_9995900,4,30.7689,27.308268619984702,36.1294,42.22255053070603,0.453414103483656,188.0,0.06509922650699292,False,-3.460631380015297,6.093150530706026,3.460631380015297,6.093150530706026,True
4-9-18_Schnable_49-552-js172-249_2018-04-11_10-12-34_9995900,5,18.7289,28.93014434458032,-145.209,-167.30101196680857,0.38526498697765155,176.0,0.12040820129594358,False,10.20124434458032,-22.09201196680857,10.20124434458032,22.09201196680857,True
4-9-18_Schnable_49-552-js172-249_2018-04-11_10-12-34_9995900,6,15.6528,19.226511275825516,18.8744,29.008890491231057,0.18629920579087622,83.0,0.12040820129594358,False,3.5737112758255165,10.134490491231048,3.5737112758255165,10.134490491231048,True
4-9-18_Schnable_49-553-js11-21_2018-04-11_10-14-49_9996000,0,39.1289,44.01188861868101,153.905,152.2557358926332,0.20459058429182955,87.0,-0.08687982894784238,False,4.882988618681011,-1.649264107366804,4.882988618681011,1.649264107366804,True
4-9-18_Schnable_49-553-js11-21_2018-04-11_10-14-49_9996000,1,40.1547,43.788935106411174,-75.632,-76.64740191897533,0.2973365800472383,110.0,-0.06536124236005918,False,3.6342351064111753,-1.0154019189753285,3.6342351064111753,1.0154019189753285,True
4-9-18_Schnable_49-553-js11-21_2018-04-11_10-14-49_9996000,2,25.7913,30.561875783579076,105.127,111.15138697052129,0.33241871109514093,141.0,-0.02913965840989465,False,4.770575783579076,6.024386970521277,4.770575783579076,6.024386970521277,True
4-9-18_Schnable_49-553-js11-21_2018-04-11_10-14-49_9996000,3,20.8892,28.627461491333946,-49.6665,-51.4553322838905,0.3944955735027044,160.0,0.002196893558870419,False,7.738261491333947,-1.7888322838904855,7.738261491333947,1.7888322838904855,True
4-9-18_Schnable_49-553-js11-21_2018-04-11_10-14-49_9996000,4,17.426,19.835722975637623,65.9552,79.32998973851119,0.3798277585010204,158.0,0.08263448488597933,False,2.4097229756376244,13.374789738511197,2.4097229756376244,13.374789738511197,True
4-9-18_Schnable_49-553-js11-21_2018-04-11_10-14-49_9996000,5,18.4954,21.199701138967527,-64.5301,-66.93694667607875,0.3961399671310677,168.0,0.16341838079859172,False,2.7043011389675264,-2.406846676078743,2.7043011389675264,2.406846676078743,True
4-9-18_Schnable_49-553-js11-21_2018-04-11_10-14-49_9996000,6,17.1606,19.22187261048522,120.87,105.92712314400228,0.2273574108777026,97.0,0.16341838079859172,False,2.061272610485222,-14.942876855997724,2.061272610485222,14.942876855997724,True
4-9-18_Schnable_49-554-js55-84_2018-04-11_10-17-02_9996100,0,38.4671,44.72221137096645,-34.7375,-32.23707998726968,0.328194495309843,151.0,-0.07275430645679073,False,6.255111370966446,2.5004200127303307,6.255111370966446,2.5004200127303307,True
4-9-18_Schnable_49-554-js55-84_2018-04-11_10-17-02_9996100,1,48.1422,55.0034301305893,156.277,157.1862409505951,0.340257067783164,157.0,-0.03582862468641531,False,6.861230130589298,0.9092409505951196,6.861230130589298,0.9092409505951196,True
4-9-18_Schnable_49-554-js55-84_2018-04-11_10-17-02_9996100,2,30.0534,36.051373335771586,-10.7209,-6.929275171147651,0.42975043450414796,190.0,-0.004313784276559284,False,5.9979733357715865,3.791624828852349,5.9979733357715865,3.791624828852349,True
4-9-18_Schnable_49-554-js55-84_2018-04-11_10-17-02_9996100,3,33.613,36.156563285612854,166.17,168.39207407347237,0.5089744517567345,212.0,0.026694025002584037,False,2.543563285612855,2.2220740734723847,2.543563285612855,2.2220740734723847,True
4-9-18_Schnable_49-554-js55-84_2018-04-11_10-17-02_9996100,4,25.5986,24.31464268055774,-4.04605,-6.804926710238021,0.5850977932342555,276.0,0.089750585726222,False,-1.283957319442262,-2.758876710238013,1.283957319442262,2.758876710238013,True
4-9-18_Schnable_49-554-js55-84_2018-04-11_10-17-02_9996100,5,26.5711,23.971269201525445,-176.517,171.5176369691318,0.40905782744419206,184.0,0.17402976082449356,False,-2.5998307984745566,-11.965363030868275,2.5998307984745566,11.965363030868275,True
4-9-18_Schnable_49-554-js55-84_2018-04-11_10-17-02_9996100,6,31.1969,23.45903535837101,-46.3036,-26.38777561646478,0.2615301565190077,120.0,0.17402976082449356,False,-7.737864641628988,19.91582438353521,7.737864641628988,19.91582438353521,True
4-9-18_Schnable_49-555-js4-12_2018-04-11_10-19-15_9996200,0,46.8527,38.661315287060326,-142.458,-157.76953686391585,0.34830166284965886,162.0,-0.324900350306907,False,-8.191384712939673,-15.311536863915848,8.191384712939673,15.311536863915848,True
4-9-18_Schnable_49-555-js4-12_2018-04-11_10-19-15_9996200,1,18.559,24.79946125347469,83.1922,72.95995519869251,0.34985792867977533,161.0,-0.22683922194204167,False,6.240461253474688,-10.232244801307502,6.240461253474688,10.232244801307502,True
4-9-18_Schnable_49-555-js4-12_2018-04-11_10-19-15_9996200,2,40.2297,41.69291927518853,-139.312,-141.22960752302566,0.40771741497705277,185.0,-0.20534181924466224,False,1.4632192751885285,-1.9176075230256515,1.4632192751885285,1.9176075230256515,True
4-9-18_Schnable_49-555-js4-12_2018-04-11_10-19-15_9996200,3,33.4075,18.229170253938804,49.0095,52.51542565814765,0.44443893563184445,209.0,-0.1405587472566271,False,-15.178329746061195,3.505925658147646,15.178329746061195,3.505925658147646,True
4-9-18_Schnable_49-555-js4-12_2018-04-11_10-19-15_9996200,4,37.4974,33.53558059911227,-151.53,-148.73238449302062,0.5397251221597024,260.0,-0.11250951689445027,False,-3.9618194008877268,2.7976155069793833,3.9618194008877268,2.7976155069793833,True
4-9-18_Schnable_49-555-js4-12_2018-04-11_10-19-15_9996200,5,27.4635,40.55746582716318,139.434,125.8581610048268,0.11964808234830028,55.0,-0.11250951689445027,False,13.093965827163178,-13.5758389951732,13.093965827163178,13.5758389951732,True
4-9-18_Schnable_49-555-js4-12_2018-04-11_10-19-15_9996200,6,21.8065,23.37818008500362,14.9602,5.897553942577872,0.1640038068356828,82.0,-0.037248685831395414,False,1.5716800850036208,-9.062646057422114,1.5716800850036208,9.062646057422114,True
4-9-18_Schnable_49-555-js4-12_2018-04-11_10-19-15_9996200,7,38.2666,39.515535362353624,-102.995,-110.23770954412004,0.4632834610967215,218.0,0.12221122880813377,False,1.2489353623536275,-7.242709544120032,1.2489353623536275,7.242709544120032,True
4-9-18_Schnable_49-555-js4-12_2018-04-11_10-19-15_9996200,8,58.5006,55.898164840005606,158.727,163.33524170195142,0.244026281087012,109.0,0.12221122880813377,False,-2.6024351599943927,4.608241701951414,2.6024351599943927,4.608241701951414,True
4-9-18_Schnable_49-555-js4-12_2018-04-11_10-19-15_9996200,9,58.9095,15.048759194576064,-32.064,57.72890066624183,0.17211889999582136,90.0,0.3204826681857275,False,-43.86074080542394,89.79290066624185,43.86074080542394,89.79290066624185,True
4-9-18_Schnable_49-555-js4-12_2018-04-11_10-19-15_9996200,10,10.5762,58.70803138578806,75.9473,-37.9618306507935,0.22089519831453064,91.0,0.3204826681857275,False,48.13183138578806,-113.9091306507935,48.13183138578806,113.9091306507935,True
4-9-18_Schnable_49-556-js213-334_2018-04-11_10-21-29_9996300,0,38.9062,39.416879880503714,25.0651,17.98642649480712,0.15466319136175424,57.0,-0.10945132918965789,False,0.5106798805037158,-7.0786735051928815,0.5106798805037158,7.0786735051928815,True
4-9-18_Schnable_49-556-js213-334_2018-04-11_10-21-29_9996300,1,27.8774,29.398727880240948,168.13,171.62518556550572,0.2307874071353099,95.0,-0.07472438858609733,False,1.5213278802409462,3.4951855655057216,1.5213278802409462,3.4951855655057216,True
4-9-18_Schnable_49-556-js213-334_2018-04-11_10-21-29_9996300,2,28.2477,36.15340584155412,-6.96479,-2.188751407661016,0.3013616566448544,127.0,-0.037557605570245386,False,7.90570584155412,4.776038592338978,7.90570584155412,4.776038592338978,True
4-9-18_Schnable_49-556-js213-334_2018-04-11_10-21-29_9996300,3,27.9998,28.40027555670421,-175.296,-177.6025278461827,0.3706143161348812,147.0,0.005141788910680479,False,0.4004755567042082,-2.3065278461827177,0.4004755567042082,2.3065278461827177,True
4-9-18_Schnable_49-556-js213-334_2018-04-11_10-21-29_9996300,4,25.5815,25.88651377548821,4.11032,2.198629897158753,0.297419449902348,125.0,0.01860075802212836,False,0.30501377548821296,-1.9116901028412485,0.30501377548821296,1.9116901028412485,True
4-9-18_Schnable_49-556-js213-334_2018-04-11_10-21-29_9996300,5,29.5004,4.7101169850366205,-126.538,24.28360751486332,0.369862597584647,176.0,0.12360213156143242,False,-24.79028301496338,150.82160751486333,24.79028301496338,150.82160751486333,True
4-9-18_Schnable_49-556-js213-334_2018-04-11_10-21-29_9996300,6,11.3902,24.85083324937945,20.0114,-130.02273159065155,0.3622313606057855,185.0,0.12360213156143242,False,13.460633249379448,-150.03413159065155,13.460633249379448,150.03413159065155,True
4-9-18_Schnable_49-557-js134-195_2018-04-11_10-23-42_9996400,0,29.3242,38.035152498268246,145.514,143.81590629626885,0.26512821480435855,118.0,-0.09726042387084533,False,8.710952498268245,-1.6980937037311605,8.710952498268245,1.6980937037311605,True
4-9-18_Schnable_49-557-js134-195_2018-04-11_10-23-42_9996400,1,32.5406,36.17675925492744,-4.62482,-4.567513712611742,0.23229149072541974,97.0,-0.07012544766401144,False,3.636159254927442,0.057306287388257715,3.636159254927442,0.057306287388257715,True
4-9-18_Schnable_49-557-js134-195_2018-04-11_10-23-42_9996400,2,28.3464,29.541328644818343,159.358,150.04940564582563,0.31616257698577555,143.0,-0.030495769965084945,False,1.1949286448183436,-9.308594354174375,1.1949286448183436,9.308594354174375,True
4-9-18_Schnable_49-557-js134-195_2018-04-11_10-23-42_9996400,3,28.2114,33.963086776105214,-30.629,-25.21967503039147,0.3296193041633347,148.0,-0.0010348324132014954,False,5.751686776105213,5.4093249696085195,5.751686776105213,5.4093249696085195,True
4-9-18_Schnable_49-557-js134-195_2018-04-11_10-23-42_9996400,4,27.3298,25.320969724367416,168.049,162.09855314176104,0.4059855059608788,178.0,0.05797754276986392,False,-2.008830275632583,-5.950446858238962,2.008830275632583,5.950446858238962,True
4-9-18_Schnable_49-557-js134-195_2018-04-11_10-23-42_9996400,5,31.5529,24.662774578824084,-4.95282,-9.573410936352559,0.3612446691806532,176.0,0.1417062674892008,False,-6.890125421175917,-4.620590936352556,6.890125421175917,4.620590936352556,True
4-9-18_Schnable_49-557-js134-195_2018-04-11_10-23-42_9996400,6,28.0918,35.982262527120895,134.133,115.47399526541324,0.281017514800136,122.0,0.1417062674892008,False,7.890462527120896,-18.659004734586773,7.890462527120896,18.659004734586773,True
4-9-18_Schnable_49-558-js94-131_2018-04-11_10-25-57_9996500,0,24.5461,32.06802400321974,-28.9876,-20.951369949444512,0.2287770516344081,110.0,-0.02317472186193858,False,7.521924003219741,8.036230050555503,7.521924003219741,8.036230050555503,True
4-9-18_Schnable_49-558-js94-131_2018-04-11_10-25-57_9996500,1,22.0332,41.844169497567044,-2.53718,-13.396534922896706,0.32064547148294426,148.0,0.01283193084987982,False,19.810969497567044,-10.8593549228967,19.810969497567044,10.8593549228967,True
4-9-18_Schnable_49-558-js94-131_2018-04-11_10-25-57_9996500,2,36.1903,33.49148691837829,-22.7511,103.85890755165576,0.12693153322884088,54.0,0.02068826916698024,False,-2.698813081621708,126.61000755165577,2.698813081621708,126.61000755165577,True
4-9-18_Schnable_49-558-js94-131_2018-04-11_10-25-57_9996500,3,30.2748,28.73244934887613,102.741,-18.0392651099707,0.31968341187934846,144.0,0.07908842359372929,False,-1.5423506511238685,-120.7802651099707,1.5423506511238685,120.7802651099707,True
4-9-18_Schnable_49-558-js94-131_2018-04-11_10-25-57_9996500,4,29.4824,17.686449374202297,-17.0258,-11.17621205301657,0.16582979499593287,80.0,0.13788668390527756,False,-11.795950625797701,5.8495879469834335,11.795950625797701,5.8495879469834335,True
4-9-18_Schnable_49-558-js94-131_2018-04-11_10-25-57_9996500,5,14.0093,23.695098171392715,13.1593,130.44075583987706,0.2485832002171436,114.0,0.13788668390527756,False,9.685798171392715,117.28145583987703,9.685798171392715,117.28145583987703,True
4-9-18_Schnable_49-559-js53-82_2018-04-11_10-28-12_9996600,0,57.8742,63.66461900852138,105.897,105.66597798125918,0.22666395859056807,107.0,-0.1225067477583421,False,5.790419008521376,-0.2310220187408163,5.790419008521376,0.2310220187408163,True
4-9-18_Schnable_49-559-js53-82_2018-04-11_10-28-12_9996600,1,33.5156,38.77714144023816,-102.695,-94.52185684380187,0.24592626834314066,97.0,-0.1021908851894575,False,5.261541440238162,8.173143156198137,5.261541440238162,8.173143156198137,True
4-9-18_Schnable_49-559-js53-82_2018-04-11_10-28-12_9996600,2,40.3695,52.10777249943414,135.838,131.9596620517653,0.38076402726351877,175.0,-0.08250119410945246,False,11.738272499434139,-3.8783379482347016,11.738272499434139,3.8783379482347016,True
4-9-18_Schnable_49-559-js53-82_2018-04-11_10-28-12_9996600,3,40.6022,47.893196216291614,-50.0829,-57.09243923660824,0.33988810516406776,157.0,-0.060192579789596516,False,7.29099621629161,-7.009539236608248,7.29099621629161,7.009539236608248,True
4-9-18_Schnable_49-559-js53-82_2018-04-11_10-28-12_9996600,4,45.7285,51.617073912209186,141.013,133.27525053015017,0.38066045890056593,174.0,-0.029857779960315196,False,5.888573912209189,-7.737749469849831,5.888573912209189,7.737749469849831,True
4-9-18_Schnable_49-559-js53-82_2018-04-11_10-28-12_9996600,5,36.8654,40.972354139071044,-59.0698,-59.470250540555185,0.5189100691430067,236.0,0.014228617314439704,False,4.106954139071043,-0.40045054055519813,4.106954139071043,0.40045054055519813,True
4-9-18_Schnable_49-559-js53-82_2018-04-11_10-28-12_9996600,6,24.726,30.097892402471025,112.464,116.05274834324297,0.5161261019338482,228.0,0.06165828195490474,False,5.371892402471026,3.588748343242969,5.371892402471026,3.588748343242969,True
4-9-18_Schnable_49-559-js53-82_2018-04-11_10-28-12_9996600,7,38.362,26.030187777635653,-45.4935,102.39885184460519,0.2931382730136794,127.0,0.1866669306278904,False,-12.331812222364348,147.89235184460517,12.331812222364348,147.89235184460517,True
4-9-18_Schnable_49-559-js53-82_2018-04-11_10-28-12_9996600,8,26.3415,27.19805466001825,96.7347,-59.54487026672439,0.4005737064952585,178.0,0.1866669306278904,False,0.8565546600182508,-156.2795702667244,0.8565546600182508,156.2795702667244,True
4-9-18_Schnable_49-560-js9-17_2018-04-11_10-30-26_9996700,0,35.3663,36.11523845462708,20.0511,17.964800752335975,0.36690690438092505,167.0,-0.11699032276245439,False,0.7489384546270799,-2.086299247664016,0.7489384546270799,2.086299247664016,True
4-9-18_Schnable_49-560-js9-17_2018-04-11_10-30-26_9996700,1,29.5237,36.875696952256334,169.766,174.71601267457856,0.4107990239589152,192.0,-0.08109596529338824,False,7.351996952256332,4.9500126745785735,7.351996952256332,4.9500126745785735,True
4-9-18_Schnable_49-560-js9-17_2018-04-11_10-30-26_9996700,2,32.698,29.40262014808065,20.016,13.657915717817218,0.44606096733202477,209.0,-0.02693375992675442,False,-3.29537985191935,-6.358084282182773,3.29537985191935,6.358084282182773,True
4-9-18_Schnable_49-560-js9-17_2018-04-11_10-30-26_9996700,3,30.6016,26.553349841834773,168.742,179.78782653588257,0.49978611385606053,231.0,-0.0010736267356328095,False,-4.048250158165228,11.045826535882583,4.048250158165228,11.045826535882583,True
4-9-18_Schnable_49-560-js9-17_2018-04-11_10-30-26_9996700,4,36.1689,30.442659353535007,109.145,122.48098286782835,0.20173129494060407,100.0,0.027029385690206242,False,-5.726240646464994,13.335982867828363,5.726240646464994,13.335982867828363,True
4-9-18_Schnable_49-560-js9-17_2018-04-11_10-30-26_9996700,5,59.7945,33.81616420308825,-0.174737,-11.4009249788771,0.5208436761956671,264.0,0.11308662770991702,False,-25.97833579691175,-11.226187978877107,25.97833579691175,11.226187978877107,True
4-9-18_Schnable_49-560-js9-17_2018-04-11_10-30-26_9996700,6,61.6684,29.64840550106591,-17.3415,-131.67484371786995,0.4530595984463376,200.0,0.1588355982670699,False,-32.01999449893409,-114.33334371786995,32.01999449893409,114.33334371786995,True
4-9-18_Schnable_49-560-js9-17_2018-04-11_10-30-26_9996700,7,28.372,31.623965073702607,-151.917,-11.168857300586666,0.5321178450999724,243.0,0.1588355982670699,False,3.251965073702607,140.74814269941334,3.251965073702607,140.74814269941334,True
4-9-18_Schnable_49-561-js71-101_2018-04-11_10-32-39_9996800,0,13.4918,19.858887524742954,4.92275,8.664606717584093,0.2603884053380974,124.0,-0.12015284166026168,False,6.367087524742955,3.741856717584085,6.367087524742955,3.741856717584085,True
4-9-18_Schnable_49-561-js71-101_2018-04-11_10-32-39_9996800,1,22.2193,27.86779130357283,153.691,162.2718323516023,0.2801450421754139,110.0,-0.09227965548812936,False,5.648491303572829,8.58083235160231,5.648491303572829,8.58083235160231,True
4-9-18_Schnable_49-561-js71-101_2018-04-11_10-32-39_9996800,2,13.6127,17.807238711027694,5.26346,19.464836194174723,0.391762551188686,177.0,-0.06122897803906065,False,4.194538711027693,14.201376194174713,4.194538711027693,14.201376194174713,True
4-9-18_Schnable_49-561-js71-101_2018-04-11_10-32-39_9996800,3,9.24624,19.755383727777172,-177.102,-176.85528497217507,0.36759682870791094,161.0,-0.0327262441238422,False,10.509143727777172,0.24671502782493349,10.509143727777172,0.24671502782493349,True
4-9-18_Schnable_49-561-js71-101_2018-04-11_10-32-39_9996800,4,16.5776,15.239402721796225,7.14387,8.52049238057873,0.43715719471184455,196.0,0.013431465998559404,False,-1.3381972782037757,1.3766223805787376,1.3381972782037757,1.3766223805787376,True
4-9-18_Schnable_49-561-js71-101_2018-04-11_10-32-39_9996800,5,30.6536,22.99885189074547,174.022,-179.9375866864109,0.38395929602851403,161.0,0.11564614500420085,False,-7.65474810925453,6.040413313589113,7.65474810925453,6.040413313589113,True
4-9-18_Schnable_49-561-js71-101_2018-04-11_10-32-39_9996800,6,30.2524,22.304998492136548,35.4715,-136.442047454431,0.2608974173645419,123.0,0.17699764036420518,False,-7.947401507863454,-171.91354745443098,7.947401507863454,171.91354745443098,True
4-9-18_Schnable_49-561-js71-101_2018-04-11_10-32-39_9996800,7,23.7916,31.698937045261296,-151.568,46.797635626064505,0.2963562856528556,130.0,0.17699764036420518,False,7.907337045261297,-161.63436437393545,7.907337045261297,161.63436437393545,True
4-9-18_Schnable_49-562-js206-322_2018-04-11_10-34-53_9996900,0,30.328,31.655766214699973,164.491,166.66991087983035,0.11202806664134883,41.0,-0.19035032902738733,False,1.3277662146999738,2.1789108798303403,1.3277662146999738,2.1789108798303403,True
4-9-18_Schnable_49-562-js206-322_2018-04-11_10-34-53_9996900,1,33.6119,38.27691703437614,34.1163,33.46938698097074,0.22178380312340665,90.0,-0.164436819738811,False,4.665017034376142,-0.646913019029256,4.665017034376142,0.646913019029256,True
4-9-18_Schnable_49-562-js206-322_2018-04-11_10-34-53_9996900,2,20.5273,23.439753772126807,-173.688,-170.7680431399928,0.25950273597856816,122.0,-0.107376290178784,False,2.9124537721268062,2.9199568600071757,2.9124537721268062,2.9199568600071757,True
4-9-18_Schnable_49-562-js206-322_2018-04-11_10-34-53_9996900,3,24.7436,33.76946036680749,-3.92314,6.468017859065185,0.3782663187455831,167.0,-0.0934722008934992,False,9.025860366807493,10.391157859065174,9.025860366807493,10.391157859065174,True
4-9-18_Schnable_49-562-js206-322_2018-04-11_10-34-53_9996900,4,14.0336,20.184022374569295,168.018,173.22634003704752,0.4425316918753096,228.0,-0.02987605597652029,False,6.150422374569295,5.20834003704752,6.150422374569295,5.20834003704752,True
4-9-18_Schnable_49-562-js206-322_2018-04-11_10-34-53_9996900,5,14.3266,17.96662815925768,-23.5854,-3.5251145994105,0.38072547909746113,165.0,0.044739134675594705,False,3.6400281592576818,20.060285400589493,3.6400281592576818,20.060285400589493,True
4-9-18_Schnable_49-562-js206-322_2018-04-11_10-34-53_9996900,6,44.3153,39.095360828879805,101.76,1.7767367549068354,0.1792971502097791,76.0,0.1956311269948562,False,-5.2199391711201955,-99.98326324509317,5.2199391711201955,99.98326324509317,True
4-9-18_Schnable_49-562-js206-322_2018-04-11_10-34-53_9996900,7,38.4895,29.74644284502171,-4.17554,102.65316183632825,0.36203614365835596,159.0,0.1956311269948562,False,-8.743057154978288,106.82870183632826,8.743057154978288,106.82870183632826,True
4-9-18_Schnable_49-563-js73-104_2018-04-11_10-37-07_9997000,0,170.667,167.2238697311173,42.0155,7.692827051677057,0.1622099832120699,88.0,-0.16215798917271348,False,-3.4431302688826975,-34.322672948322946,3.4431302688826975,34.322672948322946,True
4-9-18_Schnable_49-563-js73-104_2018-04-11_10-37-07_9997000,1,38.3628,39.30578972650636,163.103,163.5115648588208,0.20508385496759746,89.0,-0.1559843085882228,False,0.9429897265063616,0.40856485882079596,0.9429897265063616,0.40856485882079596,True
4-9-18_Schnable_49-563-js73-104_2018-04-11_10-37-07_9997000,2,28.7989,32.27598104534489,-41.7753,-41.646468272726366,0.28137732705765767,123.0,-0.11462093993289289,False,3.4770810453448924,0.1288317272736208,3.4770810453448924,0.1288317272736208,True
4-9-18_Schnable_49-563-js73-104_2018-04-11_10-37-07_9997000,3,22.5233,28.58247553013402,-179.733,174.21351125592128,0.4403814067943801,196.0,-0.08005819127018994,False,6.05917553013402,-6.053488744078777,6.05917553013402,6.053488744078777,True
4-9-18_Schnable_49-563-js73-104_2018-04-11_10-37-07_9997000,4,21.8756,23.708816488598316,-20.5345,-12.225442176287373,0.432268402780193,205.0,-0.01837291787716583,False,1.8332164885983175,8.309057823712635,1.8332164885983175,8.309057823712635,True
4-9-18_Schnable_49-563-js73-104_2018-04-11_10-37-07_9997000,5,11.5975,22.359569627125353,152.658,177.65548614650322,0.5356918983530475,238.0,0.04848861760499174,False,10.762069627125353,24.997486146503235,10.762069627125353,24.997486146503235,True
4-9-18_Schnable_49-563-js73-104_2018-04-11_10-37-07_9997000,6,30.4429,18.110726642150652,-19.0087,158.39588056320093,0.26580147591820463,115.0,0.16607605186535848,False,-12.33217335784935,177.40458056320097,12.33217335784935,177.40458056320097,True
4-9-18_Schnable_49-563-js73-104_2018-04-11_10-37-07_9997000,7,16.046,24.452830944713085,151.704,-23.663283062950427,0.4021351401727376,190.0,0.16607605186535848,False,8.406830944713086,-175.36728306295043,8.406830944713086,175.36728306295043,True
4-9-18_Schnable_49-564-js267-426_2018-04-11_10-39-20_9997100,0,36.5287,26.556031091757916,152.024,127.89003512034617,0.1307743189706096,50.0,-0.10480164242909638,False,-9.972668908242085,-24.13396487965383,9.972668908242085,24.13396487965383,True
4-9-18_Schnable_49-564-js267-426_2018-04-11_10-39-20_9997100,1,31.3041,33.16306931751985,134.712,144.5582385948361,0.3189586807118422,141.0,-0.0721837542391349,False,1.8589693175198505,9.846238594836109,1.8589693175198505,9.846238594836109,True
4-9-18_Schnable_49-564-js267-426_2018-04-11_10-39-20_9997100,2,35.9502,46.61451634330338,-39.763,-44.55341605163798,0.2074520795833564,75.0,-0.06031053103616263,False,10.664316343303376,-4.790416051637976,10.664316343303376,4.790416051637976,True
4-9-18_Schnable_49-564-js267-426_2018-04-11_10-39-20_9997100,3,21.6655,25.628678846029302,-16.8451,-20.752008328256153,0.32040203980654736,141.0,-0.013497042979375928,False,3.963178846029301,-3.9069083282561508,3.963178846029301,3.9069083282561508,True
4-9-18_Schnable_49-564-js267-426_2018-04-11_10-39-20_9997100,4,25.2959,26.9742536370006,152.736,138.5320924328978,0.43320675216817034,185.0,0.017560676798740963,False,1.6783536370006011,-14.203907567102192,1.6783536370006011,14.203907567102192,True
4-9-18_Schnable_49-564-js267-426_2018-04-11_10-39-20_9997100,5,15.5833,21.634169500604003,-5.92061,-0.030992953449754168,0.45218886703344946,197.0,0.06694748162688918,False,6.050869500604003,5.889617046550256,6.050869500604003,5.889617046550256,True
4-9-18_Schnable_49-564-js267-426_2018-04-11_10-39-20_9997100,6,33.831,25.285981534711922,152.377,-35.452984649752636,0.3130930433551964,125.0,0.1506714857196567,False,-8.54501846528808,172.17001535024735,8.54501846528808,172.17001535024735,True
4-9-18_Schnable_49-564-js267-426_2018-04-11_10-39-20_9997100,7,17.5468,26.23947235913515,-19.8586,144.82364708861132,0.30784796573916,145.0,0.1506714857196567,False,8.692672359135148,164.68224708861135,8.692672359135148,164.68224708861135,True
4-9-18_Schnable_49-565-js186-289_2018-04-11_10-41-41_9997200,0,37.0283,38.691330789195824,111.843,119.21545911352007,0.2685916046357868,118.0,-0.103450241330584,False,1.6630307891958225,7.372459113520051,1.6630307891958225,7.372459113520051,True
4-9-18_Schnable_49-565-js186-289_2018-04-11_10-41-41_9997200,1,29.0528,37.08560448229882,-84.2686,-91.09788752598112,0.38719183337016805,190.0,-0.0951755826896567,False,8.032804482298818,-6.829287525981101,8.032804482298818,6.829287525981101,True
4-9-18_Schnable_49-565-js186-289_2018-04-11_10-41-41_9997200,2,30.878,41.647862164383504,-123.847,-122.56001535790952,0.4618787114979798,214.0,-0.019253083462846966,False,10.769862164383504,1.2869846420904878,10.769862164383504,1.2869846420904878,True
4-9-18_Schnable_49-565-js186-289_2018-04-11_10-41-41_9997200,3,43.6736,43.659384029582064,88.4882,90.7746324258568,0.5164988784498725,238.0,0.032329947631908364,False,-0.014215970417936319,2.2864324258567876,0.014215970417936319,2.2864324258567876,True
4-9-18_Schnable_49-565-js186-289_2018-04-11_10-41-41_9997200,4,27.8804,28.097223393317755,-93.0591,-117.76340738869791,0.5292581331036968,232.0,0.08184378776986725,False,0.21682339331775324,-24.704307388697913,0.21682339331775324,24.704307388697913,True
4-9-18_Schnable_49-565-js186-289_2018-04-11_10-41-41_9997200,5,44.5533,36.4669374779558,65.1106,63.260850237117495,0.50096036070082,232.0,0.15101430800650112,False,-8.086362522044197,-1.8497497628825101,8.086362522044197,1.8497497628825101,True
4-9-18_Schnable_49-565-js186-289_2018-04-11_10-41-41_9997200,6,40.6273,33.9513435618241,-129.598,-107.91319761189638,0.4629782662384436,216.0,0.18579915150768758,False,-6.675956438175895,21.684802388103634,6.675956438175895,21.684802388103634,True
4-9-18_Schnable_49-565-js186-289_2018-04-11_10-41-41_9997200,7,27.0436,23.928594921332717,26.0296,30.679839882503586,0.21794194435197894,97.0,0.18579915150768758,False,-3.1150050786672843,4.650239882503598,3.1150050786672843,4.650239882503598,True
4-9-18_Schnable_49-566-js155-1-224_2018-04-11_10-43-54_9997300,0,14.1685,17.67670323518186,8.74993,11.8510858344207,0.1883709636817691,85.0,-0.1045197995089442,False,3.5082032351818615,3.1011558344206946,3.5082032351818615,3.1011558344206946,True
4-9-18_Schnable_49-566-js155-1-224_2018-04-11_10-43-54_9997300,1,27.1238,31.744646860069906,165.827,166.92897075618413,0.2049177037875468,82.0,-0.07426535179621536,False,4.620846860069907,1.10197075618413,4.620846860069907,1.10197075618413,True
4-9-18_Schnable_49-566-js155-1-224_2018-04-11_10-43-54_9997300,2,26.7347,31.27720068752567,-21.8969,-23.212282765018358,0.29048501640802754,120.0,-0.054363672032126484,False,4.542500687525671,-1.31538276501837,4.542500687525671,1.31538276501837,True
4-9-18_Schnable_49-566-js155-1-224_2018-04-11_10-43-54_9997300,3,32.1993,34.43769552457934,160.901,160.46683505934647,0.33475338589366543,121.0,-0.026229021429851083,False,2.2383955245793388,-0.4341649406535453,2.2383955245793388,0.4341649406535453,True
4-9-18_Schnable_49-566-js155-1-224_2018-04-11_10-43-54_9997300,4,30.7355,32.85155742392617,-32.4047,-37.79437611482581,0.405123948977215,174.0,-0.002318867660885881,False,2.1160574239261685,-5.389676114825818,2.1160574239261685,5.389676114825818,True
4-9-18_Schnable_49-566-js155-1-224_2018-04-11_10-43-54_9997300,5,20.2007,24.503435143182188,165.464,162.7445941431348,0.47213512699877175,192.0,0.04595358965573418,False,4.302735143182186,-2.719405856865194,4.302735143182186,2.719405856865194,True
4-9-18_Schnable_49-566-js155-1-224_2018-04-11_10-43-54_9997300,6,19.5287,23.47831082448903,-39.9744,-172.00406974946432,0.2279412495226645,98.0,0.14765711815477334,False,3.949610824489028,-132.02966974946432,3.949610824489028,132.02966974946432,True
4-9-18_Schnable_49-566-js155-1-224_2018-04-11_10-43-54_9997300,7,19.4141,20.660625033575172,170.859,-41.24681441908365,0.38008109924316824,179.0,0.14765711815477334,False,1.2465250335751712,147.89418558091631,1.2465250335751712,147.89418558091631,True
4-9-18_Schnable_49-567-js42-69_2018-04-11_10-46-08_9997400,0,27.7221,33.349850317879564,149.016,149.16992686556227,0.2043028218516926,88.0,-0.08449691459147592,False,5.627750317879563,0.1539268655622834,5.627750317879563,0.1539268655622834,True
4-9-18_Schnable_49-567-js42-69_2018-04-11_10-46-08_9997400,1,27.695,29.16209538639876,-72.6546,-77.32138491080892,0.29351422910001856,136.0,-0.04696674471147142,False,1.4670953863987606,-4.6667849108089285,1.4670953863987606,4.6667849108089285,True
4-9-18_Schnable_49-567-js42-69_2018-04-11_10-46-08_9997400,2,35.6886,39.2351168399877,101.27,102.71411174923435,0.35647686621142943,161.0,-0.013932681713037538,False,3.546516839987696,1.4441117492343665,3.546516839987696,1.4441117492343665,True
4-9-18_Schnable_49-567-js42-69_2018-04-11_10-46-08_9997400,3,17.8443,20.297945404814357,-57.9257,-56.856100140909206,0.5177395937563847,225.0,0.05063764501416454,False,2.453645404814356,1.0695998590908005,2.453645404814356,1.0695998590908005,True
4-9-18_Schnable_49-567-js42-69_2018-04-11_10-46-08_9997400,4,36.8737,21.819735711071644,15.4274,-9.206976281479939,0.4538671849388768,203.0,0.13748392195501177,False,-15.053964288928356,-24.634376281479945,15.053964288928356,24.634376281479945,True
4-9-18_Schnable_49-567-js42-69_2018-04-11_10-46-08_9997400,5,45.3301,31.721891520760074,75.6149,77.14319429725776,0.4410164060874475,179.0,0.1501571183345433,False,-13.608208479239927,1.5282942972577587,13.608208479239927,1.5282942972577587,True
4-9-18_Schnable_49-567-js42-69_2018-04-11_10-46-08_9997400,6,21.2792,30.759131354059612,109.179,106.84663079324042,0.10349830602599788,60.0,0.1501571183345433,False,9.479931354059612,-2.33236920675958,9.479931354059612,2.33236920675958,True
4-9-18_Schnable_49-568-js57-86_2018-04-11_10-48-27_9997500,0,33.759,43.04663176645763,161.891,139.3495220012303,0.18654899477313583,78.0,-0.20801967768303753,False,9.28763176645763,-22.541477998769693,9.28763176645763,22.541477998769693,True
4-9-18_Schnable_49-568-js57-86_2018-04-11_10-48-27_9997500,1,24.5708,21.14150701244249,41.258,17.824793993947367,0.28540156921912246,141.0,-0.17653187557569927,False,-3.4292929875575098,-23.433206006052643,3.4292929875575098,23.433206006052643,True
4-9-18_Schnable_49-568-js57-86_2018-04-11_10-48-27_9997500,2,22.8666,30.844201554146167,177.672,156.9629396421468,0.28477675855432205,115.0,-0.1441380363179901,False,7.977601554146169,-20.70906035785319,7.977601554146169,20.70906035785319,True
4-9-18_Schnable_49-568-js57-86_2018-04-11_10-48-27_9997500,3,25.9297,21.846327053243044,-0.512918,-29.640143116043163,0.39397811498585245,203.0,-0.08591068542670424,False,-4.083372946756956,-29.127225116043178,4.083372946756956,29.127225116043178,True
4-9-18_Schnable_49-568-js57-86_2018-04-11_10-48-27_9997500,4,25.6318,28.40828013142489,-161.492,158.36859520154263,0.4860397105577497,193.0,-0.04760194288391045,False,2.77648013142489,-40.13940479845735,2.77648013142489,40.13940479845735,True
4-9-18_Schnable_49-568-js57-86_2018-04-11_10-48-27_9997500,5,34.169,25.845181284196997,12.6523,-65.1917604517083,0.4033672012028502,187.0,0.08853390046852885,False,-8.323818715803,-77.8440604517083,8.323818715803,77.8440604517083,True
4-9-18_Schnable_49-568-js57-86_2018-04-11_10-48-27_9997500,6,38.8606,7.023345043491062,-23.4075,-81.444815147616,0.2754950150280684,128.0,0.12091616670988879,False,-31.837254956508936,-58.037315147616,31.837254956508936,58.037315147616,True
4-9-18_Schnable_49-568-js57-86_2018-04-11_10-48-27_9997500,7,31.3587,38.13338331726842,-153.338,171.53786909083647,0.28341853066495964,118.0,0.12091616670988879,False,6.774683317268419,-35.12413090916357,6.774683317268419,35.12413090916357,True
4-9-18_Schnable_49-568-js57-86_2018-04-11_10-48-27_9997500,8,14.1198,153.90411716845216,39.4354,-147.95487796492884,0.03473437204635071,13.0,0.22264383243900013,False,139.78431716845216,172.60972203507117,139.78431716845216,172.60972203507117,False
4-9-18_Schnable_49-569-js195-304_2018-04-11_10-50-37_9997600,0,40.4112,43.843400029750484,-99.6071,-104.25412645117913,0.09645130374646732,38.0,-0.14194715070732622,False,3.432200029750483,-4.64702645117913,3.432200029750483,4.64702645117913,True
4-9-18_Schnable_49-569-js195-304_2018-04-11_10-50-37_9997600,1,28.867,31.54249207470533,-48.6526,-45.782296140679335,0.17462369968439423,81.0,-0.13203026859848332,False,2.6754920747053283,2.8703038593206713,2.6754920747053283,2.8703038593206713,True
4-9-18_Schnable_49-569-js195-304_2018-04-11_10-50-37_9997600,2,30.4964,32.481207550389215,168.412,167.86950822001785,0.22596967979165558,95.0,-0.11387572028327166,False,1.9848075503892133,-0.5424917799821571,1.9848075503892133,0.5424917799821571,True
4-9-18_Schnable_49-569-js195-304_2018-04-11_10-50-37_9997600,3,29.9836,33.854040242712415,-14.298,-12.262785792492053,0.31907520327051386,139.0,-0.08999735674310093,False,3.870440242712416,2.0352142075079485,3.870440242712416,2.0352142075079485,True
4-9-18_Schnable_49-569-js195-304_2018-04-11_10-50-37_9997600,4,21.0421,27.30400350407556,162.439,163.07327873626224,0.36813297936136785,170.0,-0.029852883716217336,False,6.261903504075558,0.634278736262246,6.261903504075558,0.634278736262246,True
4-9-18_Schnable_49-569-js195-304_2018-04-11_10-50-37_9997600,5,22.1986,25.86075790514498,-23.2834,-23.98935144048525,0.45365660219384907,213.0,0.03993808673101162,False,3.66215790514498,-0.7059514404852507,3.66215790514498,0.7059514404852507,True
4-9-18_Schnable_49-569-js195-304_2018-04-11_10-50-37_9997600,6,24.9178,21.856568951639247,175.95,166.75086040618442,0.4835527095392542,211.0,0.13023255220405294,False,-3.061231048360753,-9.199139593815573,3.061231048360753,9.199139593815573,True
4-9-18_Schnable_49-569-js195-304_2018-04-11_10-50-37_9997600,7,20.6857,27.54479773730101,3.39037,137.736860546091,0.282459494649283,140.0,0.1579546679562219,False,6.85909773730101,134.346490546091,6.85909773730101,134.346490546091,True
4-9-18_Schnable_49-569-js195-304_2018-04-11_10-50-37_9997600,8,25.8199,20.627693303582163,155.109,-6.294209636188043,0.4199441688522523,201.0,0.1579546679562219,False,-5.192206696417838,-161.40320963618805,5.192206696417838,161.40320963618805,True
4-9-18_Schnable_49-570-js223-353_2018-04-11_10-52-54_9997700,0,20.7285,24.218538869613653,88.6815,96.42097248118887,0.2807679644943208,116.0,-0.17185230993295292,False,3.4900388696136524,7.739472481188869,3.4900388696136524,7.739472481188869,True
4-9-18_Schnable_49-570-js223-353_2018-04-11_10-52-54_9997700,1,8.17202,13.129658045597807,107.877,133.1750191743514,0.3947052985462446,174.0,-0.09027187516011492,False,4.9576380455978075,25.298019174351396,4.9576380455978075,25.298019174351396,True
4-9-18_Schnable_49-570-js223-353_2018-04-11_10-52-54_9997700,2,96.2138,44.32941340713174,-23.7777,-15.4319113014283,0.3628086090117384,173.0,-0.08380757257152692,False,-51.88438659286827,8.34578869857171,51.88438659286827,8.34578869857171,True
4-9-18_Schnable_49-570-js223-353_2018-04-11_10-52-54_9997700,3,30.5516,25.392356958534762,-45.89,-22.122136592069864,0.46083250987883945,200.0,-0.03453945064421372,False,-5.159243041465238,23.767863407930122,5.159243041465238,23.767863407930122,True
4-9-18_Schnable_49-570-js223-353_2018-04-11_10-52-54_9997700,4,34.1873,27.359310764343697,151.974,148.08062718893882,0.41320278527308346,189.0,0.040579973023039735,False,-6.827989235656304,-3.8933728110611696,6.827989235656304,3.8933728110611696,True
4-9-18_Schnable_49-570-js223-353_2018-04-11_10-52-54_9997700,5,37.3648,25.956906404657673,-30.827,-22.022867036112928,0.539727376522411,247.0,0.054520642843470586,False,-11.40789359534233,8.80413296388707,11.40789359534233,8.80413296388707,True
4-9-18_Schnable_49-570-js223-353_2018-04-11_10-52-54_9997700,6,50.8664,25.64309873686541,-61.0792,-43.08099856894768,0.5852292838005805,271.0,0.1450564054545097,False,-25.223301263134587,17.998201431052337,25.223301263134587,17.998201431052337,True
4-9-18_Schnable_49-570-js223-353_2018-04-11_10-52-54_9997700,7,43.6519,30.843610620257095,135.423,-153.2267870995245,0.271081017949709,103.0,0.2501105599586483,False,-12.808289379742902,71.35021290047553,12.808289379742902,71.35021290047553,True
4-9-18_Schnable_49-570-js223-353_2018-04-11_10-52-54_9997700,8,32.1568,32.219907090399616,-141.754,142.3914912462372,0.4744104694846883,216.0,0.2501105599586483,False,0.06310709039961893,-75.85450875376284,0.06310709039961893,75.85450875376284,True
4-9-18_Schnable_49-571-js265-424_2018-04-11_10-55-07_9997800,0,36.4777,40.750678663899635,167.715,168.2957405728248,0.27687623968761355,122.0,-0.04532968587888321,False,4.272978663899636,0.5807405728247943,4.272978663899636,0.5807405728247943,True
4-9-18_Schnable_49-571-js265-424_2018-04-11_10-55-07_9997800,1,25.3387,30.11061241692221,-169.102,-172.532854719166,0.3150498763536752,129.0,-0.04137460099091391,False,4.771912416922209,-3.430854719166007,4.771912416922209,3.430854719166007,True
4-9-18_Schnable_49-571-js265-424_2018-04-11_10-55-07_9997800,2,56.9369,58.95194888130914,30.147,35.448091488744694,0.23121274758130722,101.0,0.05528383987767851,False,2.0150488813091414,5.301091488744703,2.0150488813091414,5.301091488744703,True
4-9-18_Schnable_49-571-js265-424_2018-04-11_10-55-07_9997800,3,21.8951,26.647131389898206,-37.7143,-44.759156450559715,0.2179119880635085,84.0,0.05528383987767851,False,4.752031389898207,-7.044856450559706,4.752031389898207,7.044856450559706,True
4-9-18_Schnable_49-571-js265-424_2018-04-11_10-55-07_9997800,4,50.0294,55.56559026963038,-151.881,-144.56519435637037,0.23742093119187888,96.0,0.06891742958817473,False,5.536190269630374,7.315805643629631,5.536190269630374,7.315805643629631,True
4-9-18_Schnable_49-571-js265-424_2018-04-11_10-55-07_9997800,5,7.19369,38.547851356983074,118.255,-20.242528693479045,0.34463413864532066,137.0,0.13850744537707074,False,31.354161356983074,-138.49752869347904,31.354161356983074,138.49752869347904,True
4-9-18_Schnable_49-571-js265-424_2018-04-11_10-55-07_9997800,6,33.6389,7.443952673616295,-19.8413,-148.75035316297655,0.2831544428547291,137.0,0.13850744537707074,False,-26.194947326383705,-128.90905316297656,26.194947326383705,128.90905316297656,True
4-9-18_Schnable_49-572-js132-191_2018-04-11_10-57-24_9997900,0,23.2223,29.698428718631433,-19.6605,-26.567988459781276,0.253712624481323,117.0,-0.08208473418929145,False,6.476128718631433,-6.907488459781291,6.476128718631433,6.907488459781291,True
4-9-18_Schnable_49-572-js132-191_2018-04-11_10-57-24_9997900,1,24.2223,29.798281676630808,161.331,164.580698213112,0.38631717553957073,153.0,-0.037584925633493034,False,5.575981676630807,3.249698213111998,5.575981676630807,3.249698213111998,True
4-9-18_Schnable_49-572-js132-191_2018-04-11_10-57-24_9997900,2,24.1569,29.88183931570235,-52.0811,-45.24054599670961,0.3998113587820911,201.0,-0.025829154225894668,False,5.7249393157023505,6.840554003290379,5.7249393157023505,6.840554003290379,True
4-9-18_Schnable_49-572-js132-191_2018-04-11_10-57-24_9997900,3,26.0727,31.743923978251395,170.017,149.67704104780682,0.4285993827804249,193.0,0.008526969202761704,False,5.671223978251394,-20.33995895219317,5.671223978251394,20.33995895219317,True
4-9-18_Schnable_49-572-js132-191_2018-04-11_10-57-24_9997900,4,33.7008,33.41131653272448,-34.8191,-34.62190572326671,0.4675441928967066,212.0,0.044337355133043994,False,-0.28948346727552376,0.19719427673328482,0.28948346727552376,0.19719427673328482,True
4-9-18_Schnable_49-572-js132-191_2018-04-11_10-57-24_9997900,5,35.7371,27.763842468758256,133.915,135.89604978894897,0.5223929131592573,256.0,0.08241944506657142,False,-7.973257531241742,1.9810497889489795,7.973257531241742,1.9810497889489795,True
4-9-18_Schnable_49-572-js132-191_2018-04-11_10-57-24_9997900,6,37.3896,35.900854554657755,-37.3923,153.71077851555162,0.2688146092914307,121.0,0.1520056534407634,False,-1.4887454453422464,-168.8969214844484,1.4887454453422464,168.8969214844484,True
4-9-18_Schnable_49-572-js132-191_2018-04-11_10-57-24_9997900,7,37.0362,25.348327474597696,153.456,-62.23425097422931,0.4512248625432968,203.0,0.1520056534407634,False,-11.687872525402305,144.3097490257707,11.687872525402305,144.3097490257707,True
4-9-18_Schnable_49-573-js225-357_2018-04-11_10-59-38_9998000,0,157.321,40.667737125869266,-74.5259,124.58257809133914,0.005656854249492376,2.0,-0.12998190782364719,False,-116.65326287413073,-160.89152190866088,116.65326287413073,160.89152190866088,False
4-9-18_Schnable_49-573-js225-357_2018-04-11_10-59-38_9998000,1,30.2423,34.045613506822676,173.21,165.67211010314247,0.3295364326017974,140.0,-0.09527438120418162,False,3.8033135068226755,-7.537889896857536,3.8033135068226755,7.537889896857536,True
4-9-18_Schnable_49-573-js225-357_2018-04-11_10-59-38_9998000,2,53.0929,54.06540774369798,29.8305,30.10000761869935,0.2329882407750522,98.0,-0.09312901524684432,False,0.9725077436979817,0.26950761869935036,0.9725077436979817,0.26950761869935036,True
4-9-18_Schnable_49-573-js225-357_2018-04-11_10-59-38_9998000,3,21.1017,31.497621322760715,27.3384,16.628994680157575,0.330594716316892,148.0,-0.05580613677211593,False,10.395921322760714,-10.709405319842432,10.395921322760714,10.709405319842432,True
4-9-18_Schnable_49-573-js225-357_2018-04-11_10-59-38_9998000,4,32.4886,40.9527712900945,-173.594,170.00895297150578,0.4513867807266225,194.0,-0.03918070157048617,False,8.464171290094505,-16.39704702849417,8.464171290094505,16.39704702849417,True
4-9-18_Schnable_49-573-js225-357_2018-04-11_10-59-38_9998000,5,30.1239,31.50120628939792,6.73501,-3.781934961246094,0.3905061267092717,159.0,0.008331514233860068,False,1.3773062893979215,-10.516944961246082,1.3773062893979215,10.516944961246082,True
4-9-18_Schnable_49-573-js225-357_2018-04-11_10-59-38_9998000,6,26.6609,28.63920998833644,175.388,177.90383394205088,0.4936520141020185,207.0,0.044920895061297365,False,1.978309988336438,2.5158339420508753,1.978309988336438,2.5158339420508753,True
4-9-18_Schnable_49-573-js225-357_2018-04-11_10-59-38_9998000,7,64.0487,16.212023767005462,5.20402,-12.31531653471319,0.17431955550139883,86.0,0.18464006058152793,False,-47.836676232994535,-17.519336534713204,47.836676232994535,17.519336534713204,True
4-9-18_Schnable_49-573-js225-357_2018-04-11_10-59-38_9998000,8,37.174,35.590642281436935,-166.191,-170.9973813212536,0.3567292404430027,150.0,0.18464006058152793,False,-1.5833577185630645,-4.80638132125361,1.5833577185630645,4.80638132125361,True
4-9-18_Schnable_49-573-js225-357_2018-04-11_10-59-38_9998000,9,21.3658,42.18619986915041,-10.5654,6.850247814064971,0.4294343105505134,205.0,0.18464006058152793,False,20.820399869150407,17.415647814064982,20.820399869150407,17.415647814064982,True
4-9-18_Schnable_49-575-js144-210_2018-04-11_11-04-05_9998200,0,38.2271,42.71048415889635,-143.78,-143.10327642221156,0.22598652102241934,100.0,-0.13192223018020055,False,4.4833841588963494,0.6767235777884366,4.4833841588963494,0.6767235777884366,True
4-9-18_Schnable_49-575-js144-210_2018-04-11_11-04-05_9998200,1,34.4888,38.65981104196688,-18.3883,-7.433527954976199,0.2661581515862883,112.0,-0.10107848441602214,False,4.171011041966885,10.954772045023788,4.171011041966885,10.954772045023788,True
4-9-18_Schnable_49-575-js144-210_2018-04-11_11-04-05_9998200,2,44.6321,45.88518723950457,-115.924,-123.25068988119722,0.3536498926200571,156.0,-0.07361429121855037,False,1.2530872395045662,-7.326689881197211,1.2530872395045662,7.326689881197211,True
4-9-18_Schnable_49-575-js144-210_2018-04-11_11-04-05_9998200,3,48.5466,34.72162771831695,20.0022,1.0826256402658032,0.3765411290287214,168.0,-0.05757555260342744,False,-13.824972281683046,-18.919574359734185,13.824972281683046,18.919574359734185,True
4-9-18_Schnable_49-575-js144-210_2018-04-11_11-04-05_9998200,4,38.757,12.822498205991138,-166.038,-54.59277772504571,0.0785890692750862,53.0,-0.03955507050979301,False,-25.93450179400886,111.44522227495429,25.93450179400886,111.44522227495429,True
4-9-18_Schnable_49-575-js144-210_2018-04-11_11-04-05_9998200,5,3.29865,43.18040448913115,172.111,-163.2974352103495,0.16636235521762793,72.0,-0.03955507050979301,False,39.88175448913115,24.591564789650533,39.88175448913115,24.591564789650533,True
4-9-18_Schnable_49-575-js144-210_2018-04-11_11-04-05_9998200,6,21.2545,31.174975964071308,-132.478,-150.212099104522,0.3810753481193079,161.0,0.02104314131212871,False,9.920475964071308,-17.734099104521988,9.920475964071308,17.734099104521988,True
4-9-18_Schnable_49-575-js144-210_2018-04-11_11-04-05_9998200,7,34.9163,25.787247248066762,22.8378,17.42713244532132,0.41320053305119053,182.0,0.13663948190988034,False,-9.129052751933237,-5.410667554678696,9.129052751933237,5.410667554678696,True
4-9-18_Schnable_49-575-js144-210_2018-04-11_11-04-05_9998200,8,33.2548,27.59218917710809,176.0,-166.04907397691773,0.23054744942529515,107.0,0.16931532283883224,False,-5.662610822891914,17.950926023082275,5.662610822891914,17.950926023082275,True
4-9-18_Schnable_49-575-js144-210_2018-04-11_11-04-05_9998200,9,18.6056,22.30260279957406,72.5665,63.13409737099158,0.1958697468768331,84.0,0.16931532283883224,False,3.6970027995740615,-9.432402629008436,3.6970027995740615,9.432402629008436,True
4-9-18_Schnable_49-576-js227-359_2018-04-11_11-06-19_9998300,0,20.9345,27.349575665783362,168.757,161.97850705115832,0.28889932848685784,131.0,-0.06094448485902795,False,6.4150756657833625,-6.778492948841688,6.4150756657833625,6.778492948841688,True
4-9-18_Schnable_49-576-js227-359_2018-04-11_11-06-19_9998300,1,43.3735,53.85562417242846,-25.4667,-29.38321974824285,0.11014016447708903,45.0,-0.036444752307415625,False,10.482124172428463,-3.916519748242848,10.482124172428463,3.916519748242848,True
4-9-18_Schnable_49-576-js227-359_2018-04-11_11-06-19_9998300,2,26.5635,26.899770261205624,168.917,162.60362453312223,0.10447614995706472,49.0,-0.004769616133131101,False,0.3362702612056232,-6.313375466877773,0.3362702612056232,6.313375466877773,True
4-9-18_Schnable_49-576-js227-359_2018-04-11_11-06-19_9998300,3,29.4131,35.623841351528085,-11.2996,-15.377934909733682,0.20769317677413637,89.0,0.0919078352973468,False,6.210741351528085,-4.078334909733684,6.210741351528085,4.078334909733684,True
4-9-18_Schnable_49-576-js227-359_2018-04-11_11-06-19_9998300,4,15.7317,21.92146955377582,155.188,142.35730899833163,0.3208573704349998,153.0,0.15142248273584005,False,6.189769553775822,-12.830691001668356,6.189769553775822,12.830691001668356,True
4-9-18_Schnable_49-576-js227-359_2018-04-11_11-06-19_9998300,5,14.2541,17.772709283185378,2.86742,-6.002964766313937,0.15383466754346373,74.0,0.15142248273584005,False,3.518609283185379,-8.870384766313947,3.518609283185379,8.870384766313947,True
4-9-18_Schnable_49-577-js268-427_2018-04-11_11-08-35_9998400,0,14.6531,22.01017754839488,10.7978,-7.84652822120492,0.16307344892385217,63.0,-0.393371447610332,False,7.357077548394878,-18.644328221204916,7.357077548394878,18.644328221204916,True
4-9-18_Schnable_49-577-js268-427_2018-04-11_11-08-35_9998400,1,48.3406,57.24628340175727,121.227,121.92733044505172,0.14685608776890238,57.0,-0.33964845881470057,False,8.905683401757265,0.7003304450517192,8.905683401757265,0.7003304450517192,True
4-9-18_Schnable_49-577-js268-427_2018-04-11_11-08-35_9998400,2,30.098,38.30518167498551,-52.8171,-48.289351465254754,0.48680479882187117,224.0,-0.3085406787672348,False,8.207181674985513,4.527748534745257,8.207181674985513,4.527748534745257,True
4-9-18_Schnable_49-577-js268-427_2018-04-11_11-08-35_9998400,3,39.6468,50.381480149148274,128.275,126.79105901491448,0.6119414672020569,253.0,-0.2548176899716034,False,10.734680149148275,-1.4839409850855247,10.734680149148275,1.4839409850855247,True
4-9-18_Schnable_49-577-js268-427_2018-04-11_11-08-35_9998400,4,28.3175,35.860541445654526,-64.7798,-54.15039547839331,0.6145344789331778,271.0,-0.18730311836197228,False,7.543041445654527,10.629404521606688,7.543041445654527,10.629404521606688,True
4-9-18_Schnable_49-577-js268-427_2018-04-11_11-08-35_9998400,5,37.9588,37.52477528831565,134.001,133.34847572343335,0.647140416536606,255.0,-0.11884846909253938,False,-0.4340247116843443,-0.6525242765666519,0.4340247116843443,0.6525242765666519,True
4-9-18_Schnable_49-577-js268-427_2018-04-11_11-08-35_9998400,6,18.8683,22.872390122468417,-157.551,-133.50014387798913,0.14308649463409218,71.0,0.08266095613839773,False,4.004090122468416,24.050856122010856,4.004090122468416,24.050856122010856,True
4-9-18_Schnable_49-577-js268-427_2018-04-11_11-08-35_9998400,7,26.5954,25.58863091744523,97.3424,104.67923207788601,0.39639951190389017,166.0,0.10346948116502507,False,-1.0067690825547722,7.336832077886015,1.0067690825547722,7.336832077886015,True
4-9-18_Schnable_49-577-js268-427_2018-04-11_11-08-35_9998400,8,18.7881,19.205702091709327,-87.1814,-115.31928146795194,0.1990615204675808,95.0,0.10346948116502507,False,0.41760209170932683,-28.137881467951956,0.41760209170932683,28.137881467951956,True
4-9-18_Schnable_49-577-js268-427_2018-04-11_11-08-35_9998400,9,117.342,32.72918327164686,37.1917,51.47381296435026,0.0315281607133614,14.0,0.5077958184359103,False,-84.61281672835314,14.282112964350262,84.61281672835314,14.282112964350262,False
4-9-18_Schnable_49-577-js268-427_2018-04-11_11-08-35_9998400,10,50.4625,111.3221361176639,51.9123,21.967355678957404,0.009526753408129744,3.0,0.5077958184359103,False,60.859636117663904,-29.944944321042613,60.859636117663904,29.944944321042613,False
4-9-18_Schnable_49-578-js40-66_2018-04-11_11-10-48_9998500,0,27.0694,34.29142595693627,-168.027,-168.81961839195796,0.274230471716067,109.0,-0.056668816615399006,False,7.222025956936271,-0.7926183919579728,7.222025956936271,0.7926183919579728,True
4-9-18_Schnable_49-578-js40-66_2018-04-11_11-10-48_9998500,1,40.1379,41.998055704905966,20.4858,32.296242551587284,0.18793347744059608,74.0,-0.023665218086528952,False,1.8601557049059636,11.810442551587272,1.8601557049059636,11.810442551587272,True
4-9-18_Schnable_49-578-js40-66_2018-04-11_11-10-48_9998500,2,45.2947,41.71777989218768,-177.775,-174.95598985710765,0.31129698365187175,142.0,-0.013210202053078188,False,-3.5769201078123203,2.8190101428923526,3.5769201078123203,2.8190101428923526,True
4-9-18_Schnable_49-578-js40-66_2018-04-11_11-10-48_9998500,3,25.2268,32.907529890172455,-171.674,-179.2126495443256,0.20650441706835032,89.0,0.035598282431854915,False,7.680729890172454,-7.53864954432558,7.680729890172454,7.53864954432558,True
4-9-18_Schnable_49-578-js40-66_2018-04-11_11-10-48_9998500,4,26.0881,29.66119979953138,17.3765,9.346436777427527,0.3923432854267951,178.0,0.05502718447458388,False,3.5730997995313807,-8.030063222572466,3.5730997995313807,8.030063222572466,True
4-9-18_Schnable_49-578-js40-66_2018-04-11_11-10-48_9998500,5,14.4412,25.75701642198517,-6.66221,-27.748225260100497,0.14126938977803913,55.0,0.09361901349643187,False,11.31581642198517,-21.08601526010051,11.31581642198517,21.08601526010051,True
4-9-18_Schnable_49-578-js40-66_2018-04-11_11-10-48_9998500,6,27.673,28.02793512090782,171.132,174.2204792206229,0.12413856357917383,53.0,0.09361901349643187,False,0.35493512090782176,3.088479220622901,0.35493512090782176,3.088479220622901,True
4-9-18_Schnable_49-579-js211-331_2018-04-11_11-13-02_9998600,0,32.1429,31.405086179465272,25.4187,-11.95288414474328,0.2448376834857315,114.0,-0.12477277171564773,False,-0.7378138205347256,-37.37158414474328,0.7378138205347256,37.37158414474328,True
4-9-18_Schnable_49-579-js211-331_2018-04-11_11-13-02_9998600,1,24.4749,34.72073870012557,165.012,-150.12160588110854,0.33518585648157406,144.0,-0.09580413206155478,False,10.24583870012557,44.866394118891435,10.24583870012557,44.866394118891435,True
4-9-18_Schnable_49-579-js211-331_2018-04-11_11-13-02_9998600,2,31.3632,25.635629848949918,22.9113,-15.749225337110545,0.43974801338076513,190.0,-0.06651969926089842,False,-5.727570151050081,-38.66052533711053,5.727570151050081,38.66052533711053,True
4-9-18_Schnable_49-579-js211-331_2018-04-11_11-13-02_9998600,3,19.3415,29.11421794981102,164.744,-149.72799261298897,0.5667289295883141,242.0,-0.00042932911541126816,False,9.772717949811021,45.52800738701103,9.772717949811021,45.52800738701103,True
4-9-18_Schnable_49-579-js211-331_2018-04-11_11-13-02_9998600,4,31.1761,25.98882478558086,15.1119,-0.30546317274985313,0.4871685031130353,220.0,0.04521927471329398,False,-5.187275214419142,-15.417363172749845,5.187275214419142,15.417363172749845,True
4-9-18_Schnable_49-579-js211-331_2018-04-11_11-13-02_9998600,5,24.0263,41.140976184613265,171.76,-65.55941610949151,0.14404222806759276,70.0,0.0857418354107711,False,17.114676184613266,122.6805838905085,17.114676184613266,122.6805838905085,True
4-9-18_Schnable_49-579-js211-331_2018-04-11_11-13-02_9998600,6,35.2543,25.275686077650562,115.853,-174.0091513394814,0.6450998735610893,303.0,0.1393437156371071,False,-9.978613922349439,70.13784866051861,9.978613922349439,70.13784866051861,True
4-9-18_Schnable_49-579-js211-331_2018-04-11_11-13-02_9998600,7,26.7744,29.982395885461393,13.046,44.13815727382445,0.567789841730951,285.0,0.18865956980002593,False,3.2079958854613935,31.092157273824455,3.2079958854613935,31.092157273824455,True
4-9-18_Schnable_49-579-js211-331_2018-04-11_11-13-02_9998600,8,39.3485,15.713252824918413,-136.595,177.96273463865498,0.2539285318936442,114.0,0.18865956980002593,False,-23.635247175081588,-45.442265361344994,23.635247175081588,45.442265361344994,True
4-9-18_Schnable_49-580-js56-85_2018-04-11_11-15-16_9998700,0,34.1827,47.13352723922125,-27.2599,-27.756929040625607,0.09745479908372415,50.0,-0.08987991986784064,False,12.950827239221255,-0.4970290406256197,12.950827239221255,0.4970290406256197,True
4-9-18_Schnable_49-580-js56-85_2018-04-11_11-15-16_9998700,1,24.7983,28.334573024728655,153.25,147.4709817687625,0.3293016794787113,133.0,-0.07346918007983452,False,3.5362730247286542,-5.779018231237501,3.5362730247286542,5.779018231237501,True
4-9-18_Schnable_49-580-js56-85_2018-04-11_11-15-16_9998700,2,24.7658,26.893005928281113,-15.244,-14.465116687341322,0.3283761218511896,128.0,9.403965157167153e-05,False,2.127205928281114,0.778883312658678,2.127205928281114,0.778883312658678,True
4-9-18_Schnable_49-580-js56-85_2018-04-11_11-15-16_9998700,3,19.6125,18.004472017783797,152.241,157.7137806856157,0.3684887819225987,157.0,0.08971395797804166,False,-1.6080279822162034,5.472780685615675,1.6080279822162034,5.472780685615675,True
4-9-18_Schnable_49-580-js56-85_2018-04-11_11-15-16_9998700,4,29.427,18.758950329542785,-2.89728,141.01432481593167,0.15583322910303615,74.0,0.17126029450299451,False,-10.668049670457215,143.9116048159317,10.668049670457215,143.9116048159317,True
4-9-18_Schnable_49-580-js56-85_2018-04-11_11-15-16_9998700,5,15.0771,21.91819715321428,132.964,10.227094489035778,0.4023675072023837,178.0,0.17126029450299451,False,6.84109715321428,-122.73690551096422,6.84109715321428,122.73690551096422,True
4-9-18_Schnable_49-581-js86-123_2018-04-11_11-17-30_9998800,0,34.0717,43.426888504161,178.97,178.36666216861,0.32534019880732096,132.0,-0.1119094107620022,False,9.355188504161,-0.6033378313900073,9.355188504161,0.6033378313900073,True
4-9-18_Schnable_49-581-js86-123_2018-04-11_11-17-30_9998800,1,30.6894,30.611008752375547,2.91489,-9.982564720875104,0.32164313220832796,144.0,-0.09104889346400256,False,-0.07839124762445238,-12.89745472087509,0.07839124762445238,12.89745472087509,True
4-9-18_Schnable_49-581-js86-123_2018-04-11_11-17-30_9998800,2,26.3001,29.422982239832997,177.073,166.56454373406171,0.48952302733767294,230.0,-0.0533975532373194,False,3.1228822398329967,-10.508456265938293,3.1228822398329967,10.508456265938293,True
4-9-18_Schnable_49-581-js86-123_2018-04-11_11-17-30_9998800,3,28.9018,32.5259549527847,-6.85962,-2.5151920102872793,0.5176652145786083,217.0,-0.01859932696770618,False,3.6241549527847,4.344427989712727,3.6241549527847,4.344427989712727,True
4-9-18_Schnable_49-581-js86-123_2018-04-11_11-17-30_9998800,4,23.2608,20.291942116480328,142.072,149.29556771506282,0.6524523641306584,282.0,0.050693204028388825,False,-2.9688578835196715,7.2235677150628135,2.9688578835196715,7.2235677150628135,True
4-9-18_Schnable_49-581-js86-123_2018-04-11_11-17-30_9998800,5,28.9128,28.163118369927346,11.1811,11.760074238092898,0.5062837659774136,214.0,0.16486380512068446,False,-0.7496816300726543,0.5789742380928828,0.7496816300726543,0.5789742380928828,True
4-9-18_Schnable_49-581-js86-123_2018-04-11_11-17-30_9998800,6,25.5369,16.487056767118958,154.533,-55.81621082159151,0.2648647586585367,130.0,0.22025989423093528,False,-9.049843232881042,149.6507891784085,9.049843232881042,149.6507891784085,True
4-9-18_Schnable_49-581-js86-123_2018-04-11_11-17-30_9998800,7,21.8705,19.149068311424656,-42.5352,147.67277930840368,0.4111845162018618,185.0,0.22025989423093528,False,-2.7214316885753433,-169.79202069159635,2.7214316885753433,169.79202069159635,True
4-9-18_Schnable_49-582-js127-186_2018-04-11_11-19-45_9998900,0,29.9698,32.49061100276253,27.0782,23.437499950092672,0.23294836168061286,101.0,-0.016114728663107314,False,2.520811002762528,-3.6407000499073376,2.520811002762528,3.6407000499073376,True
4-9-18_Schnable_49-582-js127-186_2018-04-11_11-19-45_9998900,1,21.7462,24.852536778003753,-144.098,-146.72401206346356,0.2860524800961482,119.0,-0.0018072914604047676,False,3.106336778003751,-2.6260120634635484,3.106336778003751,2.6260120634635484,True
4-9-18_Schnable_49-582-js127-186_2018-04-11_11-19-45_9998900,2,23.0219,25.332740008976515,33.1805,33.95728842612721,0.2432868271385549,104.0,0.03998238881355375,False,2.310840008976516,0.7767884261272116,2.310840008976516,0.7767884261272116,True
4-9-18_Schnable_49-582-js127-186_2018-04-11_11-19-45_9998900,3,19.6926,18.92233548520184,40.7091,16.745830928685677,0.20635354565696956,94.0,0.08803167654768669,False,-0.770264514798157,-23.96326907131433,0.770264514798157,23.96326907131433,True
4-9-18_Schnable_49-582-js127-186_2018-04-11_11-19-45_9998900,4,9.22111,3.906416089941345,-136.298,156.84495480776008,0.3002552639691621,149.0,0.08999702621029539,False,-5.314693910058654,-66.85704519223992,5.314693910058654,66.85704519223992,True
4-9-18_Schnable_49-582-js127-186_2018-04-11_11-19-45_9998900,5,17.5793,23.720352059467544,86.288,92.5129867087511,0.1448895088501538,68.0,0.08999702621029539,False,6.141052059467544,6.224986708751089,6.141052059467544,6.224986708751089,True
4-9-18_Schnable_49-583-js55-84_2018-04-11_11-21-58_9999000,0,46.1027,54.4378670805506,-10.8563,-6.657849607664673,0.358280965327638,162.0,-0.0680119857417241,False,8.335167080550605,4.198450392335332,8.335167080550605,4.198450392335332,True
4-9-18_Schnable_49-583-js55-84_2018-04-11_11-21-58_9999000,1,43.937,50.64358001629899,-169.206,-165.95013276034337,0.2902577121554314,118.0,-0.03396323926804061,False,6.706580016298993,3.2558672396566237,6.706580016298993,3.2558672396566237,True
4-9-18_Schnable_49-583-js55-84_2018-04-11_11-21-58_9999000,2,39.7894,47.52265864869766,-8.35464,-13.811388423088289,0.45856745217227185,194.0,-0.004000690629273146,False,7.733258648697657,-5.4567484230883,7.733258648697657,5.4567484230883,True
4-9-18_Schnable_49-583-js55-84_2018-04-11_11-21-58_9999000,3,34.1648,33.61046882172413,-167.048,-157.74670262933049,0.5144303744875407,202.0,0.01802337164340458,False,-0.5543311782758664,9.301297370669516,0.5543311782758664,9.301297370669516,True
4-9-18_Schnable_49-583-js55-84_2018-04-11_11-21-58_9999000,4,31.6932,29.129609911482966,-4.63665,-13.365150997689625,0.5200577565574431,225.0,0.08998427929211698,False,-2.563590088517035,-8.728500997689622,2.563590088517035,8.728500997689622,True
4-9-18_Schnable_49-583-js55-84_2018-04-11_11-21-58_9999000,5,23.6502,24.988217655270233,178.37,-172.6249349291536,0.4536925234506588,209.0,0.16003370015058752,False,1.3380176552702316,9.005065070846399,1.3380176552702316,9.005065070846399,True
4-9-18_Schnable_49-583-js55-84_2018-04-11_11-21-58_9999000,6,16.6672,21.30273576566853,6.97437,34.69090857843918,0.28691925684279335,133.0,0.16003370015058752,False,4.6355357656685285,27.716538578439184,4.6355357656685285,27.716538578439184,True
4-9-18_Schnable_49-584-js176-257_2018-04-11_11-24-26_9999100,0,74.4065,175.89422473120493,-118.429,4.7941514932210225,0.06142736077003648,32.0,-0.14103994826910096,False,101.48772473120493,123.22315149322105,101.48772473120493,123.22315149322105,True
4-9-18_Schnable_49-584-js176-257_2018-04-11_11-24-26_9999100,1,25.9708,29.528320512581317,50.3428,63.99646623040479,0.21831664864852254,98.0,-0.1270621245512322,False,3.5575205125813163,13.653666230404781,3.5575205125813163,13.653666230404781,True
4-9-18_Schnable_49-584-js176-257_2018-04-11_11-24-26_9999100,2,23.7167,28.271264338622473,-103.318,-103.19515703067687,0.29290109850931617,137.0,-0.09699295602445666,False,4.554564338622473,0.12284296932313055,4.554564338622473,0.12284296932313055,True
4-9-18_Schnable_49-584-js176-257_2018-04-11_11-24-26_9999100,3,18.3164,25.42981631360746,45.5646,56.36420836071363,0.31223220763161974,138.0,-0.0632563378378301,False,7.113416313607459,10.799608360713648,7.113416313607459,10.799608360713648,True
4-9-18_Schnable_49-584-js176-257_2018-04-11_11-24-26_9999100,4,15.6871,22.474570850290377,77.8146,73.0230734563849,0.2746153104450945,117.0,0.008851650959137904,False,6.7874708502903776,-4.791526543615078,6.7874708502903776,4.791526543615078,True
4-9-18_Schnable_49-584-js176-257_2018-04-11_11-24-26_9999100,5,23.1069,28.38967554349933,-102.416,-96.71558328322813,0.3001821072658923,126.0,0.04323541869245804,False,5.28277554349933,5.700416716771883,5.28277554349933,5.700416716771883,True
4-9-18_Schnable_49-584-js176-257_2018-04-11_11-24-26_9999100,6,26.6627,24.856318568345614,74.9363,75.97612383055332,0.2642710185581151,122.0,0.14519366604820572,False,-1.806381431654387,1.0398238305533027,1.806381431654387,1.0398238305533027,True
4-9-18_Schnable_49-584-js176-257_2018-04-11_11-24-26_9999100,7,21.0737,19.47756784046169,-113.058,-97.25721100849987,0.18823252602992502,92.0,0.14519366604820572,False,-1.5961321595383104,15.800788991500156,1.5961321595383104,15.800788991500156,True
4-9-18_Schnable_49-585-js249-400_2018-04-11_11-26-39_9999200,0,84.8183,137.7729093023603,-59.2882,25.853802509749755,0.02040526366687812,9.0,-0.15019248007884517,False,52.954609302360296,85.14200250974977,52.954609302360296,85.14200250974977,False
4-9-18_Schnable_49-585-js249-400_2018-04-11_11-26-39_9999200,1,26.9353,23.306887537772482,154.513,-151.16351227275905,0.04204336486221854,18.0,-0.1462533941093406,False,-3.6284124622275193,54.323487727240945,3.6284124622275193,54.323487727240945,False
4-9-18_Schnable_49-585-js249-400_2018-04-11_11-26-39_9999200,2,32.241,38.267312739355894,-24.9242,-25.428220989659934,0.2142960333044101,95.0,-0.10711587750033345,False,6.026312739355895,-0.5040209896599208,6.026312739355895,0.5040209896599208,True
4-9-18_Schnable_49-585-js249-400_2018-04-11_11-26-39_9999200,3,28.1743,32.3937741027035,137.513,139.99470293417244,0.35992481563355727,151.0,-0.0801729020653407,False,4.219474102703504,2.481702934172432,4.219474102703504,2.481702934172432,True
4-9-18_Schnable_49-585-js249-400_2018-04-11_11-26-39_9999200,4,22.4246,27.228800363505826,-14.4804,-15.046872610327341,0.4392105965044274,193.0,-0.045062613556269095,False,4.804200363505824,-0.5664726103273381,4.804200363505824,0.5664726103273381,True
4-9-18_Schnable_49-585-js249-400_2018-04-11_11-26-39_9999200,5,26.8778,28.844871907831497,136.602,144.23926780038238,0.45239086342637874,194.0,0.01829061573375113,False,1.967071907831496,7.637267800382375,1.967071907831496,7.637267800382375,True
4-9-18_Schnable_49-585-js249-400_2018-04-11_11-26-39_9999200,6,32.2477,23.067855764801322,-2.24274,-13.777948337114651,0.46865644996736916,204.0,0.06753657922272782,False,-9.17984423519868,-11.535208337114653,9.17984423519868,11.535208337114653,True
4-9-18_Schnable_49-585-js249-400_2018-04-11_11-26-39_9999200,7,35.1001,33.921214328459754,141.245,150.79934710626827,0.3794976500007584,168.0,0.1552397009291399,False,-1.1788856715402432,9.554347106268267,1.1788856715402432,9.554347106268267,True
4-9-18_Schnable_49-585-js249-400_2018-04-11_11-26-39_9999200,8,31.7262,31.32324976587671,-57.7712,-52.537499127985,0.1982357188381771,86.0,0.1552397009291399,False,-0.40295023412328845,5.2337008720149925,0.40295023412328845,5.2337008720149925,True
4-9-18_Schnable_49-586-js252-405_2018-04-11_11-28-52_9999300,0,45.2409,50.27310676100358,-1.34341,-0.1875256047804612,0.33599619873772757,151.0,-0.1344391399111871,False,5.032206761003579,1.1558843952195446,5.032206761003579,1.1558843952195446,True
4-9-18_Schnable_49-586-js252-405_2018-04-11_11-28-52_9999300,1,32.4109,38.815697936029274,-160.287,-167.20626374770038,0.39290275325655355,171.0,-0.09799290477782664,False,6.404797936029276,-6.91926374770037,6.404797936029276,6.91926374770037,True
4-9-18_Schnable_49-586-js252-405_2018-04-11_11-28-52_9999300,2,30.8599,39.15678544392794,-25.0072,-16.1994691226175,0.45356855153045034,214.0,-0.06786709891811901,False,8.296885443927938,8.807730877382511,8.296885443927938,8.807730877382511,True
4-9-18_Schnable_49-586-js252-405_2018-04-11_11-28-52_9999300,3,24.8268,30.64974891973671,-158.795,-159.14097300923882,0.5329813260612974,220.0,-0.04920400494281483,False,5.82294891973671,-0.3459730092388327,5.82294891973671,0.3459730092388327,True
4-9-18_Schnable_49-586-js252-405_2018-04-11_11-28-52_9999300,4,22.0097,26.401029964971357,-12.304,-10.053213716316492,0.5207593929755343,241.0,0.00361616373530602,False,4.391329964971359,2.25078628368351,4.391329964971359,2.25078628368351,True
4-9-18_Schnable_49-586-js252-405_2018-04-11_11-28-52_9999300,5,54.7107,25.88007893881357,-87.3074,158.77214554129557,0.49151503620375625,236.0,0.09177787944246178,False,-28.830621061186434,-113.9204544587044,28.830621061186434,113.9204544587044,True
4-9-18_Schnable_49-586-js252-405_2018-04-11_11-28-52_9999300,6,12.466,47.75370615443125,132.62,-74.75648581585864,0.1933991550949302,106.0,0.09177787944246178,False,35.28770615443125,152.62351418414136,35.28770615443125,152.62351418414136,True
4-9-18_Schnable_49-586-js252-405_2018-04-11_11-28-52_9999300,7,36.6037,51.178267576120916,26.7507,129.78409786619682,0.3178981781424905,128.0,0.19885263720008292,False,14.574567576120913,103.03339786619682,14.574567576120913,103.03339786619682,True
4-9-18_Schnable_49-586-js252-405_2018-04-11_11-28-52_9999300,8,75.4341,34.26154240275812,125.421,33.00226783954673,0.4276371001595499,189.0,0.19885263720008292,False,-41.172557597241884,-92.41873216045327,41.172557597241884,92.41873216045327,True
4-9-18_Schnable_49-588-js168-240_2018-04-11_11-33-20_9999500,0,39.8443,44.507625026654,31.3972,83.26288494552307,0.05399309844234224,17.0,-0.15885744990591505,False,4.663325026654,51.86568494552307,4.663325026654,51.86568494552307,False
4-9-18_Schnable_49-588-js168-240_2018-04-11_11-33-20_9999500,1,34.4551,52.21278378423108,84.7198,32.219969763163874,0.3068724680628587,143.0,-0.15885744990591505,False,17.757683784231077,-52.49983023683613,17.757683784231077,52.49983023683613,True
4-9-18_Schnable_49-588-js168-240_2018-04-11_11-33-20_9999500,2,57.0406,60.272930743042096,12.5942,17.743360537801436,0.4202209071770851,198.0,-0.09641909495095634,False,3.232330743042098,5.149160537801436,3.232330743042098,5.149160537801436,True
4-9-18_Schnable_49-588-js168-240_2018-04-11_11-33-20_9999500,3,38.2483,47.00604481834705,-172.042,-174.36666258477,0.37443077822374077,167.0,-0.07107565720996882,False,8.75774481834705,-2.32466258477001,8.75774481834705,2.32466258477001,True
4-9-18_Schnable_49-588-js168-240_2018-04-11_11-33-20_9999500,4,54.9873,55.04570791122901,167.973,173.3640165318949,0.2886824634349472,116.0,-0.061795305081816576,False,0.05840791122901123,5.391016531894877,0.05840791122901123,5.391016531894877,True
4-9-18_Schnable_49-588-js168-240_2018-04-11_11-33-20_9999500,5,53.3157,55.03221879480414,138.37,127.92068784757544,0.12784101148468924,60.0,-0.061795305081816576,False,1.7165187948041378,-10.449312152424568,1.7165187948041378,10.449312152424568,True
4-9-18_Schnable_49-588-js168-240_2018-04-11_11-33-20_9999500,6,47.2601,56.73786570211034,23.5597,22.286027834696824,0.40039142915268017,186.0,-0.057172924718648786,False,9.47776570211034,-1.273672165303168,9.47776570211034,1.273672165303168,True
4-9-18_Schnable_49-588-js168-240_2018-04-11_11-33-20_9999500,7,27.0326,38.96251075266996,-170.047,-177.83161440412627,0.46616993300138515,198.0,-0.028258110455127824,False,11.929910752669958,-7.784614404126273,11.929910752669958,7.784614404126273,True
4-9-18_Schnable_49-588-js168-240_2018-04-11_11-33-20_9999500,8,38.7187,38.45046607441202,11.6619,9.276736416589472,0.5490402081380975,251.0,0.0035283682158922546,False,-0.2682339255879782,-2.385163583410531,0.2682339255879782,2.385163583410531,True
4-9-18_Schnable_49-588-js168-240_2018-04-11_11-33-20_9999500,9,36.2809,37.95292215761431,5.49225,12.63563047249221,0.5636663076192189,256.0,0.12238782736464535,False,1.6720221576143075,7.143380472492197,1.6720221576143075,7.143380472492197,True
4-9-18_Schnable_49-588-js168-240_2018-04-11_11-33-20_9999500,10,21.8273,24.060720892231927,-63.1302,-64.66684491276854,0.20560734610699938,82.0,0.12238782736464535,False,2.2334208922319263,-1.536644912768537,2.2334208922319263,1.536644912768537,True
4-9-18_Schnable_49-588-js168-240_2018-04-11_11-33-20_9999500,11,36.2126,29.251025007271025,125.48,-155.66570247519445,0.33158348918952046,141.0,0.17986572742358345,False,-6.961574992728977,78.85429752480553,6.961574992728977,78.85429752480553,True
4-9-18_Schnable_49-588-js168-240_2018-04-11_11-33-20_9999500,12,21.8243,33.95702054983752,-157.413,141.7949876007143,0.5333642017982005,250.0,0.17986572742358345,False,12.132720549837522,-60.79201239928568,12.132720549837522,60.79201239928568,True
4-9-18_Schnable_49-589-js49-3-78_2018-04-11_11-35-34_9999600,0,51.7321,56.71142538099018,-55.7676,-51.90682695403086,0.1920242021417942,81.0,-0.11147695758140111,False,4.979325380990176,3.860773045969154,4.979325380990176,3.860773045969154,True
4-9-18_Schnable_49-589-js49-3-78_2018-04-11_11-35-34_9999600,1,58.9152,64.54569181463654,-141.415,-140.97049797404134,0.22588753450544685,92.0,-0.08092661972679531,False,5.630491814636542,0.4445020259586556,5.630491814636542,0.4445020259586556,True
4-9-18_Schnable_49-589-js49-3-78_2018-04-11_11-35-34_9999600,2,47.8463,56.37668917938661,-23.1466,-12.096392561015847,0.3438487511911263,178.0,-0.0632979823872484,False,8.53038917938661,11.05020743898416,8.53038917938661,11.05020743898416,True
4-9-18_Schnable_49-589-js49-3-78_2018-04-11_11-35-34_9999600,3,61.4265,66.99756060425169,-149.39,-159.81954517627756,0.35892940073935237,166.0,-0.0289018781948591,False,5.5710606042516915,-10.429545176277571,5.5710606042516915,10.429545176277571,True
4-9-18_Schnable_49-589-js49-3-78_2018-04-11_11-35-34_9999600,4,45.9796,51.54307340924826,-11.8686,-9.385781949630825,0.4489979169601508,232.0,-0.005489547307273208,False,5.56347340924826,2.4828180503691897,5.56347340924826,2.4828180503691897,True
4-9-18_Schnable_49-589-js49-3-78_2018-04-11_11-35-34_9999600,5,46.8707,44.51404623207425,-154.699,-156.08468839289807,0.3754160327296258,169.0,0.03569567430519483,False,-2.3566537679257493,-1.3856883928980608,2.3566537679257493,1.3856883928980608,True
4-9-18_Schnable_49-589-js49-3-78_2018-04-11_11-35-34_9999600,6,40.4642,40.98475075972787,-22.0811,-14.664701406641655,0.4744989059070536,225.0,0.07456240339542593,False,0.5205507597278753,7.416398593358338,0.5205507597278753,7.416398593358338,True
4-9-18_Schnable_49-589-js49-3-78_2018-04-11_11-35-34_9999600,7,42.2844,26.468826119788503,-136.794,13.871056144970282,0.36096363526419095,146.0,0.1705618952330467,False,-15.815573880211495,150.66505614497032,15.815573880211495,150.66505614497032,True
4-9-18_Schnable_49-589-js49-3-78_2018-04-11_11-35-34_9999600,8,24.1727,29.055420007478496,-27.9513,-160.6281862235492,0.42823073606886497,216.0,0.1705618952330467,False,4.882720007478497,-132.6768862235492,4.882720007478497,132.6768862235492,True
4-9-18_Schnable_49-590-js225-357_2018-04-11_11-37-47_9999700,0,25.9998,28.76910608510029,99.2165,116.81335305894663,0.2176099254850468,99.0,-0.14043588741656754,False,2.7693060851002897,17.596853058946635,2.7693060851002897,17.596853058946635,True
4-9-18_Schnable_49-590-js225-357_2018-04-11_11-37-47_9999700,1,21.8308,28.615675100530567,-92.3529,-90.17248852171869,0.31173635931437305,150.0,-0.09559893147575868,False,6.7848751005305665,2.1804114782813144,6.7848751005305665,2.1804114782813144,True
4-9-18_Schnable_49-590-js225-357_2018-04-11_11-37-47_9999700,2,21.5839,28.984874514845508,107.141,101.91028533008006,0.38527047399940595,169.0,-0.06704667714181577,False,7.400974514845508,-5.230714669919962,7.400974514845508,5.230714669919962,True
4-9-18_Schnable_49-590-js225-357_2018-04-11_11-37-47_9999700,3,23.2176,28.745240681302825,-79.3423,-84.91380261637319,0.45617600544276904,205.0,-0.03161947042409799,False,5.527640681302824,-5.571502616373209,5.527640681302824,5.571502616373209,True
4-9-18_Schnable_49-590-js225-357_2018-04-11_11-37-47_9999700,4,26.2821,28.943886023740454,122.019,114.9299180324868,0.4937203394871555,218.0,0.007120086616048677,False,2.6617860237404543,-7.089081967513209,2.6617860237404543,7.089081967513209,True
4-9-18_Schnable_49-590-js225-357_2018-04-11_11-37-47_9999700,5,42.6934,32.311822007770445,-109.065,-85.30163181688494,0.5184602682288124,237.0,0.10413150010919582,False,-10.381577992229552,23.763368183115062,10.381577992229552,23.763368183115062,True
4-9-18_Schnable_49-590-js225-357_2018-04-11_11-37-47_9999700,6,22.4993,30.042234196482944,67.9902,51.32425033347522,0.3362295377649192,149.0,0.1569456184908867,False,7.542934196482943,-16.665949666524796,7.542934196482943,16.665949666524796,True
4-9-18_Schnable_49-590-js225-357_2018-04-11_11-37-47_9999700,7,37.0459,44.15790476785724,-85.1699,-114.95676508687872,0.19086220930586112,81.0,0.16972866195397518,False,7.112004767857236,-29.78686508687872,7.112004767857236,29.78686508687872,True
4-9-18_Schnable_49-590-js225-357_2018-04-11_11-37-47_9999700,8,45.2742,34.76326765987664,-115.957,-64.75262086614012,0.18217838745869222,95.0,0.16972866195397518,False,-10.510932340123361,51.204379133859874,10.510932340123361,51.204379133859874,True
4-9-18_Schnable_49-591-js43-70_2018-04-11_11-40-03_9999800,0,26.6404,52.60977413974829,3.65282,125.51009896335563,0.27367780237115924,107.0,0.025119759849662908,True,25.96937413974829,121.85727896335561,25.96937413974829,121.85727896335561,True
4-9-18_Schnable_49-591-js43-70_2018-04-11_11-40-03_9999800,1,90.9629,22.683472201780347,172.072,-100.88688299322087,0.2428768337792711,117.0,0.05299539514179471,True,-68.27942779821966,87.04111700677913,68.27942779821966,87.04111700677913,True
4-9-18_Schnable_49-591-js43-70_2018-04-11_11-40-03_9999800,2,22.0689,24.796279616287322,127.052,85.02482922221736,0.10907535719346308,42.0,0.05299539514179471,True,2.7273796162873225,-42.02717077778266,2.7273796162873225,42.02717077778266,True
4-9-18_Schnable_49-592-js131-2-190_2018-04-11_11-42-18_9999900,0,36.2372,42.05245796665747,-1.24105,-2.4424777188608573,0.39538822800487383,171.0,-0.05227274357213613,False,5.8152579666574695,-1.201427718860856,5.8152579666574695,1.201427718860856,True
4-9-18_Schnable_49-592-js131-2-190_2018-04-11_11-42-18_9999900,1,42.2642,49.83267420908371,-178.907,-177.78470545172257,0.48458581952335045,222.0,-0.04287135709537936,False,7.5684742090837105,1.1222945482774378,7.5684742090837105,1.1222945482774378,True
4-9-18_Schnable_49-592-js131-2-190_2018-04-11_11-42-18_9999900,2,35.5289,39.47295877040607,177.586,-178.5425015832822,0.4357438082319659,178.0,0.05215823383285457,False,3.9440587704060732,3.8714984167178272,3.9440587704060732,3.8714984167178272,True
4-9-18_Schnable_49-592-js131-2-190_2018-04-11_11-42-18_9999900,3,51.2372,53.20618999520517,7.68729,2.5398098315021684,0.28601949645123703,118.0,0.09143923553244751,False,1.9689899952051704,-5.147480168497822,1.9689899952051704,5.147480168497822,True
4-9-18_Schnable_49-592-js131-2-190_2018-04-11_11-42-18_9999900,4,22.6416,11.722270105068404,7.96049,-11.77035034939513,0.16853146034119215,70.0,0.09143923553244751,False,-10.919329894931597,-19.730840349395123,10.919329894931597,19.730840349395123,True
4-9-18_Schnable_49-592-js131-2-190_2018-04-11_11-42-18_9999900,5,22.7998,22.743456946107912,2.50478,-8.198133750112135,0.4493671973369871,187.0,0.12475721553731146,False,-0.056343053892089046,-10.702913750112145,0.056343053892089046,10.702913750112145,True
4-9-18_Schnable_49-592-js131-2-190_2018-04-11_11-42-18_9999900,6,22.2346,20.219080395870876,-172.686,-159.74248065928796,0.22263442985649076,104.0,0.12475721553731146,False,-2.015519604129125,12.943519340712044,2.015519604129125,12.943519340712044,True
4-9-18_Schnable_49-593-js93-3-130_2018-04-11_11-44-31_10000000,0,47.9192,61.32374611694823,-178.976,-177.2307518314344,0.1310490177678908,61.0,-0.10222275942272653,False,13.404546116948232,1.7452481685656096,13.404546116948232,1.7452481685656096,True
4-9-18_Schnable_49-593-js93-3-130_2018-04-11_11-44-31_10000000,1,31.94,37.043886726339764,-4.37419,3.7382500696736543,0.2585584878931688,111.0,-0.09121502483388891,False,5.103886726339763,8.112440069673653,5.103886726339763,8.112440069673653,True
4-9-18_Schnable_49-593-js93-3-130_2018-04-11_11-44-31_10000000,2,26.1483,37.80084355323479,51.5759,67.63020309974888,0.10813367092591267,40.0,-0.09121502483388891,False,11.652543553234793,16.054303099748893,11.652543553234793,16.054303099748893,True
4-9-18_Schnable_49-593-js93-3-130_2018-04-11_11-44-31_10000000,3,34.5077,32.59715641026856,143.803,-168.64887378799435,0.44665224926778274,199.0,-0.009052210252984036,False,-1.9105435897314393,47.54812621200563,1.9105435897314393,47.54812621200563,True
4-9-18_Schnable_49-593-js93-3-130_2018-04-11_11-44-31_10000000,4,42.6408,50.57800313466583,-170.033,-164.2952740723716,0.1022497866387663,54.0,-0.009052210252984036,False,7.937203134665829,5.737725927628389,7.937203134665829,5.737725927628389,True
4-9-18_Schnable_49-593-js93-3-130_2018-04-11_11-44-31_10000000,5,21.9148,7.98483576587175,-145.74,-168.0936728494451,0.46106532019878477,208.0,0.03138213850363004,False,-13.92996423412825,-22.353672849445104,13.92996423412825,22.353672849445104,True
4-9-18_Schnable_49-593-js93-3-130_2018-04-11_11-44-31_10000000,6,28.2368,29.175793047689282,-171.898,-168.38716759509467,0.46439985571880343,202.0,0.06691762616079194,False,0.9389930476892836,3.5108324049053294,0.9389930476892836,3.5108324049053294,True
4-9-18_Schnable_49-593-js93-3-130_2018-04-11_11-44-31_10000000,7,5.30485,18.52770934683042,117.667,21.049167335825757,0.36829330782287784,181.0,0.09937930607793732,False,13.22285934683042,-96.61783266417424,13.22285934683042,96.61783266417424,True
4-9-18_Schnable_49-593-js93-3-130_2018-04-11_11-44-31_10000000,8,44.801,42.086838999411185,20.6446,15.097666269334695,0.13878620990233853,56.0,0.09937930607793732,False,-2.714161000588817,-5.546933730665302,2.714161000588817,5.546933730665302,True
4-9-18_Schnable_49-593-js93-3-130_2018-04-11_11-44-31_10000000,9,51.3886,6.728964226425731,-171.771,102.7105211486749,0.17410690563777734,91.0,0.15135670877732169,False,-44.659635773574266,-85.51847885132509,44.659635773574266,85.51847885132509,True
4-9-18_Schnable_49-593-js93-3-130_2018-04-11_11-44-31_10000000,10,5.21346,47.19022857626095,45.6145,-158.45758861785856,0.20812949995803848,96.0,0.15135670877732169,False,41.97676857626095,155.92791138214147,41.97676857626095,155.92791138214147,True
4-9-18_Schnable_49-594-js60-89_2018-04-11_11-46-45_10000100,0,39.8757,39.333948108050386,-43.7125,-41.820345512033725,0.2676240464291557,118.0,-0.125150422765225,False,-0.541751891949616,1.8921544879662804,0.541751891949616,1.8921544879662804,True
4-9-18_Schnable_49-594-js60-89_2018-04-11_11-46-45_10000100,1,33.6116,39.053393021936685,-175.556,-175.34323116779984,0.3778695047264182,163.0,-0.09396455377473265,False,5.441793021936682,0.21276883220016884,5.441793021936682,0.21276883220016884,True
4-9-18_Schnable_49-594-js60-89_2018-04-11_11-46-45_10000100,2,41.3224,40.0607682374648,-23.4384,-21.0515771164836,0.2654673056736208,108.0,-0.07675748725210403,False,-1.2616317625352025,2.386822883516402,1.2616317625352025,2.386822883516402,True
4-9-18_Schnable_49-594-js60-89_2018-04-11_11-46-45_10000100,3,29.9684,41.24159382573345,176.209,172.31973599535695,0.23889621000060915,101.0,-0.05795606820804024,False,11.273193825733454,-3.889264004643053,11.273193825733454,3.889264004643053,True
4-9-18_Schnable_49-594-js60-89_2018-04-11_11-46-45_10000100,4,38.7426,40.73883280746122,-23.6067,-29.527113395668266,0.1584463219692386,63.0,-0.0008890574557887058,False,1.9962328074612188,-5.920413395668277,1.9962328074612188,5.920413395668277,True
4-9-18_Schnable_49-594-js60-89_2018-04-11_11-46-45_10000100,5,45.1883,39.763687152550276,179.213,178.893811443976,0.4566849465126762,183.0,0.0034118894559836722,False,-5.424612847449723,-0.3191885560239882,5.424612847449723,0.3191885560239882,True
4-9-18_Schnable_49-594-js60-89_2018-04-11_11-46-45_10000100,6,24.0477,23.43126256354772,-13.2974,-15.387218607606599,0.5575817095163107,252.0,0.08124286429616066,False,-0.61643743645228,-2.0898186076065883,0.61643743645228,2.0898186076065883,True
4-9-18_Schnable_49-594-js60-89_2018-04-11_11-46-45_10000100,7,23.6544,27.03938887965119,148.302,12.756828627606524,0.30058644661873674,131.0,0.19386983617026576,False,3.3849888796511927,-135.54517137239347,3.3849888796511927,135.54517137239347,True
4-9-18_Schnable_49-594-js60-89_2018-04-11_11-46-45_10000100,8,25.3669,28.09887395330192,0.560516,138.66803195585237,0.4277074035622901,199.0,0.19386983617026576,False,2.7319739533019174,138.10751595585236,2.7319739533019174,138.10751595585236,True
4-9-18_Schnable_49-595-js142-208_2018-04-11_11-48-59_10000200,0,150.949,57.786488667325855,153.205,-162.12334731716965,0.0073462092322905265,3.0,-0.1023861950408943,True,-93.16251133267416,44.67165268283031,93.16251133267416,44.67165268283031,False
4-9-18_Schnable_49-595-js142-208_2018-04-11_11-48-59_10000200,1,21.4071,147.26481340504426,48.1381,-150.67368386729385,0.0028284271247462026,1.0,-0.093014227409073,True,125.85771340504427,161.18821613270615,125.85771340504427,161.18821613270615,False
4-9-18_Schnable_49-595-js142-208_2018-04-11_11-48-59_10000200,2,23.4329,22.966237826087593,-91.8618,-129.80256491478121,0.14058927724674772,58.0,-0.093014227409073,True,-0.4666621739124075,-37.9407649147812,0.4666621739124075,37.9407649147812,True
4-9-18_Schnable_49-595-js142-208_2018-04-11_11-48-59_10000200,3,22.426,25.357433464997,79.8439,90.51644657733016,0.21537781234338052,100.0,-0.07194563589993754,True,2.931433464997003,10.672546577330138,2.931433464997003,10.672546577330138,True
4-9-18_Schnable_49-595-js142-208_2018-04-11_11-48-59_10000200,4,17.6959,22.689661260398097,35.5204,-93.65067465607416,0.24939617793522983,109.0,-0.0036705719117489676,True,4.993761260398095,-129.17107465607415,4.993761260398095,129.17107465607415,True
4-9-18_Schnable_49-595-js142-208_2018-04-11_11-48-59_10000200,5,25.4034,64.09229778918737,-69.094,-161.36824560520012,0.06209007596034718,33.0,0.006736682383927538,True,38.688897789187365,-92.27424560520012,38.688897789187365,92.27424560520012,True
4-9-18_Schnable_49-595-js142-208_2018-04-11_11-48-59_10000200,6,47.3291,22.7252698210185,110.735,108.61529078259287,0.3458467056548092,147.0,0.03525270694205532,True,-24.603830178981497,-2.1197092174071486,24.603830178981497,2.1197092174071486,True
4-9-18_Schnable_49-595-js142-208_2018-04-11_11-48-59_10000200,7,24.2616,29.194113298640225,-140.037,60.177358654839736,0.12860653026780205,52.0,0.1428143309487278,True,4.932513298640224,-159.78564134516023,4.932513298640224,159.78564134516023,True
4-9-18_Schnable_49-596-js36-62_2018-04-11_11-51-12_10000300,0,30.3,47.21173716180962,140.506,154.28639890779039,0.10759447253597414,47.0,-0.06824397722448976,False,16.911737161809622,13.780398907790385,16.911737161809622,13.780398907790385,True
4-9-18_Schnable_49-596-js36-62_2018-04-11_11-51-12_10000300,1,46.0919,47.397807443210596,-20.7841,-12.582109994047016,0.261403371201943,103.0,-0.06399832644676107,False,1.305907443210593,8.201990005952979,1.305907443210593,8.201990005952979,True
4-9-18_Schnable_49-596-js36-62_2018-04-11_11-51-12_10000300,2,31.1103,32.31708834375744,163.301,173.28362944402375,0.1305392830296831,49.0,-0.0042605973369934415,False,1.2067883437574416,9.982629444023758,1.2067883437574416,9.982629444023758,True
4-9-18_Schnable_49-596-js36-62_2018-04-11_11-51-12_10000300,3,23.024,22.056778078289213,-1.75999,-10.887302689624647,0.31063186783695035,140.0,0.04868856624223004,False,-0.967221921710788,-9.12731268962466,0.967221921710788,9.12731268962466,True
4-9-18_Schnable_49-596-js36-62_2018-04-11_11-51-12_10000300,4,29.5124,26.389055893978544,152.746,26.079897368559216,0.2305151790890827,93.0,0.14029271321986994,False,-3.123344106021456,-126.6661026314408,3.123344106021456,126.6661026314408,True
4-9-18_Schnable_49-596-js36-62_2018-04-11_11-51-12_10000300,5,27.6321,26.34075345043415,24.8645,160.06404917342041,0.4223307151913247,178.0,0.14029271321986994,False,-1.2913465495658514,135.19954917342045,1.2913465495658514,135.19954917342045,True
4-9-18_Schnable_49-597-js10-1-19_2018-04-11_11-53-27_10000400,0,34.372,37.31017304111684,176.41,-178.00721072376734,0.34354774454638953,149.0,-0.1129738603822477,False,2.9381730411168405,5.582789276232688,2.9381730411168405,5.582789276232688,True
4-9-18_Schnable_49-597-js10-1-19_2018-04-11_11-53-27_10000400,1,33.9151,31.45665971655898,-35.3958,-16.398977085071323,0.09551454945964909,45.0,-0.05624365461387769,False,-2.4584402834410213,18.996822914928686,2.4584402834410213,18.996822914928686,True
4-9-18_Schnable_49-597-js10-1-19_2018-04-11_11-53-27_10000400,2,38.686,33.7202020753752,-17.7644,-10.752205283087818,0.3885063108843452,173.0,-0.051953473048514574,False,-4.965797924624802,7.012194716912177,4.965797924624802,7.012194716912177,True
4-9-18_Schnable_49-597-js10-1-19_2018-04-11_11-53-27_10000400,3,47.0359,42.505673058195406,-163.862,-171.44448916768997,0.38799412273295114,180.0,-0.030276730011699567,False,-4.530226941804592,-7.582489167689971,4.530226941804592,7.582489167689971,True
4-9-18_Schnable_49-597-js10-1-19_2018-04-11_11-53-27_10000400,4,36.5637,27.17515319527842,-159.861,177.1286519903423,0.44193429017480546,195.0,-0.0008039971299049391,False,-9.388546804721578,-23.01034800965772,9.388546804721578,23.01034800965772,True
4-9-18_Schnable_49-597-js10-1-19_2018-04-11_11-53-27_10000400,5,17.1976,23.63657238326259,151.552,136.67246436941952,0.14917878367811824,67.0,0.017469881413795067,False,6.438972383262588,-14.879535630580477,6.438972383262588,14.879535630580477,True
4-9-18_Schnable_49-597-js10-1-19_2018-04-11_11-53-27_10000400,6,22.7074,45.94151858601014,-136.228,4.585229125471244,0.2998320557467906,145.0,0.08843777387985512,False,23.23411858601014,140.81322912547125,23.23411858601014,140.81322912547125,True
4-9-18_Schnable_49-597-js10-1-19_2018-04-11_11-53-27_10000400,7,49.0767,5.369423502644594,-3.17561,-23.277949290261887,0.36445964375189543,163.0,0.08843777387985512,False,-43.70727649735541,-20.10233929026188,43.70727649735541,20.10233929026188,True
4-9-18_Schnable_49-597-js10-1-19_2018-04-11_11-53-27_10000400,8,37.2796,59.7872125961212,74.1731,74.14548112181859,0.10791829921096706,51.0,0.08319685655968946,False,22.5076125961212,-0.027618878181414175,22.5076125961212,0.027618878181414175,True
4-9-18_Schnable_49-597-js10-1-19_2018-04-11_11-53-27_10000400,9,45.2817,25.97262112979466,168.511,166.35097094547,0.45997721034101413,201.0,0.13457858115678223,False,-19.30907887020534,-2.1600290545299856,19.30907887020534,2.1600290545299856,True
4-9-18_Schnable_49-597-js10-1-19_2018-04-11_11-53-27_10000400,10,33.1473,27.57334488734554,12.8474,29.220587091218476,0.35684041733102,148.0,0.13457858115678223,False,-5.57395511265446,16.373187091218483,5.57395511265446,16.373187091218483,True
4-9-18_Schnable_49-598-js123-181_2018-04-11_11-55-42_10000500,0,47.2653,23.851557296904573,153.757,79.54276099344435,0.0964199022273135,43.0,-0.046597927861257854,False,-23.41374270309543,-74.21423900655566,23.41374270309543,74.21423900655566,True
4-9-18_Schnable_49-598-js123-181_2018-04-11_11-55-42_10000500,1,38.6648,44.92549137635542,141.836,165.19468582200795,0.2783350529981475,130.0,-0.046597927861257854,False,6.2606913763554175,23.358685822007942,6.2606913763554175,23.358685822007942,True
4-9-18_Schnable_49-598-js123-181_2018-04-11_11-55-42_10000500,2,43.7223,44.01449882524891,2.02933,4.3839897913313735,0.2978278577523743,139.0,-0.03505676719819882,False,0.29219882524891005,2.354659791331386,0.29219882524891005,2.354659791331386,True
4-9-18_Schnable_49-598-js123-181_2018-04-11_11-55-42_10000500,3,31.7066,36.19337188716244,1.76294,13.743742860465773,0.23683676264055603,106.0,-0.012979361152998605,False,4.4867718871624405,11.980802860465758,4.4867718871624405,11.980802860465758,True
4-9-18_Schnable_49-598-js123-181_2018-04-11_11-55-42_10000500,4,29.3279,39.01379027287363,174.599,178.93432319127078,0.3145599431016233,131.0,0.01906232365005832,False,9.685890272873628,4.335323191270788,9.685890272873628,4.335323191270788,True
4-9-18_Schnable_49-598-js123-181_2018-04-11_11-55-42_10000500,5,26.068,29.489479435496555,-7.96682,4.372554273087928,0.37565134506179754,157.0,0.08094970419567676,False,3.421479435496554,12.339374273087941,3.421479435496554,12.339374273087941,True
4-9-18_Schnable_49-598-js123-181_2018-04-11_11-55-42_10000500,6,26.8099,31.423687865649676,-131.965,-138.08312631495946,0.33953277356203426,143.0,0.15527876137984828,False,4.613787865649677,-6.118126314959454,4.613787865649677,6.118126314959454,True
4-9-18_Schnable_49-598-js123-181_2018-04-11_11-55-42_10000500,7,28.9652,27.627974173528663,-6.91282,0.10754631611348486,0.26818870364237013,122.0,0.15527876137984828,False,-1.337225826471336,7.0203663161134955,1.337225826471336,7.0203663161134955,True
4-9-18_Schnable_49-599-js177-258_2018-04-11_11-57-57_10000600,0,44.8614,40.9920567272774,-136.877,177.71633015675206,0.07649994456608034,31.0,-0.058896626680358145,False,-3.8693432727226025,-45.406669843247926,3.8693432727226025,45.406669843247926,True
4-9-18_Schnable_49-599-js177-258_2018-04-11_11-57-57_10000600,1,32.4055,37.84763405818477,17.9087,-8.03193644642991,0.17802979647464595,86.0,-0.02338341773335828,False,5.442134058184763,-25.94063644642992,5.442134058184763,25.94063644642992,True
4-9-18_Schnable_49-599-js177-258_2018-04-11_11-57-57_10000600,2,18.4025,23.245874903498716,-170.37,164.97171311109918,0.2808730346509984,128.0,0.01940445792417627,False,4.843374903498717,-24.658286888900875,4.843374903498717,24.658286888900875,True
4-9-18_Schnable_49-599-js177-258_2018-04-11_11-57-57_10000600,3,15.8932,19.36955004272012,25.6768,165.5172592834607,0.33590119249605155,156.0,0.08708314100752251,False,3.476350042720121,139.8404592834607,3.476350042720121,139.8404592834607,True
4-9-18_Schnable_49-599-js177-258_2018-04-11_11-57-57_10000600,4,8.34831,18.473688836522797,177.68,-9.558524140264723,0.3403508954545874,163.0,0.08708314100752251,False,10.125378836522797,172.76147585973524,10.125378836522797,172.76147585973524,True
4-9-18_Schnable_49-600-js233-371_2018-04-11_12-00-11_10000700,0,43.8863,50.81638470089736,-158.016,-158.9186835660564,0.24697718876237923,117.0,-0.12155823419135464,False,6.9300847008973605,-0.9026835660563961,6.9300847008973605,0.9026835660563961,True
4-9-18_Schnable_49-600-js233-371_2018-04-11_12-00-11_10000700,1,33.3522,37.294104400935126,-13.6103,-2.510852701403138,0.2984098688721959,134.0,-0.09216050223527014,False,3.9419044009351225,11.099447298596857,3.9419044009351225,11.099447298596857,True
4-9-18_Schnable_49-600-js233-371_2018-04-11_12-00-11_10000700,2,31.5075,51.465430179756744,-145.867,163.1238946985319,0.37564368662652486,164.0,-0.07011905452799641,False,19.957930179756744,-51.00910530146814,19.957930179756744,51.00910530146814,True
4-9-18_Schnable_49-600-js233-371_2018-04-11_12-00-11_10000700,3,45.242,31.72246977951196,167.08,165.797978211633,0.47562753234411087,214.0,-0.07011905452799641,False,-13.519530220488036,-1.2820217883670182,13.519530220488036,1.2820217883670182,True
4-9-18_Schnable_49-600-js233-371_2018-04-11_12-00-11_10000700,4,35.9265,29.4104407035109,5.61673,3.9565318332388983,0.5045344097025174,236.0,0.010608028255383596,False,-6.516059296489097,-1.6601981667610914,6.516059296489097,1.6601981667610914,True
4-9-18_Schnable_49-600-js233-371_2018-04-11_12-00-11_10000700,5,79.1211,82.95950818389963,78.6644,90.53876773928334,0.13822663743618327,61.0,0.05338308303176683,False,3.838408183899631,11.874367739283343,3.838408183899631,11.874367739283343,True
4-9-18_Schnable_49-600-js233-371_2018-04-11_12-00-11_10000700,6,86.0387,80.74751961188727,16.274,13.745290534603441,0.20851159439841277,104.0,0.06151024229503647,False,-5.2911803881127355,-2.5287094653965596,5.2911803881127355,2.5287094653965596,True
4-9-18_Schnable_49-600-js233-371_2018-04-11_12-00-11_10000700,7,84.919,85.92310352550058,-39.072,-54.04481385313349,0.11099707937608445,54.0,0.06151024229503647,False,1.0041035255005824,-14.972813853133488,1.0041035255005824,14.972813853133488,True
4-9-18_Schnable_49-600-js233-371_2018-04-11_12-00-11_10000700,8,55.3473,49.51678717191698,134.339,123.59424987730773,0.4846214050727437,223.0,0.1546229991520082,False,-5.830512828083016,-10.744750122692267,5.830512828083016,10.744750122692267,True
4-9-18_Schnable_49-600-js233-371_2018-04-11_12-00-11_10000700,9,30.9961,20.473658051752608,9.0939,-178.8161918444153,0.21582413622632934,106.0,0.16166633045270737,False,-10.52244194824739,172.08990815558468,10.52244194824739,172.08990815558468,True
4-9-18_Schnable_49-600-js233-371_2018-04-11_12-00-11_10000700,10,20.8693,19.815759497046272,175.328,6.170877034306159,0.42275942983032594,192.0,0.16166633045270737,False,-1.0535405029537266,-169.15712296569384,1.0535405029537266,169.15712296569384,True
4-9-18_Schnable_49-601-js138-200_2018-04-11_12-02-25_10000800,0,41.4879,40.283109086115246,-31.9401,-32.67666378337228,0.13849838594704175,55.0,-0.060424397245948225,False,-1.2047909138847572,-0.7365637833722758,1.2047909138847572,0.7365637833722758,True
4-9-18_Schnable_49-601-js138-200_2018-04-11_12-02-25_10000800,1,25.4859,38.60126930976413,-115.894,-116.4179256568698,0.05836106588252145,30.0,-0.05829627771441248,False,13.115369309764127,-0.5239256568697783,13.115369309764127,0.5239256568697783,True
4-9-18_Schnable_49-601-js138-200_2018-04-11_12-02-25_10000800,2,34.9049,37.243869923836456,133.503,133.2987661337761,0.21103704237658083,83.0,-0.03305790581790875,False,2.3389699238364585,-0.20423386622388762,2.3389699238364585,0.20423386622388762,True
4-9-18_Schnable_49-601-js138-200_2018-04-11_12-02-25_10000800,3,40.8562,38.634987322759144,-26.2463,-27.90479233897355,0.33925970832253866,156.0,0.008347785080065404,False,-2.2212126772408567,-1.6584923389735593,2.2212126772408567,1.6584923389735593,True
4-9-18_Schnable_49-601-js138-200_2018-04-11_12-02-25_10000800,4,24.9203,24.909594679599763,-47.5293,-51.19260033163789,0.2287328254439604,112.0,0.13565052448810572,False,-0.010705320400237639,-3.6633003316378847,0.010705320400237639,3.6633003316378847,True
4-9-18_Schnable_49-601-js138-200_2018-04-11_12-02-25_10000800,5,33.7945,30.98393384897392,124.896,128.3275836577211,0.22727216663255942,99.0,0.13565052448810572,False,-2.81056615102608,3.4315836577210916,2.81056615102608,3.4315836577210916,True
4-9-18_Schnable_49-603-js147-1-214_2018-04-11_12-06-53_10001000,0,6.17406,164.38200989836724,-47.7725,115.92466235632105,0.055689330584062446,26.0,-0.11493861742813549,False,158.20794989836725,163.6971623563211,158.20794989836725,163.6971623563211,True
4-9-18_Schnable_49-603-js147-1-214_2018-04-11_12-06-53_10001000,1,33.215,40.97889866104122,-42.1058,-59.33252100950682,0.3771709030272964,162.0,-0.0842542413568625,False,7.7638986610412175,-17.226721009506832,7.7638986610412175,17.226721009506832,True
4-9-18_Schnable_49-603-js147-1-214_2018-04-11_12-06-53_10001000,2,33.9669,35.54196780469078,-37.4325,-58.59613080306681,0.33504885591719213,135.0,-0.01950223798935158,False,1.5750678046907751,-21.16363080306681,1.5750678046907751,21.16363080306681,True
4-9-18_Schnable_49-603-js147-1-214_2018-04-11_12-06-53_10001000,3,24.5814,20.21628081375661,118.57,123.39140762680705,0.37423162671237964,175.0,-0.005909691153561921,False,-4.365119186243387,4.8214076268070585,4.365119186243387,4.8214076268070585,True
4-9-18_Schnable_49-603-js147-1-214_2018-04-11_12-06-53_10001000,4,43.9093,31.858985970206675,142.267,128.45930911075686,0.36419492942761983,166.0,-0.004136862212570727,False,-12.050314029793327,-13.807690889243133,12.050314029793327,13.807690889243133,True
4-9-18_Schnable_49-603-js147-1-214_2018-04-11_12-06-53_10001000,5,31.0303,25.615665810042444,-42.1623,-60.03380367462481,0.48719016731413795,190.0,0.07152702210294361,False,-5.414634189957557,-17.87150367462482,5.414634189957557,17.87150367462482,True
4-9-18_Schnable_49-603-js147-1-214_2018-04-11_12-06-53_10001000,6,42.1308,20.85407416902636,153.762,135.00111955405566,0.5331285233880811,232.0,0.16295748087580672,False,-21.27672583097364,-18.760880445944338,21.27672583097364,18.760880445944338,True
4-9-18_Schnable_49-603-js147-1-214_2018-04-11_12-06-53_10001000,7,28.4642,14.37785160688766,-53.2349,97.07387050803294,0.2994469992922058,142.0,0.1651610405490511,False,-14.086348393112342,150.30877050803292,14.086348393112342,150.30877050803292,True
4-9-18_Schnable_49-603-js147-1-214_2018-04-11_12-06-53_10001000,8,16.4555,24.163279069549546,107.722,-68.57552052917073,0.4903916424078649,195.0,0.1651610405490511,False,7.707779069549545,-176.29752052917073,7.707779069549545,176.29752052917073,True
4-9-18_Schnable_49-604-js153-2-222_2018-04-11_12-09-06_10001100,0,33.4779,36.392997724687305,5.20537,9.428607282906285,0.45419884203914,199.0,0.06701301859485502,False,2.915097724687307,4.223237282906297,2.915097724687307,4.223237282906297,True
4-9-18_Schnable_49-604-js153-2-222_2018-04-11_12-09-06_10001100,1,9.12983,20.747513029291838,-164.38,-162.94442698756933,0.3672613367281483,162.0,0.06701301859485502,False,11.617683029291838,1.435573012430666,11.617683029291838,1.435573012430666,True
4-9-18_Schnable_49-605-js18-31_2018-04-11_12-11-20_10001200,0,35.116,34.657690654421586,178.209,179.86541454702433,0.336785445565247,162.0,-0.16641389377492766,False,-0.45830934557841374,1.6564145470243261,0.45830934557841374,1.6564145470243261,True
4-9-18_Schnable_49-605-js18-31_2018-04-11_12-11-20_10001200,1,39.8637,44.11592556454817,1.76816,4.852868143096032,0.4290363621293616,173.0,-0.14163624904013944,False,4.252225564548169,3.0847081430960372,4.252225564548169,3.0847081430960372,True
4-9-18_Schnable_49-605-js18-31_2018-04-11_12-11-20_10001200,2,26.8933,34.171965623146804,172.473,165.20799482689148,0.4228050674108675,188.0,-0.10808691797917797,False,7.278665623146804,-7.265005173108534,7.278665623146804,7.265005173108534,True
4-9-18_Schnable_49-605-js18-31_2018-04-11_12-11-20_10001200,3,29.5195,55.10904018248738,-122.346,-119.21065713225912,0.07721515263814564,37.0,-0.07902087157750066,False,25.589540182487376,3.1353428677408886,25.589540182487376,3.1353428677408886,True
4-9-18_Schnable_49-605-js18-31_2018-04-11_12-11-20_10001200,4,23.9357,30.68091748030332,23.6608,11.546857574149271,0.5634347698020957,235.0,-0.07484530283334706,False,6.745217480303321,-12.113942425850723,6.745217480303321,12.113942425850723,True
4-9-18_Schnable_49-605-js18-31_2018-04-11_12-11-20_10001200,5,25.1582,28.76697700824996,154.915,176.20132311976715,0.6601719589119667,313.0,-0.043453750506446634,False,3.608777008249959,21.28632311976716,3.608777008249959,21.28632311976716,True
4-9-18_Schnable_49-605-js18-31_2018-04-11_12-11-20_10001200,6,23.5113,27.036474475032264,15.543,7.871150429832028,0.5770570576599751,251.0,0.06033441341842487,False,3.5251744750322658,-7.6718495701679785,3.5251744750322658,7.6718495701679785,True
4-9-18_Schnable_49-605-js18-31_2018-04-11_12-11-20_10001200,7,31.8035,19.320291690861353,-145.427,-135.7675353973807,0.5264526653314721,233.0,0.1865963566280653,False,-12.483208309138647,9.659464602619295,12.483208309138647,9.659464602619295,True
4-9-18_Schnable_49-605-js18-31_2018-04-11_12-11-20_10001200,8,33.1113,27.717691393288156,-20.3038,-174.61202270533062,0.1843585003071619,91.0,0.23020689927229598,False,-5.393608606711844,-154.30822270533062,5.393608606711844,154.30822270533062,True
4-9-18_Schnable_49-605-js18-31_2018-04-11_12-11-20_10001200,9,16.9741,29.892436097535615,-171.321,-15.543848815139455,0.38804962642349844,154.0,0.23020689927229598,False,12.918336097535615,155.77715118486054,12.918336097535615,155.77715118486054,True
4-9-18_Schnable_49-606-js198-307_2018-04-11_12-13-34_10001300,0,30.0752,32.11273381505896,28.3154,20.710718890587145,0.2341452248265215,106.0,-0.16749344623237203,False,2.0375338150589606,-7.604681109412866,2.0375338150589606,7.604681109412866,True
4-9-18_Schnable_49-606-js198-307_2018-04-11_12-13-34_10001300,1,35.7231,39.19229472354223,-154.406,-150.54867328466744,0.3220521753873842,137.0,-0.1501951630698968,False,3.4691947235422305,3.8573267153325617,3.4691947235422305,3.8573267153325617,True
4-9-18_Schnable_49-606-js198-307_2018-04-11_12-13-34_10001300,2,24.8353,29.168330431513176,32.5357,19.327170353367876,0.3868276952840946,175.0,-0.10936760473480879,False,4.333030431513176,-13.208529646632115,4.333030431513176,13.208529646632115,True
4-9-18_Schnable_49-606-js198-307_2018-04-11_12-13-34_10001300,3,40.4289,36.54263577682312,-165.233,-150.88260363615524,0.4044635604932062,184.0,-0.07412446125002986,False,-3.8862642231768803,14.350396363844766,3.8862642231768803,14.350396363844766,True
4-9-18_Schnable_49-606-js198-307_2018-04-11_12-13-34_10001300,4,33.3669,27.99874772818771,18.7259,15.110542372579005,0.43061599611328816,193.0,-0.009716791037570985,False,-5.368152271812292,-3.615357627420991,5.368152271812292,3.615357627420991,True
4-9-18_Schnable_49-606-js198-307_2018-04-11_12-13-34_10001300,5,78.3718,48.67596676125047,-130.304,-145.3253757436532,0.4674246322402469,221.0,0.09906913449605761,False,-29.695833238749522,-15.02137574365321,29.695833238749522,15.02137574365321,True
4-9-18_Schnable_49-606-js198-307_2018-04-11_12-13-34_10001300,6,42.148,36.49054198094693,-131.98,-149.08059453891457,0.32304292111348515,150.0,0.11529210242750476,False,-5.657458019053074,-17.100594538914578,5.657458019053074,17.100594538914578,True
4-9-18_Schnable_49-606-js198-307_2018-04-11_12-13-34_10001300,7,45.1027,58.94456648320606,17.6851,-50.16927762434682,0.20057045463434056,96.0,0.2163522361235122,False,13.841866483206061,-67.85437762434682,13.841866483206061,67.85437762434682,True
4-9-18_Schnable_49-606-js198-307_2018-04-11_12-13-34_10001300,8,61.7481,45.402531968834225,-52.2599,12.11963221937873,0.33459560427515805,153.0,0.2163522361235122,False,-16.345568031165776,64.37953221937875,16.345568031165776,64.37953221937875,True
4-9-18_Schnable_49-607-js149-216_2018-04-11_12-15-48_10001400,0,32.4464,34.9159716326589,141.482,144.43837529254233,0.3289839413199437,147.0,-0.08833120958308491,False,2.469571632658905,2.956375292542333,2.469571632658905,2.956375292542333,True
4-9-18_Schnable_49-607-js149-216_2018-04-11_12-15-48_10001400,1,35.2609,42.115376535082525,-52.2829,-57.04425050115512,0.30674484523263384,130.0,-0.05207588117119789,False,6.854476535082526,-4.761350501155107,6.854476535082526,4.761350501155107,True
4-9-18_Schnable_49-607-js149-216_2018-04-11_12-15-48_10001400,2,36.0764,34.32053040888489,-45.9415,-42.10839020441051,0.4423401632874129,187.0,7.137961157575169e-05,False,-1.7558695911151077,3.833109795589479,1.7558695911151077,3.833109795589479,True
4-9-18_Schnable_49-607-js149-216_2018-04-11_12-15-48_10001400,3,51.2195,30.312834744628773,122.436,113.9508121769885,0.4471124784244468,191.0,0.013519252291270717,False,-20.906665255371223,-8.4851878230115,20.906665255371223,8.4851878230115,True
4-9-18_Schnable_49-607-js149-216_2018-04-11_12-15-48_10001400,4,23.0903,43.46891224585519,125.43,127.1583032043514,0.33557205005720847,150.0,0.013519252291270717,False,20.378612245855194,1.7283032043513913,20.378612245855194,1.7283032043513913,True
4-9-18_Schnable_49-607-js149-216_2018-04-11_12-15-48_10001400,5,33.2113,25.466060863793686,-25.1326,-46.114003095839024,0.488698049678804,199.0,0.01796147489956417,False,-7.745239136206315,-20.981403095839028,7.745239136206315,20.981403095839028,True
4-9-18_Schnable_49-607-js149-216_2018-04-11_12-15-48_10001400,6,31.9135,23.21835126792719,121.945,123.90347428455095,0.4307239498824197,202.0,0.1821550769038031,False,-8.69514873207281,1.9584742845509595,8.69514873207281,1.9584742845509595,True
4-9-18_Schnable_49-607-js149-216_2018-04-11_12-15-48_10001400,7,32.3229,26.069356923509808,-48.2373,-59.607874031355536,0.3078029638798613,144.0,0.1821550769038031,False,-6.253543076490189,-11.370574031355545,6.253543076490189,11.370574031355545,True
4-9-18_Schnable_49-608-js251-404_2018-04-11_12-18-07_10001500,0,43.5933,48.322325832281585,27.7516,29.02723786998621,0.26133853314245925,104.0,-0.07034845685297376,False,4.729025832281586,1.2756378699862125,4.729025832281586,1.2756378699862125,True
4-9-18_Schnable_49-608-js251-404_2018-04-11_12-18-07_10001500,1,45.2179,53.57416130984319,-127.389,-125.52307784730141,0.3366234045549067,152.0,-0.04802071942230791,False,8.356261309843191,1.8659221526986016,8.356261309843191,1.8659221526986016,True
4-9-18_Schnable_49-608-js251-404_2018-04-11_12-18-07_10001500,2,40.3579,49.18369226102629,34.6272,34.9025884951688,0.3362400707053735,142.0,-0.028286490594368604,False,8.825792261026287,0.2753884951687837,8.825792261026287,0.2753884951687837,True
4-9-18_Schnable_49-608-js251-404_2018-04-11_12-18-07_10001500,3,35.4693,40.64719999782576,-138.088,-129.64020829772016,0.352580026819888,148.0,-0.018026729112868917,False,5.177899997825762,8.44779170227983,5.177899997825762,8.44779170227983,True
4-9-18_Schnable_49-608-js251-404_2018-04-11_12-18-07_10001500,4,25.6476,34.64000982773526,43.6296,34.15402348465909,0.439067150347596,193.0,0.013877383390087587,False,8.992409827735262,-9.475576515340919,8.992409827735262,9.475576515340919,True
4-9-18_Schnable_49-608-js251-404_2018-04-11_12-18-07_10001500,5,29.9548,24.266337849602564,-132.764,-135.5493459090115,0.4216993326126873,176.0,0.06817306923898701,False,-5.688462150397434,-2.7853459090114825,5.688462150397434,2.7853459090114825,True
4-9-18_Schnable_49-608-js251-404_2018-04-11_12-18-07_10001500,6,23.7184,25.14642593724706,11.7151,34.78698989095585,0.43957238699818524,199.0,0.1318196026731848,False,1.4280259372470603,23.071889890955845,1.4280259372470603,23.071889890955845,True
4-9-18_Schnable_49-608-js251-404_2018-04-11_12-18-07_10001500,7,6.42459,25.856874482371524,-133.569,98.7728366268068,0.2682850717955754,125.0,0.1520293503892182,False,19.43228448237152,-127.65816337319325,19.43228448237152,127.65816337319325,True
4-9-18_Schnable_49-608-js251-404_2018-04-11_12-18-07_10001500,8,24.4688,16.14092812077898,95.0198,-147.94150225580316,0.41876528495242354,193.0,0.1520293503892182,False,-8.327871879221021,117.03869774419684,8.327871879221021,117.03869774419684,True
4-9-18_Schnable_49-610-js104-2-150_2018-04-11_12-22-31_10001700,0,44.7724,53.640742455771246,-8.6584,-6.239051689582482,0.4545862524748701,192.0,-0.0848743113015728,False,8.868342455771248,2.4193483104175186,8.868342455771248,2.4193483104175186,True
4-9-18_Schnable_49-610-js104-2-150_2018-04-11_12-22-31_10001700,1,30.0376,36.18400290139356,-174.049,-175.40659967959164,0.4412649904836347,203.0,-0.045270615803177996,False,6.146402901393561,-1.3575996795916296,6.146402901393561,1.3575996795916296,True
4-9-18_Schnable_49-610-js104-2-150_2018-04-11_12-22-31_10001700,2,25.005,32.12286078501553,-8.59952,-10.649660993613963,0.5045269545187551,210.0,-0.01273628378566584,False,7.117860785015534,-2.050140993613951,7.117860785015534,2.050140993613951,True
4-9-18_Schnable_49-610-js104-2-150_2018-04-11_12-22-31_10001700,3,28.7252,29.188124196282914,-155.186,-158.16482678533953,0.5104837928358436,233.0,0.023148899076617806,False,0.4629241962829127,-2.978826785339521,0.4629241962829127,2.978826785339521,True
4-9-18_Schnable_49-610-js104-2-150_2018-04-11_12-22-31_10001700,4,19.7674,23.003158185980638,12.8782,18.204469158643917,0.3837811590662409,165.0,0.08770931390165396,False,3.2357581859806395,5.326269158643925,3.2357581859806395,5.326269158643925,True
4-9-18_Schnable_49-610-js104-2-150_2018-04-11_12-22-31_10001700,5,32.959,18.640232124304276,-6.98503,-128.99233746269442,0.4368307853505031,208.0,0.20934567366612594,False,-14.318767875695727,-122.00730746269443,14.318767875695727,122.00730746269443,True
4-9-18_Schnable_49-610-js104-2-150_2018-04-11_12-22-31_10001700,6,26.0867,33.37651854160821,-149.591,-8.78921619691016,0.2456362591178816,107.0,0.20934567366612594,False,7.289818541608213,140.80178380308985,7.289818541608213,140.80178380308985,True
4-9-18_Schnable_49-611-js176-257_2018-04-11_12-24-45_10001800,0,29.8651,38.45734625574182,-146.094,-151.27613485598286,0.19010423863782383,82.0,-0.10881222032310234,False,8.592246255741816,-5.182134855982866,8.592246255741816,5.182134855982866,True
4-9-18_Schnable_49-611-js176-257_2018-04-11_12-24-45_10001800,1,21.2908,25.222689196406506,-10.4491,-15.430745763694517,0.25185021569070726,115.0,-0.07066351057924675,False,3.9318891964065052,-4.98164576369453,3.9318891964065052,4.98164576369453,True
4-9-18_Schnable_49-611-js176-257_2018-04-11_12-24-45_10001800,2,22.7545,28.785031467645844,178.399,169.61862011191693,0.3700800933150234,170.0,-0.027568798428277058,False,6.030531467645844,-8.780379888083075,6.030531467645844,8.780379888083075,True
4-9-18_Schnable_49-611-js176-257_2018-04-11_12-24-45_10001800,3,17.0975,23.280057208501617,-14.8798,-8.36975466061645,0.40258474400737027,188.0,0.01289926166796274,False,6.182557208501617,6.510045339383538,6.182557208501617,6.510045339383538,True
4-9-18_Schnable_49-611-js176-257_2018-04-11_12-24-45_10001800,4,33.1189,25.72453492867831,167.133,166.89279314960282,0.4102897690523199,176.0,0.05243812286476969,False,-7.394365071321687,-0.24020685039718614,7.394365071321687,0.24020685039718614,True
4-9-18_Schnable_49-611-js176-257_2018-04-11_12-24-45_10001800,5,23.9877,26.048125688889215,-17.2473,-4.791160489743561,0.37420497093793287,151.0,0.12370411633876975,False,2.0604256888892145,12.456139510256435,2.0604256888892145,12.456139510256435,True
4-9-18_Schnable_49-611-js176-257_2018-04-11_12-24-45_10001800,6,19.0606,12.435253891290074,145.787,130.8505674647554,0.37248359737109327,159.0,0.12370411633876975,False,-6.625346108709927,-14.93643253524462,6.625346108709927,14.93643253524462,True
4-9-18_Schnable_49-612-js14-1-24_2018-04-11_12-26-58_10001900,0,31.4378,35.20006879024306,9.7554,11.640657909731544,0.35293630949815535,160.0,-0.12496540752875925,False,3.762268790243059,1.8852579097315356,3.762268790243059,1.8852579097315356,True
4-9-18_Schnable_49-612-js14-1-24_2018-04-11_12-26-58_10001900,1,25.0829,33.17662434681755,-160.681,-158.6070098339585,0.4638125094641146,190.0,-0.08879132939029356,False,8.093724346817549,2.0739901660415114,8.093724346817549,2.0739901660415114,True
4-9-18_Schnable_49-612-js14-1-24_2018-04-11_12-26-58_10001900,2,28.2027,29.939439707267482,13.8693,12.439317071757387,0.5376591621057388,232.0,-0.0628497949614401,False,1.736739707267482,-1.429982928242623,1.736739707267482,1.429982928242623,True
4-9-18_Schnable_49-612-js14-1-24_2018-04-11_12-26-58_10001900,3,22.7106,26.047288624479656,-165.122,-159.7473846154616,0.5591008187672418,247.0,-0.03076064336994231,False,3.336688624479656,5.3746153845384015,3.336688624479656,5.3746153845384015,True
4-9-18_Schnable_49-612-js14-1-24_2018-04-11_12-26-58_10001900,4,28.9768,25.68891461390946,23.4812,14.087082205608283,0.5501425444941661,232.0,0.031401273871511,False,-3.28788538609054,-9.394117794391718,3.28788538609054,9.394117794391718,True
4-9-18_Schnable_49-612-js14-1-24_2018-04-11_12-26-58_10001900,5,26.1228,21.488318207040138,-144.843,-139.79759145818377,0.5351807657769585,233.0,0.14540665647361295,False,-4.634481792959864,5.045408541816215,4.634481792959864,5.045408541816215,True
4-9-18_Schnable_49-612-js14-1-24_2018-04-11_12-26-58_10001900,6,32.016,21.128348590186448,16.7755,-145.865566122994,0.37023018011085373,164.0,0.23338374528834235,False,-10.88765140981355,-162.641066122994,10.88765140981355,162.641066122994,True
4-9-18_Schnable_49-612-js14-1-24_2018-04-11_12-26-58_10001900,7,23.1231,13.082676760617218,-127.29,17.941638272579326,0.5145716477874152,236.0,0.23338374528834235,False,-10.040423239382783,145.23163827257935,10.040423239382783,145.23163827257935,True
4-9-18_Schnable_49-613-js28-3-48_2018-04-11_12-29-13_10002000,0,27.1132,33.30102486012291,36.9373,32.12007163241719,0.25267448846019813,101.0,-0.1335677032638176,False,6.187824860122909,-4.8172283675828,6.187824860122909,4.8172283675828,True
4-9-18_Schnable_49-613-js28-3-48_2018-04-11_12-29-13_10002000,1,36.3708,42.787211220601144,124.397,120.78118753960916,0.3289742993926806,138.0,-0.09772726098656145,False,6.416411220601141,-3.6158124603908277,6.416411220601141,3.6158124603908277,True
4-9-18_Schnable_49-613-js28-3-48_2018-04-11_12-29-13_10002000,2,34.0443,43.295444523725294,20.6025,27.97854230636426,0.41542661945133774,176.0,-0.07131722905655169,False,9.251144523725294,7.376042306364269,9.251144523725294,7.376042306364269,True
4-9-18_Schnable_49-613-js28-3-48_2018-04-11_12-29-13_10002000,3,37.4539,40.8395597712081,132.171,131.0294201457741,0.44422005471198867,193.0,-0.04162028932591304,False,3.385659771208104,-1.1415798542258813,3.385659771208104,1.1415798542258813,True
4-9-18_Schnable_49-613-js28-3-48_2018-04-11_12-29-13_10002000,4,35.9941,34.286139323145356,9.99803,-1.5414807911652986,0.4259289457468759,190.0,-0.01303966273725149,False,-1.707960676854647,-11.539510791165299,1.707960676854647,11.539510791165299,True
4-9-18_Schnable_49-613-js28-3-48_2018-04-11_12-29-13_10002000,5,32.2306,31.897033921319682,132.982,157.26433218765067,0.5041476723647398,226.0,0.024586238512205618,False,-0.3335660786803203,24.282332187650667,0.3335660786803203,24.282332187650667,True
4-9-18_Schnable_49-613-js28-3-48_2018-04-11_12-29-13_10002000,6,31.5304,33.27574543718635,-41.3285,-35.551678384897144,0.4690627215356359,202.0,0.10087798049782862,False,1.7453454371863515,5.776821615102847,1.7453454371863515,5.776821615102847,True
4-9-18_Schnable_49-613-js28-3-48_2018-04-11_12-29-13_10002000,7,39.3746,31.255231066766,153.142,168.84036179806935,0.4147681844316967,189.0,0.14279450829325044,False,-8.119368933234,15.698361798069357,8.119368933234,15.698361798069357,True
4-9-18_Schnable_49-613-js28-3-48_2018-04-11_12-29-13_10002000,8,14.2292,15.788110672629784,-29.0423,-24.70742985716663,0.16999269672453726,90.0,0.14279450829325044,False,1.5589106726297839,4.334870142833381,1.5589106726297839,4.334870142833381,True
4-9-18_Schnable_49-615-js89-126_2018-04-11_12-33-41_10002200,0,31.1524,36.97874041566006,126.327,121.11147620269793,0.34044210082211035,153.0,-0.12354595875532608,False,5.826340415660063,-5.215523797302069,5.826340415660063,5.215523797302069,True
4-9-18_Schnable_49-615-js89-126_2018-04-11_12-33-41_10002200,1,29.7204,33.37999459951675,-31.6526,-29.598218260890633,0.4627740852831158,192.0,-0.09690776486073406,False,3.6595945995167476,2.054381739109374,3.6595945995167476,2.054381739109374,True
4-9-18_Schnable_49-615-js89-126_2018-04-11_12-33-41_10002200,2,37.4769,36.20975826903791,163.498,157.05114590384676,0.3005457972494112,126.0,-0.08934109535834693,False,-1.2671417309620878,-6.446854096153231,1.2671417309620878,6.446854096153231,True
4-9-18_Schnable_49-615-js89-126_2018-04-11_12-33-41_10002200,3,27.9735,25.974559173907423,-68.7489,-71.31692975727337,0.4294082127199581,192.0,-0.010915176208736103,False,-1.9989408260925785,-2.568029757273365,1.9989408260925785,2.568029757273365,True
4-9-18_Schnable_49-615-js89-126_2018-04-11_12-33-41_10002200,4,24.5867,21.884401938913626,177.842,-174.56179966066185,0.4237057921249147,200.0,0.03654524503271962,False,-2.702298061086374,7.596200339338111,2.702298061086374,7.596200339338111,True
4-9-18_Schnable_49-615-js89-126_2018-04-11_12-33-41_10002200,5,18.9255,20.405435075401854,-57.806,-36.121040375504776,0.6473390189422628,278.0,0.08537037687372727,False,1.4799350754018548,21.684959624495207,1.4799350754018548,21.684959624495207,True
4-9-18_Schnable_49-615-js89-126_2018-04-11_12-33-41_10002200,6,17.3769,7.720770625908273,-168.553,-17.989538314536617,0.4197240581948872,198.0,0.22692759442582755,False,-9.656129374091726,150.56346168546338,9.656129374091726,150.56346168546338,True
4-9-18_Schnable_49-615-js89-126_2018-04-11_12-33-41_10002200,7,6.28141,16.358263217092855,-63.1792,-177.49625850600162,0.5460891395458316,251.0,0.22692759442582755,False,10.076853217092854,-114.31705850600162,10.076853217092854,114.31705850600162,True
4-9-18_Schnable_49-616-js174-1-252_2018-04-11_12-35-56_10002300,0,32.8389,39.78045938825105,-151.135,-170.47527106301274,0.28667791435317597,134.0,-0.044683418367758077,False,6.941559388251051,-19.34027106301275,6.941559388251051,19.34027106301275,True
4-9-18_Schnable_49-616-js174-1-252_2018-04-11_12-35-56_10002300,1,22.5001,23.22129003350598,4.00457,9.48593177846999,0.23002033550806553,94.0,0.019383781284411317,False,0.7211900335059802,5.481361778469989,0.7211900335059802,5.481361778469989,True
4-9-18_Schnable_49-616-js174-1-252_2018-04-11_12-35-56_10002300,2,25.8433,26.020944297325784,-164.741,-162.8957245679725,0.29575334639960693,125.0,0.0953355780485063,False,0.17764429732578435,1.8452754320275062,0.17764429732578435,1.8452754320275062,True
4-9-18_Schnable_49-616-js174-1-252_2018-04-11_12-35-56_10002300,3,22.8713,23.667415054666648,29.0003,21.066476588664955,0.35581073076085207,156.0,0.1253705847363663,False,0.7961150546666467,-7.933823411335055,0.7961150546666467,7.933823411335055,True
4-9-18_Schnable_49-616-js174-1-252_2018-04-11_12-35-56_10002300,4,20.6029,20.12332136230536,-173.49,-156.97006906959103,0.2199289696107156,104.0,0.1253705847363663,False,-0.47957863769464026,16.519930930408975,0.47957863769464026,16.519930930408975,True
4-9-18_Schnable_49-617-js274-55_2018-04-11_12-38-11_10002400,0,36.5892,38.024421872850056,10.7367,13.008394312649557,0.30173019401555057,159.0,-0.1060693335896061,False,1.4352218728500574,2.2716943126495437,1.4352218728500574,2.2716943126495437,True
4-9-18_Schnable_49-617-js274-55_2018-04-11_12-38-11_10002400,1,56.7342,57.791960890013875,138.646,161.20127689902216,0.12013584563589652,67.0,-0.0503187492925856,False,1.0577608900138742,22.555276899022175,1.0577608900138742,22.555276899022175,True
4-9-18_Schnable_49-617-js274-55_2018-04-11_12-38-11_10002400,2,43.6077,39.436401090109584,10.2417,3.026477601827878,0.3977906141870777,177.0,-0.03784901341630483,False,-4.171298909890417,-7.215222398172131,4.171298909890417,7.215222398172131,True
4-9-18_Schnable_49-617-js274-55_2018-04-11_12-38-11_10002400,3,40.379,44.94335832314174,48.2043,59.77864607967109,0.14232717197520178,60.0,-0.03784901341630483,False,4.5643583231417395,11.574346079671102,4.5643583231417395,11.574346079671102,True
4-9-18_Schnable_49-617-js274-55_2018-04-11_12-38-11_10002400,4,40.3023,36.97353320673289,18.357,17.917975212629074,0.3810748175332106,178.0,0.03659359704199635,False,-3.328766793267114,-0.43902478737092565,3.328766793267114,0.43902478737092565,True
4-9-18_Schnable_49-617-js274-55_2018-04-11_12-38-11_10002400,5,66.8682,66.4867265874046,-176.356,-171.67599588298245,0.23501379100778816,108.0,0.09279516664397452,False,-0.3814734125953976,4.680004117017546,0.3814734125953976,4.680004117017546,True
4-9-18_Schnable_49-617-js274-55_2018-04-11_12-38-11_10002400,6,42.6593,39.880307671979445,163.215,172.11036562620563,0.17516519071290562,73.0,0.09279516664397452,False,-2.778992328020557,8.895365626205631,2.778992328020557,8.895365626205631,True
4-9-18_Schnable_49-617-js274-55_2018-04-11_12-38-11_10002400,7,102.286,85.41676356439855,-78.0435,-72.87942024957887,0.11641438551644769,64.0,0.08000077869851921,False,-16.86923643560145,5.164079750421138,16.86923643560145,5.164079750421138,True
4-9-18_Schnable_49-617-js274-55_2018-04-11_12-38-11_10002400,8,33.7807,27.081350803985032,-171.433,-167.10911672959085,0.41434641906214886,180.0,0.0890980162798062,False,-6.699349196014971,4.323883270409141,6.699349196014971,4.323883270409141,True
4-9-18_Schnable_49-617-js274-55_2018-04-11_12-38-11_10002400,9,33.4516,29.941362857182412,-0.02184,-3.021554969436721,0.4349190969484154,204.0,0.11244630200386449,False,-3.510237142817587,-2.9997149694367238,3.510237142817587,2.9997149694367238,True
4-9-18_Schnable_49-617-js274-55_2018-04-11_12-38-11_10002400,10,28.9758,25.089817130664173,147.494,-44.96107413964836,0.19005719235916266,90.0,0.16073655832420336,False,-3.8859828693358267,167.54492586035167,3.8859828693358267,167.54492586035167,True
4-9-18_Schnable_49-617-js274-55_2018-04-11_12-38-11_10002400,11,17.5208,12.711416945333127,-68.0824,-157.00250776050655,0.3602619120876696,146.0,0.16073655832420336,False,-4.809383054666874,-88.92010776050654,4.809383054666874,88.92010776050654,True
4-9-18_Schnable_49-618-js90-127_2018-04-11_12-40-28_10002500,0,27.7403,32.4471564582252,-68.2761,-66.2537132555927,0.26223886621151793,112.0,-0.08442302214823184,False,4.7068564582252,2.0223867444072994,4.7068564582252,2.0223867444072994,True
4-9-18_Schnable_49-618-js90-127_2018-04-11_12-40-28_10002500,1,30.8876,34.54793824457594,123.768,119.25170191267262,0.3207513342651458,147.0,-0.04632730234898603,False,3.6603382445759394,-4.516298087327385,3.6603382445759394,4.516298087327385,True
4-9-18_Schnable_49-618-js90-127_2018-04-11_12-40-28_10002500,2,15.9617,21.326162717438848,123.251,114.06123126524415,0.2080944686741188,99.0,0.015428849499577318,False,5.3644627174388475,-9.189768734755859,5.3644627174388475,9.189768734755859,True
4-9-18_Schnable_49-618-js90-127_2018-04-11_12-40-28_10002500,3,16.3323,19.933118442177204,-87.6582,-75.00019002621774,0.42516410582348935,181.0,0.07760068205710749,False,3.6008184421772036,12.65800997378227,3.6008184421772036,12.65800997378227,True
4-9-18_Schnable_49-618-js90-127_2018-04-11_12-40-28_10002500,4,25.1773,20.870733712003812,134.869,-84.6530364420456,0.20690419729077703,86.0,0.15360412910427818,False,-4.306566287996187,140.4779635579544,4.306566287996187,140.4779635579544,True
4-9-18_Schnable_49-618-js90-127_2018-04-11_12-40-28_10002500,5,21.9687,18.02750037484776,-81.4069,130.04358796111342,0.3518804670410819,162.0,0.15360412910427818,False,-3.9411996251522368,-148.54951203888658,3.9411996251522368,148.54951203888658,True
4-9-18_Schnable_49-619-js255-409_2018-04-11_12-42-41_10002600,0,154.512,150.44566373069463,20.0461,14.935812642257702,0.15437435552323658,85.0,-0.16675375173826515,False,-4.066336269305367,-5.110287357742294,4.066336269305367,5.110287357742294,True
4-9-18_Schnable_49-619-js255-409_2018-04-11_12-42-41_10002600,1,42.9656,46.86717064162466,-159.652,-160.25418993897435,0.24932517730824771,113.0,-0.1148426925729143,False,3.9015706416246587,-0.6021899389743623,3.9015706416246587,0.6021899389743623,True
4-9-18_Schnable_49-619-js255-409_2018-04-11_12-42-41_10002600,2,23.6692,39.97702296564514,-33.947,-74.39274671323001,0.06639901487770845,24.0,-0.11282204440848477,False,16.30782296564514,-40.445746713229994,16.30782296564514,40.445746713229994,True
4-9-18_Schnable_49-619-js255-409_2018-04-11_12-42-41_10002600,3,41.7495,48.34580592240756,41.8933,33.825731749325996,0.33878544731635823,154.0,-0.10050709473515097,False,6.596305922407559,-8.067568250674015,6.596305922407559,8.067568250674015,True
4-9-18_Schnable_49-619-js255-409_2018-04-11_12-42-41_10002600,4,28.8626,38.44002191226187,164.653,-177.9092293304881,0.09357105320399463,43.0,-0.07728158880715573,False,9.577421912261869,17.437770669511906,9.577421912261869,17.437770669511906,True
4-9-18_Schnable_49-619-js255-409_2018-04-11_12-42-41_10002600,5,37.4359,41.39324708416935,-164.254,-161.57952374358868,0.3200468641165866,149.0,-0.07728158880715573,False,3.9573470841693563,2.6744762564113103,3.9573470841693563,2.6744762564113103,True
4-9-18_Schnable_49-619-js255-409_2018-04-11_12-42-41_10002600,6,40.5906,39.74794452931294,27.8675,26.082137924786934,0.30458531287871554,130.0,-0.05915411655614496,False,-0.8426554706870633,-1.7853620752130723,0.8426554706870633,1.7853620752130723,True
4-9-18_Schnable_49-619-js255-409_2018-04-11_12-42-41_10002600,7,34.8836,28.864941079352178,-168.443,-172.34713309606235,0.4077527590922553,167.0,-0.031887314299290696,False,-6.018658920647823,-3.9041330960623384,6.018658920647823,3.9041330960623384,True
4-9-18_Schnable_49-619-js255-409_2018-04-11_12-42-41_10002600,8,29.0671,35.05376707143168,11.4942,9.558064317913193,0.5249965894413493,237.0,0.006683080863446272,False,5.986667071431679,-1.9361356820868139,5.986667071431679,1.9361356820868139,True
4-9-18_Schnable_49-619-js255-409_2018-04-11_12-42-41_10002600,9,35.1538,31.848270242387102,162.1,162.86957273864834,0.47419181330976207,175.0,0.10262802478501569,False,-3.305529757612895,0.7695727386483497,3.305529757612895,0.7695727386483497,True
4-9-18_Schnable_49-619-js255-409_2018-04-11_12-42-41_10002600,10,30.7757,30.194900243886195,-43.8928,-23.8466701539611,0.3863012450771872,169.0,0.176430403947791,False,-0.5807997561138052,20.046129846038895,0.5807997561138052,20.046129846038895,True
4-9-18_Schnable_49-619-js255-409_2018-04-11_12-42-41_10002600,11,34.8528,36.67295474901942,163.327,150.5133196379354,0.2612340268148016,109.0,0.176430403947791,False,1.8201547490194159,-12.813680362064588,1.8201547490194159,12.813680362064588,True
4-9-18_Schnable_49-620-js124-183_2018-04-11_12-44-57_10002700,0,36.2697,41.67849214522646,157.371,156.8588180688629,0.27298811625863967,124.0,-0.11381470541263611,False,5.408792145226457,-0.5121819311371212,5.408792145226457,0.5121819311371212,True
4-9-18_Schnable_49-620-js124-183_2018-04-11_12-44-57_10002700,1,36.0652,42.427389831387075,-26.5364,-22.522235821079846,0.3460408866283354,159.0,-0.08813970474665582,False,6.362189831387077,4.0141641789201685,6.362189831387077,4.0141641789201685,True
4-9-18_Schnable_49-620-js124-183_2018-04-11_12-44-57_10002700,2,37.5876,45.69583229507625,162.622,154.29889804384322,0.42768612774820414,203.0,-0.061354154671143815,False,8.108232295076249,-8.32310195615679,8.108232295076249,8.32310195615679,True
4-9-18_Schnable_49-620-js124-183_2018-04-11_12-44-57_10002700,3,33.5061,38.63517125697669,8.85681,3.7523581164477378,0.511404113025052,221.0,-0.0180826481091294,False,5.129071256976687,-5.104451883552258,5.129071256976687,5.104451883552258,True
4-9-18_Schnable_49-620-js124-183_2018-04-11_12-44-57_10002700,4,27.8471,27.036255604133572,157.13,155.89622575893384,0.5269986319815144,253.0,0.03440592481581097,False,-0.8108443958664289,-1.2337742410661576,0.8108443958664289,1.2337742410661576,True
4-9-18_Schnable_49-620-js124-183_2018-04-11_12-44-57_10002700,5,29.7726,26.089743777285705,59.3569,66.20338820585562,0.45877042257213557,188.0,0.1695270927816787,False,-3.682856222714296,6.846488205855621,3.682856222714296,6.846488205855621,True
4-9-18_Schnable_49-620-js124-183_2018-04-11_12-44-57_10002700,6,12.2848,16.796636504987433,-101.62,-148.61054286998404,0.38261193467655474,176.0,0.1695270927816787,False,4.511836504987432,-46.99054286998404,4.511836504987432,46.99054286998404,True
4-9-18_Schnable_49-621-js124-183_2018-04-11_12-47-10_10002800,0,44.4239,51.29920927087397,164.083,162.89050413940345,0.3154450506199803,144.0,-0.1001651010301649,False,6.87530927087397,-1.1924958605965514,6.87530927087397,1.1924958605965514,True
4-9-18_Schnable_49-621-js124-183_2018-04-11_12-47-10_10002800,1,36.1662,44.23445121639173,-13.9041,-13.620954456373255,0.34424735980750804,155.0,-0.0719988795339709,False,8.06825121639173,0.2831455436267447,8.06825121639173,0.2831455436267447,True
4-9-18_Schnable_49-621-js124-183_2018-04-11_12-47-10_10002800,2,38.8371,46.07266123985063,164.238,158.0022829419048,0.48968544519275525,211.0,-0.04236541707124936,False,7.235561239850632,-6.23571705809519,7.235561239850632,6.23571705809519,True
4-9-18_Schnable_49-621-js124-183_2018-04-11_12-47-10_10002800,3,37.334,34.41512466414615,15.2538,-0.8617683026011207,0.5627203790318721,225.0,-0.00615266708757289,False,-2.918875335853855,-16.115568302601105,2.918875335853855,16.115568302601105,True
4-9-18_Schnable_49-621-js124-183_2018-04-11_12-47-10_10002800,4,33.404,30.4340400083733,146.064,146.7848795065472,0.3898612000558579,173.0,0.06574798486026479,False,-2.969959991626702,0.7208795065472202,2.969959991626702,0.7208795065472202,True
4-9-18_Schnable_49-621-js124-183_2018-04-11_12-47-10_10002800,5,24.5027,26.696018210818387,-9.27888,-9.10396479085398,0.483312490383661,201.0,0.17900746193285388,False,2.1933182108183864,0.17491520914600756,2.1933182108183864,0.17491520914600756,True
4-9-18_Schnable_49-621-js124-183_2018-04-11_12-47-10_10002800,6,16.1573,14.08927905733205,160.117,-156.4498722142674,0.31052614652999877,147.0,0.17900746193285388,False,-2.0680209426679497,43.43312778573261,2.0680209426679497,43.43312778573261,True
4-9-18_Schnable_49-622-js103-2-147_2018-04-11_12-49-25_10002900,0,25.9166,30.422930563006894,-168.295,-169.40976563645046,0.2828471861843047,122.0,-0.13392058109912613,False,4.506330563006895,-1.1147656364504712,4.506330563006895,1.1147656364504712,True
4-9-18_Schnable_49-622-js103-2-147_2018-04-11_12-49-25_10002900,1,35.0379,34.522373345384004,15.7265,25.967723558680916,0.35669900638910274,150.0,-0.1033047816148101,False,-0.5155266546159964,10.241223558680929,0.5155266546159964,10.241223558680929,True
4-9-18_Schnable_49-622-js103-2-147_2018-04-11_12-49-25_10002900,2,26.0474,22.349966476287776,164.86,-122.21826509170663,0.13604154149972225,65.0,-0.07349414767191402,False,-3.697433523712224,72.92173490829339,3.697433523712224,72.92173490829339,True
4-9-18_Schnable_49-622-js103-2-147_2018-04-11_12-49-25_10002900,3,14.0038,30.177072193415974,-126.734,164.1772020533283,0.3808998828713885,173.0,-0.07148220093131386,False,16.173272193415976,-69.08879794667172,16.173272193415976,69.08879794667172,True
4-9-18_Schnable_49-622-js103-2-147_2018-04-11_12-49-25_10002900,4,31.9836,31.135314979548887,17.5262,17.019842316825645,0.4809925844078212,213.0,-0.03470759036263992,False,-0.8482850204511116,-0.5063576831743433,0.8482850204511116,0.5063576831743433,True
4-9-18_Schnable_49-622-js103-2-147_2018-04-11_12-49-25_10002900,5,28.5846,22.401106058513093,-178.018,-157.61608202107834,0.5409583570089462,259.0,0.003273801405214207,False,-6.183493941486905,20.40191797892166,6.183493941486905,20.40191797892166,True
4-9-18_Schnable_49-622-js103-2-147_2018-04-11_12-49-25_10002900,6,39.9548,25.411530202076463,19.0084,5.4327654467600155,0.5588245429533253,248.0,0.06975450341253218,False,-14.543269797923536,-13.57563455323998,14.543269797923536,13.57563455323998,True
4-9-18_Schnable_49-622-js103-2-147_2018-04-11_12-49-25_10002900,7,57.7818,39.5837793703499,-116.783,-113.17137458613831,0.5163348233581188,233.0,0.17733078262323265,False,-18.198020629650095,3.6116254138617023,18.198020629650095,3.6116254138617023,True
4-9-18_Schnable_49-622-js103-2-147_2018-04-11_12-49-25_10002900,8,34.8739,15.975543998992038,13.41,-160.7146420525951,0.25013557964482486,119.0,0.19790527676285313,False,-18.89835600100796,-174.1246420525951,18.89835600100796,174.1246420525951,True
4-9-18_Schnable_49-622-js103-2-147_2018-04-11_12-49-25_10002900,9,27.5006,20.002129370337883,-156.466,2.8436755624481407,0.45329149172842514,207.0,0.19790527676285313,False,-7.4984706296621155,159.30967556244815,7.4984706296621155,159.30967556244815,True
4-9-18_Schnable_49-623-js277-103_2018-04-11_12-51-40_10003000,0,32.6492,36.463845530939736,0.948371,-0.9071922743499101,0.22507816345891385,105.0,-0.02201765134315852,False,3.8146455309397354,-1.8555632743499189,3.8146455309397354,1.8555632743499189,True
4-9-18_Schnable_49-623-js277-103_2018-04-11_12-51-40_10003000,1,48.6875,42.34544083907213,9.36264,3.217339224319346,0.33866111277693245,136.0,0.025919639934254356,False,-6.342059160927867,-6.145300775680653,6.342059160927867,6.145300775680653,True
4-9-18_Schnable_49-623-js277-103_2018-04-11_12-51-40_10003000,2,42.1543,45.077869136743736,-162.534,-175.48819348320393,0.26413114877253135,117.0,0.027825265291285192,False,2.923569136743737,-12.954193483203937,2.923569136743737,12.954193483203937,True
4-9-18_Schnable_49-623-js277-103_2018-04-11_12-51-40_10003000,3,8.47139,17.66303039808831,-151.017,-155.52803879087747,0.32054835299413453,153.0,0.08605598937261039,False,9.19164039808831,-4.511038790877478,9.19164039808831,4.511038790877478,True
4-9-18_Schnable_49-623-js277-103_2018-04-11_12-51-40_10003000,4,28.2683,27.2739510625926,3.02987,1.8582721169423166,0.22889057296353021,102.0,0.08605598937261039,False,-0.9943489374073984,-1.1715978830576717,0.9943489374073984,1.1715978830576717,True
4-9-18_Schnable_49-624-js294-413_2018-04-11_12-53-52_10003100,0,21.0145,25.16499516524219,-136.895,-133.20220152737443,0.29510067666428114,132.0,-0.10061747918762098,False,4.150495165242187,3.692798472625583,4.150495165242187,3.692798472625583,True
4-9-18_Schnable_49-624-js294-413_2018-04-11_12-53-52_10003100,1,20.7701,18.887302406026095,42.6684,25.58893976801204,0.3649622345328143,149.0,-0.052047913601069806,False,-1.8827975939739048,-17.07946023198795,1.8827975939739048,17.07946023198795,True
4-9-18_Schnable_49-624-js294-413_2018-04-11_12-53-52_10003100,2,22.8432,23.66157567025509,-155.566,-136.69737990085468,0.4171958110081805,190.0,-0.014397628135893778,False,0.8183756702550902,18.868620099145318,0.8183756702550902,18.868620099145318,True
4-9-18_Schnable_49-624-js294-413_2018-04-11_12-53-52_10003100,3,17.2767,20.248962129118524,65.3109,53.827819679951006,0.44164439776009295,188.0,0.008222777519369525,False,2.9722621291185227,-11.483080320048998,2.9722621291185227,11.483080320048998,True
4-9-18_Schnable_49-624-js294-413_2018-04-11_12-53-52_10003100,4,13.1919,19.090149382057575,97.9296,107.09523522175124,0.12240999395422063,59.0,0.01821566656653442,False,5.898249382057575,9.165635221751245,5.898249382057575,9.165635221751245,True
4-9-18_Schnable_49-624-js294-413_2018-04-11_12-53-52_10003100,5,18.3251,17.755112265974603,-119.612,-134.7437484180825,0.515129323034627,231.0,0.06355988179769585,False,-0.5699877340253963,-15.131748418082509,0.5699877340253963,15.131748418082509,True
4-9-18_Schnable_49-624-js294-413_2018-04-11_12-53-52_10003100,6,29.7586,38.91277062065252,157.068,153.20048431882333,0.13751832554830962,64.0,0.09831190489639346,False,9.154170620652522,-3.867515681176684,9.154170620652522,3.867515681176684,True
4-9-18_Schnable_49-624-js294-413_2018-04-11_12-53-52_10003100,7,30.5173,25.679307681964275,56.6401,-161.44658006037636,0.3321765419508768,141.0,0.16826617901532956,False,-4.837992318035724,141.91331993962365,4.837992318035724,141.91331993962365,True
4-9-18_Schnable_49-624-js294-413_2018-04-11_12-53-52_10003100,8,30.006,26.990365538699983,-155.652,67.18343967657728,0.48119468583290825,204.0,0.16826617901532956,False,-3.015634461300017,-137.16456032342273,3.015634461300017,137.16456032342273,True
4-9-18_Schnable_49-625-js153-3-222_2018-04-11_12-56-06_10003200,0,27.1238,29.89044333480944,-124.569,-127.64266833216844,0.23496073958125996,103.0,-0.08892321151219817,False,2.766643334809441,-3.073668332168438,2.766643334809441,3.073668332168438,True
4-9-18_Schnable_49-625-js153-3-222_2018-04-11_12-56-06_10003200,1,31.4719,34.39783526652724,1.9697,1.9338029189586337,0.24980355276209368,109.0,-0.04502173875018749,False,2.9259352665272367,-0.03589708104135525,2.9259352665272367,0.03589708104135525,True
4-9-18_Schnable_49-625-js153-3-222_2018-04-11_12-56-06_10003200,2,31.0431,35.477436281259834,-157.946,-158.02817044781315,0.31742945849641585,132.0,-0.0329655346164016,False,4.434336281259835,-0.08217044781315508,4.434336281259835,0.08217044781315508,True
4-9-18_Schnable_49-625-js153-3-222_2018-04-11_12-56-06_10003200,3,34.7849,29.419274725002587,42.672,16.87526709777302,0.4143884284822249,183.0,-0.01696938710743459,False,-5.365625274997413,-25.796732902226978,5.365625274997413,25.796732902226978,True
4-9-18_Schnable_49-625-js153-3-222_2018-04-11_12-56-06_10003200,4,32.5838,32.41300882030432,-155.666,-157.4373130823077,0.3946202776628609,167.0,0.02507238375926745,False,-0.17079117969567648,-1.7713130823076995,0.17079117969567648,1.7713130823076995,True
4-9-18_Schnable_49-625-js153-3-222_2018-04-11_12-56-06_10003200,5,23.2138,24.984779029610053,34.5316,41.13187618729046,0.3445194293248352,156.0,0.06097578276679464,False,1.7709790296100536,6.600276187290461,1.7709790296100536,6.600276187290461,True
4-9-18_Schnable_49-625-js153-3-222_2018-04-11_12-56-06_10003200,6,0.757439,3.742669221975717,-59.3736,-10.971081365056762,0.3650856009742169,182.0,0.1272158348326036,False,2.9852302219757174,48.40251863494325,2.9852302219757174,48.40251863494325,True
4-9-18_Schnable_49-625-js153-3-222_2018-04-11_12-56-06_10003200,7,25.802,24.74537848234972,-171.148,-170.16733253885627,0.3088323904001039,130.0,0.1272158348326036,False,-1.056621517650278,0.9806674611437245,1.056621517650278,0.9806674611437245,True
4-9-18_Schnable_49-626-js225-357_2018-04-11_12-58-21_10003300,0,28.5754,30.428519680923003,-31.0183,-31.723859271231902,0.3482903233294751,168.0,-0.1322336633962807,False,1.8531196809230046,-0.7055592712318912,1.8531196809230046,0.7055592712318912,True
4-9-18_Schnable_49-626-js225-357_2018-04-11_12-58-21_10003300,1,25.7289,33.31539977989564,179.495,169.56824528223297,0.3896914644799797,174.0,-0.09201975688197203,False,7.586499779895643,-9.92675471776704,7.586499779895643,9.92675471776704,True
4-9-18_Schnable_49-626-js225-357_2018-04-11_12-58-21_10003300,2,22.031,29.32397114673882,-61.9821,-42.09416163411848,0.41426021448162137,183.0,-0.0722723714647231,False,7.292971146738822,19.887938365881524,7.292971146738822,19.887938365881524,True
4-9-18_Schnable_49-626-js225-357_2018-04-11_12-58-21_10003300,3,16.4735,23.44615851960951,179.653,171.78286196608985,0.529492546665543,246.0,-0.02791342677946267,False,6.97265851960951,-7.870138033910138,6.97265851960951,7.870138033910138,True
4-9-18_Schnable_49-626-js225-357_2018-04-11_12-58-21_10003300,4,27.7681,26.68472625745114,-32.4318,-35.5256229688693,0.5255291246422366,231.0,0.02002145325902252,False,-1.0833737425488614,-3.09382296886929,1.0833737425488614,3.09382296886929,True
4-9-18_Schnable_49-626-js225-357_2018-04-11_12-58-21_10003300,5,30.2501,53.03677450619345,-95.4139,-105.43867896304938,0.09415659236249466,45.0,0.04011030036690765,False,22.786674506193453,-10.024778963049386,22.786674506193453,10.024778963049386,True
4-9-18_Schnable_49-626-js225-357_2018-04-11_12-58-21_10003300,6,23.4751,22.40075466044189,164.488,159.12190432364713,0.4528633646443143,202.0,0.06637790059871693,False,-1.0743453395581106,-5.36609567635287,1.0743453395581106,5.36609567635287,True
4-9-18_Schnable_49-626-js225-357_2018-04-11_12-58-21_10003300,7,46.2272,20.626642222325884,135.447,-23.388683799105877,0.5244009805434526,248.0,0.19787161410072296,False,-25.60055777767412,-158.83568379910588,25.60055777767412,158.83568379910588,True
4-9-18_Schnable_49-626-js225-357_2018-04-11_12-58-21_10003300,8,22.1644,40.02555191716488,-24.0609,126.20991695028766,0.40050446686708596,174.0,0.19787161410072296,False,17.861151917164882,150.27081695028767,17.861151917164882,150.27081695028767,True
4-9-18_Schnable_49-627-js70-100_2018-04-11_01-00-37_10003400,0,20.0524,19.55849417759937,-170.708,-169.6343126732862,0.40014772006988036,185.0,-0.19598895770450886,False,-0.4939058224006274,1.0736873267138094,0.4939058224006274,1.0736873267138094,True
4-9-18_Schnable_49-627-js70-100_2018-04-11_01-00-37_10003400,1,40.9317,49.2010817888515,22.3973,22.141539605121807,0.4755230873093671,211.0,-0.07801129448983261,False,8.269381788851504,-0.2557603948781946,8.269381788851504,0.2557603948781946,True
4-9-18_Schnable_49-627-js70-100_2018-04-11_01-00-37_10003400,2,35.6081,42.088660442313426,170.818,170.2680913632339,0.5048564400528641,216.0,-0.014009752443569067,False,6.4805604423134255,-0.549908636766105,6.4805604423134255,0.549908636766105,True
4-9-18_Schnable_49-627-js70-100_2018-04-11_01-00-37_10003400,3,41.4062,46.259194677125826,-15.4872,-11.238809155438247,0.5960422260438231,260.0,0.03200127344488219,False,4.852994677125828,4.248390844561754,4.852994677125828,4.248390844561754,True
4-9-18_Schnable_49-627-js70-100_2018-04-11_01-00-37_10003400,4,22.6397,23.76820684944552,-170.061,-173.97491425329656,0.5501064558120277,240.0,0.12595831423296955,False,1.1285068494455182,-3.9139142532965536,1.1285068494455182,3.9139142532965536,True
4-9-18_Schnable_49-627-js70-100_2018-04-11_01-00-37_10003400,5,30.37,18.8511954339112,-4.61078,4.698747136255292,0.545841357735149,246.0,0.2080563069712672,False,-11.5188045660888,9.309527136255298,11.5188045660888,9.309527136255298,True
4-9-18_Schnable_49-627-js70-100_2018-04-11_01-00-37_10003400,6,26.3825,19.29619689820173,135.512,142.35161985466868,0.3143414643642082,139.0,0.2080563069712672,False,-7.086303101798272,6.839619854668683,7.086303101798272,6.839619854668683,True
4-9-18_Schnable_49-628-js199-310_2018-04-11_01-02-52_10003500,0,21.2084,41.88759895194272,15.2483,-12.02284859438518,0.3784269323556091,176.0,-0.14400196026973952,False,20.67919895194272,-27.27114859438518,20.67919895194272,27.27114859438518,True
4-9-18_Schnable_49-628-js199-310_2018-04-11_01-02-52_10003500,1,73.4924,78.97134654421806,-127.504,-131.2463038995508,0.46087674318958216,208.0,-0.07991498480924833,False,5.478946544218061,-3.742303899550791,5.478946544218061,3.742303899550791,True
4-9-18_Schnable_49-628-js199-310_2018-04-11_01-02-52_10003500,2,58.2825,65.42916024395858,24.9866,27.08090707922827,0.48010866422988574,192.0,-0.03615510936330805,False,7.1466602439585785,2.0943070792282583,7.1466602439585785,2.0943070792282583,True
4-9-18_Schnable_49-628-js199-310_2018-04-11_01-02-52_10003500,3,38.9687,47.23283674471124,-135.829,-135.91587856220642,0.5624832318814077,256.0,-0.0039442726817399566,False,8.264136744711244,-0.0868785622064081,8.264136744711244,0.0868785622064081,True
4-9-18_Schnable_49-628-js199-310_2018-04-11_01-02-52_10003500,4,35.9373,36.93327671754282,47.8814,40.214665235105485,0.5414813583728614,223.0,0.04175902038230872,False,0.9959767175428169,-7.6667347648945,0.9959767175428169,7.6667347648945,True
4-9-18_Schnable_49-628-js199-310_2018-04-11_01-02-52_10003500,5,12.7397,17.110947435746795,-140.821,-155.40031633484273,0.5253987747841617,226.0,0.10218150035551926,False,4.371247435746795,-14.57931633484273,4.371247435746795,14.57931633484273,True
4-9-18_Schnable_49-628-js199-310_2018-04-11_01-02-52_10003500,6,34.7908,26.765486820821998,47.519,21.138188700559738,0.5395413567101285,256.0,0.14583020592699145,False,-8.025313179178,-26.380811299440268,8.025313179178,26.380811299440268,True
4-9-18_Schnable_49-628-js199-310_2018-04-11_01-02-52_10003500,7,30.0815,19.976582967698334,-138.087,-116.09169536176391,0.40183357329748504,183.0,0.2564562537312607,False,-10.104917032301664,21.995304638236064,10.104917032301664,21.995304638236064,True
4-9-18_Schnable_49-628-js199-310_2018-04-11_01-02-52_10003500,8,16.1056,14.706024436809727,22.887,47.37455434584018,0.22522765979771686,112.0,0.2564562537312607,False,-1.3995755631902718,24.48755434584018,1.3995755631902718,24.48755434584018,True
4-9-18_Schnable_49-631-js193-302_2018-04-11_01-09-34_10003800,0,21.1865,25.5686057175551,157.591,173.47163685416632,0.22055277063907097,106.0,-0.07500309659349079,False,4.382105717555103,15.880636854166312,4.382105717555103,15.880636854166312,True
4-9-18_Schnable_49-631-js193-302_2018-04-11_01-09-34_10003800,1,25.552,24.654337489167844,10.4095,27.028217634656926,0.2689241010307484,122.0,-0.041372751464317487,False,-0.8976625108321556,16.618717634656917,0.8976625108321556,16.618717634656917,True
4-9-18_Schnable_49-631-js193-302_2018-04-11_01-09-34_10003800,2,23.8387,26.330795427076247,-152.881,-158.12843323628866,0.309149437296049,133.0,-0.0020754697509340636,False,2.492095427076247,-5.247433236288657,2.492095427076247,5.247433236288657,True
4-9-18_Schnable_49-631-js193-302_2018-04-11_01-09-34_10003800,3,23.3385,20.339040495740306,29.6896,27.048226105582785,0.3288714968059344,142.0,0.04185796997562147,False,-2.9994595042596934,-2.6413738944171996,2.9994595042596934,2.6413738944171996,True
4-9-18_Schnable_49-631-js193-302_2018-04-11_01-09-34_10003800,4,17.901,21.306576150056998,-159.042,-161.40509996537037,0.4146490036048658,186.0,0.08163760123148474,False,3.405576150056998,-2.363099965370367,3.405576150056998,2.363099965370367,True
4-9-18_Schnable_49-631-js193-302_2018-04-11_01-09-34_10003800,5,29.937,12.474925541315542,-125.232,-14.238240924761442,0.45421384465916786,224.0,0.11451648429403807,False,-17.46207445868446,110.99375907523859,17.46207445868446,110.99375907523859,True
4-9-18_Schnable_49-631-js193-302_2018-04-11_01-09-34_10003800,6,6.16437,24.659758033435253,131.653,-142.99178165828803,0.27147095068799204,129.0,0.11451648429403807,False,18.495388033435255,85.35521834171197,18.495388033435255,85.35521834171197,True
4-9-18_Schnable_49-632-js114-169_2018-04-11_01-11-49_10003900,0,24.7604,19.498353653615382,24.3381,19.748692601638822,0.20498441504263773,83.0,-0.049180657186515826,False,-5.2620463463846185,-4.589407398361175,5.2620463463846185,4.589407398361175,True
4-9-18_Schnable_49-632-js114-169_2018-04-11_01-11-49_10003900,1,112.397,35.05988182275702,-14.9613,-18.82274799051379,0.2488198235423358,96.0,0.05780489146040016,False,-77.33711817724298,-3.8614479905137955,77.33711817724298,3.8614479905137955,True
4-9-18_Schnable_49-632-js114-169_2018-04-11_01-11-49_10003900,2,65.6883,50.362219151419225,15.6059,118.77440857424216,0.1539083579364583,63.0,0.05780489146040016,False,-15.326080848580773,103.16850857424214,15.326080848580773,103.16850857424214,True
4-9-18_Schnable_49-633-js244-392_2018-04-11_01-14-04_10004000,0,41.9571,48.920754426144406,-138.784,-140.70116069012246,0.25437127149150407,114.0,-0.09446673375933334,False,6.963654426144409,-1.917160690122472,6.963654426144409,1.917160690122472,True
4-9-18_Schnable_49-633-js244-392_2018-04-11_01-14-04_10004000,1,42.1133,47.145145695468294,30.3423,36.20535967314578,0.30386861593918446,125.0,-0.06274116628971886,False,5.0318456954682915,5.863059673145784,5.0318456954682915,5.863059673145784,True
4-9-18_Schnable_49-633-js244-392_2018-04-11_01-14-04_10004000,2,24.262,35.52817827191781,-113.543,-130.0875493459812,0.3593477687543812,167.0,-0.05599707180043253,False,11.26617827191781,-16.54454934598118,11.26617827191781,16.54454934598118,True
4-9-18_Schnable_49-633-js244-392_2018-04-11_01-14-04_10004000,3,36.6627,42.18961806809194,18.6261,17.54384055285618,0.4216335693253245,178.0,0.005452010802961197,False,5.526918068091938,-1.0822594471438265,5.526918068091938,1.0822594471438265,True
4-9-18_Schnable_49-633-js244-392_2018-04-11_01-14-04_10004000,4,35.1358,37.419482284264454,-148.799,-147.7267789557152,0.5158306475544454,218.0,0.030573986834334377,False,2.283682284264451,1.0722210442848166,2.283682284264451,1.0722210442848166,True
4-9-18_Schnable_49-633-js244-392_2018-04-11_01-14-04_10004000,5,21.9809,21.60831823852429,27.179,14.673717133298283,0.380157584845432,174.0,0.09647695813007101,False,-0.37258176147570765,-12.50528286670172,0.37258176147570765,12.50528286670172,True
4-9-18_Schnable_49-633-js244-392_2018-04-11_01-14-04_10004000,6,25.69,25.4533506738737,-155.019,-156.5084920954946,0.38776294032188197,163.0,0.1595826626992315,False,-0.23664932612630096,-1.4894920954945974,0.23664932612630096,1.4894920954945974,True
4-9-18_Schnable_49-633-js244-392_2018-04-11_01-14-04_10004000,7,12.6635,18.840033294329686,-0.0652748,18.075924672059216,0.12422399714480067,61.0,0.1595826626992315,False,6.176533294329685,18.141199472059213,6.176533294329685,18.141199472059213,True
4-9-18_Schnable_49-634-js254-408_2018-04-11_01-16-16_10004100,0,15.2543,16.23261662052863,16.9752,6.5447668214765145,0.21889445629517512,93.0,-0.15972119701510962,False,0.9783166205286307,-10.430433178523487,0.9783166205286307,10.430433178523487,True
4-9-18_Schnable_49-634-js254-408_2018-04-11_01-16-16_10004100,1,26.2086,32.70630268086285,79.4882,34.07448249736609,0.07969374137206359,41.0,-0.1321303960888398,False,6.497702680862847,-45.413717502633915,6.497702680862847,45.413717502633915,True
4-9-18_Schnable_49-634-js254-408_2018-04-11_01-16-16_10004100,2,22.8435,23.50544467003894,170.205,161.04107398975793,0.284511765826075,129.0,-0.11035616653746572,False,0.6619446700389418,-9.16392601024208,0.6619446700389418,9.16392601024208,True
4-9-18_Schnable_49-634-js254-408_2018-04-11_01-16-16_10004100,3,23.0518,15.340759309485705,21.8069,39.10728236696218,0.38103616233291515,181.0,-0.07113222286140444,False,-7.711040690514295,17.300382366962197,7.711040690514295,17.300382366962197,True
4-9-18_Schnable_49-634-js254-408_2018-04-11_01-16-16_10004100,4,28.4417,25.485816507141067,54.1862,73.1881561814422,0.2268670026657857,103.0,-0.03746949663701138,False,-2.955883492858934,19.00195618144221,2.955883492858934,19.00195618144221,True
4-9-18_Schnable_49-634-js254-408_2018-04-11_01-16-16_10004100,5,70.0448,39.757765895040265,-175.996,-174.88120490306528,0.33049326830281656,156.0,-0.023677649966166794,False,-30.28703410495973,1.1147950969347278,30.28703410495973,1.1147950969347278,True
4-9-18_Schnable_49-634-js254-408_2018-04-11_01-16-16_10004100,6,29.8173,22.86989453288112,-159.421,-172.09547901062282,0.6023590489643333,281.0,0.036587542478063416,False,-6.94740546711888,-12.674479010622832,6.94740546711888,12.674479010622832,True
4-9-18_Schnable_49-634-js254-408_2018-04-11_01-16-16_10004100,7,12.3322,12.826451476821802,-175.253,-173.6714584423521,0.1379455316552793,83.0,0.036587542478063416,False,0.4942514768218018,1.5815415576478813,0.4942514768218018,1.5815415576478813,True
4-9-18_Schnable_49-634-js254-408_2018-04-11_01-16-16_10004100,8,26.5606,41.8067877908044,-75.4841,171.17721780527415,0.1955824322437455,89.0,0.16464870664647674,False,15.246187790804399,-113.33868219472583,15.246187790804399,113.33868219472583,True
4-9-18_Schnable_49-634-js254-408_2018-04-11_01-16-16_10004100,9,53.0507,28.22030261997012,178.082,-88.18542326234594,0.40165484428237963,175.0,0.16464870664647674,False,-24.83039738002988,93.73257673765409,24.83039738002988,93.73257673765409,True
4-9-18_Schnable_49-634-js254-408_2018-04-11_01-16-16_10004100,10,7.55333,7.107722399098634,122.759,-90.3969661908101,0.36337567602270887,173.0,0.1870355646350742,False,-0.44560760090136586,146.8440338091899,0.44560760090136586,146.8440338091899,True
4-9-18_Schnable_49-634-js254-408_2018-04-11_01-16-16_10004100,11,20.1715,17.95067521498018,21.7384,17.552351791344563,0.264532426963082,116.0,0.1870355646350742,False,-2.220824785019822,-4.18604820865545,2.220824785019822,4.18604820865545,True
4-9-18_Schnable_49-635-js87-124_2018-04-11_01-18-28_10004200,0,47.166,52.88035734078205,-150.004,-147.3558874636816,0.3394713933872695,157.0,-0.10897881459256983,False,5.714357340782051,2.6481125363183935,5.714357340782051,2.6481125363183935,True
4-9-18_Schnable_49-635-js87-124_2018-04-11_01-18-28_10004200,1,38.3064,47.62289686635226,30.266,30.971042894375557,0.41092312505486955,190.0,-0.06882169537390581,False,9.31649686635226,0.7050428943755662,9.31649686635226,0.7050428943755662,True
4-9-18_Schnable_49-635-js87-124_2018-04-11_01-18-28_10004200,2,45.8869,53.02681686086524,-139.057,-137.54824346462433,0.4939622894474981,222.0,-0.03632146073390766,False,7.139916860865242,1.5087565353756531,7.139916860865242,1.5087565353756531,True
4-9-18_Schnable_49-635-js87-124_2018-04-11_01-18-28_10004200,3,33.7582,42.475908604235336,22.5849,22.75350148810884,0.5431901504816219,240.0,0.0038439819941524737,False,8.717708604235334,0.16860148810883402,8.717708604235334,0.16860148810883402,True
4-9-18_Schnable_49-635-js87-124_2018-04-11_01-18-28_10004200,4,32.2787,28.395700790549242,-131.184,-125.12405053120379,0.6080403975036278,254.0,0.06618115759648498,False,-3.882999209450759,6.059949468796219,3.882999209450759,6.059949468796219,True
4-9-18_Schnable_49-635-js87-124_2018-04-11_01-18-28_10004200,5,27.5749,26.432748061573108,31.3294,8.437278304948677,0.4887151955241223,218.0,0.21122120283070772,False,-1.1421519384268919,-22.892121695051316,1.1421519384268919,22.892121695051316,True
4-9-18_Schnable_49-635-js87-124_2018-04-11_01-18-28_10004200,6,21.6911,19.7077424979925,-169.057,-154.4354090033227,0.27687324884779385,125.0,0.21122120283070772,False,-1.9833575020075003,14.621590996677298,1.9833575020075003,14.621590996677298,True
4-9-18_Schnable_49-636-js115-170_2018-04-11_01-20-40_10004300,0,26.5262,34.00988830103534,87.0892,76.53971797601764,0.2861373175620665,116.0,-0.06910734927206305,False,7.48368830103534,-10.549482023982364,7.48368830103534,10.549482023982364,True
4-9-18_Schnable_49-636-js115-170_2018-04-11_01-20-40_10004300,1,30.2184,33.64566644737684,-110.825,-105.67159650523298,0.28958986271544557,133.0,-0.040459112727587704,False,3.427266447376841,5.153403494767019,3.427266447376841,5.153403494767019,True
4-9-18_Schnable_49-636-js115-170_2018-04-11_01-20-40_10004300,2,28.2562,34.673598160696315,84.2377,81.76773171099762,0.33339682693509326,153.0,-0.02250633977411456,False,6.417398160696315,-2.469968289002395,6.417398160696315,2.469968289002395,True
4-9-18_Schnable_49-636-js115-170_2018-04-11_01-20-40_10004300,3,22.4953,27.848018219116653,104.434,117.376458981126,0.16919382521906878,84.0,0.021393186807005787,False,5.352718219116653,12.94245898112601,5.352718219116653,12.94245898112601,True
4-9-18_Schnable_49-636-js115-170_2018-04-11_01-20-40_10004300,4,41.419,23.530091975950313,-97.66,139.02877560174693,0.10561437178842598,56.0,0.06910409691875533,False,-17.888908024049684,-123.3112243982531,17.888908024049684,123.3112243982531,True
4-9-18_Schnable_49-636-js115-170_2018-04-11_01-20-40_10004300,5,15.3083,28.590258447298773,139.274,-90.56121908737664,0.28814160370367736,126.0,0.06910409691875533,False,13.281958447298774,130.16478091262337,13.281958447298774,130.16478091262337,True
4-9-18_Schnable_49-636-js115-170_2018-04-11_01-20-40_10004300,6,20.0582,26.8372621555487,-94.701,-99.62640593891612,0.1793739352082312,73.0,0.08183890151393476,False,6.779062155548701,-4.925405938916128,6.779062155548701,4.925405938916128,True
4-9-18_Schnable_49-636-js115-170_2018-04-11_01-20-40_10004300,7,43.9258,22.936394756483892,-96.0725,47.49171683319685,0.34799452023834104,166.0,0.168244736694312,False,-20.98940524351611,143.56421683319684,20.98940524351611,143.56421683319684,True
4-9-18_Schnable_49-636-js115-170_2018-04-11_01-20-40_10004300,8,38.8026,36.632974479622234,86.1252,-100.2941547857911,0.3421732889537833,141.0,0.168244736694312,False,-2.169625520377764,173.58064521420891,2.169625520377764,173.58064521420891,True
4-9-18_Schnable_49-638-js17-30_2018-04-11_01-25-03_10004500,0,40.6405,47.531322065965426,172.13,172.14754384895133,0.35274394169825213,162.0,-0.1779764807509528,False,6.890822065965423,0.017543848951333985,6.890822065965423,0.017543848951333985,True
4-9-18_Schnable_49-638-js17-30_2018-04-11_01-25-03_10004500,1,27.6574,28.0095534466763,-21.1968,-24.504238984926076,0.45959956451093975,233.0,-0.14687388356023784,False,0.3521534466763008,-3.3074389849260797,0.3521534466763008,3.3074389849260797,True
4-9-18_Schnable_49-638-js17-30_2018-04-11_01-25-03_10004500,2,31.9348,42.529257682369554,-120.71,-99.4675320936452,0.09021161206604081,48.0,-0.102510705517468,False,10.594457682369555,21.24246790635479,10.594457682369555,21.24246790635479,True
4-9-18_Schnable_49-638-js17-30_2018-04-11_01-25-03_10004500,3,46.2106,49.56299825908006,167.328,172.5521819826527,0.4535641199881659,207.0,-0.102510705517468,False,3.3523982590800614,5.224181982652709,3.3523982590800614,5.224181982652709,True
4-9-18_Schnable_49-638-js17-30_2018-04-11_01-25-03_10004500,4,22.196,19.325725564488238,-15.9329,-9.240346731140278,0.4729158021801126,209.0,-0.07431240961337031,False,-2.8702744355117638,6.692553268859712,2.8702744355117638,6.692553268859712,True
4-9-18_Schnable_49-638-js17-30_2018-04-11_01-25-03_10004500,5,36.8531,42.06227337802356,124.409,115.56007627096255,0.14401822895341326,71.0,0.052193378358731723,False,5.209173378023564,-8.848923729037438,5.209173378023564,8.848923729037438,True
4-9-18_Schnable_49-638-js17-30_2018-04-11_01-25-03_10004500,6,15.048,3.2900876321400716,31.8053,-161.398136516714,0.24358096359033438,121.0,0.052193378358731723,False,-11.757912367859928,166.79656348328604,11.757912367859928,166.79656348328604,True
4-9-18_Schnable_49-638-js17-30_2018-04-11_01-25-03_10004500,7,57.5216,47.50750594788681,-140.173,-140.6204055084713,0.3308758761982156,139.0,0.10074095052057745,False,-10.014094052113187,-0.44740550847129157,10.014094052113187,0.44740550847129157,True
4-9-18_Schnable_49-638-js17-30_2018-04-11_01-25-03_10004500,8,21.0946,31.402037636649695,113.424,174.82547870446217,0.4884262892865442,215.0,0.10074095052057745,False,10.307437636649695,61.401478704462164,10.307437636649695,61.401478704462164,True
4-9-18_Schnable_49-638-js17-30_2018-04-11_01-25-03_10004500,9,33.5887,50.304059073271475,-65.3977,10.551201331406048,0.24095997210137018,93.0,0.2535265128820407,False,16.715359073271472,75.94890133140603,16.715359073271472,75.94890133140603,True
4-9-18_Schnable_49-638-js17-30_2018-04-11_01-25-03_10004500,10,48.4848,37.181281935584515,5.86771,-38.76239741878524,0.3668062189883533,157.0,0.2535265128820407,False,-11.303518064415485,-44.63010741878526,11.303518064415485,44.63010741878526,True
4-9-18_Schnable_49-639-js153-1-222_2018-04-11_01-27-16_10004600,0,37.976,36.115026657625165,168.539,168.40544739647441,0.2111481979559391,99.0,-0.1148228694277183,False,-1.8609733423748338,-0.13355260352557252,1.8609733423748338,0.13355260352557252,True
4-9-18_Schnable_49-639-js153-1-222_2018-04-11_01-27-16_10004600,1,27.9384,33.064848394178654,-16.4773,-14.894808946337548,0.2833501681524145,134.0,-0.09018218815074365,False,5.126448394178652,1.5824910536624657,5.126448394178652,1.5824910536624657,True
4-9-18_Schnable_49-639-js153-1-222_2018-04-11_01-27-16_10004600,2,35.993,37.13391885383437,146.354,148.91045940828292,0.334445439872984,142.0,-0.0666630108607715,False,1.1409188538343713,2.5564594082829046,1.1409188538343713,2.5564594082829046,True
4-9-18_Schnable_49-639-js153-1-222_2018-04-11_01-27-16_10004600,3,35.2161,38.11888084922696,-8.23794,-8.018451335055119,0.3606241949045143,156.0,-0.04400986401908575,False,2.902780849226964,0.2194886649448904,2.902780849226964,0.2194886649448904,True
4-9-18_Schnable_49-639-js153-1-222_2018-04-11_01-27-16_10004600,4,33.7303,35.89917773331599,-177.646,175.47559912563463,0.33672152501108465,142.0,-0.0043736748054476575,False,2.1688777333159877,-6.878400874365411,2.1688777333159877,6.878400874365411,True
4-9-18_Schnable_49-639-js153-1-222_2018-04-11_01-27-16_10004600,5,18.2454,21.26961188770761,-29.7629,-27.553379201592264,0.503978087262426,227.0,0.04690617614263501,False,3.0242118877076116,2.2095207984077376,3.0242118877076116,2.2095207984077376,True
4-9-18_Schnable_49-639-js153-1-222_2018-04-11_01-27-16_10004600,6,44.7214,17.17616888881635,122.2,34.801758961944984,0.2514518726232424,118.0,0.17016486442299952,False,-27.545231111183654,-87.39824103805502,27.545231111183654,87.39824103805502,True
4-9-18_Schnable_49-639-js153-1-222_2018-04-11_01-27-16_10004600,7,21.0079,19.26210377753077,29.7643,173.11066070182886,0.31583013883158545,160.0,0.17016486442299952,False,-1.745796222469231,143.34636070182887,1.745796222469231,143.34636070182887,True
4-9-18_Schnable_49-641-js267-426_2018-04-11_01-31-39_10004800,0,29.6632,35.15412210166181,34.5219,48.45937801942449,0.3395230144248155,147.0,-0.057553945283133595,False,5.490922101661813,13.937478019424475,5.490922101661813,13.937478019424475,True
4-9-18_Schnable_49-641-js267-426_2018-04-11_01-31-39_10004800,1,28.8874,32.95887396634064,-136.539,-144.9863565821285,0.3404342890122439,146.0,-0.05139131912303384,False,4.0714739663406405,-8.44735658212852,4.0714739663406405,8.44735658212852,True
4-9-18_Schnable_49-641-js267-426_2018-04-11_01-31-39_10004800,2,19.8925,31.74082393425877,-118.185,-171.91410692719566,0.10018513240899168,44.0,-0.033599552913237685,False,11.848323934258772,-53.72910692719566,11.848323934258772,53.72910692719566,True
4-9-18_Schnable_49-641-js267-426_2018-04-11_01-31-39_10004800,3,34.4299,36.97842965058053,33.4809,27.87432500497067,0.1742497788094397,80.0,0.06244577575664456,False,2.5485296505805266,-5.6065749950293196,2.5485296505805266,5.6065749950293196,True
4-9-18_Schnable_49-641-js267-426_2018-04-11_01-31-39_10004800,4,26.5078,27.010437684968366,42.2083,43.708257513861895,0.19312744891598332,93.0,0.13269884725015732,False,0.5026376849683665,1.4999575138618866,0.5026376849683665,1.4999575138618866,True
4-9-18_Schnable_49-641-js267-426_2018-04-11_01-31-39_10004800,5,32.5401,39.27876434195086,-167.247,-162.56395419837463,0.19802084828747224,84.0,0.14321143767700747,False,6.738664341950859,4.683045801625383,6.738664341950859,4.683045801625383,True
4-9-18_Schnable_49-641-js267-426_2018-04-11_01-31-39_10004800,6,8.7699,11.056590228072622,-161.993,145.44158711718978,0.12350857433920923,60.0,0.14321143767700747,False,2.2866902280726222,-52.56541288281022,2.2866902280726222,52.56541288281022,True
4-9-18_Schnable_49-642-js136-198_2018-04-11_01-33-50_10004900,0,31.9675,33.67701745803755,-170.605,-168.424327018269,0.32667781283050956,153.0,-0.19065919289970126,False,1.7095174580375456,2.180672981730993,1.7095174580375456,2.180672981730993,True
4-9-18_Schnable_49-642-js136-198_2018-04-11_01-33-50_10004900,1,15.8077,15.279659504493196,31.0352,-23.3080811908429,0.4364633005859216,194.0,-0.15334632828028424,False,-0.5280404955068043,-54.3432811908429,0.5280404955068043,54.3432811908429,True
4-9-18_Schnable_49-642-js136-198_2018-04-11_01-33-50_10004900,2,39.9355,39.05122413535249,179.529,-179.78700022448703,0.41174834648324066,189.0,-0.11169838738850668,False,-0.8842758646475062,0.683999775512973,0.8842758646475062,0.683999775512973,True
4-9-18_Schnable_49-642-js136-198_2018-04-11_01-33-50_10004900,3,18.2037,14.784627760353416,-46.0343,-23.887393627696667,0.21609801349380758,114.0,-0.055117429282246735,False,-3.419072239646585,22.146906372303334,3.419072239646585,22.146906372303334,True
4-9-18_Schnable_49-642-js136-198_2018-04-11_01-33-50_10004900,4,72.8345,42.32159401743837,144.159,161.62213594258805,0.5130095281127808,261.0,0.01467998441071054,False,-30.512905982561634,17.463135942588053,30.512905982561634,17.463135942588053,True
4-9-18_Schnable_49-642-js136-198_2018-04-11_01-33-50_10004900,5,28.4155,25.643925035610692,-159.509,153.60154790686278,0.4879149552463733,233.0,0.02818135843285153,False,-2.771574964389309,-46.889452093137265,2.771574964389309,46.889452093137265,True
4-9-18_Schnable_49-642-js136-198_2018-04-11_01-33-50_10004900,6,29.5242,35.42687647911261,10.7585,18.939657867868164,0.34316146950412185,159.0,0.1237855359923479,False,5.902676479112607,8.181157867868166,5.902676479112607,8.181157867868166,True
4-9-18_Schnable_49-642-js136-198_2018-04-11_01-33-50_10004900,7,43.3189,49.42103348762672,-49.5225,-46.06565086651227,0.20321436202427892,83.0,0.28616068871871025,False,6.102133487626723,3.4568491334877365,6.102133487626723,3.4568491334877365,True
4-9-18_Schnable_49-642-js136-198_2018-04-11_01-33-50_10004900,8,60.5926,46.02134092680497,51.9486,37.779236697751514,0.2893317026303915,140.0,0.28616068871871025,False,-14.57125907319503,-14.169363302248485,14.57125907319503,14.169363302248485,True
4-9-18_Schnable_49-643-js82-115_2018-04-11_01-36-02_10005000,0,27.257,32.84254833457127,142.284,138.99681853747984,0.3240014344586969,154.0,-0.12710763193926816,False,5.585548334571268,-3.2871814625201523,5.585548334571268,3.2871814625201523,True
4-9-18_Schnable_49-643-js82-115_2018-04-11_01-36-02_10005000,1,26.4918,28.63915670676034,-16.2198,-28.160503793618602,0.36252360029234537,151.0,-0.10948488814445982,False,2.1473567067603376,-11.94070379361861,2.1473567067603376,11.94070379361861,True
4-9-18_Schnable_49-643-js82-115_2018-04-11_01-36-02_10005000,2,29.6545,29.376940304568762,160.016,175.3342773350272,0.3898970726554501,172.0,-0.06849946825681885,False,-0.27755969543123626,15.318277335027204,0.27755969543123626,15.318277335027204,True
4-9-18_Schnable_49-643-js82-115_2018-04-11_01-36-02_10005000,3,22.0586,16.720236578400446,-19.4068,-25.162103077780642,0.432828612647975,196.0,-0.03450312347208922,False,-5.338363421599553,-5.755303077780638,5.338363421599553,5.755303077780638,True
4-9-18_Schnable_49-643-js82-115_2018-04-11_01-36-02_10005000,4,41.326,69.82266132382182,85.7978,86.94661902630196,0.11716514693857061,60.0,0.08602343567137577,False,28.49666132382182,1.1488190263019646,28.49666132382182,1.1488190263019646,True
4-9-18_Schnable_49-643-js82-115_2018-04-11_01-36-02_10005000,5,19.1919,26.89069248095943,-138.142,-166.63681181670484,0.47660864586513446,222.0,0.08602343567137577,False,7.69879248095943,-28.49481181670484,7.69879248095943,28.49481181670484,True
4-9-18_Schnable_49-643-js82-115_2018-04-11_01-36-02_10005000,6,33.5107,25.94995506304582,9.02121,8.13207806720726,0.5188772113001251,231.0,0.09723181425450764,False,-7.56074493695418,-0.8891319327927363,7.56074493695418,0.8891319327927363,True
4-9-18_Schnable_49-643-js82-115_2018-04-11_01-36-02_10005000,7,25.1228,12.23216300598898,-170.723,43.295994184751976,0.33410488037715874,156.0,0.1619386720572823,False,-12.890636994011022,-145.981005815248,12.890636994011022,145.981005815248,True
4-9-18_Schnable_49-643-js82-115_2018-04-11_01-36-02_10005000,8,14.4949,17.354187191816166,45.8587,-176.2091532063211,0.5122783620910051,243.0,0.1619386720572823,False,2.8592871918161666,137.9321467936789,2.8592871918161666,137.9321467936789,True
4-9-18_Schnable_49-644-js191-300_2018-04-11_01-38-13_10005100,0,27.3038,30.39627858084844,149.857,155.1872129823056,0.21586577973775145,90.0,-0.09017466993077272,False,3.0924785808484394,5.330212982305596,3.0924785808484394,5.330212982305596,True
4-9-18_Schnable_49-644-js191-300_2018-04-11_01-38-13_10005100,1,21.2306,24.484403821909396,-16.8882,-16.126960640528807,0.30297180945842095,124.0,-0.04195552803136976,False,3.253803821909397,0.7612393594712046,3.253803821909397,0.7612393594712046,True
4-9-18_Schnable_49-644-js191-300_2018-04-11_01-38-13_10005100,2,23.7871,27.788541137857564,-179.968,-179.19571325940524,0.24544398004200565,106.0,-0.02606393914411469,False,4.001441137857565,0.7722867405947511,4.001441137857565,0.7722867405947511,True
4-9-18_Schnable_49-644-js191-300_2018-04-11_01-38-13_10005100,3,18.7317,19.097128471952544,-28.6637,-18.948681616085565,0.30878328250081155,135.0,0.024081492980748465,False,0.36542847195254424,9.71501838391444,0.36542847195254424,9.71501838391444,True
4-9-18_Schnable_49-644-js191-300_2018-04-11_01-38-13_10005100,4,23.1261,22.0138639467783,-164.956,-165.4342908321898,0.3454833015239219,155.0,0.10805575203322113,False,-1.1122360532217002,-0.4782908321897992,1.1122360532217002,0.4782908321897992,True
4-9-18_Schnable_49-644-js191-300_2018-04-11_01-38-13_10005100,5,22.9536,20.1709006941079,-16.5381,-8.54447227491167,0.29767617842361704,142.0,0.1461452394985932,False,-2.782699305892102,7.993627725088345,2.782699305892102,7.993627725088345,True
4-9-18_Schnable_49-644-js191-300_2018-04-11_01-38-13_10005100,6,16.7175,18.46474937263585,162.834,163.00572038958637,0.19437995210118683,93.0,0.1461452394985932,False,1.7472493726358493,0.17172038958636904,1.7472493726358493,0.17172038958636904,True
4-9-18_Schnable_49-JS42-2-69_2018-04-11_02-01-32_9973900,0,29.9379,34.20372642976075,-167.774,-167.336379064413,0.38005218513104055,163.0,-0.07534458535470098,False,4.26582642976075,0.437620935587006,4.26582642976075,0.437620935587006,True
4-9-18_Schnable_49-JS42-2-69_2018-04-11_02-01-32_9973900,1,21.4543,29.753500020225253,-15.2563,-17.2249407062489,0.4566200270693854,195.0,-0.02446579447520905,False,8.299200020225253,-1.968640706248891,8.299200020225253,1.968640706248891,True
4-9-18_Schnable_49-JS42-2-69_2018-04-11_02-01-32_9973900,2,40.92,46.977514267422684,-9.6304,2.613833505354137,0.1007212378462073,43.0,-0.02446579447520905,False,6.0575142674226825,12.244233505354146,6.0575142674226825,12.244233505354146,True
4-9-18_Schnable_49-JS42-2-69_2018-04-11_02-01-32_9973900,3,27.5757,30.760290898676487,-163.485,-165.66644479738767,0.4848952076241418,216.0,-0.007238546309810713,False,3.184590898676486,-2.1814447973876554,3.184590898676486,2.1814447973876554,True
4-9-18_Schnable_49-JS42-2-69_2018-04-11_02-01-32_9973900,4,30.4137,29.407280898370722,8.32835,-0.22049415333759725,0.4219553614065509,174.0,0.03900490664496113,False,-1.0064191016292767,-8.548844153337598,1.0064191016292767,8.548844153337598,True
4-9-18_Schnable_49-JS42-2-69_2018-04-11_02-01-32_9973900,5,34.6037,29.569162151502603,-174.533,-153.7786590130252,0.5543598248675037,236.0,0.0925498078234833,False,-5.034537848497401,20.754340986974796,5.034537848497401,20.754340986974796,True
4-9-18_Schnable_49-JS42-2-69_2018-04-11_02-01-32_9973900,6,27.1548,38.86746008216825,21.6473,175.184744404139,0.4039164523713483,186.0,0.16153254521305277,False,11.712660082168249,153.53744440413902,11.712660082168249,153.53744440413902,True
4-9-18_Schnable_49-JS42-2-69_2018-04-11_02-01-32_9973900,7,23.4191,20.223451340357087,-152.862,23.429237485889246,0.5573570875303322,267.0,0.16153254521305277,False,-3.195648659642913,176.29123748588927,3.195648659642913,176.29123748588927,True
