plant_id,n_volume_pts,proc_n_verts,proc_n_faces,ovr_n_verts,ovr_n_faces,vp_cd_a2b,vp_cd_b2a,vp_cd_sym,vp_hd_a2b,vp_hd_b2a,vp_hd_sym,vo_cd_a2b,vo_cd_b2a,vo_cd_sym,vo_hd_a2b,vo_hd_b2a,vo_hd_sym,op_cd_a2b,op_cd_b2a,op_cd_sym,op_hd_a2b,op_hd_b2a,op_hd_sym,vp_cd_a2b_cm,vp_cd_b2a_cm,vp_cd_sym_cm,vp_hd_a2b_cm,vp_hd_b2a_cm,vp_hd_sym_cm,vo_cd_a2b_cm,vo_cd_b2a_cm,vo_cd_sym_cm,vo_hd_a2b_cm,vo_hd_b2a_cm,vo_hd_sym_cm,op_cd_a2b_cm,op_cd_b2a_cm,op_cd_sym_cm,op_hd_a2b_cm,op_hd_b2a_cm,op_hd_sym_cm
4-9-18_Schnable_49-281-JS39-65_2018-04-11_12-09-35_9968800,179588,9342,17204,9918,18284,0.024375923600386293,0.03502462936493155,0.029700276482658924,0.17483815752621631,0.1605895822813901,0.17483815752621631,0.024388236562519875,0.03311051117750677,0.02874937387001332,0.1736568594929444,0.15623521770178656,0.1736568594929444,0.006129489574858932,0.006925711615239135,0.006527600595049034,0.10099383386488896,0.08851893830519282,0.10099383386488896,2.4375923600386296,3.502462936493155,2.9700276482658925,17.48381575262163,16.05895822813901,17.48381575262163,2.4388236562519876,3.3110511177506767,2.874937387001332,17.36568594929444,15.623521770178655,17.36568594929444,0.6129489574858932,0.6925711615239135,0.6527600595049035,10.099383386488896,8.851893830519282,10.099383386488896
4-9-18_Schnable_49-282-js254-408_2018-04-11_12-10-49_9968900,87798,5632,10306,5952,10906,0.021271253441220918,0.030985942911602546,0.026128598176411732,0.23049963733847087,0.18270957113583644,0.23049963733847087,0.019998612102810922,0.02336018316679769,0.021679397634804306,0.16641440158247556,0.13234643761936055,0.16641440158247556,0.0091602720039506,0.010934758956301126,0.010047515480125863,0.16250922425737646,0.12280309306748653,0.16250922425737646,2.1271253441220916,3.0985942911602544,2.6128598176411733,23.049963733847086,18.270957113583645,23.049963733847086,1.9998612102810922,2.336018316679769,2.1679397634804305,16.641440158247555,13.234643761936054,16.641440158247555,0.91602720039506,1.0934758956301127,1.0047515480125861,16.250922425737645,12.280309306748654,16.250922425737645
4-9-18_Schnable_49-283-js254-408_2018-04-11_12-12-29_9969000,102416,4514,8268,4754,8718,0.02225703613660334,0.019374274643836738,0.02081565539022004,0.15864968457414275,0.13769895786272085,0.15864968457414275,0.018637932098816958,0.01674020117924656,0.01768906663903176,0.13167386613202053,0.10722817496886777,0.13167386613202053,0.006324555786017193,0.007994288731864122,0.0071594222589406575,0.051500046624190644,0.052286616059707344,0.052286616059707344,2.225703613660334,1.9374274643836737,2.081565539022004,15.864968457414275,13.769895786272086,15.864968457414275,1.8637932098816958,1.674020117924656,1.768906663903176,13.167386613202053,10.722817496886778,13.167386613202053,0.6324555786017193,0.7994288731864122,0.7159422258940658,5.1500046624190645,5.228661605970735,5.228661605970735
4-9-18_Schnable_49-284-js165-237_2018-04-11_12-14-09_9969100,50232,5664,10366,6000,10996,0.02731422998281297,0.041732476093276044,0.034523353038044505,0.1605686700608782,0.15640151570500294,0.1605686700608782,0.026679520885540795,0.03889299337661839,0.03278625713107959,0.16066174087400575,0.1458304525585184,0.16066174087400575,0.003967783096119969,0.004586321178040302,0.004277052137080135,0.07969085372292317,0.07721310357196445,0.07969085372292317,2.731422998281297,4.173247609327604,3.4523353038044506,16.05686700608782,15.640151570500294,16.05686700608782,2.6679520885540797,3.889299337661839,3.2786257131079592,16.066174087400576,14.58304525585184,16.066174087400576,0.3967783096119969,0.45863211780403024,0.4277052137080135,7.969085372292318,7.721310357196446,7.969085372292318
4-9-18_Schnable_49-285-JS147-2-214_2018-04-11_12-16-48_9969200,137884,9152,16876,9568,17656,0.029087752000830167,0.039153706378255125,0.03412072918954265,0.1519506838439998,0.13048494245429243,0.1519506838439998,0.028813547796620778,0.03479096771700424,0.03180225775681251,0.15157746344027564,0.12420813178257496,0.15157746344027564,0.005068659065801594,0.005650781491572883,0.005359720278687238,0.03414438329918119,0.04390284203050381,0.04390284203050381,2.9087752000830167,3.9153706378255126,3.412072918954265,15.19506838439998,13.048494245429243,15.19506838439998,2.881354779662078,3.4790967717004238,3.180225775681251,15.157746344027565,12.420813178257497,15.157746344027565,0.5068659065801594,0.5650781491572883,0.5359720278687239,3.4144383299181187,4.390284203050381,4.390284203050381
4-9-18_Schnable_49-286-js259-417_2018-04-11_12-19-03_9969300,204549,10234,18910,10666,19720,0.050480563136164065,0.06358348443895244,0.057032023787558256,0.33560559747040775,0.19173540267314182,0.33560559747040775,0.04736930918188512,0.055391234504488296,0.051380271843186706,0.321653059321749,0.17459575970189145,0.321653059321749,0.009376356441275076,0.010959772415722708,0.010168064428498892,0.1267497508595321,0.11726150643066328,0.1267497508595321,5.0480563136164065,6.358348443895244,5.703202378755826,33.56055974704078,19.17354026731418,33.56055974704078,4.736930918188512,5.539123450448829,5.138027184318671,32.165305932174896,17.459575970189146,32.165305932174896,0.9376356441275077,1.0959772415722708,1.016806442849889,12.67497508595321,11.726150643066328,12.67497508595321
4-9-18_Schnable_49-287-js41-1-68_2018-04-11_12-21-17_9969400,81535,4706,8568,5026,9168,0.03698572915912508,0.031097118002467623,0.03404142358079636,0.14661504804072714,0.1171040001573705,0.14661504804072714,0.037762304310572994,0.029967742254836446,0.03386502328270472,0.14394096623558444,0.12325902898662724,0.14394096623558444,0.003308759419844754,0.003741889227495767,0.0035253243236702606,0.026629676606219902,0.026927689331014255,0.026927689331014255,3.6985729159125085,3.1097118002467625,3.4041423580796355,14.661504804072715,11.71040001573705,14.661504804072715,3.7762304310572996,2.9967742254836445,3.3865023282704723,14.394096623558445,12.325902898662724,14.394096623558445,0.3308759419844754,0.3741889227495767,0.352532432367026,2.66296766062199,2.6927689331014255,2.6927689331014255
4-9-18_Schnable_49-288-js224-354_2018-04-11_12-23-30_9969500,291376,11100,20532,11644,21552,0.039551478532919467,0.05734774536318927,0.04844961194805437,0.2801523975340861,0.2115978364537963,0.2801523975340861,0.038900943696010305,0.049302853629990366,0.044101898663000336,0.24225498451108068,0.1729709533268533,0.24225498451108068,0.010871523796499253,0.01268686162662314,0.011779192711561196,0.16471645122307949,0.10617029318746707,0.16471645122307949,3.9551478532919466,5.734774536318927,4.844961194805437,28.01523975340861,21.15978364537963,28.01523975340861,3.8900943696010306,4.930285362999037,4.410189866300033,24.22549845110807,17.29709533268533,24.22549845110807,1.0871523796499254,1.268686162662314,1.1779192711561197,16.471645122307947,10.617029318746706,16.471645122307947
4-9-18_Schnable_49-289-JS254-408_2018-04-11_12-25-45_9969600,57229,5452,9942,5788,10572,0.02168260904449288,0.04624634028653364,0.033964474665513264,0.18362910755839376,0.16427769799780165,0.18362910755839376,0.021969670027557293,0.04358537652009357,0.03277752327382543,0.18030651901753483,0.17078606029025187,0.18030651901753483,0.005468539839740549,0.0066531538707187135,0.006060846855229632,0.08613979742905076,0.08758576862602367,0.08758576862602367,2.168260904449288,4.6246340286533645,3.3964474665513262,18.362910755839376,16.427769799780165,18.362910755839376,2.1969670027557293,4.358537652009357,3.277752327382543,18.030651901753483,17.078606029025188,18.030651901753483,0.5468539839740549,0.6653153870718713,0.6060846855229631,8.613979742905077,8.758576862602368,8.758576862602368
4-9-18_Schnable_49-290-js12-3-22_2018-04-11_12-27-58_9969700,65290,6498,11958,6850,12618,0.03855119399449814,0.047699363916465475,0.04312527895548181,0.21017864245418158,0.16196824943746502,0.21017864245418158,0.036525469798510096,0.04026873600656917,0.03839710290253963,0.13291304581656807,0.1212673110677401,0.13291304581656807,0.006491380895832781,0.00818962432050792,0.0073405026081703505,0.1344191191470663,0.12605259675324385,0.1344191191470663,3.8551193994498143,4.769936391646548,4.312527895548181,21.017864245418156,16.196824943746503,21.017864245418156,3.6525469798510097,4.026873600656917,3.839710290253963,13.291304581656807,12.12673110677401,13.291304581656807,0.6491380895832781,0.818962432050792,0.7340502608170351,13.441911914706631,12.605259675324385,13.441911914706631
4-9-18_Schnable_49-291-js126-185_2018-04-11_12-30-10_9969800,284253,12248,22598,13032,24068,0.0406593215435313,0.07179160557971528,0.05622546356162329,0.24217455127154688,0.21427973676965598,0.24217455127154688,0.040821738594326085,0.06790885077074074,0.05436529468253341,0.22368435139809628,0.21027087699240807,0.22368435139809628,0.006816184166397895,0.00769141749717414,0.007253800831786018,0.10201168419979662,0.08755036968182325,0.10201168419979662,4.06593215435313,7.179160557971528,5.62254635616233,24.21745512715469,21.427973676965596,24.21745512715469,4.082173859432609,6.7908850770740745,5.436529468253341,22.368435139809627,21.027087699240806,22.368435139809627,0.6816184166397895,0.769141749717414,0.7253800831786018,10.20116841997966,8.755036968182326,10.20116841997966
4-9-18_Schnable_49-292-js197-306_2018-04-11_12-32-24_9969900,27807,5092,9320,5300,9710,0.029123918908038688,0.03655297943394336,0.032838449170991026,0.12934289700158053,0.10566727561665497,0.12934289700158053,0.029211919128085243,0.03014141460987385,0.029676666868979545,0.13411832754464403,0.0998739366794028,0.13411832754464403,0.0044317394213544675,0.005505661177986684,0.004968700299670576,0.059528818579493346,0.0651566913658251,0.0651566913658251,2.912391890803869,3.655297943394336,3.2838449170991026,12.934289700158052,10.566727561665497,12.934289700158052,2.921191912808524,3.014141460987385,2.9676666868979544,13.411832754464402,9.98739366794028,13.411832754464402,0.44317394213544675,0.5505661177986684,0.4968700299670576,5.952881857949334,6.51566913658251,6.51566913658251
4-9-18_Schnable_49-293-JS235-376_2018-04-11_12-34-43_9970000,135155,9002,16630,9578,17710,0.03583119122439135,0.04893445959613766,0.0423828254102645,0.20657232488691296,0.1954447638408512,0.20657232488691296,0.03551048356144548,0.044941797767644835,0.04022614066454516,0.19855350648695694,0.18517672447247877,0.19855350648695694,0.006140686337868628,0.007045516344126241,0.006593101340997435,0.08609955030384629,0.06526026854173292,0.08609955030384629,3.583119122439135,4.893445959613766,4.23828254102645,20.657232488691296,19.54447638408512,20.657232488691296,3.5510483561445483,4.494179776764484,4.0226140664545165,19.855350648695694,18.517672447247875,19.855350648695694,0.6140686337868628,0.7045516344126241,0.6593101340997435,8.60995503038463,6.526026854173292,8.60995503038463
4-9-18_Schnable_49-295-JS66-95_2018-04-11_12-39-06_9970200,197677,12442,23020,13194,24430,0.04461763748287767,0.06059520661140873,0.0526064220471432,0.2827817932115998,0.21226859228781889,0.2827817932115998,0.04239955041852218,0.054275846013561065,0.04833769821604163,0.20929461644911357,0.19456085180320512,0.20929461644911357,0.007895728034928749,0.008510616853900223,0.008203172444414486,0.10944234022657026,0.10535483396328485,0.10944234022657026,4.461763748287767,6.059520661140873,5.26064220471432,28.27817932115998,21.226859228781887,28.27817932115998,4.239955041852219,5.427584601356107,4.833769821604163,20.929461644911356,19.45608518032051,20.929461644911356,0.7895728034928748,0.8510616853900224,0.8203172444414486,10.944234022657026,10.535483396328486,10.944234022657026
4-9-18_Schnable_49-296-JS214-336_2018-04-11_12-41-20_9970300,219528,9264,17070,9808,18090,0.0550290072672693,0.08121029014948662,0.06811964870837796,0.2931522362997894,0.26191856313333545,0.2931522362997894,0.054818827446681984,0.07708457668404724,0.0659517020653646,0.27676127621044233,0.25843003095243444,0.27676127621044233,0.008044280281479105,0.009039908237131291,0.008542094259305199,0.11168325922989213,0.09506733679784414,0.11168325922989213,5.5029007267269305,8.121029014948663,6.811964870837796,29.31522362997894,26.191856313333545,29.31522362997894,5.481882744668198,7.708457668404724,6.59517020653646,27.676127621044234,25.843003095243443,27.676127621044234,0.8044280281479105,0.9039908237131291,0.8542094259305199,11.168325922989213,9.506733679784414,11.168325922989213
4-9-18_Schnable_49-297-JS3-11_2018-04-11_12-43-34_9970400,98289,7374,13574,7854,14474,0.034182870590921094,0.04023862924406504,0.03721074991749307,0.17062701512970493,0.16037155781382867,0.17062701512970493,0.03404260447229976,0.0360386418188345,0.035040623145567135,0.15746853429776522,0.15317305975154819,0.15746853429776522,0.005642031283295137,0.006248908525298492,0.005945469904296815,0.07212791377393978,0.05951440550147343,0.07212791377393978,3.4182870590921093,4.023862924406504,3.721074991749307,17.062701512970495,16.037155781382868,17.062701512970495,3.404260447229976,3.6038641818834503,3.5040623145567134,15.746853429776522,15.317305975154818,15.746853429776522,0.5642031283295137,0.6248908525298492,0.5945469904296815,7.212791377393978,5.9514405501473435,7.212791377393978
4-9-18_Schnable_49-298-JS238-379_2018-04-11_12-45-46_9970500,60460,6416,11776,6848,12586,0.04037493742850875,0.04117669479148006,0.04077581610999441,0.21382935362715508,0.16559419516409746,0.21382935362715508,0.040232258710313926,0.03721148420303999,0.03872187145667696,0.21151561652685844,0.1406043225080222,0.21151561652685844,0.006097392976450972,0.007044434831685459,0.0065709139040682155,0.12112405913418789,0.10265819760732292,0.12112405913418789,4.037493742850875,4.117669479148006,4.077581610999441,21.382935362715507,16.559419516409747,21.382935362715507,4.023225871031393,3.721148420303999,3.872187145667696,21.151561652685842,14.06043225080222,21.151561652685842,0.6097392976450973,0.7044434831685459,0.6570913904068215,12.112405913418788,10.265819760732292,12.112405913418788
4-9-18_Schnable_49-299-js294-413_2018-04-11_12-48-00_9970600,54449,7424,13666,7872,14506,0.02175104413901226,0.03171214601812712,0.02673159507856969,0.15984223953532217,0.14079628082432635,0.15984223953532217,0.02298936204049719,0.027765495539413633,0.025377428789955414,0.151108922988157,0.13542043332566528,0.151108922988157,0.00552536744685414,0.006578319122325479,0.0060518432845898095,0.10192004490888491,0.08761981655692927,0.10192004490888491,2.175104413901226,3.171214601812712,2.673159507856969,15.984223953532217,14.079628082432635,15.984223953532217,2.298936204049719,2.776549553941363,2.5377428789955414,15.1108922988157,13.542043332566529,15.1108922988157,0.552536744685414,0.6578319122325479,0.605184328458981,10.192004490888491,8.761981655692926,10.192004490888491
4-9-18_Schnable_49-300-js124-183_2018-04-11_12-50-13_9970700,216556,10968,20258,11544,21338,0.054166240229879814,0.05660191302827722,0.055384076629078516,0.28013674232898483,0.2022703770609676,0.28013674232898483,0.04636692978154425,0.04769211881532184,0.047029524298433045,0.2454434377408853,0.20128506633898582,0.2454434377408853,0.009171843948947454,0.010364999215117245,0.009768421582032349,0.18839290937236075,0.15425462077906751,0.18839290937236075,5.416624022987982,5.660191302827721,5.538407662907852,28.013674232898484,20.22703770609676,28.013674232898484,4.636692978154425,4.7692118815321844,4.702952429843305,24.54434377408853,20.12850663389858,24.54434377408853,0.9171843948947455,1.0364999215117245,0.9768421582032348,18.839290937236076,15.42546207790675,18.839290937236076
4-9-18_Schnable_49-301-js83-120_2018-04-11_12-52-27_9970800,42364,5890,10788,6322,11598,0.024844921374032495,0.02704113473247416,0.025943028053253325,0.1551303105787585,0.1313482440855029,0.1551303105787585,0.02522169621359398,0.02563108978638126,0.02542639299998762,0.15331751227617285,0.12972618531988592,0.15331751227617285,0.0040831475764308255,0.004624963370041509,0.004354055473236167,0.056740214787593286,0.052339284596551516,0.056740214787593286,2.4844921374032496,2.704113473247416,2.5943028053253325,15.513031057875851,13.13482440855029,15.513031057875851,2.522169621359398,2.5631089786381263,2.542639299998762,15.331751227617286,12.972618531988592,15.331751227617286,0.40831475764308256,0.4624963370041509,0.4354055473236167,5.674021478759329,5.233928459655152,5.674021478759329
4-9-18_Schnable_49-303-JS33-2-57_2018-04-11_12-56-54_9971000,121307,9886,18254,10622,19634,0.03867866564802352,0.0419318178855528,0.04030524176678816,0.18242686194135693,0.17722158059865445,0.18242686194135693,0.03668394050251318,0.03793848938438326,0.03731121494344822,0.1634154905279256,0.1527035843849439,0.1634154905279256,0.007351578555359029,0.008008315110055933,0.007679946832707481,0.11379068216849379,0.09490567324325613,0.11379068216849379,3.867866564802352,4.19318178855528,4.030524176678816,18.242686194135693,17.722158059865446,18.242686194135693,3.6683940502513184,3.793848938438326,3.731121494344822,16.34154905279256,15.270358438494391,16.34154905279256,0.7351578555359028,0.8008315110055934,0.7679946832707482,11.37906821684938,9.490567324325614,11.37906821684938
4-9-18_Schnable_49-304-JS152-220_2018-04-11_12-59-08_9971100,369801,14380,26562,15116,27942,0.03015938514266291,0.0427113621927769,0.03643537366771991,0.20361325340488412,0.21221091443977652,0.21221091443977652,0.0275297638069747,0.03488567853234855,0.031207721169661626,0.1953442572116514,0.17672774982175138,0.1953442572116514,0.009256134023715855,0.011035120433340569,0.010145627228528211,0.18630386597222642,0.14283405677112726,0.18630386597222642,3.015938514266291,4.2711362192776905,3.643537366771991,20.361325340488413,21.221091443977652,21.221091443977652,2.7529763806974703,3.488567853234855,3.1207721169661626,19.534425721165142,17.672774982175138,19.534425721165142,0.9256134023715855,1.1035120433340568,1.0145627228528211,18.630386597222643,14.283405677112725,18.630386597222643
4-9-18_Schnable_49-305-JS190-298_2018-04-11_01-01-22_9971200,29143,2708,4940,2724,4970,0.03473478583857667,0.046521479437874325,0.0406281326382255,0.11304130144388828,0.16024973610954452,0.16024973610954452,0.03076056024457988,0.02240358602929507,0.026582073136937473,0.11364143982923974,0.09002258781862084,0.11364143982923974,0.012958881356517566,0.02142653891227806,0.017192710134397812,0.0738134945163824,0.1186684248889087,0.1186684248889087,3.473478583857667,4.6521479437874325,4.06281326382255,11.304130144388829,16.02497361095445,16.02497361095445,3.076056024457988,2.240358602929507,2.6582073136937474,11.364143982923974,9.002258781862084,11.364143982923974,1.2958881356517566,2.142653891227806,1.7192710134397813,7.38134945163824,11.866842488890871,11.866842488890871
4-9-18_Schnable_49-306-JS174-2-252_2018-04-11_01-03-35_9971300,147365,8206,15044,8654,15884,0.035301304938763496,0.04523997624786411,0.040270640593313804,0.1689102281015488,0.15167408163256887,0.1689102281015488,0.03637103331972377,0.042876382879499804,0.039623708099611785,0.16433800742113458,0.15292398989902273,0.16433800742113458,0.004751110277345859,0.005307745105743813,0.0050294276915448365,0.044286191454202345,0.03604475752125761,0.044286191454202345,3.53013049387635,4.5239976247864115,4.02706405933138,16.89102281015488,15.167408163256887,16.89102281015488,3.6371033319723773,4.287638287949981,3.9623708099611785,16.43380074211346,15.292398989902273,16.43380074211346,0.4751110277345859,0.5307745105743813,0.5029427691544837,4.428619145420234,3.604475752125761,4.428619145420234
4-9-18_Schnable_49-308-js23-1-38_2018-04-11_01-08-04_9971500,124062,10080,18556,10784,19876,0.02845380190376439,0.03882300933606452,0.033638405619914456,0.15735202396766088,0.14929529599807329,0.15735202396766088,0.027932423182483825,0.03685223291941665,0.03239232805095024,0.15703306087716049,0.14398549331853763,0.15703306087716049,0.005305340931175792,0.005675811371532265,0.005490576151354029,0.06569424848249485,0.0540592296759623,0.06569424848249485,2.845380190376439,3.882300933606452,3.3638405619914455,15.735202396766088,14.929529599807328,15.735202396766088,2.7932423182483825,3.685223291941665,3.2392328050950243,15.703306087716049,14.398549331853763,15.703306087716049,0.5305340931175793,0.5675811371532266,0.5490576151354029,6.569424848249485,5.40592296759623,6.569424848249485
4-9-18_Schnable_49-309-JS122-179_2018-04-11_01-10-16_9971600,83134,8530,15678,9186,16908,0.03684777177471789,0.038882358365529286,0.03786506507012359,0.1479701696934952,0.14224256171972444,0.1479701696934952,0.03612241112270404,0.03403736943442595,0.03507989027856499,0.14941960164510892,0.12526255577766035,0.14941960164510892,0.005734911498790516,0.006774532433654485,0.006254721966222501,0.07035455061282338,0.06369178758117942,0.07035455061282338,3.684777177471789,3.8882358365529286,3.786506507012359,14.797016969349519,14.224256171972444,14.797016969349519,3.612241112270404,3.403736943442595,3.507989027856499,14.941960164510892,12.526255577766035,14.941960164510892,0.5734911498790516,0.6774532433654485,0.6254721966222501,7.035455061282338,6.369178758117942,7.035455061282338
4-9-18_Schnable_49-310-JS201-314_2018-04-11_01-12-29_9971700,169701,10412,19212,11004,20322,0.033245877891449074,0.046436429204518015,0.039841153547983545,0.1962861122104636,0.2048443591659204,0.2048443591659204,0.03227319865472211,0.04037349847045846,0.036323348562590285,0.18387557179971817,0.17349150720245124,0.18387557179971817,0.007294727992841224,0.008895961676559426,0.008095344834700325,0.1181610461187809,0.10239474043658182,0.1181610461187809,3.3245877891449074,4.643642920451802,3.9841153547983543,19.62861122104636,20.48443591659204,20.48443591659204,3.2273198654722113,4.037349847045846,3.6323348562590283,18.387557179971818,17.349150720245124,18.387557179971818,0.7294727992841225,0.8895961676559425,0.8095344834700325,11.816104611878089,10.239474043658182,11.816104611878089
4-9-18_Schnable_49-311-JS47-76_2018-04-11_01-14-42_9971800,42594,3240,5904,3448,6294,0.023458522955311697,0.02638140061998463,0.024919961787648163,0.10488946224542786,0.06319993069764644,0.10488946224542786,0.021794100595571853,0.02180689901154845,0.02180049980356015,0.10205984379684649,0.06042711308839189,0.10205984379684649,0.005012001479097868,0.005126323640967246,0.005069162560032557,0.045209780788213555,0.039688895405976594,0.045209780788213555,2.3458522955311696,2.6381400619984627,2.491996178764816,10.488946224542786,6.319993069764644,10.488946224542786,2.1794100595571853,2.180689901154845,2.180049980356015,10.205984379684649,6.042711308839189,10.205984379684649,0.5012001479097867,0.5126323640967245,0.5069162560032557,4.520978078821355,3.9688895405976594,4.520978078821355
4-9-18_Schnable_49-312-JS93-1-130_2018-04-11_01-16-55_9971900,170472,5698,10458,6050,11118,0.032908637952139386,0.03261540424467462,0.03276202109840701,0.14118750337907388,0.12065653489623042,0.14118750337907388,0.03466631659699076,0.03242092333742478,0.03354361996720777,0.14142501762593787,0.12702355789412664,0.14142501762593787,0.006301918518774883,0.007643115846205805,0.006972517182490344,0.07940639231083547,0.06984982950432574,0.07940639231083547,3.2908637952139386,3.261540424467462,3.2762021098407006,14.118750337907388,12.065653489623042,14.118750337907388,3.466631659699076,3.242092333742478,3.354361996720777,14.142501762593787,12.702355789412664,14.142501762593787,0.6301918518774884,0.7643115846205805,0.6972517182490344,7.940639231083548,6.984982950432574,7.940639231083548
4-9-18_Schnable_49-313-JS49-2-78_2018-04-11_01-19-08_9972000,156925,9374,17234,9950,18314,0.03337402135576129,0.04170296705330184,0.037538494204531564,0.19760652781335386,0.16980158930365855,0.19760652781335386,0.033048434171727446,0.03783053092209892,0.03543948254691318,0.19960754108811526,0.16782099858245864,0.19960754108811526,0.006728394148094548,0.0074442650062143,0.007086329577154424,0.08627004802553999,0.08148045947471928,0.08627004802553999,3.3374021355761294,4.170296705330184,3.7538494204531565,19.760652781335388,16.980158930365853,19.760652781335388,3.3048434171727448,3.783053092209892,3.543948254691318,19.960754108811525,16.782099858245864,19.960754108811525,0.6728394148094549,0.74442650062143,0.7086329577154424,8.627004802554,8.148045947471928,8.627004802554
4-9-18_Schnable_49-314-JS210-330_2018-04-11_01-21-22_9972100,149267,10716,19782,11356,20982,0.04136859150602604,0.06143608218958252,0.05140233684780428,0.20470972688412958,0.16639741937450395,0.20470972688412958,0.041313676623534176,0.05551918275826083,0.0484164296908975,0.1995262057562014,0.16920924139685645,0.1995262057562014,0.007051071818865832,0.008347845798258428,0.00769945880856213,0.11134661620595081,0.0937036270869905,0.11134661620595081,4.136859150602604,6.143608218958252,5.140233684780428,20.470972688412957,16.639741937450395,20.470972688412957,4.1313676623534175,5.5519182758260825,4.84164296908975,19.952620575620138,16.920924139685646,19.952620575620138,0.7051071818865832,0.8347845798258428,0.769945880856213,11.13466162059508,9.37036270869905,11.13466162059508
4-9-18_Schnable_49-315-JS81-2-113_2018-04-11_01-23-35_9972200,70856,7086,13034,7502,13814,0.0318092466879226,0.04820445662314555,0.040006851655534074,0.18768520707246567,0.1953379525205915,0.1953379525205915,0.03182138746197195,0.04212021284467782,0.036970800153324886,0.18265477501192892,0.1591116709329454,0.18265477501192892,0.005211991881407836,0.006501007199333165,0.0058564995403705,0.10408723053859288,0.0938943262914718,0.10408723053859288,3.18092466879226,4.820445662314555,4.000685165553407,18.768520707246566,19.53379525205915,19.53379525205915,3.1821387461971953,4.212021284467782,3.6970800153324888,18.26547750119289,15.911167093294539,18.26547750119289,0.5211991881407836,0.6501007199333165,0.58564995403705,10.408723053859289,9.38943262914718,10.408723053859289
4-9-18_Schnable_49-316-JS180-270_2018-04-11_01-25-48_9972300,287489,10300,19002,10924,20172,0.04102534764279139,0.05082598697554357,0.04592566730916749,0.2697480751039983,0.235321716547459,0.2697480751039983,0.043454115431630726,0.04699207324841265,0.04522309434002168,0.21093931428035528,0.1748033444806086,0.21093931428035528,0.011217522810018945,0.011599754513528956,0.01140863866177395,0.16649507780866704,0.12932705064288813,0.16649507780866704,4.102534764279139,5.082598697554357,4.592566730916749,26.974807510399827,23.532171654745902,26.974807510399827,4.345411543163072,4.6992073248412645,4.522309434002168,21.09393142803553,17.480334448060862,21.09393142803553,1.1217522810018945,1.1599754513528955,1.140863866177395,16.649507780866703,12.932705064288813,16.649507780866703
4-9-18_Schnable_49-317-JS221-348_2018-04-11_01-28-03_9972400,130996,8494,15584,9006,16544,0.026800607372074403,0.037867482694947774,0.03233404503351109,0.20042710955845253,0.16932913039864445,0.20042710955845253,0.023196121793314716,0.0316581234279155,0.027427122610615105,0.1991726914311763,0.1536783505063373,0.1991726914311763,0.0076900368730108935,0.009006804742820437,0.008348420807915665,0.11446523149972936,0.1033527352682068,0.11446523149972936,2.68006073720744,3.7867482694947774,3.233404503351109,20.04271095584525,16.932913039864445,20.04271095584525,2.3196121793314717,3.1658123427915497,2.7427122610615107,19.91726914311763,15.36783505063373,19.91726914311763,0.7690036873010894,0.9006804742820438,0.8348420807915665,11.446523149972936,10.33527352682068,11.446523149972936
4-9-18_Schnable_49-318-JS222-350_2018-04-11_01-30-16_9972500,158709,9100,16722,9836,18072,0.0270881101412808,0.04927440523372529,0.038181257687503044,0.20724085043508333,0.20331087023951283,0.20724085043508333,0.026708989754255362,0.048796393147540536,0.03775269145089795,0.20139961328268846,0.19517176842176798,0.20139961328268846,0.005720692857428843,0.006549143609736617,0.00613491823358273,0.0947266547765836,0.07670582359615961,0.0947266547765836,2.7088110141280803,4.927440523372529,3.8181257687503045,20.72408504350833,20.331087023951284,20.72408504350833,2.670898975425536,4.879639314754054,3.775269145089795,20.139961328268846,19.5171768421768,20.139961328268846,0.5720692857428843,0.6549143609736617,0.613491823358273,9.47266547765836,7.6705823596159615,9.47266547765836
4-9-18_Schnable_49-319-JS117-172_2018-04-11_01-32-29_9972600,137855,10094,18524,10622,19514,0.02438822341834372,0.03719844312184507,0.030793333270094397,0.1895015338688783,0.169129958432697,0.1895015338688783,0.025574820672063292,0.034519549145231546,0.03004718490864742,0.1892183990477927,0.16971798936633709,0.1892183990477927,0.0050291883545381935,0.006376266454471509,0.005702727404504851,0.0695481525828762,0.07521043318178958,0.07521043318178958,2.438822341834372,3.7198443121845073,3.0793333270094396,18.95015338688783,16.912995843269698,18.95015338688783,2.557482067206329,3.4519549145231547,3.0047184908647417,18.92183990477927,16.971798936633707,18.92183990477927,0.5029188354538193,0.637626645447151,0.570272740450485,6.95481525828762,7.5210433181789575,7.5210433181789575
4-9-18_Schnable_49-320-JS277-103_2018-04-11_01-34-42_9972700,55902,5744,10546,6160,11326,0.04762207271422344,0.04745726905195006,0.04753967088308675,0.1903575493134986,0.1473098174182484,0.1903575493134986,0.04853219073744857,0.04465285282250111,0.04659252177997484,0.19074026925811519,0.13972075345537568,0.19074026925811519,0.004477986195135421,0.004836934381255014,0.004657460288195217,0.06083758802100029,0.05117320978696108,0.06083758802100029,4.762207271422344,4.7457269051950055,4.753967088308675,19.03575493134986,14.73098174182484,19.03575493134986,4.853219073744857,4.465285282250111,4.659252177997484,19.07402692581152,13.972075345537569,19.07402692581152,0.44779861951354205,0.48369343812550136,0.4657460288195217,6.083758802100029,5.117320978696108,6.083758802100029
4-9-18_Schnable_49-321-JS248-396_2018-04-11_01-36-56_9972800,273698,10190,18854,10718,19844,0.02507735004764873,0.03161020645752519,0.028343778252586962,0.17870157623443975,0.21147821354217516,0.21147821354217516,0.023583061575306048,0.025669870028315056,0.024626465801810552,0.16787746358326675,0.15169600708406408,0.16787746358326675,0.008410104202295828,0.009817798197959355,0.00911395120012759,0.13481709182179816,0.12149017049058727,0.13481709182179816,2.507735004764873,3.161020645752519,2.834377825258696,17.870157623443976,21.147821354217516,21.147821354217516,2.358306157530605,2.566987002831506,2.462646580181055,16.787746358326675,15.169600708406408,16.787746358326675,0.8410104202295827,0.9817798197959354,0.911395120012759,13.481709182179817,12.149017049058727,13.481709182179817
4-9-18_Schnable_49-323-JS120-175_2018-04-11_01-41-23_9973000,94949,9932,18372,10620,19662,0.050885720783116706,0.06443463288818459,0.057660176835650646,0.23446292346899464,0.17112658038012452,0.23446292346899464,0.05027721128695558,0.06204525300593273,0.056161232146444154,0.18427807744703897,0.17132403577815689,0.18427807744703897,0.006858771858137462,0.007911013639447842,0.007384892748792652,0.12327017289192117,0.12512467664184274,0.12512467664184274,5.088572078311671,6.443463288818458,5.766017683565065,23.446292346899465,17.11265803801245,23.446292346899465,5.027721128695558,6.204525300593273,5.616123214644415,18.427807744703898,17.132403577815687,18.427807744703898,0.6858771858137461,0.7911013639447841,0.7384892748792652,12.327017289192117,12.512467664184273,12.512467664184273
4-9-18_Schnable_49-324-JS247-395_2018-04-11_01-43-36_9973100,52543,7250,13338,7730,14238,0.026572950221291514,0.031509000591476356,0.029040975406383937,0.1472551073234523,0.13638232033360098,0.1472551073234523,0.026256771533346216,0.027197293347648328,0.026727032440497272,0.12410179080800304,0.11796670413428902,0.12410179080800304,0.005605582304799825,0.0066450600099974295,0.006125321157398627,0.07818496169883753,0.06353604415629588,0.07818496169883753,2.6572950221291514,3.1509000591476357,2.9040975406383938,14.72551073234523,13.638232033360097,14.72551073234523,2.6256771533346215,2.719729334764833,2.6727032440497274,12.410179080800305,11.796670413428902,12.410179080800305,0.5605582304799824,0.664506000999743,0.6125321157398627,7.818496169883753,6.353604415629588,7.818496169883753
4-9-18_Schnable_49-325-JS117-172_2018-04-11_01-45-49_9973200,52860,5376,9826,5728,10486,0.018560011584788576,0.027193246511081553,0.022876629047935065,0.1511712719643913,0.12851129588435814,0.1511712719643913,0.01948732061762122,0.02650427955527748,0.02299580008644935,0.15449445932676412,0.13293304982438636,0.15449445932676412,0.00364544635014178,0.0043473168474109595,0.00399638159877637,0.06299491913082651,0.06076519215726379,0.06299491913082651,1.8560011584788576,2.7193246511081552,2.2876629047935064,15.117127196439132,12.851129588435814,15.117127196439132,1.948732061762122,2.6504279555277477,2.299580008644935,15.449445932676412,13.293304982438636,15.449445932676412,0.364544635014178,0.43473168474109597,0.399638159877637,6.299491913082651,6.076519215726379,6.299491913082651
4-9-18_Schnable_49-326-JS226-358_2018-04-11_01-48-02_9973300,308157,11520,21270,11792,21780,0.04804185076264355,0.083551404177726,0.06579662747018478,0.29743497105521705,0.26302211477952175,0.29743497105521705,0.04795438288264405,0.07263457949824623,0.06029448119044514,0.29773788458007483,0.26153993458763475,0.29773788458007483,0.009184669876225907,0.011399940022288163,0.010292304949257036,0.09794722423926172,0.10424593553121304,0.10424593553121304,4.804185076264355,8.3551404177726,6.579662747018478,29.743497105521705,26.302211477952177,29.743497105521705,4.795438288264405,7.263457949824622,6.029448119044514,29.773788458007484,26.153993458763473,29.773788458007484,0.9184669876225907,1.1399940022288164,1.0292304949257036,9.794722423926173,10.424593553121305,10.424593553121305
4-9-18_Schnable_49-327-JS88-125_2018-04-11_01-50-21_9973400,239047,10668,19722,11356,20982,0.03388607538011667,0.04507536016305188,0.039480717771584274,0.24159553567853237,0.20396535196908727,0.24159553567853237,0.030880282974311016,0.03646122734772142,0.03367075516101622,0.21979365799958633,0.1656887471995751,0.21979365799958633,0.01061164061388547,0.012939155189356734,0.011775397901621102,0.13596889792653777,0.14885945054286773,0.14885945054286773,3.3886075380116667,4.507536016305188,3.9480717771584275,24.159553567853237,20.396535196908726,24.159553567853237,3.0880282974311015,3.646122734772142,3.3670755161016217,21.979365799958632,16.56887471995751,21.979365799958632,1.0611640613885471,1.2939155189356735,1.1775397901621103,13.596889792653776,14.885945054286772,14.885945054286772
4-9-18_Schnable_49-328-JS31-1-53_2018-04-11_01-52-35_9973500,53157,4772,8720,5140,9410,0.017108235303787987,0.01808010752541984,0.017594171414603912,0.12802782095395834,0.10427466071127456,0.12802782095395834,0.017926808340903162,0.016631753518267168,0.017279280929585167,0.12154776744614817,0.10919382003097865,0.12154776744614817,0.0031008249534246616,0.0034832287878035963,0.003292026870614129,0.04761079143447206,0.04239360794661538,0.04761079143447206,1.7108235303787986,1.8080107525419842,1.7594171414603912,12.802782095395834,10.427466071127455,12.802782095395834,1.7926808340903162,1.6631753518267167,1.7279280929585168,12.154776744614818,10.919382003097864,12.154776744614818,0.3100824953424662,0.3483228787803596,0.32920268706141287,4.761079143447207,4.239360794661538,4.761079143447207
4-9-18_Schnable_49-329-JS116-171_2018-04-11_01-54-47_9973600,146928,7372,13512,7788,14292,0.03976838433277521,0.04640518797557094,0.04308678615417307,0.19835876932418753,0.1976937824690807,0.19835876932418753,0.036085925209167306,0.039002856877351624,0.03754439104325946,0.20269740736659614,0.16605916087849945,0.20269740736659614,0.00637997310640038,0.007830621837938548,0.007105297472169464,0.09399557319089749,0.08396901923302891,0.09399557319089749,3.976838433277521,4.640518797557093,4.308678615417307,19.835876932418753,19.76937824690807,19.835876932418753,3.6085925209167304,3.9002856877351624,3.754439104325946,20.269740736659614,16.605916087849945,20.269740736659614,0.6379973106400381,0.7830621837938547,0.7105297472169464,9.39955731908975,8.396901923302892,9.39955731908975
4-9-18_Schnable_49-330-JS27-47_2018-04-11_01-57-01_9973700,46314,6674,12228,7106,13038,0.03198190612566039,0.03421885698248504,0.033100381554072716,0.1320634516908685,0.12712587003782586,0.1320634516908685,0.030122009447903157,0.02944353458529527,0.029782772016599214,0.13191335348149255,0.11763001937962515,0.13191335348149255,0.005128586133283153,0.006039688625486612,0.005584137379384882,0.07824842118193373,0.07397627763014751,0.07824842118193373,3.198190612566039,3.4218856982485035,3.3100381554072715,13.20634516908685,12.712587003782586,13.20634516908685,3.0122009447903157,2.9443534585295272,2.9782772016599215,13.191335348149256,11.763001937962516,13.191335348149256,0.5128586133283153,0.6039688625486612,0.5584137379384883,7.824842118193373,7.397627763014751,7.824842118193373
4-9-18_Schnable_49-331-JS267-426_2018-04-11_01-59-14_9973800,139486,6942,12764,7246,13334,0.034085506094857596,0.04518937907763103,0.03963744258624431,0.19859772784740506,0.2521056358639845,0.2521056358639845,0.035039014246877755,0.03968208067659233,0.03736054746173505,0.17669314819559545,0.161884499238575,0.17669314819559545,0.00562029141932555,0.007805032553515977,0.006712661986420764,0.07764052840490777,0.10980263027040052,0.10980263027040052,3.4085506094857596,4.518937907763103,3.9637442586244314,19.859772784740507,25.21056358639845,25.21056358639845,3.5039014246877755,3.968208067659233,3.7360547461735045,17.669314819559546,16.1884499238575,17.669314819559546,0.562029141932555,0.7805032553515977,0.6712661986420764,7.764052840490778,10.980263027040053,10.980263027040053
4-9-18_Schnable_49-333-JS59-3-88_2018-04-11_02-03-41_9974000,221039,11176,20648,11800,21818,0.03695139348964719,0.05244389443177006,0.044697643960708626,0.29068253951648054,0.25757788550362704,0.29068253951648054,0.03532602873956238,0.04535450415946878,0.04034026644951558,0.2691013968575874,0.20477523959064023,0.2691013968575874,0.007084421477865162,0.008580007869670335,0.007832214673767749,0.15756307991684584,0.1358169850402265,0.15756307991684584,3.695139348964719,5.244389443177006,4.469764396070863,29.068253951648053,25.757788550362704,29.068253951648053,3.532602873956238,4.535450415946878,4.034026644951558,26.91013968575874,20.477523959064023,26.91013968575874,0.7084421477865162,0.8580007869670334,0.7832214673767749,15.756307991684585,13.581698504022649,15.756307991684585
4-9-18_Schnable_49-334-JS171-247_2018-04-11_02-05-54_9974100,315548,10664,19672,11288,20842,0.07976339857381354,0.1145623730099953,0.09716288579190442,0.35394892472753015,0.35137297878195317,0.35394892472753015,0.08108071097143929,0.10956564747640127,0.09532317922392028,0.35488837532835443,0.3404280571045539,0.35488837532835443,0.006251340058410727,0.007172575478769194,0.00671195776858996,0.08626123058206207,0.08009017997781416,0.08626123058206207,7.976339857381354,11.45623730099953,9.716288579190442,35.394892472753014,35.13729787819532,35.394892472753014,8.10807109714393,10.956564747640126,9.532317922392028,35.48883753283544,34.04280571045539,35.48883753283544,0.6251340058410727,0.7172575478769194,0.671195776858996,8.626123058206208,8.009017997781417,8.626123058206208
4-9-18_Schnable_49-335-JS161-231_2018-04-11_02-08-08_9974200,342664,10728,19748,11144,20528,0.0400513619877689,0.06453078657044259,0.052291074279105745,0.2733316194307037,0.25250358953981733,0.2733316194307037,0.03733864869849335,0.05379530767322788,0.04556697818586061,0.2399406589836946,0.21109264214793672,0.2399406589836946,0.010772749417694613,0.012628302555231223,0.011700525986462918,0.13566518342341422,0.14678585356118493,0.14678585356118493,4.00513619877689,6.453078657044259,5.2291074279105745,27.333161943070373,25.25035895398173,27.333161943070373,3.733864869849335,5.3795307673227875,4.556697818586061,23.99406589836946,21.109264214793672,23.99406589836946,1.0772749417694614,1.2628302555231223,1.1700525986462917,13.566518342341421,14.678585356118493,14.678585356118493
4-9-18_Schnable_49-336-JS41-2-68_2018-04-11_02-10-21_9974300,96075,5870,10694,6142,11204,0.04232124609546679,0.04268478975846625,0.04250301792696652,0.21567063276381937,0.19073140921204698,0.21567063276381937,0.041686783654333114,0.03951042170083866,0.04059860267758589,0.2165922229498748,0.16984078759752888,0.2165922229498748,0.0045620471194718955,0.0060292005637834125,0.005295623841627654,0.10403853762555225,0.09833185028591447,0.10403853762555225,4.232124609546679,4.268478975846625,4.250301792696652,21.567063276381937,19.073140921204697,21.567063276381937,4.168678365433311,3.9510421700838663,4.059860267758589,21.65922229498748,16.984078759752887,21.65922229498748,0.45620471194718953,0.6029200563783412,0.5295623841627654,10.403853762555224,9.833185028591448,10.403853762555224
4-9-18_Schnable_49-337-JS122-179_2018-04-11_02-12-35_9974400,108357,8064,14866,8640,15946,0.042627676020496476,0.03793645620519156,0.04028206611284402,0.15964623374441472,0.1471828919252584,0.15964623374441472,0.043211871368345665,0.03345721856595801,0.03833454496715184,0.1520248545406544,0.13806269191376916,0.1520248545406544,0.006683205337250166,0.007502303239170078,0.007092754288210122,0.07404700218719715,0.059134200336380185,0.07404700218719715,4.262767602049648,3.7936456205191558,4.028206611284402,15.964623374441473,14.718289192525841,15.964623374441473,4.321187136834567,3.3457218565958016,3.8334544967151842,15.202485454065439,13.806269191376916,15.202485454065439,0.6683205337250167,0.7502303239170078,0.7092754288210122,7.404700218719714,5.913420033638019,7.404700218719714
4-9-18_Schnable_49-338-JS181-271_2018-04-11_02-14-49_9974500,152729,6754,12438,7448,13688,0.05516832753771927,0.07429120571798317,0.06472976662785122,0.23998790097059264,0.210242971424453,0.23998790097059264,0.05982979982263821,0.06908292461088007,0.06445636221675914,0.21342131262014316,0.20056070922912453,0.21342131262014316,0.011989939038654788,0.011049064783531438,0.011519501911093112,0.17466841223542998,0.11618884015348506,0.17466841223542998,5.516832753771927,7.429120571798317,6.472976662785122,23.998790097059263,21.0242971424453,23.998790097059263,5.982979982263821,6.908292461088007,6.445636221675914,21.342131262014316,20.056070922912454,21.342131262014316,1.1989939038654787,1.104906478353144,1.1519501911093113,17.466841223542996,11.618884015348506,17.466841223542996
4-9-18_Schnable_49-339-JS22-37_2018-04-11_02-17-02_9974600,33915,3384,6144,3592,6534,0.02140787298629916,0.028020740539659875,0.024714306762979518,0.09237927760752132,0.08388054857745067,0.09237927760752132,0.022565679220015754,0.02435792112540532,0.023461800172710538,0.08194940410076075,0.07830776266217791,0.08194940410076075,0.003084548648151492,0.004170000485258943,0.0036272745667052177,0.04162113284706786,0.03998327501824801,0.04162113284706786,2.140787298629916,2.8020740539659874,2.4714306762979517,9.237927760752132,8.388054857745066,9.237927760752132,2.2565679220015755,2.4357921125405317,2.346180017271054,8.194940410076075,7.830776266217791,8.194940410076075,0.3084548648151492,0.41700004852589434,0.36272745667052175,4.162113284706786,3.9983275018248015,4.162113284706786
4-9-18_Schnable_49-341-JS117-172_2018-04-11_02-21-30_9974800,83391,7134,13094,7518,13814,0.025823176920384,0.03538438084428729,0.030603778882335647,0.1887665086148154,0.15537610921349593,0.1887665086148154,0.02373291254918437,0.03151126412377513,0.02762208833647975,0.15921156522357957,0.1524801976215901,0.15921156522357957,0.006431059157658207,0.008025618355052003,0.007228338756355105,0.08155959514701192,0.0771891770679128,0.08155959514701192,2.5823176920384,3.538438084428729,3.060377888233565,18.87665086148154,15.537610921349593,18.87665086148154,2.373291254918437,3.151126412377513,2.762208833647975,15.921156522357958,15.248019762159009,15.921156522357958,0.6431059157658207,0.8025618355052003,0.7228338756355105,8.155959514701191,7.71891770679128,8.155959514701191
4-9-18_Schnable_49-342-JS249-400_2018-04-11_02-23-44_9974900,234915,9710,17834,10222,18794,0.02568753220777699,0.03943738914026031,0.03256246067401865,0.1999751865163293,0.20334195132527388,0.20334195132527388,0.021879929811348797,0.028413411905530223,0.02514667085843951,0.16030506279922535,0.1437601698552558,0.16030506279922535,0.009082987976547338,0.011719831032399645,0.010401409504473491,0.12709996947666247,0.1120895466411842,0.12709996947666247,2.568753220777699,3.9437389140260306,3.256246067401865,19.99751865163293,20.334195132527388,20.334195132527388,2.1879929811348795,2.841341190553022,2.514667085843951,16.030506279922534,14.376016985525581,16.030506279922534,0.9082987976547339,1.1719831032399646,1.040140950447349,12.709996947666246,11.20895466411842,12.709996947666246
4-9-18_Schnable_49-343-JS125-184_2018-04-11_02-25-57_9975000,61744,4290,7848,4562,8358,0.03192909988143212,0.03543057798798526,0.03367983893470869,0.15083829573180854,0.1689336561884878,0.1689336561884878,0.03269813937348332,0.029681987853269812,0.03119006361337657,0.13002589977510692,0.11425328728201993,0.13002589977510692,0.005882644441384875,0.007828561722797875,0.006855603082091375,0.10642656589705056,0.094488829439369,0.10642656589705056,3.192909988143212,3.543057798798526,3.367983893470869,15.083829573180854,16.89336561884878,16.89336561884878,3.2698139373483324,2.9681987853269813,3.119006361337657,13.002589977510691,11.425328728201993,13.002589977510691,0.5882644441384876,0.7828561722797875,0.6855603082091375,10.642656589705055,9.4488829439369,10.642656589705055
4-9-18_Schnable_49-344-JS148-215_2018-04-11_02-28-10_9975100,49339,5248,9616,5584,10246,0.017116802030221447,0.021608329843313675,0.01936256593676756,0.22220187846765255,0.13197416338311327,0.22220187846765255,0.017465986437117845,0.02072149055138795,0.019093738494252898,0.22331924570372222,0.14275026367957122,0.22331924570372222,0.003639075536551927,0.003959573602890892,0.0037993245697214096,0.02995784394217157,0.025971665763575413,0.02995784394217157,1.7116802030221447,2.1608329843313676,1.9362565936767562,22.220187846765256,13.197416338311326,22.220187846765256,1.7465986437117844,2.0721490551387953,1.9093738494252899,22.331924570372223,14.275026367957121,22.331924570372223,0.3639075536551927,0.3959573602890892,0.37993245697214095,2.995784394217157,2.5971665763575413,2.995784394217157
4-9-18_Schnable_49-345-JS253-406_2018-04-11_02-30-24_9975200,108877,6826,12564,7162,13164,0.06813177867182535,0.09834002542179358,0.08323590204680947,0.3411998891049301,0.3476770900987656,0.3476770900987656,0.06825392129265058,0.09416266898167168,0.08120829513716113,0.3402855966623587,0.34761600403887444,0.34761600403887444,0.00696362018482092,0.008275481549056971,0.007619550866938945,0.11249088033186366,0.10671664329180659,0.11249088033186366,6.813177867182535,9.834002542179359,8.323590204680947,34.11998891049301,34.767709009876555,34.767709009876555,6.825392129265058,9.416266898167168,8.120829513716114,34.02855966623587,34.76160040388744,34.76160040388744,0.696362018482092,0.8275481549056971,0.7619550866938946,11.249088033186366,10.67166432918066,11.249088033186366
4-9-18_Schnable_49-346-JS225-357_2018-04-11_02-32-39_9975300,130169,7088,13066,7504,13846,0.024383343345352564,0.04023222050567954,0.03230778192551605,0.2336220866678349,0.17932469760998979,0.2336220866678349,0.023371494884533814,0.03199793703958169,0.02768471596205775,0.21439548048940624,0.1315004646687037,0.21439548048940624,0.010249649277651079,0.012292792335432538,0.011271220806541807,0.14150439548469954,0.12063919422025815,0.14150439548469954,2.4383343345352566,4.023222050567954,3.2307781925516053,23.36220866678349,17.932469760998977,23.36220866678349,2.3371494884533814,3.1997937039581688,2.7684715962057753,21.439548048940622,13.150046466870368,21.439548048940622,1.0249649277651078,1.2292792335432539,1.1271220806541808,14.150439548469954,12.063919422025815,14.150439548469954
4-9-18_Schnable_49-347-js254-408_2018-04-11_02-34-52_9975400,156216,8828,16212,9324,17142,0.022759166322420348,0.027035346999778376,0.024897256661099362,0.2592007274758768,0.23764861888943262,0.2592007274758768,0.022579984104466107,0.02310852960526277,0.022844256854864436,0.25693913983038785,0.17770033960990042,0.25693913983038785,0.004927046297049066,0.00609809967247697,0.005512572984763018,0.11105458817843997,0.10719971103330969,0.11105458817843997,2.2759166322420348,2.703534699977838,2.489725666109936,25.92007274758768,23.764861888943262,25.92007274758768,2.2579984104466106,2.310852960526277,2.2844256854864438,25.693913983038787,17.77003396099004,25.693913983038787,0.4927046297049066,0.609809967247697,0.5512572984763018,11.105458817843997,10.71997110333097,11.105458817843997
4-9-18_Schnable_49-348-js166-238_2018-04-11_02-37-05_9975500,135693,6816,12526,7136,13126,0.025758330894274126,0.03805877641035918,0.03190855365231665,0.1911085705475822,0.13973771897466786,0.1911085705475822,0.02585133759696012,0.035338096978295624,0.030594717287627873,0.15060322063709608,0.13457260967090967,0.15060322063709608,0.0054629546003379615,0.007109306955158703,0.006286130777748332,0.1092419146956889,0.09925071733938468,0.1092419146956889,2.575833089427413,3.805877641035918,3.1908553652316654,19.11085705475822,13.973771897466786,19.11085705475822,2.585133759696012,3.5338096978295623,3.0594717287627873,15.060322063709608,13.457260967090967,15.060322063709608,0.5462954600337961,0.7109306955158703,0.6286130777748332,10.92419146956889,9.925071733938468,10.92419146956889
4-9-18_Schnable_49-349-js207-323_2018-04-11_02-39-19_9975600,229767,7106,13082,7426,13682,0.04570086027227701,0.08328260153611731,0.06449173090419716,0.2722036813119511,0.2758179100178965,0.2758179100178965,0.04536348275912577,0.07482301236214957,0.06009324756063767,0.27081056675632714,0.2670458351837009,0.27081056675632714,0.007799857022157359,0.009499285804565324,0.008649571413361342,0.09017474673497311,0.1317173565298304,0.1317173565298304,4.570086027227701,8.328260153611732,6.449173090419716,27.220368131195112,27.58179100178965,27.58179100178965,4.5363482759125775,7.482301236214957,6.0093247560637675,27.081056675632713,26.70458351837009,27.081056675632713,0.7799857022157358,0.9499285804565324,0.8649571413361342,9.017474673497311,13.171735652983042,13.171735652983042
4-9-18_Schnable_49-351-js139-201_2018-04-11_02-43-45_9975800,128148,7726,14144,8206,15044,0.03251183522735193,0.03664753162195367,0.0345796834246528,0.16766452995289255,0.15024661868207365,0.16766452995289255,0.032644669842820356,0.03452714247331863,0.033585906158069494,0.16742880390938733,0.15051908984336201,0.16742880390938733,0.0038102504576279267,0.004516656198824804,0.0041634533282263655,0.04359791872004652,0.04200268962108132,0.04359791872004652,3.251183522735193,3.6647531621953675,3.45796834246528,16.766452995289256,15.024661868207364,16.766452995289256,3.2644669842820355,3.4527142473318633,3.3585906158069494,16.742880390938733,15.051908984336201,16.742880390938733,0.38102504576279267,0.4516656198824804,0.4163453328226365,4.359791872004652,4.200268962108132,4.359791872004652
4-9-18_Schnable_49-352-js184-274_2018-04-11_02-45-58_9975900,97732,8268,15252,8812,16272,0.03305290509827397,0.04687704838476083,0.0399649767415174,0.23102539450847556,0.18666230037072096,0.23102539450847556,0.03255549279661641,0.04259358003679271,0.03757453641670456,0.23102035455453598,0.16815524638508092,0.23102035455453598,0.005736493095553793,0.006224113032506916,0.005980303064030355,0.13314494407878044,0.1103720229210589,0.13314494407878044,3.3052905098273975,4.687704838476083,3.9964976741517404,23.102539450847555,18.666230037072097,23.102539450847555,3.255549279661641,4.259358003679271,3.757453641670456,23.1020354554536,16.81552463850809,23.1020354554536,0.5736493095553793,0.6224113032506916,0.5980303064030354,13.314494407878044,11.03720229210589,13.314494407878044
4-9-18_Schnable_49-353-js46-75_2018-04-11_02-48-12_9976000,147314,6366,11684,6718,12344,0.033527072805641475,0.04478593454445174,0.03915650367504661,0.2407661482778764,0.20581946905950874,0.2407661482778764,0.03244872600374029,0.03732036989357555,0.03488454794865792,0.24084884413060573,0.156830846835195,0.24084884413060573,0.006425765671838026,0.008413334628942476,0.007419550150390251,0.09589238308103218,0.08289609000518837,0.09589238308103218,3.3527072805641476,4.478593454445174,3.9156503675046612,24.07661482778764,20.581946905950872,24.07661482778764,3.244872600374029,3.7320369893575553,3.488454794865792,24.08488441306057,15.6830846835195,24.08488441306057,0.6425765671838026,0.8413334628942476,0.7419550150390251,9.589238308103218,8.289609000518837,9.589238308103218
4-9-18_Schnable_49-354-js200-312_2018-04-11_02-50-25_9976100,164227,9292,17112,9660,17802,0.027110479218500436,0.043143737679572414,0.03512710844903642,0.19664687954176557,0.15887808778553686,0.19664687954176557,0.026678997988820414,0.03932423618028521,0.03300161708455281,0.196330394477188,0.15545593849419162,0.196330394477188,0.0047207692578420555,0.005490345550799566,0.005105557404320811,0.06367182131399955,0.06322723256326404,0.06367182131399955,2.7110479218500436,4.314373767957242,3.5127108449036424,19.664687954176557,15.887808778553685,19.664687954176557,2.667899798882041,3.932423618028521,3.3001617084552812,19.6330394477188,15.545593849419163,19.6330394477188,0.47207692578420557,0.5490345550799567,0.5105557404320812,6.3671821313999555,6.322723256326404,6.3671821313999555
4-9-18_Schnable_49-355-js10-2-19_2018-04-11_02-52-38_9976200,154920,9966,18374,10590,19544,0.02909573129523471,0.04489499468158357,0.036995362988409136,0.21544431683835424,0.1575153152391368,0.21544431683835424,0.02755693454201728,0.04060193327842214,0.03407943391021971,0.21155582819730426,0.16212429877932363,0.21155582819730426,0.005672617181011851,0.006567541483779089,0.00612007933239547,0.06387303304048238,0.056714081701567345,0.06387303304048238,2.909573129523471,4.489499468158357,3.6995362988409135,21.544431683835423,15.75153152391368,21.544431683835423,2.755693454201728,4.060193327842214,3.407943391021971,21.155582819730427,16.21242987793236,21.155582819730427,0.5672617181011851,0.6567541483779089,0.612007933239547,6.387303304048237,5.6714081701567345,6.387303304048237
4-9-18_Schnable_49-356-js257-415_2018-04-11_02-54-51_9976300,79031,6066,11118,6466,11868,0.024309697790032416,0.029130626203170716,0.026720161996601564,0.13043167507342135,0.1280981504761594,0.13043167507342135,0.02391681471699773,0.026773020506918134,0.02534491761195793,0.12952109102981108,0.1232688015009091,0.12952109102981108,0.004443816231366601,0.005285918265804154,0.004864867248585378,0.05871348004878493,0.050539861697365,0.05871348004878493,2.4309697790032416,2.9130626203170715,2.6720161996601566,13.043167507342135,12.809815047615942,13.043167507342135,2.391681471699773,2.6773020506918135,2.534491761195793,12.952109102981108,12.32688015009091,12.952109102981108,0.4443816231366601,0.5285918265804155,0.48648672485853783,5.871348004878493,5.0539861697365,5.871348004878493
4-9-18_Schnable_49-357-JS153-222_2018-04-11_02-57-05_9976400,82818,6814,12494,7166,13154,0.0248068281556533,0.03807009164000962,0.031438459897831464,0.16456750983761093,0.19248849626578923,0.19248849626578923,0.025603284374739226,0.030950197370047308,0.028276740872393267,0.16369051000420945,0.14925334449104935,0.16369051000420945,0.0061820318908586145,0.008189214145394221,0.007185623018126417,0.08234776820293112,0.08391041457921743,0.08391041457921743,2.4806828155653298,3.807009164000962,3.1438459897831463,16.456750983761093,19.248849626578924,19.248849626578924,2.5603284374739226,3.0950197370047308,2.827674087239327,16.369051000420946,14.925334449104936,16.369051000420946,0.6182031890858615,0.8189214145394221,0.7185623018126417,8.234776820293112,8.391041457921743,8.391041457921743
4-9-18_Schnable_49-358-JS154-223_2018-04-11_02-59-18_9976500,15622,4152,7584,4408,8064,0.024415781900322373,0.03225012676666734,0.028332954333494857,0.14556086941511998,0.14072548365976958,0.14556086941511998,0.024101947514066198,0.026874847228580228,0.02548839737132321,0.1355706205485451,0.06768978227746107,0.1355706205485451,0.004723827197503008,0.006290047364344095,0.005506937280923552,0.11343624460781572,0.1057539046251745,0.11343624460781572,2.4415781900322373,3.2250126766667337,2.8332954333494857,14.556086941511998,14.072548365976958,14.556086941511998,2.4101947514066198,2.6874847228580228,2.548839737132321,13.55706205485451,6.768978227746107,13.55706205485451,0.4723827197503008,0.6290047364344095,0.5506937280923552,11.343624460781571,10.57539046251745,11.343624460781571
4-9-18_Schnable_49-359-js286-213_2018-04-11_03-01-33_9976600,26025,2806,5092,2998,5452,0.02520567197774504,0.03269666329044704,0.02895116763409604,0.0932154367385613,0.1041787742634407,0.1041787742634407,0.025358041806532314,0.028695955347655264,0.02702699857709379,0.09323539360437032,0.08422025594852327,0.09323539360437032,0.004157379281827633,0.004666242903927756,0.004411811092877695,0.06965732889754547,0.060555462094437434,0.06965732889754547,2.520567197774504,3.2696663290447043,2.8951167634096038,9.32154367385613,10.41787742634407,10.41787742634407,2.5358041806532317,2.8695955347655264,2.702699857709379,9.323539360437032,8.422025594852327,9.323539360437032,0.41573792818276334,0.4666242903927756,0.4411811092877695,6.965732889754547,6.055546209443744,6.965732889754547
4-9-18_Schnable_49-361-js55-84_2018-04-11_03-05-59_9976800,93434,7406,13634,7950,14654,0.03307706448614465,0.03997783156920422,0.036527448027674436,0.175576878081486,0.17536520370949396,0.175576878081486,0.034098091098584304,0.038062659071629895,0.0360803750851071,0.1755555553992558,0.1595505090502111,0.1755555553992558,0.004401122652968743,0.004869109839179188,0.004635116246073965,0.07006966245724479,0.06195257025467506,0.07006966245724479,3.3077064486144647,3.9977831569204216,3.652744802767444,17.5576878081486,17.536520370949397,17.5576878081486,3.4098091098584304,3.8062659071629894,3.60803750851071,17.555555539925578,15.955050905021109,17.555555539925578,0.4401122652968743,0.48691098391791876,0.4635116246073965,7.006966245724479,6.195257025467506,7.006966245724479
4-9-18_Schnable_49-362-js63-92_2018-04-11_03-08-13_9976900,176446,10186,18850,10874,20140,0.05009767321190486,0.04535677526587308,0.04772722423888897,0.2731391632553947,0.2089219905492068,0.2731391632553947,0.04737646725522294,0.03969060935115278,0.04353353830318786,0.27313377028914243,0.18487505295232023,0.27313377028914243,0.007588693025555458,0.008496843966743772,0.008042768496149615,0.10827014152073294,0.10052433904508488,0.10827014152073294,5.009767321190486,4.535677526587309,4.772722423888897,27.313916325539473,20.89219905492068,27.313916325539473,4.737646725522294,3.9690609351152784,4.353353830318786,27.313377028914243,18.487505295232022,27.313377028914243,0.7588693025555457,0.8496843966743772,0.8042768496149615,10.827014152073295,10.052433904508488,10.827014152073295
4-9-18_Schnable_49-363-js271-27_2018-04-11_03-10-26_9977000,43806,3274,5950,3562,6460,0.04564635695398047,0.030675846439209925,0.0381611016965952,0.17555571633207762,0.14655954220752446,0.17555571633207762,0.046949798264151514,0.0300574215778231,0.03850360992098731,0.17490867450517242,0.16698653313986211,0.17490867450517242,0.00307531717370104,0.0035058785697244135,0.0032905978717127264,0.05032381310270697,0.04223077643114244,0.05032381310270697,4.564635695398047,3.0675846439209926,3.8161101696595203,17.555571633207762,14.655954220752445,17.555571633207762,4.694979826415151,3.00574215778231,3.850360992098731,17.490867450517243,16.698653313986213,17.490867450517243,0.307531717370104,0.3505878569724413,0.32905978717127266,5.032381310270697,4.223077643114244,5.032381310270697
4-9-18_Schnable_49-364-js74-106_2018-04-11_03-12-40_9977100,133540,9758,17924,10302,18944,0.02261099763865625,0.032268370468738976,0.027439684053697615,0.17127174736974218,0.22672908742186657,0.22672908742186657,0.023358042315864257,0.025978343272394375,0.024668192794129316,0.1712584949266759,0.15664737001079868,0.1712584949266759,0.00736488641107493,0.008528689282412108,0.00794678784674352,0.12003264095845534,0.11496923609666622,0.12003264095845534,2.261099763865625,3.2268370468738974,2.7439684053697615,17.12717473697422,22.672908742186657,22.672908742186657,2.3358042315864256,2.5978343272394375,2.4668192794129316,17.12584949266759,15.664737001079867,17.12584949266759,0.736488641107493,0.8528689282412109,0.7946787846743519,12.003264095845534,11.496923609666622,12.003264095845534
4-9-18_Schnable_49-365-js194-303_2018-04-11_03-14-53_9977200,64781,5270,9682,5430,9982,0.01684527253260298,0.023936439419489874,0.020390855976046427,0.10164511867154921,0.15944793165254179,0.15944793165254179,0.02062308387811795,0.01875311033163838,0.019688097104878163,0.09689487095413363,0.07451075663027612,0.09689487095413363,0.007690572108794135,0.012323483667435338,0.010007027888114736,0.10554014714624758,0.11094547036418669,0.11094547036418669,1.684527253260298,2.393643941948987,2.0390855976046427,10.164511867154921,15.944793165254179,15.944793165254179,2.062308387811795,1.875311033163838,1.9688097104878164,9.689487095413362,7.451075663027612,9.689487095413362,0.7690572108794135,1.2323483667435338,1.0007027888114737,10.554014714624758,11.09454703641867,11.09454703641867
4-9-18_Schnable_49-366-js128-187_2018-04-11_03-17-07_9977300,150478,8448,15526,8880,16336,0.031620499838516655,0.038309329831910696,0.034964914835213676,0.1697724974334675,0.17477440969419136,0.17477440969419136,0.02780956012629356,0.0290089240207579,0.02840924207352573,0.1518986888977734,0.13716466447888312,0.1518986888977734,0.008455364927094765,0.010559807093961922,0.009507586010528344,0.1067738084213537,0.0962077325238562,0.1067738084213537,3.1620499838516656,3.8309329831910697,3.4964914835213676,16.97724974334675,17.477440969419135,17.477440969419135,2.780956012629356,2.9008924020757902,2.8409242073525727,15.189868889777339,13.716466447888312,15.189868889777339,0.8455364927094765,1.0559807093961922,0.9507586010528344,10.67738084213537,9.62077325238562,10.67738084213537
4-9-18_Schnable_49-368-js20-34_2018-04-11_03-21-34_9977500,104470,8480,15616,9104,16786,0.020628168072388042,0.03397700291089713,0.027302585491642585,0.14275098399030997,0.19503117395742017,0.19503117395742017,0.022843326374462264,0.031563970115522054,0.02720364824499216,0.14275728857076578,0.1494875739331121,0.1494875739331121,0.005436872465807135,0.006021017654952649,0.005728945060379891,0.11536440587114051,0.0910573794735083,0.11536440587114051,2.0628168072388045,3.3977002910897127,2.7302585491642586,14.275098399030997,19.503117395742017,19.503117395742017,2.2843326374462265,3.1563970115522055,2.720364824499216,14.275728857076578,14.94875739331121,14.94875739331121,0.5436872465807134,0.6021017654952648,0.5728945060379891,11.53644058711405,9.10573794735083,11.53644058711405
4-9-18_Schnable_49-369-js99-143_2018-04-11_03-23-48_9977600,72594,7618,14028,8114,14958,0.032538057546164526,0.034334062826135485,0.03343606018615,0.21871295242423633,0.12112692824865695,0.21871295242423633,0.035092915187432586,0.031961392154836996,0.03352715367113479,0.21130331157205123,0.12532044878371737,0.21130331157205123,0.00607571924089972,0.006888662738759859,0.00648219098982979,0.08475495028441662,0.07313200171952584,0.08475495028441662,3.2538057546164527,3.4334062826135483,3.343606018615,21.87129524242363,12.112692824865695,21.87129524242363,3.5092915187432587,3.1961392154836994,3.352715367113479,21.130331157205124,12.532044878371737,21.130331157205124,0.607571924089972,0.6888662738759859,0.648219098982979,8.475495028441662,7.313200171952585,8.475495028441662
4-9-18_Schnable_49-370-js240-384_2018-04-11_03-26-01_9977700,178598,1496,2664,1576,2814,0.18769257162075106,0.013933134615892712,0.10081285311832189,0.5361297560849553,0.057055898227663306,0.5361297560849553,0.17734758421212937,0.009885899719134813,0.09361674196563209,0.5146577206179758,0.03946232183469577,0.5146577206179758,0.00340044615401916,0.004596667150484565,0.003998556652251862,0.04852848438493014,0.04245239309817973,0.04852848438493014,18.769257162075107,1.3933134615892713,10.08128531183219,53.612975608495525,5.70558982276633,53.612975608495525,17.734758421212938,0.9885899719134813,9.361674196563209,51.46577206179758,3.946232183469577,51.46577206179758,0.340044615401916,0.4596667150484565,0.39985566522518623,4.852848438493014,4.245239309817974,4.852848438493014
4-9-18_Schnable_49-371-JS154-223_2018-04-11_03-28-15_9977800,115495,7074,13038,7458,13758,0.03832028105523902,0.043985749645031706,0.041153015350135366,0.15629772936818961,0.15718856176496349,0.15718856176496349,0.03589017701609571,0.03641907641324777,0.03615462671467174,0.131393292736494,0.11898004384827228,0.131393292736494,0.006914217820782813,0.008298464650518401,0.0076063412356506075,0.07530685844252136,0.07022169992243525,0.07530685844252136,3.832028105523902,4.398574964503171,4.115301535013536,15.629772936818961,15.718856176496349,15.718856176496349,3.589017701609571,3.641907641324777,3.6154626714671743,13.1393292736494,11.898004384827228,13.1393292736494,0.6914217820782813,0.8298464650518401,0.7606341235650608,7.530685844252136,7.0221699922435254,7.530685844252136
4-9-18_Schnable_49-372-JS176-257_2018-04-11_03-30-33_9977900,26554,4676,8540,5092,9320,0.023279136493059613,0.02790211718249818,0.025590626837778897,0.13401179899373197,0.12448675720357766,0.13401179899373197,0.022871047992183348,0.02486251517071508,0.023866781581449212,0.1239799591089568,0.11462808986455476,0.1239799591089568,0.003942975705810058,0.004686984839276413,0.004314980272543236,0.06358900235399777,0.054293928230800495,0.06358900235399777,2.327913649305961,2.790211718249818,2.55906268377789,13.401179899373197,12.448675720357766,13.401179899373197,2.287104799218335,2.486251517071508,2.386678158144921,12.39799591089568,11.462808986455476,12.39799591089568,0.3942975705810058,0.4686984839276413,0.43149802725432357,6.358900235399776,5.4293928230800494,6.358900235399776
4-9-18_Schnable_49-373-js79-3-111_2018-04-11_03-32-42_9978000,229113,11310,20804,11902,21914,0.03441390796814924,0.04235696734509997,0.03838543765662461,0.25564350887361154,0.18832942347459866,0.25564350887361154,0.03048887574239702,0.03535376337453149,0.03292131955846426,0.2026164730050559,0.1708569577482608,0.2026164730050559,0.010474691233546843,0.011935983154303349,0.011205337193925096,0.18888290670027566,0.1544223994543548,0.18888290670027566,3.441390796814924,4.235696734509997,3.838543765662461,25.564350887361154,18.832942347459866,25.564350887361154,3.048887574239702,3.5353763374531493,3.292131955846426,20.26164730050559,17.08569577482608,20.26164730050559,1.0474691233546842,1.193598315430335,1.1205337193925096,18.888290670027565,15.44223994543548,18.888290670027565
4-9-18_Schnable_49-375-js76-3-108_2018-04-11_03-37-10_9978200,81660,6544,12046,6944,12796,0.024947884593561655,0.03264947255804409,0.028798678575802872,0.19195463535754018,0.14719840272944085,0.19195463535754018,0.024583993234608466,0.02897550849752242,0.026779750866065443,0.18498369278052745,0.1354264845938278,0.18498369278052745,0.004712280228236052,0.005415569346986038,0.005063924787611045,0.06672026662360747,0.06197142014690531,0.06672026662360747,2.4947884593561653,3.264947255804409,2.879867857580287,19.19546353575402,14.719840272944085,19.19546353575402,2.4583993234608466,2.8975508497522418,2.677975086606544,18.498369278052746,13.54264845938278,18.498369278052746,0.47122802282360515,0.5415569346986038,0.5063924787611045,6.672026662360747,6.197142014690531,6.672026662360747
4-9-18_Schnable_49-376-js10-3-19_2018-04-11_03-39-23_9978300,144918,7032,12954,7882,14500,0.056925888233630324,0.038702254002732035,0.04781407111818118,0.22640564680410583,0.26597573659574963,0.26597573659574963,0.05580773368388747,0.05620542228466274,0.05600657798427511,0.216079279865107,0.2941511018419132,0.2941511018419132,0.034055917845669456,0.025658384790729998,0.02985715131819973,0.21806250599053173,0.1639713818647532,0.21806250599053173,5.692588823363033,3.8702254002732035,4.781407111818118,22.640564680410584,26.597573659574962,26.597573659574962,5.580773368388748,5.620542228466274,5.600657798427511,21.6079279865107,29.415110184191317,29.415110184191317,3.4055917845669454,2.565838479073,2.985715131819973,21.806250599053172,16.39713818647532,21.806250599053172
4-9-18_Schnable_49-377-js219-343_2018-04-11_03-41-39_9978400,285514,11062,20406,11478,21186,0.04078170541026943,0.07552904643651233,0.05815537592339088,0.3270497578483201,0.2270452175885704,0.3270497578483201,0.041617135456650835,0.0639699908925917,0.052793563174621264,0.3270608273200028,0.2255841299418952,0.3270608273200028,0.007920098331547658,0.010336686407570348,0.009128392369559004,0.08670331723094155,0.08118186806215374,0.08670331723094155,4.078170541026943,7.552904643651233,5.815537592339088,32.70497578483201,22.70452175885704,32.70497578483201,4.161713545665084,6.39699908925917,5.279356317462127,32.70608273200028,22.55841299418952,32.70608273200028,0.7920098331547658,1.0336686407570348,0.9128392369559004,8.670331723094154,8.118186806215375,8.670331723094154
4-9-18_Schnable_49-379-js104-3-150_2018-04-11_03-46-04_9978600,89561,10908,20172,11740,21732,0.040791928116177815,0.05480378297007464,0.047797855543126225,0.3011517944605354,0.1766235484021249,0.3011517944605354,0.0430485049084539,0.05423552467090603,0.048642014789679965,0.30056124285534824,0.1620362931215863,0.30056124285534824,0.007733010542072984,0.00817084476589514,0.007951927653984062,0.0791670267370187,0.07423241885934957,0.0791670267370187,4.079192811617782,5.480378297007464,4.779785554312623,30.115179446053542,17.66235484021249,30.115179446053542,4.304850490845389,5.4235524670906035,4.864201478967996,30.056124285534825,16.20362931215863,30.056124285534825,0.7733010542072984,0.8170844765895141,0.7951927653984062,7.91670267370187,7.423241885934957,7.91670267370187
4-9-18_Schnable_49-380-js29-51_2018-04-11_03-48-17_9978700,107309,8526,15734,8878,16394,0.036636849329881545,0.05291693544757957,0.04477689238873056,0.21059135270481735,0.19443732383908496,0.21059135270481735,0.03523244265066759,0.04705928278508552,0.041145862717876555,0.20132225232449896,0.15987156554512455,0.20132225232449896,0.00783558855226095,0.009337933479653934,0.008586761015957442,0.12344383681480378,0.11510980169465947,0.12344383681480378,3.6636849329881547,5.2916935447579565,4.477689238873056,21.059135270481736,19.443732383908497,21.059135270481736,3.5232442650667593,4.705928278508551,4.114586271787656,20.132225232449898,15.987156554512454,20.132225232449898,0.783558855226095,0.9337933479653935,0.8586761015957443,12.344383681480378,11.510980169465947,12.344383681480378
4-9-18_Schnable_49-381-js16-1-29_2018-04-11_03-50-31_9978800,318252,11316,20824,11940,21994,0.04136208917371275,0.10781188350818229,0.07458698634094751,0.2921105875259718,0.3001871997990649,0.3001871997990649,0.03975973405231912,0.10038116771411007,0.07007045088321459,0.29178958216947265,0.29541431190003875,0.29541431190003875,0.005280741096900469,0.006624089914713378,0.005952415505806923,0.0738307499504712,0.06764056683498096,0.0738307499504712,4.136208917371275,10.781188350818228,7.458698634094752,29.21105875259718,30.01871997990649,30.01871997990649,3.975973405231912,10.038116771411007,7.007045088321459,29.178958216947265,29.541431190003877,29.541431190003877,0.5280741096900469,0.6624089914713378,0.5952415505806923,7.38307499504712,6.7640566834980955,7.38307499504712
4-9-18_Schnable_49-382-js16-2-29_2018-04-11_03-52-44_9978900,247827,10742,19836,11254,20796,0.031129326832710694,0.07166815451363112,0.051398740673170906,0.23936682060114448,0.22407830428998296,0.23936682060114448,0.03139350221547014,0.06947831889078286,0.0504359105531265,0.23949102517024204,0.22386022019028984,0.23949102517024204,0.0042690561603044306,0.005009720124869457,0.0046393881425869435,0.03170235551227747,0.03460999581175586,0.03460999581175586,3.1129326832710693,7.166815451363112,5.13987406731709,23.936682060114446,22.407830428998295,23.936682060114446,3.139350221547014,6.947831889078286,5.043591055312651,23.949102517024205,22.386022019028985,23.949102517024205,0.4269056160304431,0.5009720124869457,0.4639388142586943,3.1702355512277474,3.460999581175586,3.460999581175586
4-9-18_Schnable_49-383-js113-168_2018-04-11_03-54-58_9979000,113232,8798,16214,9358,17264,0.02515269861329341,0.039005833255138574,0.03207926593421599,0.20021384123354127,0.1647367902833985,0.20021384123354127,0.024640060529374147,0.03629898910353903,0.030469524816456588,0.19706435427942573,0.15980793118244963,0.19706435427942573,0.005920251093604724,0.0064940190127353165,0.00620713505317002,0.08097341353771433,0.06466520729944769,0.08097341353771433,2.515269861329341,3.9005833255138573,3.207926593421599,20.021384123354128,16.47367902833985,20.021384123354128,2.464006052937415,3.6298989103539028,3.0469524816456586,19.706435427942573,15.980793118244963,19.706435427942573,0.5920251093604725,0.6494019012735317,0.6207135053170021,8.097341353771432,6.466520729944769,8.097341353771432
4-9-18_Schnable_49-384-js81-1-113_2018-04-11_03-57-11_9979100,115249,9262,17084,9854,18194,0.03069578287647499,0.035074122475470176,0.032884952675972585,0.19427022120389043,0.18979075594270356,0.19427022120389043,0.024917931924021173,0.028735684768206402,0.026826808346113788,0.17919114258809787,0.16673261652604968,0.17919114258809787,0.009366054802575855,0.011280792395720232,0.010323423599148044,0.12046154600574104,0.10200036001044474,0.12046154600574104,3.069578287647499,3.5074122475470175,3.2884952675972587,19.427022120389044,18.979075594270356,19.427022120389044,2.4917931924021173,2.8735684768206404,2.6826808346113786,17.91911425880979,16.673261652604968,17.91911425880979,0.9366054802575855,1.1280792395720232,1.0323423599148043,12.046154600574104,10.200036001044474,12.046154600574104
4-9-18_Schnable_49-385-js205-320_2018-04-11_03-59-24_9979200,172253,11230,20744,11646,21524,0.033177224350332164,0.04713676784635681,0.040156996098344486,0.2606366768475909,0.19339220778650862,0.2606366768475909,0.03418372965589947,0.04208134891281305,0.03813253928435626,0.2590473271002158,0.16360613022056633,0.2590473271002158,0.0053092938262172705,0.006289352048176378,0.0057993229371968245,0.08943691149048032,0.08600129938299127,0.08943691149048032,3.3177224350332164,4.71367678463568,4.015699609834448,26.06366768475909,19.339220778650862,26.06366768475909,3.418372965589947,4.208134891281305,3.813253928435626,25.904732710021577,16.360613022056633,25.904732710021577,0.5309293826217271,0.6289352048176378,0.5799322937196825,8.943691149048032,8.600129938299126,8.943691149048032
4-9-18_Schnable_49-386-JS176-257_2018-04-11_04-01-37_9979300,73756,7696,14176,8272,15256,0.04272235337435863,0.04378132501183814,0.043251839193098385,0.15960597960560263,0.1437130855113559,0.15960597960560263,0.04300513329308202,0.03952961127969304,0.04126737228638753,0.15958744529426194,0.1477973253355744,0.15958744529426194,0.006110500201821255,0.0065921231021076184,0.0063513116519644365,0.0765347253448123,0.059701159899865984,0.0765347253448123,4.2722353374358635,4.3781325011838135,4.325183919309838,15.960597960560264,14.37130855113559,15.960597960560264,4.300513329308202,3.9529611279693038,4.126737228638753,15.958744529426195,14.779732533557441,15.958744529426195,0.6110500201821255,0.6592123102107619,0.6351311651964436,7.65347253448123,5.970115989986598,7.65347253448123
4-9-18_Schnable_49-387-js261-419_2018-04-11_04-03-51_9979400,114369,7098,13090,7578,13990,0.034798692032367934,0.03861185989264046,0.0367052759625042,0.20796268753116415,0.1828033655777513,0.20796268753116415,0.03384961723011495,0.03577439924701775,0.03481200823856635,0.21160060469602418,0.17661241889279558,0.21160060469602418,0.004385222759852421,0.0050747457383191145,0.004729984249085767,0.056230410481523094,0.05161985400747551,0.056230410481523094,3.4798692032367935,3.861185989264046,3.6705275962504196,20.796268753116415,18.28033655777513,20.796268753116415,3.3849617230114952,3.577439924701775,3.481200823856635,21.160060469602417,17.66124188927956,21.160060469602417,0.43852227598524207,0.5074745738319114,0.47299842490857674,5.623041048152309,5.161985400747551,5.623041048152309
4-9-18_Schnable_49-388-js203-316_2018-04-11_04-06-05_9979500,49252,5296,9706,5696,10456,0.04935767535756841,0.05594353107971581,0.05265060321864211,0.1461790884669093,0.19175721186187827,0.19175721186187827,0.0493982111181217,0.04907545923465986,0.049236835176390784,0.14340037126663902,0.13337156725378047,0.14340037126663902,0.0072815363021145555,0.008229857980066356,0.007755697141090456,0.11813967924230842,0.09638035584667058,0.11813967924230842,4.935767535756841,5.594353107971581,5.265060321864211,14.61790884669093,19.17572118618783,19.17572118618783,4.9398211118121695,4.907545923465986,4.923683517639079,14.340037126663901,13.337156725378046,14.340037126663901,0.7281536302114555,0.8229857980066356,0.7755697141090456,11.813967924230843,9.638035584667058,11.813967924230843
4-9-18_Schnable_49-389-js140-203_2018-04-11_04-08-18_9979600,333137,12376,22868,13240,24488,0.053805594826760714,0.0707803355367522,0.062292965181756456,0.3216368291442059,0.22965989183508892,0.3216368291442059,0.05477618396923214,0.06297913719231044,0.05887766058077129,0.3257556612415255,0.2187657607696279,0.3257556612415255,0.00901310320698521,0.010912327074698903,0.009962715140842057,0.08624632551467433,0.0787458041160798,0.08624632551467433,5.380559482676071,7.07803355367522,6.229296518175645,32.16368291442059,22.965989183508892,32.16368291442059,5.477618396923214,6.297913719231044,5.887766058077129,32.57556612415255,21.876576076962788,32.57556612415255,0.901310320698521,1.0912327074698902,0.9962715140842058,8.624632551467434,7.8745804116079805,8.624632551467434
4-9-18_Schnable_49-390-js179-269_2018-04-11_04-10-32_9979700,41470,3794,6918,4082,7458,0.023893835481939983,0.030587659650946175,0.02724074756644308,0.13001184802554694,0.12822484444942966,0.13001184802554694,0.023228453062665553,0.02824572578925415,0.025737089425959852,0.1300029656678802,0.12378977492944056,0.1300029656678802,0.0033094107380978906,0.0038890993349045663,0.0035992550365012282,0.04570938808557137,0.040170624439928526,0.04570938808557137,2.3893835481939982,3.0587659650946177,2.724074756644308,13.001184802554693,12.822484444942967,13.001184802554693,2.3228453062665553,2.824572578925415,2.573708942595985,13.00029656678802,12.378977492944056,13.00029656678802,0.33094107380978904,0.38890993349045666,0.3599255036501228,4.570938808557138,4.017062443992852,4.570938808557138
4-9-18_Schnable_49-393-js154-223_2018-04-11_04-17-11_9980000,89127,4192,7666,4352,7966,0.09789745771965806,0.0998333438559259,0.09886540078779199,0.2819511632149385,0.1712848247917372,0.2819511632149385,0.07985828138355709,0.07622171285595426,0.07803999711975568,0.2643415561728995,0.1616987704924653,0.2643415561728995,0.009319533134014854,0.01612424972535982,0.012721891429687337,0.07633667264150688,0.0993990537818297,0.0993990537818297,9.789745771965807,9.98333438559259,9.886540078779198,28.195116321493852,17.12848247917372,28.195116321493852,7.985828138355709,7.622171285595426,7.8039997119755675,26.43415561728995,16.16987704924653,26.43415561728995,0.9319533134014855,1.612424972535982,1.2721891429687338,7.633667264150688,9.93990537818297,9.93990537818297
4-9-18_Schnable_49-394-js112-165_2018-04-11_04-19-26_9980100,150434,7852,14442,8332,15342,0.0214919107359929,0.03498888222790419,0.028240396481948545,0.19797079906361545,0.2005449107792832,0.2005449107792832,0.021193532347145775,0.0306526045393347,0.025923068443240237,0.1937379967420481,0.17355696907967966,0.1937379967420481,0.005396235414536142,0.006631692962411549,0.006013964188473845,0.09026237057150852,0.08645248550044174,0.09026237057150852,2.1491910735992903,3.4988882227904186,2.8240396481948546,19.797079906361546,20.05449107792832,20.05449107792832,2.1193532347145774,3.06526045393347,2.592306844324024,19.37379967420481,17.355696907967967,19.37379967420481,0.5396235414536141,0.6631692962411548,0.6013964188473845,9.026237057150851,8.645248550044174,9.026237057150851
4-9-18_Schnable_49-395-js106-154_2018-04-11_04-21-39_9980200,122727,6848,12586,7280,13396,0.020944553970562888,0.028997883921834784,0.024971218946198838,0.17079643058959582,0.1800537804254659,0.1800537804254659,0.020843974009335034,0.0233726142989791,0.022108294154157066,0.14368907532731762,0.13239934353919477,0.14368907532731762,0.006224001919583002,0.0074390516724946254,0.006831526796038814,0.10244719360674764,0.09100171533844353,0.10244719360674764,2.0944553970562887,2.8997883921834786,2.497121894619884,17.079643058959583,18.005378042546592,18.005378042546592,2.0843974009335033,2.33726142989791,2.2108294154157067,14.368907532731761,13.239934353919477,14.368907532731761,0.6224001919583002,0.7439051672494625,0.6831526796038814,10.244719360674765,9.100171533844353,10.244719360674765
4-9-18_Schnable_49-396-js239-382_2018-04-11_04-23-53_9980300,61851,4482,8208,4802,8808,0.0386011215591365,0.03912997446377791,0.03886554801145721,0.13015137213345307,0.11943755177493012,0.13015137213345307,0.03771183836926403,0.035228132888991466,0.036469985629127746,0.12978165992956012,0.12064128349379376,0.12978165992956012,0.003684147207945879,0.004112823402338944,0.0038984853051424115,0.04499819674107109,0.03910686204339382,0.04499819674107109,3.8601121559136504,3.912997446377791,3.886554801145721,13.015137213345307,11.943755177493012,13.015137213345307,3.7711838369264026,3.5228132888991466,3.6469985629127746,12.978165992956011,12.064128349379375,12.978165992956011,0.36841472079458787,0.41128234023389443,0.3898485305142412,4.499819674107109,3.9106862043393824,4.499819674107109
4-9-18_Schnable_49-398-js264-422_2018-04-11_04-28-19_9980500,74158,7630,14084,8174,15104,0.025999002343994833,0.03163531353204513,0.02881715793801998,0.1815477055832256,0.155449097226729,0.1815477055832256,0.026446939001426074,0.030159278254319223,0.02830310862787265,0.17735658132626866,0.15852157735121566,0.17735658132626866,0.00488740425080146,0.0053687909923492245,0.005128097621575342,0.049645632010321204,0.03962701878744724,0.049645632010321204,2.5999002343994833,3.1635313532045126,2.881715793801998,18.15477055832256,15.5449097226729,18.15477055832256,2.6446939001426073,3.0159278254319224,2.830310862787265,17.735658132626867,15.852157735121567,17.735658132626867,0.488740425080146,0.5368790992349225,0.5128097621575343,4.964563201032121,3.962701878744724,4.964563201032121
4-9-18_Schnable_49-399-JS179-269_2018-04-11_04-30-33_9980600,37593,3990,7252,4230,7702,0.021723521498377703,0.03270669681819225,0.027215109158284977,0.1028400102854507,0.09696366988597678,0.1028400102854507,0.021544488351789532,0.029698203462239007,0.02562134590701427,0.10249458617753501,0.09017927782771681,0.10249458617753501,0.002842068784279242,0.0032831710264372886,0.0030626199053582653,0.03692238123165661,0.03777433599468272,0.03777433599468272,2.1723521498377703,3.270669681819225,2.721510915828498,10.28400102854507,9.696366988597678,10.28400102854507,2.154448835178953,2.9698203462239006,2.562134590701427,10.2494586177535,9.01792778277168,10.2494586177535,0.2842068784279242,0.3283171026437289,0.30626199053582653,3.692238123165661,3.7774335994682717,3.7774335994682717
4-9-18_Schnable_49-400-js31-3-53_2018-04-11_04-32-46_9980700,29638,4472,8154,4792,8754,0.014699587404312741,0.015907012316074748,0.015303299860193745,0.09979656612849862,0.0706138723047795,0.09979656612849862,0.015289730294145402,0.014343946440938135,0.014816838367541768,0.08585457619022195,0.0724319849156273,0.08585457619022195,0.0029818519902971657,0.003466246908367168,0.0032240494493321666,0.04451406394551886,0.042929726722976146,0.04451406394551886,1.4699587404312742,1.5907012316074747,1.5303299860193746,9.979656612849862,7.06138723047795,9.979656612849862,1.5289730294145403,1.4343946440938136,1.481683836754177,8.585457619022195,7.24319849156273,8.585457619022195,0.2981851990297166,0.3466246908367168,0.32240494493321664,4.451406394551886,4.292972672297615,4.451406394551886
4-9-18_Schnable_49-401-js182-272_2018-04-11_04-35-03_9980800,275664,8848,16246,9136,16786,0.028570286822645535,0.029275409028597887,0.028922847925621713,0.18052577061430014,0.1376811395030368,0.18052577061430014,0.028384114798934976,0.02642909859017704,0.02740660669455601,0.18044453355648926,0.13201780410102656,0.18044453355648926,0.005157996919363757,0.0063004438872875665,0.005729220403325661,0.08328211851005722,0.07069083550912943,0.08328211851005722,2.8570286822645534,2.9275409028597887,2.892284792562171,18.052577061430014,13.768113950303679,18.052577061430014,2.8384114798934976,2.642909859017704,2.740660669455601,18.044453355648926,13.201780410102657,18.044453355648926,0.5157996919363756,0.6300443887287567,0.5729220403325661,8.328211851005722,7.069083550912943,8.328211851005722
4-9-18_Schnable_49-402-js41-3-68_2018-04-11_04-37-15_9980900,123511,6526,11924,6862,12554,0.0354595217470334,0.037473045530287484,0.036466283638660446,0.16681087999715014,0.15344547328764094,0.16681087999715014,0.034404421678506804,0.03347153624610582,0.03393797896230631,0.167033997517414,0.1538570285208759,0.167033997517414,0.0041466097557590585,0.004851759973810879,0.004499184864784969,0.0703410396708578,0.061611398089473655,0.0703410396708578,3.54595217470334,3.7473045530287483,3.6466283638660446,16.681087999715015,15.344547328764094,16.681087999715015,3.4404421678506805,3.347153624610582,3.393797896230631,16.7033997517414,15.38570285208759,16.7033997517414,0.41466097557590587,0.4851759973810879,0.4499184864784969,7.0341039670857795,6.1611398089473655,7.0341039670857795
4-9-18_Schnable_49-403-js69-1-98_2018-04-11_04-39-28_9981000,62656,6930,12708,7362,13518,0.030786860713611124,0.030686112151409064,0.030736486432510094,0.15177714931871575,0.14466347467706828,0.15177714931871575,0.030407270890638573,0.02634184898223889,0.028374559936438733,0.15320395523496141,0.11643324074104804,0.15320395523496141,0.005386202812844636,0.006226951543298833,0.005806577178071735,0.08579976273862945,0.07558910604914272,0.08579976273862945,3.0786860713611124,3.068611215140906,3.0736486432510093,15.177714931871575,14.466347467706827,15.177714931871575,3.040727089063857,2.634184898223889,2.8374559936438732,15.320395523496142,11.643324074104804,15.320395523496142,0.5386202812844636,0.6226951543298833,0.5806577178071735,8.579976273862945,7.5589106049142725,8.579976273862945
4-9-18_Schnable_49-404-js189-296_2018-04-11_04-41-42_9981100,57504,5312,9706,5680,10396,0.019341362294663194,0.025872571323346447,0.02260696680900482,0.15519944218531467,0.16062956637055048,0.16062956637055048,0.019615341943149036,0.02397454590555329,0.021794943924351162,0.15569460788880837,0.14672116298992352,0.15569460788880837,0.004065400448553815,0.00513944921065628,0.004602424829605047,0.06763820187008114,0.057025115253915556,0.06763820187008114,1.9341362294663194,2.5872571323346447,2.260696680900482,15.519944218531467,16.06295663705505,16.06295663705505,1.9615341943149036,2.397454590555329,2.1794943924351164,15.569460788880837,14.672116298992352,15.569460788880837,0.4065400448553815,0.513944921065628,0.4602424829605047,6.763820187008114,5.7025115253915555,6.763820187008114
4-9-18_Schnable_49-405-js229-361_2018-04-11_04-43-55_9981200,131860,8574,15764,8990,16544,0.03000157616900412,0.05960692831630382,0.04480425224265397,0.2109590310187198,0.1632642328966195,0.2109590310187198,0.029694519229321183,0.05511345957841826,0.04240398940386972,0.21121482048942145,0.1527592736412145,0.21121482048942145,0.006503343495105847,0.007481936062973316,0.006992639779039581,0.11117552366692307,0.08510531260703627,0.11117552366692307,3.000157616900412,5.960692831630382,4.480425224265397,21.09590310187198,16.32642328966195,21.09590310187198,2.969451922932118,5.511345957841826,4.240398940386972,21.121482048942145,15.27592736412145,21.121482048942145,0.6503343495105847,0.7481936062973316,0.6992639779039581,11.117552366692307,8.510531260703628,11.117552366692307
4-9-18_Schnable_49-407-JS225-357_2018-04-11_04-48-23_9981400,95738,7730,14208,8178,15048,0.030458803127190258,0.03825870362707641,0.03435875337713333,0.19436286130106062,0.1732960727526569,0.19436286130106062,0.03144176278016009,0.035061540242493174,0.03325165151132663,0.18727687032761775,0.12980803307428262,0.18727687032761775,0.0067255659968327546,0.008235536685921863,0.007480551341377309,0.10879101386333426,0.09391683936814893,0.10879101386333426,3.0458803127190257,3.825870362707641,3.435875337713333,19.436286130106062,17.32960727526569,19.436286130106062,3.1441762780160087,3.506154024249317,3.3251651511326625,18.727687032761775,12.980803307428262,18.727687032761775,0.6725565996832754,0.8235536685921863,0.7480551341377308,10.879101386333426,9.391683936814893,10.879101386333426
4-9-18_Schnable_49-408-js19-32_2018-04-11_04-50-37_9981500,142930,8508,15672,9244,16992,0.021550504530949467,0.03773481194668795,0.02964265823881871,0.20055740691746035,0.19401146450044016,0.20055740691746035,0.022362845944253123,0.03192965824075915,0.027146252092506137,0.1819347697146238,0.1682648048741156,0.1819347697146238,0.006747066757532015,0.007961552258251774,0.007354309507891895,0.1233014823455478,0.10461238442735059,0.1233014823455478,2.1550504530949466,3.773481194668795,2.964265823881871,20.055740691746035,19.401146450044017,20.055740691746035,2.2362845944253125,3.1929658240759147,2.7146252092506136,18.19347697146238,16.826480487411562,18.19347697146238,0.6747066757532015,0.7961552258251774,0.7354309507891895,12.33014823455478,10.461238442735059,12.33014823455478
4-9-18_Schnable_49-409-js67-96_2018-04-11_04-52-51_9981600,49318,5618,10308,5954,10938,0.039853797666260564,0.04891850670819827,0.04438615218722942,0.13845491045925026,0.2174872937177563,0.2174872937177563,0.04184190253880139,0.04173656469117522,0.041789233614988305,0.13953883516279839,0.12931504057525442,0.13953883516279839,0.0049958116347851135,0.00702471603841025,0.006010263836597682,0.1399837924581687,0.13607151184126653,0.1399837924581687,3.9853797666260564,4.891850670819827,4.4386152187229415,13.845491045925026,21.748729371775628,21.748729371775628,4.184190253880139,4.173656469117522,4.17892336149883,13.953883516279838,12.931504057525443,13.953883516279838,0.49958116347851134,0.702471603841025,0.6010263836597682,13.998379245816869,13.607151184126653,13.998379245816869
4-9-18_Schnable_49-410-js209-328_2018-04-11_04-55-04_9981700,62072,6304,11596,6608,12166,0.025143807884912817,0.042190344512326644,0.03366707619861973,0.1997950065857643,0.18163656010090273,0.1997950065857643,0.02271782635710534,0.031003049009767438,0.026860437683436388,0.14964927923038854,0.11651179854911181,0.14964927923038854,0.00928543135067336,0.011207551082262145,0.010246491216467753,0.16726163154063495,0.1286084758280225,0.16726163154063495,2.5143807884912817,4.219034451232664,3.3667076198619728,19.97950065857643,18.163656010090275,19.97950065857643,2.271782635710534,3.100304900976744,2.6860437683436387,14.964927923038854,11.651179854911181,14.964927923038854,0.928543135067336,1.1207551082262144,1.0246491216467752,16.726163154063496,12.86084758280225,16.726163154063496
4-9-18_Schnable_49-411-JS225-357_2018-04-11_04-57-23_9981800,86713,6250,11470,6506,11950,0.02493162582859634,0.043447722454567864,0.0341896741415821,0.17931527588025828,0.21717592172340933,0.21717592172340933,0.024823868650974676,0.037531689067405796,0.031177778859190236,0.17967910674344978,0.1743723630389593,0.17967910674344978,0.005843000490619468,0.007101956342408153,0.00647247841651381,0.1202137995393368,0.1110413925228691,0.1202137995393368,2.4931625828596338,4.344772245456786,3.4189674141582103,17.931527588025826,21.717592172340932,21.717592172340932,2.4823868650974674,3.7531689067405796,3.1177778859190237,17.967910674344978,17.43723630389593,17.967910674344978,0.5843000490619468,0.7101956342408152,0.6472478416513809,12.02137995393368,11.10413925228691,12.02137995393368
4-9-18_Schnable_49-412-JS225-357_2018-04-11_04-59-31_9981900,56807,5714,10458,6066,11118,0.022080439450538607,0.029755575933181615,0.02591800769186011,0.1452825760119906,0.12497049896968655,0.1452825760119906,0.023908831112900052,0.02798678018627773,0.02594780564958889,0.14679808128596677,0.1284837602830335,0.14679808128596677,0.004192498687938019,0.004580735144230581,0.0043866169160843,0.0658955872959366,0.05703062991166728,0.0658955872959366,2.2080439450538605,2.9755575933181615,2.591800769186011,14.52825760119906,12.497049896968655,14.52825760119906,2.3908831112900053,2.798678018627773,2.594780564958889,14.679808128596678,12.848376028303349,14.679808128596678,0.41924986879380194,0.4580735144230581,0.43866169160843,6.58955872959366,5.703062991166728,6.58955872959366
4-9-18_Schnable_49-413-js146-212_2018-04-11_05-01-45_9982000,69113,6640,12226,7024,12946,0.03542483475939146,0.055103103654804884,0.04526396920709817,0.24286758801992,0.252895190897996,0.252895190897996,0.03583997513913071,0.04334821893705639,0.03959409703809355,0.1494534334231473,0.13275826895958825,0.1494534334231473,0.010151328392991241,0.013576966729358994,0.011864147561175119,0.2031935978278975,0.14686807061338777,0.2031935978278975,3.542483475939146,5.510310365480488,4.526396920709817,24.286758801992,25.2895190897996,25.2895190897996,3.583997513913071,4.334821893705639,3.959409703809355,14.945343342314729,13.275826895958826,14.945343342314729,1.0151328392991241,1.3576966729358995,1.1864147561175118,20.31935978278975,14.686807061338778,20.31935978278975
4-9-18_Schnable_49-415-js92-129_2018-04-11_05-06-13_9982200,29322,4438,8092,4710,8602,0.02796041312550576,0.029742850003733053,0.028851631564619406,0.12459757640654986,0.09276533618805777,0.12459757640654986,0.027841357847257664,0.02596396090552576,0.026902659376391712,0.10719645688936283,0.0957912274485728,0.10719645688936283,0.0037248118461979344,0.004121842905021454,0.003923327375609694,0.03940411121693243,0.024299091172143655,0.03940411121693243,2.796041312550576,2.9742850003733055,2.8851631564619407,12.459757640654987,9.276533618805777,12.459757640654987,2.784135784725766,2.596396090552576,2.6902659376391713,10.719645688936282,9.57912274485728,10.719645688936282,0.37248118461979346,0.41218429050214545,0.3923327375609694,3.9404111216932427,2.4299091172143656,3.9404111216932427
4-9-18_Schnable_49-416-js230-367_2018-04-11_05-08-26_9982300,299863,11286,20796,11974,22086,0.031767592215172676,0.06201711305667555,0.04689235263592412,0.2468951566671823,0.25641372585339206,0.25641372585339206,0.03058222636329113,0.057870008269481785,0.044226117316386454,0.2469958736304623,0.23194511497290296,0.2469958736304623,0.0063359818504214035,0.007506971058242665,0.006921476454332035,0.09929338842883913,0.09599609511125937,0.09929338842883913,3.1767592215172678,6.201711305667555,4.689235263592412,24.68951566671823,25.641372585339205,25.641372585339205,3.058222636329113,5.787000826948178,4.4226117316386455,24.69958736304623,23.194511497290296,24.69958736304623,0.6335981850421404,0.7506971058242665,0.6921476454332035,9.929338842883913,9.599609511125937,9.929338842883913
4-9-18_Schnable_49-417-JS225-357_2018-04-11_05-10-42_9982400,48492,4810,8740,5050,9190,0.040994441538931815,0.04454173642201715,0.04276808898047448,0.2170909969722628,0.19972925504531644,0.2170909969722628,0.04310815053741019,0.041049661887935796,0.04207890621267299,0.21714096360233978,0.19515737464976768,0.21714096360233978,0.0032594488854019916,0.00386627021286391,0.0035628595491329507,0.026367816913245388,0.031874685197323206,0.031874685197323206,4.099444153893182,4.454173642201715,4.276808898047448,21.709099697226282,19.972925504531645,21.709099697226282,4.3108150537410195,4.104966188793579,4.207890621267299,21.714096360233977,19.515737464976766,21.714096360233977,0.32594488854019915,0.386627021286391,0.35628595491329507,2.636781691324539,3.1874685197323207,3.1874685197323207
4-9-18_Schnable_49-418-js33-3-57_2018-04-11_05-12-56_9982500,28800,4822,8842,5158,9472,0.03429638334222627,0.03746655428403707,0.03588146881313167,0.21087615072267302,0.13493178617176899,0.21087615072267302,0.035399844616926586,0.032730137466141784,0.03406499104153418,0.21073976573430891,0.08375400006165448,0.21073976573430891,0.006126727661477757,0.006653087321342753,0.006389907491410255,0.1123596790727855,0.08742942649151811,0.1123596790727855,3.4296383342226266,3.7466554284037072,3.5881468813131674,21.0876150722673,13.493178617176898,21.0876150722673,3.539984461692659,3.273013746614178,3.406499104153418,21.07397657343089,8.375400006165448,21.07397657343089,0.6126727661477758,0.6653087321342753,0.6389907491410255,11.23596790727855,8.74294264915181,11.23596790727855
4-9-18_Schnable_49-419-js220-345_2018-04-11_05-15-09_9982600,51904,5904,10816,6208,11386,0.02325744316174523,0.03239301616461944,0.027825229663182335,0.16075907757223343,0.1683011128484617,0.1683011128484617,0.023487037450671613,0.02844935582274834,0.025968196636709975,0.15919396675606176,0.14790795497179685,0.15919396675606176,0.004591738864897369,0.005305243357942102,0.004948491111419736,0.051347572584894016,0.043631330949425624,0.051347572584894016,2.3257443161745233,3.239301616461944,2.7825229663182336,16.075907757223344,16.83011128484617,16.83011128484617,2.3487037450671613,2.844935582274834,2.5968196636709977,15.919396675606176,14.790795497179685,15.919396675606176,0.4591738864897369,0.5305243357942102,0.49484911114197355,5.134757258489402,4.363133094942563,5.134757258489402
4-9-18_Schnable_49-420-js49-1-78_2018-04-11_05-17-23_9982700,52243,5886,10784,6222,11414,0.030796993228261873,0.043383100235607014,0.037090046731934445,0.22022302760725318,0.1367666623936265,0.22022302760725318,0.029480966287407477,0.041044243415727884,0.03526260485156768,0.21528405969760905,0.14474724093600108,0.21528405969760905,0.0036279937418203234,0.004077678463931457,0.00385283610287589,0.03923083029091938,0.03744746528020174,0.03923083029091938,3.0796993228261873,4.338310023560702,3.7090046731934443,22.022302760725317,13.67666623936265,22.022302760725317,2.9480966287407475,4.104424341572789,3.526260485156768,21.528405969760904,14.474724093600107,21.528405969760904,0.36279937418203234,0.40776784639314567,0.385283610287589,3.923083029091938,3.7447465280201744,3.923083029091938
4-9-18_Schnable_49-421-js80-112_2018-04-11_05-19-37_9982800,44441,7074,13068,7570,13998,0.04650413387620687,0.050453570275675756,0.04847885207594131,0.19280137597308397,0.23973226880052806,0.23973226880052806,0.0456191840456184,0.04011287046413487,0.042866027254876635,0.14228446902764183,0.1324324101062792,0.14228446902764183,0.00888363056259562,0.011008611896785644,0.009946121229690632,0.1937920745642275,0.15776903973007225,0.1937920745642275,4.650413387620687,5.045357027567576,4.847885207594131,19.280137597308396,23.973226880052806,23.973226880052806,4.5619184045618395,4.0112870464134875,4.286602725487663,14.228446902764183,13.243241010627921,14.228446902764183,0.8883630562595619,1.1008611896785643,0.9946121229690632,19.37920745642275,15.776903973007226,19.37920745642275
4-9-18_Schnable_49-422-js158-227_2018-04-11_05-21-52_9982900,102375,7278,13394,7758,14294,0.031354478027027774,0.050315134958070176,0.040834806492548975,0.17781231100919684,0.178029918698841,0.178029918698841,0.03194857809575666,0.04567966459352689,0.038814121344641773,0.1661683755165309,0.14878952128774034,0.1661683755165309,0.0076116252651347825,0.008356236190958256,0.007983930728046519,0.1002746474446335,0.09074950870374583,0.1002746474446335,3.1354478027027772,5.031513495807018,4.083480649254898,17.781231100919683,17.8029918698841,17.8029918698841,3.194857809575666,4.5679664593526885,3.881412134464177,16.61683755165309,14.878952128774033,16.61683755165309,0.7611625265134783,0.8356236190958256,0.7983930728046519,10.02746474446335,9.074950870374582,10.02746474446335
4-9-18_Schnable_49-423-js174-3-252_2018-04-11_05-24-06_9983000,79512,6752,12406,7152,13156,0.023718893470439303,0.03772471606715677,0.030721804768798038,0.15703984202732638,0.1681933221254662,0.1681933221254662,0.02381165464005575,0.03412254349718128,0.028967099068618517,0.15505096336796811,0.1441998775061044,0.15505096336796811,0.005266693291418564,0.006294453538995837,0.005780573415207201,0.08908425458195504,0.07776174578630657,0.08908425458195504,2.3718893470439304,3.772471606715677,3.0721804768798036,15.703984202732638,16.81933221254662,16.81933221254662,2.381165464005575,3.412254349718128,2.896709906861852,15.50509633679681,14.419987750610442,15.50509633679681,0.5266693291418564,0.6294453538995837,0.5780573415207201,8.908425458195504,7.776174578630657,8.908425458195504
4-9-18_Schnable_49-424-js256-410_2018-04-11_05-26-20_9983100,61724,6354,11628,6706,12288,0.020104700681319247,0.031098131180529356,0.025601415930924302,0.1446408020645011,0.13762778802376258,0.1446408020645011,0.020543264851944732,0.02932398464003153,0.02493362474598813,0.1418693379011814,0.12571162869304958,0.1418693379011814,0.004505989952239883,0.005223414620446149,0.0048647022863430155,0.051056252073675555,0.04303307198920469,0.051056252073675555,2.0104700681319247,3.109813118052936,2.56014159309243,14.464080206450111,13.762778802376257,14.464080206450111,2.054326485194473,2.932398464003153,2.493362474598813,14.18693379011814,12.571162869304958,14.18693379011814,0.4505989952239883,0.522341462044615,0.48647022863430156,5.105625207367556,4.303307198920469,5.105625207367556
4-9-18_Schnable_49-425-JS233-371_2018-04-11_05-28-33_9983200,64996,6688,12286,7088,13036,0.040110262585359026,0.04786437220627081,0.04398731739581492,0.1739874135063592,0.1485563763754148,0.1739874135063592,0.03818247487936701,0.04151418895261927,0.03984833191599314,0.17186462194213561,0.1425477084501201,0.17186462194213561,0.004856948328960787,0.006238492661521888,0.005547720495241337,0.0692865782494695,0.07061703342608092,0.07061703342608092,4.011026258535902,4.78643722062708,4.398731739581492,17.39874135063592,14.85563763754148,17.39874135063592,3.818247487936701,4.151418895261926,3.9848331915993143,17.18646219421356,14.254770845012011,17.18646219421356,0.48569483289607873,0.6238492661521887,0.5547720495241337,6.92865782494695,7.061703342608092,7.061703342608092
4-9-18_Schnable_49-426-js15-28_2018-04-11_05-30-47_9983300,145291,8394,15490,8890,16420,0.03274057335068116,0.056417565760759465,0.044579069555720316,0.19887713070572607,0.1718885457845463,0.19887713070572607,0.032588131855351456,0.05076502183421103,0.04167657684478124,0.198444251362864,0.16121249772574892,0.198444251362864,0.00546140184682566,0.006446291434823655,0.005953846640824658,0.07232524046729481,0.08551196471544781,0.08551196471544781,3.274057335068116,5.641756576075947,4.457906955572032,19.88771307057261,17.18885457845463,19.88771307057261,3.2588131855351454,5.076502183421103,4.167657684478124,19.8444251362864,16.121249772574892,19.8444251362864,0.546140184682566,0.6446291434823656,0.5953846640824658,7.232524046729481,8.551196471544781,8.551196471544781
4-9-18_Schnable_49-427-js5-13_2018-04-11_05-33-01_9983400,146388,8860,16302,9244,17022,0.034018840247695026,0.07087529732662019,0.05244706878715761,0.2179867832738465,0.19407905742420573,0.2179867832738465,0.030884797394907935,0.06017953420455699,0.04553216579973246,0.2058205250320602,0.1793595986295671,0.2058205250320602,0.007373566680455738,0.008887866709186613,0.008130716694821176,0.12991825392080733,0.10240222076589128,0.12991825392080733,3.401884024769503,7.087529732662019,5.244706878715761,21.79867832738465,19.407905742420574,21.79867832738465,3.0884797394907935,6.017953420455699,4.553216579973246,20.582052503206018,17.93595986295671,20.582052503206018,0.7373566680455739,0.8887866709186614,0.8130716694821176,12.991825392080733,10.240222076589129,12.991825392080733
4-9-18_Schnable_49-428-js293-385_2018-04-11_05-35-14_9983500,73526,6448,11836,6848,12586,0.023556465381495355,0.031661020536829676,0.027608742959162515,0.15147336831241223,0.14432917431963757,0.15147336831241223,0.02378739919425055,0.029201066474662293,0.02649423283445642,0.14372653027699916,0.13184158189831707,0.14372653027699916,0.005428408058524985,0.0063682985199935375,0.005898353289259261,0.073191122634923,0.07085493474831532,0.073191122634923,2.3556465381495353,3.166102053682968,2.7608742959162513,15.147336831241223,14.432917431963757,15.147336831241223,2.378739919425055,2.920106647466229,2.649423283445642,14.372653027699917,13.184158189831708,14.372653027699917,0.5428408058524985,0.6368298519993537,0.589835328925926,7.3191122634923005,7.085493474831532,7.3191122634923005
4-9-18_Schnable_49-429-JS233-371_2018-04-11_05-37-28_9983600,130201,8142,14984,8542,15734,0.029373778975464514,0.03863309512462431,0.03400343705004441,0.18088583124575588,0.19159451552983756,0.19159451552983756,0.028702238678030487,0.03410543166158933,0.03140383516980991,0.16477476822759807,0.1498028357513657,0.16477476822759807,0.005760843980739978,0.0070594760963362735,0.006410160038538126,0.08738247922145986,0.08533917995377616,0.08738247922145986,2.9373778975464515,3.863309512462431,3.400343705004441,18.08858312457559,19.159451552983757,19.159451552983757,2.8702238678030487,3.410543166158933,3.140383516980991,16.477476822759808,14.98028357513657,16.477476822759808,0.5760843980739978,0.7059476096336273,0.6410160038538125,8.738247922145986,8.533917995377616,8.738247922145986
4-9-18_Schnable_49-430-js32-54_2018-04-11_05-39-43_9983700,49929,3412,6170,3684,6680,0.03145489469104065,0.02488703618479925,0.02817096543791995,0.1427635954683137,0.1289727820401489,0.1427635954683137,0.03149251420595446,0.02433554986395211,0.027914032034953285,0.1414135855489139,0.12957276102666412,0.1414135855489139,0.003158944847452502,0.0036549134345903,0.003406929141021401,0.022058835105635898,0.03386833491598508,0.03386833491598508,3.1454894691040653,2.488703618479925,2.817096543791995,14.276359546831369,12.897278204014889,14.276359546831369,3.149251420595446,2.433554986395211,2.7914032034953284,14.14135855489139,12.957276102666412,14.14135855489139,0.3158944847452502,0.36549134345903,0.3406929141021401,2.2058835105635897,3.386833491598508,3.386833491598508
4-9-18_Schnable_49-431-js118-173_2018-04-11_05-41-56_9983800,72531,7804,14352,8316,15282,0.025888705069585235,0.042831033529908406,0.03435986929974682,0.23458887162560063,0.2471627255532629,0.2471627255532629,0.02532908688597747,0.03542944200796774,0.030379264446972608,0.16506234205320405,0.13897238620250107,0.16506234205320405,0.00687700996609338,0.009371891256763638,0.008124450611428509,0.13861215507692284,0.1340992844192038,0.13861215507692284,2.5888705069585236,4.283103352990841,3.435986929974682,23.458887162560064,24.71627255532629,24.71627255532629,2.5329086885977468,3.542944200796774,3.037926444697261,16.506234205320407,13.897238620250107,16.506234205320407,0.6877009966093379,0.9371891256763638,0.8124450611428509,13.861215507692284,13.40992844192038,13.861215507692284
4-9-18_Schnable_49-432-js232-370_2018-04-11_05-44-09_9983900,140384,10470,19356,10966,20286,0.0562802311369654,0.08878054637605079,0.0725303887565081,0.33379841459912235,0.26455725007016867,0.33379841459912235,0.05498515015044656,0.08032638350311354,0.06765576682678005,0.2871682669706648,0.22681975501494772,0.2871682669706648,0.008257660140633402,0.009744420014103826,0.009001040077368613,0.16673133120788608,0.14238916272056096,0.16673133120788608,5.62802311369654,8.878054637605079,7.25303887565081,33.379841459912235,26.455725007016866,33.379841459912235,5.4985150150446565,8.032638350311354,6.765576682678005,28.716826697066477,22.681975501494772,28.716826697066477,0.8257660140633403,0.9744420014103826,0.9001040077368614,16.67313312078861,14.238916272056096,16.67313312078861
4-9-18_Schnable_49-435-js231-368_2018-04-11_05-50-50_9984200,219522,11548,21312,12076,22302,0.04484748239363076,0.05225346112360287,0.04855047175861682,0.2579173439341954,0.2165835672400467,0.2579173439341954,0.04315783529324999,0.04408323687417885,0.043620536083714426,0.20361424067502404,0.1719160476481518,0.20361424067502404,0.008555194517418086,0.010245858887410707,0.009400526702414397,0.16848774176154813,0.14049709073269753,0.16848774176154813,4.484748239363076,5.225346112360287,4.8550471758616816,25.791734393419542,21.658356724004673,25.791734393419542,4.3157835293249995,4.4083236874178855,4.3620536083714425,20.361424067502405,17.191604764815178,20.361424067502405,0.8555194517418087,1.0245858887410708,0.9400526702414397,16.848774176154812,14.049709073269753,16.848774176154812
4-9-18_Schnable_49-436-js69-3-98_2018-04-11_05-53-05_9984300,76721,8000,14716,8608,15856,0.03534767442580337,0.04053015836377017,0.03793891639478677,0.16910134439850252,0.14283450442014203,0.16910134439850252,0.034959788846117175,0.03749663532602147,0.03622821208606932,0.15314590755614108,0.14415046559979106,0.15314590755614108,0.005080656071493993,0.005468453178726228,0.00527455462511011,0.06934713283920324,0.05889684450169544,0.06934713283920324,3.534767442580337,4.053015836377017,3.793891639478677,16.910134439850253,14.283450442014203,16.910134439850253,3.4959788846117177,3.749663532602147,3.6228212086069322,15.314590755614107,14.415046559979105,15.314590755614107,0.5080656071493993,0.5468453178726228,0.527455462511011,6.934713283920324,5.889684450169544,6.934713283920324
4-9-18_Schnable_49-437-js107-157_2018-04-11_05-55-18_9984400,83704,6568,12068,6984,12848,0.036636837611917744,0.04640709847328562,0.04152196804260168,0.2194932228141336,0.2669474896057552,0.2669474896057552,0.0374850037377204,0.041157678646040176,0.039321341191880285,0.21988120334221065,0.2084610225008789,0.21988120334221065,0.005585785613507733,0.006924027252022233,0.006254906432764983,0.09431534155261828,0.09138642801416884,0.09431534155261828,3.6636837611917743,4.640709847328562,4.152196804260168,21.949322281413362,26.69474896057552,26.69474896057552,3.74850037377204,4.115767864604018,3.9321341191880284,21.988120334221065,20.84610225008789,21.988120334221065,0.5585785613507732,0.6924027252022233,0.6254906432764983,9.431534155261827,9.138642801416884,9.431534155261827
4-9-18_Schnable_49-438-JS234-375_2018-04-11_05-57-32_9984500,44580,4274,7818,4514,8268,0.02027887118757492,0.02696225680978072,0.023620563998677818,0.13641497311168557,0.11611073196153485,0.13641497311168557,0.019698516468232643,0.0231010912482776,0.02139980385825512,0.13247229761162654,0.11654014968173126,0.13247229761162654,0.0032274137604248144,0.003802901561648531,0.003515157661036673,0.03219382275843426,0.033828842254605224,0.033828842254605224,2.027887118757492,2.696225680978072,2.362056399867782,13.641497311168557,11.611073196153484,13.641497311168557,1.9698516468232643,2.31010912482776,2.139980385825512,13.247229761162654,11.654014968173126,13.247229761162654,0.32274137604248143,0.3802901561648531,0.3515157661036673,3.219382275843426,3.3828842254605225,3.3828842254605225
4-9-18_Schnable_49-439-js30-52_2018-04-11_05-59-46_9984600,5546,1688,2994,1816,3234,0.008215895104584606,0.010067507736289451,0.009141701420437028,0.031023614411578606,0.04276278418582905,0.04276278418582905,0.007642633565905717,0.008931965371942088,0.008287299468923903,0.030879002780510586,0.031597397590865696,0.031597397590865696,0.0030186363792136066,0.004232603507375503,0.003625619943294555,0.0240289198926096,0.037688894491432666,0.037688894491432666,0.8215895104584605,1.0067507736289452,0.9141701420437027,3.1023614411578606,4.276278418582905,4.276278418582905,0.7642633565905717,0.8931965371942088,0.8287299468923903,3.0879002780510585,3.1597397590865697,3.1597397590865697,0.3018636379213607,0.4232603507375503,0.3625619943294555,2.40289198926096,3.7688894491432667,3.7688894491432667
4-9-18_Schnable_49-440-JS234-375_2018-04-11_06-02-00_9984700,53357,4438,8122,4694,8602,0.014877378835236885,0.024813138672562688,0.019845258753899787,0.12335086996828484,0.11707493175639627,0.12335086996828484,0.015792897771060774,0.022457899061719536,0.019125398416390153,0.09324218397592428,0.08272962722338034,0.09324218397592428,0.005677744152331875,0.006673222174838027,0.006175483163584951,0.09906371343396755,0.08224293702659374,0.09906371343396755,1.4877378835236885,2.4813138672562687,1.9845258753899788,12.335086996828485,11.707493175639627,12.335086996828485,1.5792897771060774,2.2457899061719537,1.9125398416390154,9.324218397592428,8.272962722338034,9.324218397592428,0.5677744152331875,0.6673222174838027,0.617548316358495,9.906371343396755,8.224293702659374,9.906371343396755
4-9-18_Schnable_49-441-js253-406_2018-04-11_06-04-14_9984800,83787,7164,13182,7612,14022,0.03023355628139278,0.04860398936159021,0.03941877282149149,0.19762130904595945,0.17818802572736628,0.19762130904595945,0.02967474463954383,0.04525154422558262,0.037463144432563225,0.18773835001439393,0.1783201560038072,0.18773835001439393,0.0036853823940051363,0.004157189075390329,0.003921285734697732,0.03734982589819692,0.03568289177122822,0.03734982589819692,3.023355628139278,4.8603989361590205,3.9418772821491492,19.762130904595946,17.81880257273663,19.762130904595946,2.967474463954383,4.525154422558262,3.7463144432563227,18.773835001439394,17.83201560038072,18.773835001439394,0.3685382394005136,0.4157189075390329,0.39212857346977326,3.7349825898196922,3.5682891771228222,3.7349825898196922
4-9-18_Schnable_49-442-js251-404_2018-04-11_06-06-27_9984900,62811,7808,14386,8272,15256,0.03767293050351276,0.04794806936173507,0.04281049993262391,0.15026453449123714,0.14997271057273778,0.15026453449123714,0.03767670653439356,0.04272423002773069,0.04020046828106212,0.1501715768536962,0.1348768751658255,0.1501715768536962,0.005275412327607673,0.0061473905291372435,0.005711401428372459,0.06368226933075422,0.0626708207954435,0.06368226933075422,3.767293050351276,4.794806936173507,4.281049993262391,15.026453449123714,14.997271057273778,15.026453449123714,3.7676706534393563,4.272423002773069,4.020046828106212,15.01715768536962,13.48768751658255,15.01715768536962,0.5275412327607673,0.6147390529137243,0.5711401428372459,6.368226933075421,6.26708207954435,6.368226933075421
4-9-18_Schnable_49-443-js1-6_2018-04-11_06-08-41_9985000,191657,9498,17514,10042,18534,0.05580308964572683,0.0904038864398888,0.07310348804280781,0.32472951788678894,0.3147240525187843,0.32472951788678894,0.05742053935537116,0.08823008446738334,0.07282531191137726,0.32354819095436055,0.31802918433895117,0.32354819095436055,0.005295746771979967,0.005905492090721978,0.0056006194313509726,0.04840946908316723,0.05446924799363858,0.05446924799363858,5.5803089645726835,9.04038864398888,7.310348804280781,32.47295178867889,31.47240525187843,32.47295178867889,5.7420539355371165,8.823008446738335,7.282531191137726,32.354819095436056,31.802918433895115,32.354819095436056,0.5295746771979968,0.5905492090721978,0.5600619431350973,4.840946908316723,5.446924799363858,5.446924799363858
4-9-18_Schnable_49-444-js98-140_2018-04-11_06-10-55_9985100,63618,6946,12768,7394,13608,0.024203189705565276,0.03752780596361553,0.030865497834590402,0.18892105949821508,0.20716451365341174,0.20716451365341174,0.024237202967500322,0.02929749592657219,0.026767349447036258,0.15572836291080602,0.12011792871086982,0.15572836291080602,0.007229887504809404,0.0093876035274634,0.008308745516136402,0.1375087873304997,0.12661499593637776,0.1375087873304997,2.4203189705565276,3.752780596361553,3.08654978345904,18.89210594982151,20.716451365341175,20.716451365341175,2.4237202967500324,2.929749592657219,2.6767349447036257,15.572836291080602,12.011792871086982,15.572836291080602,0.7229887504809405,0.9387603527463401,0.8308745516136402,13.750878733049971,12.661499593637776,13.750878733049971
4-9-18_Schnable_49-445-js253-406_2018-04-11_06-13-09_9985200,2424,1320,2334,1400,2484,0.011648179314273133,0.013125223271410937,0.012386701292842035,0.05554933898780981,0.04213211164960222,0.05554933898780981,0.010888689165099658,0.012244916601228307,0.011566802883163982,0.05532113408144542,0.04017947924206642,0.05532113408144542,0.002038123122368246,0.0022505535241307273,0.0021443383232494866,0.02650657613600236,0.024113878805622335,0.02650657613600236,1.1648179314273133,1.3125223271410937,1.2386701292842035,5.554933898780981,4.213211164960222,5.554933898780981,1.0888689165099659,1.2244916601228306,1.1566802883163982,5.532113408144542,4.017947924206642,5.532113408144542,0.20381231223682458,0.22505535241307273,0.21443383232494867,2.6506576136002358,2.4113878805622333,2.6506576136002358
4-9-18_Schnable_49-446-js95-132_2018-04-11_06-15-23_9985300,6119,872,1524,920,1614,0.009938776273168207,0.009365074669674492,0.009651925471421349,0.05032596204702448,0.03553554522377902,0.05032596204702448,0.009810386201390664,0.008399710850204259,0.009105048525797462,0.05039494825203553,0.032141877624133654,0.05039494825203553,0.0013888185151898003,0.001477048944564807,0.0014329337298773035,0.013809650109403115,0.012762905872559117,0.013809650109403115,0.9938776273168206,0.9365074669674492,0.9651925471421349,5.032596204702449,3.553554522377902,5.032596204702449,0.9810386201390664,0.8399710850204258,0.9105048525797462,5.039494825203553,3.2141877624133652,5.039494825203553,0.13888185151898003,0.1477048944564807,0.14329337298773034,1.3809650109403115,1.2762905872559116,1.3809650109403115
4-9-18_Schnable_49-447-js284-177_2018-04-11_06-17-37_9985400,36047,4102,7462,4342,7912,0.032594536935195914,0.02515931612363066,0.028876926529413288,0.12869186444091735,0.09663862188252528,0.12869186444091735,0.03323904459550776,0.023133176951282853,0.028186110773395306,0.11735440623903236,0.09158871243233865,0.11735440623903236,0.003630978057577717,0.004099830223013085,0.003865404140295401,0.0424327005989011,0.045854769604086264,0.045854769604086264,3.2594536935195912,2.5159316123630657,2.887692652941329,12.869186444091735,9.663862188252528,12.869186444091735,3.3239044595507763,2.3133176951282852,2.8186110773395305,11.735440623903235,9.158871243233865,11.735440623903235,0.3630978057577717,0.4099830223013085,0.3865404140295401,4.24327005989011,4.585476960408626,4.585476960408626
4-9-18_Schnable_49-448-js284-177_2018-04-11_06-19-51_9985500,39409,5188,9470,5540,10130,0.0235520847937864,0.02852402822013139,0.026038056506958895,0.12619102412224092,0.11696773685028343,0.12619102412224092,0.02197158356322192,0.02514746862020267,0.023559526091712295,0.12073619166801637,0.11108109623583699,0.12073619166801637,0.004819960932406788,0.005414271465679658,0.0051171161990432226,0.061966874349740256,0.05275468878334532,0.061966874349740256,2.35520847937864,2.852402822013139,2.6038056506958895,12.619102412224093,11.696773685028344,12.619102412224093,2.197158356322192,2.514746862020267,2.3559526091712293,12.073619166801636,11.1081096235837,12.073619166801636,0.48199609324067877,0.5414271465679658,0.5117116199043222,6.1966874349740255,5.275468878334532,6.1966874349740255
4-9-18_Schnable_49-449-js162-232_2018-04-11_06-22-05_9985600,340815,12600,23302,13336,24682,0.12870353368908652,0.09886686824739399,0.11378520096824025,0.4372579986002269,0.39441133410547147,0.4372579986002269,0.13445686438780596,0.09317803630444725,0.11381745034612661,0.4364614065236368,0.36393189471504805,0.4364614065236368,0.012440724067570134,0.013753077833354086,0.01309690095046211,0.2054932182908602,0.1473298204064898,0.2054932182908602,12.870353368908653,9.8866868247394,11.378520096824026,43.72579986002269,39.441133410547145,43.72579986002269,13.445686438780596,9.317803630444725,11.381745034612662,43.64614065236368,36.393189471504805,43.64614065236368,1.2440724067570135,1.3753077833354086,1.309690095046211,20.54932182908602,14.732982040648979,20.54932182908602
4-9-18_Schnable_49-450-js61-90_2018-04-11_06-24-22_9985700,245543,11180,20682,11916,22062,0.03600699880553362,0.04495697055872968,0.04048198468213165,0.24291975424866652,0.2112529729033123,0.24291975424866652,0.03549542125637435,0.0411990465978974,0.038347233927135876,0.2390530958432921,0.16973450966426837,0.2390530958432921,0.008514866152113512,0.008924238160076677,0.008719552156095094,0.14393143838625994,0.11953274995081173,0.14393143838625994,3.600699880553362,4.495697055872968,4.048198468213164,24.291975424866653,21.12529729033123,24.291975424866653,3.5495421256374353,4.11990465978974,3.8347233927135878,23.90530958432921,16.973450966426835,23.90530958432921,0.8514866152113512,0.8924238160076677,0.8719552156095094,14.393143838625994,11.953274995081173,14.393143838625994
4-9-18_Schnable_49-451-js284-177_2018-04-11_06-26-32_9985800,83951,7374,13484,7758,14204,0.026672011802029234,0.04011641521609966,0.03339421350906445,0.20068963529882716,0.18028502814508277,0.20068963529882716,0.0260990509514199,0.0344070183038984,0.03025303462765915,0.15733398823213587,0.15441026046467116,0.15733398823213587,0.005394920122987387,0.006080765859669732,0.005737842991328559,0.127171117234374,0.1059137355282354,0.127171117234374,2.667201180202923,4.011641521609966,3.339421350906445,20.068963529882716,18.028502814508276,20.068963529882716,2.6099050951419898,3.44070183038984,3.025303462765915,15.733398823213587,15.441026046467115,15.733398823213587,0.5394920122987387,0.6080765859669732,0.5737842991328559,12.7171117234374,10.591373552823539,12.7171117234374
4-9-18_Schnable_49-452-js234-375_2018-04-11_06-28-45_9985900,85275,7520,13846,7888,14536,0.03724309736488471,0.047741991599143954,0.04249254448201433,0.193700714492914,0.15297377933466666,0.193700714492914,0.03794553149230674,0.04069326121043874,0.03931939635137274,0.15346095070195917,0.1261038864008351,0.15346095070195917,0.007828888602246257,0.009690125528397556,0.008759507065321907,0.11540747989815273,0.10949746121960734,0.11540747989815273,3.724309736488471,4.774199159914396,4.249254448201433,19.3700714492914,15.297377933466667,19.3700714492914,3.794553149230674,4.069326121043874,3.931939635137274,15.346095070195917,12.610388640083512,15.346095070195917,0.7828888602246257,0.9690125528397555,0.8759507065321908,11.540747989815273,10.949746121960734,11.540747989815273
4-9-18_Schnable_49-453-js155-3-224_2018-04-11_06-30-59_9986000,145966,11706,21640,12522,23170,0.04565692004545989,0.0573165858721223,0.0514867529587911,0.24511654377107345,0.22336463032124915,0.24511654377107345,0.0413647340340563,0.050399096311273525,0.04588191517266491,0.19551715719636148,0.18196219240829464,0.19551715719636148,0.008092918550468457,0.009419644366151073,0.008756281458309765,0.1759461047764576,0.1519281769896272,0.1759461047764576,4.565692004545989,5.73165858721223,5.1486752958791095,24.511654377107345,22.336463032124914,24.511654377107345,4.13647340340563,5.039909631127353,4.588191517266491,19.55171571963615,18.196219240829464,19.55171571963615,0.8092918550468456,0.9419644366151072,0.8756281458309765,17.594610477645762,15.19281769896272,17.594610477645762
4-9-18_Schnable_49-454-js101-145_2018-04-11_06-33-13_9986100,16048,2344,4254,2488,4524,0.01722963016284277,0.02299138593457201,0.02011050804870739,0.1023080689081133,0.0903057024663653,0.1023080689081133,0.017274567332920338,0.018801252540864673,0.018037909936892506,0.06861744182888913,0.054862472417724774,0.06861744182888913,0.004352367086170211,0.005799095314525063,0.005075731200347637,0.08442543821787385,0.07881235341506193,0.08442543821787385,1.722963016284277,2.299138593457201,2.011050804870739,10.23080689081133,9.030570246636529,10.23080689081133,1.7274567332920339,1.8801252540864672,1.8037909936892507,6.861744182888913,5.486247241772477,6.861744182888913,0.4352367086170211,0.5799095314525062,0.5075731200347637,8.442543821787385,7.881235341506193,8.442543821787385
4-9-18_Schnable_49-455-js185-288_2018-04-11_06-35-28_9986200,94436,7008,12856,7472,13726,0.03267177756694313,0.030408592930670216,0.031540185248806675,0.156300808327428,0.1325347838198027,0.156300808327428,0.03319435826151549,0.02711059665207849,0.03015247745679699,0.15461884559024,0.14049098515640387,0.15461884559024,0.00424538891516237,0.004636200731977668,0.004440794823570019,0.05195094775749351,0.04603939831476673,0.05195094775749351,3.267177756694313,3.0408592930670215,3.1540185248806676,15.630080832742799,13.253478381980269,15.630080832742799,3.319435826151549,2.711059665207849,3.015247745679699,15.461884559024,14.049098515640388,15.461884559024,0.42453889151623697,0.46362007319776677,0.4440794823570019,5.195094775749351,4.603939831476673,5.195094775749351
4-9-18_Schnable_49-456-js76-2-108_2018-04-11_06-37-41_9986300,47663,5664,10366,6080,11146,0.02969421262121664,0.0322575807001976,0.030975896660707124,0.15396977699687373,0.13106127532380216,0.15396977699687373,0.030725866374424798,0.03239568827614161,0.0315607773252832,0.154033817423468,0.13285367259834704,0.154033817423468,0.005026882601238152,0.005453385453339527,0.00524013402728884,0.034185583071003334,0.02984271274809417,0.034185583071003334,2.969421262121664,3.22575807001976,3.0975896660707125,15.396977699687373,13.106127532380215,15.396977699687373,3.07258663744248,3.239568827614161,3.15607773252832,15.4033817423468,13.285367259834704,15.4033817423468,0.5026882601238152,0.5453385453339528,0.524013402728884,3.4185583071003336,2.984271274809417,3.4185583071003336
4-9-18_Schnable_49-457-js170-243_2018-04-11_06-39-55_9986400,225595,6506,11950,6842,12550,0.05227118978225414,0.05540072587717462,0.053835957829714384,0.22570113947267212,0.28312484596097687,0.28312484596097687,0.05848778860238713,0.052314478461745736,0.05540113353206644,0.22941840244659145,0.3123653217983256,0.3123653217983256,0.007549309352833832,0.010032198686815237,0.008790754019824536,0.10125049517352157,0.1102460524029249,0.1102460524029249,5.2271189782254135,5.540072587717463,5.3835957829714385,22.570113947267213,28.312484596097686,28.312484596097686,5.848778860238713,5.231447846174573,5.540113353206644,22.941840244659144,31.23653217983256,31.23653217983256,0.7549309352833832,1.0032198686815237,0.8790754019824536,10.125049517352156,11.02460524029249,11.02460524029249
4-9-18_Schnable_49-458-js251-404_2018-04-11_06-42-10_9986500,54949,7314,13458,7762,14298,0.034479372524831346,0.04389420858405487,0.03918679055444311,0.14270368147840262,0.14367167386490323,0.14367167386490323,0.0349138657773707,0.03911046897266633,0.037012167375018515,0.1391180572819541,0.12523137445536037,0.1391180572819541,0.00474864978249666,0.005410346160562566,0.0050794979715296125,0.05871739670926796,0.05657890746468994,0.05871739670926796,3.4479372524831344,4.3894208584054875,3.918679055444311,14.270368147840262,14.367167386490323,14.367167386490323,3.4913865777370696,3.9110468972666332,3.7012167375018517,13.911805728195409,12.523137445536037,13.911805728195409,0.474864978249666,0.5410346160562566,0.5079497971529613,5.871739670926797,5.657890746468993,5.871739670926797
4-9-18_Schnable_49-459-js151-218_2018-04-11_06-44-23_9986600,101524,6336,11626,6576,12076,0.0316270427276602,0.0568914465353684,0.0442592446315143,0.1964898601810255,0.21920179312541946,0.21920179312541946,0.03225102560843358,0.04932141928707391,0.04078622244775375,0.1647745759404195,0.14180342869458218,0.1647745759404195,0.007552304987646713,0.009686340250786659,0.008619322619216685,0.11049887959254227,0.11007376201448467,0.11049887959254227,3.1627042727660197,5.68914465353684,4.42592446315143,19.648986018102548,21.920179312541947,21.920179312541947,3.2251025608433577,4.9321419287073915,4.078622244775374,16.47745759404195,14.180342869458219,16.47745759404195,0.7552304987646713,0.9686340250786659,0.8619322619216685,11.049887959254228,11.007376201448468,11.049887959254228
4-9-18_Schnable_49-460-js23-2-38_2018-04-11_06-46-38_9986700,135451,10272,18826,10896,19996,0.02534536331313562,0.030728840433274455,0.028037101873205038,0.20891841374582762,0.14250948368723146,0.20891841374582762,0.026572694677216426,0.02938251681271861,0.027977605744967517,0.20527610416974412,0.13992467928949698,0.20527610416974412,0.005369984102531914,0.005990658670452904,0.00568032138649241,0.06929358679632029,0.059523565216248346,0.06929358679632029,2.534536331313562,3.0728840433274454,2.8037101873205037,20.89184137458276,14.250948368723146,20.89184137458276,2.6572694677216426,2.938251681271861,2.7977605744967518,20.52761041697441,13.992467928949697,20.52761041697441,0.5369984102531914,0.5990658670452904,0.568032138649241,6.9293586796320294,5.952356521624835,6.9293586796320294
4-9-18_Schnable_49-463-js159-2-228_2018-04-11_06-53-18_9987000,35740,2900,5270,3092,5630,0.018669325616820175,0.03011341330094091,0.02439136945888054,0.17537185074181477,0.10942438286469443,0.17537185074181477,0.018723900931594043,0.02577733965325777,0.02225062029242591,0.1669403633586206,0.10389111230027297,0.1669403633586206,0.004501500916641225,0.005788311337304598,0.005144906126972912,0.05531272205087852,0.05563852427140809,0.05563852427140809,1.8669325616820176,3.011341330094091,2.439136945888054,17.537185074181476,10.942438286469443,17.537185074181476,1.8723900931594044,2.577733965325777,2.225062029242591,16.694036335862062,10.389111230027297,16.694036335862062,0.4501500916641225,0.5788311337304598,0.5144906126972911,5.531272205087852,5.56385242714081,5.56385242714081
4-9-18_Schnable_49-464-js278-105_2018-04-11_06-55-32_9987100,198694,10410,19240,11130,20590,0.03908948091935566,0.06488684369833879,0.05198816230884722,0.26484281471384286,0.20853420099880132,0.26484281471384286,0.03499714830353568,0.05659111084570136,0.04579412957461852,0.25472432433567027,0.18960328860315045,0.25472432433567027,0.010274936998571398,0.010860287731617145,0.010567612365094271,0.17465348042836318,0.13200664134860288,0.17465348042836318,3.9089480919355655,6.488684369833879,5.198816230884722,26.484281471384286,20.853420099880132,26.484281471384286,3.499714830353568,5.659111084570136,4.5794129574618525,25.47243243356703,18.960328860315045,25.47243243356703,1.0274936998571398,1.0860287731617144,1.0567612365094272,17.465348042836318,13.200664134860288,17.465348042836318
4-9-18_Schnable_49-466-js110-162_2018-04-11_07-00-04_9987300,135159,8784,16186,9408,17356,0.038147286839638736,0.048563578770475575,0.04335543280505716,0.33256097783074184,0.20042600376885586,0.33256097783074184,0.038808986715600534,0.04481558765362298,0.04181228718461176,0.24695366941132324,0.14257566299218202,0.24695366941132324,0.007830054706951226,0.00853808009010362,0.008184067398527423,0.13893710354090769,0.12151354826448461,0.13893710354090769,3.8147286839638737,4.856357877047557,4.335543280505716,33.25609778307418,20.042600376885584,33.25609778307418,3.8808986715600535,4.481558765362298,4.181228718461176,24.695366941132324,14.257566299218203,24.695366941132324,0.7830054706951226,0.853808009010362,0.8184067398527423,13.893710354090768,12.151354826448461,13.893710354090768
4-9-18_Schnable_49-467-js96-133_2018-04-11_07-02-18_9987400,142512,11412,21094,12116,22414,0.03792232741085803,0.06389700316027866,0.05090966528556834,0.2576034083937802,0.22594489447244648,0.2576034083937802,0.039063116850063286,0.06033397415536442,0.04969854550271385,0.25857969908489575,0.23285319073813268,0.25857969908489575,0.0061705174442516905,0.007039203712743492,0.006604860578497591,0.06160427009872484,0.05141569141680387,0.06160427009872484,3.7922327410858028,6.389700316027866,5.090966528556834,25.76034083937802,22.594489447244648,25.76034083937802,3.9063116850063286,6.0333974155364425,4.969854550271386,25.857969908489576,23.28531907381327,25.857969908489576,0.6170517444251691,0.7039203712743491,0.6604860578497591,6.1604270098724845,5.141569141680387,6.1604270098724845
4-9-18_Schnable_49-469-js37-1-63_2018-04-11_07-06-46_9987600,111311,5712,10426,6048,11056,0.024268996772156295,0.05084717211986309,0.03755808444600969,0.18041897499501056,0.15742603057332893,0.18041897499501056,0.02398115772606257,0.04951438312050807,0.03674777042328532,0.16724812094990676,0.1587105890061345,0.16724812094990676,0.00529661804159344,0.0058635501866108695,0.005580084114102155,0.06513140249066679,0.05680082757147624,0.06513140249066679,2.4268996772156295,5.084717211986309,3.7558084446009694,18.041897499501054,15.742603057332893,18.041897499501054,2.398115772606257,4.951438312050807,3.6747770423285324,16.724812094990675,15.87105890061345,16.724812094990675,0.5296618041593439,0.586355018661087,0.5580084114102155,6.513140249066679,5.680082757147624,6.513140249066679
4-9-18_Schnable_49-470-js154-223_2018-04-11_07-09-00_9987700,44356,4982,9142,5286,9712,0.025273134130961376,0.02884298666708687,0.02705806039902412,0.10355635655376864,0.12374288788551169,0.12374288788551169,0.025184092549759,0.024280962077003067,0.024732527313381034,0.10342050923939185,0.09027790860299154,0.10342050923939185,0.005630552141649536,0.006431756090684081,0.006031154116166809,0.08370590911191415,0.07256679876129307,0.08370590911191415,2.5273134130961377,2.8842986667086867,2.705806039902412,10.355635655376865,12.37428878855117,12.37428878855117,2.5184092549759,2.4280962077003068,2.4732527313381034,10.342050923939185,9.027790860299154,10.342050923939185,0.5630552141649536,0.6431756090684081,0.6031154116166809,8.370590911191416,7.256679876129307,8.370590911191416
4-9-18_Schnable_49-471-js154-223_2018-04-11_07-11-14_9987800,56301,5908,10850,6324,11630,0.022469029932413006,0.02943093687013381,0.025949983401273406,0.1251450955898903,0.13244253643009396,0.13244253643009396,0.023994861794169476,0.027230327120736763,0.02561259445745312,0.12587585867583384,0.11452061976848249,0.12587585867583384,0.004383490746226808,0.004855027708956457,0.004619259227591633,0.07117009716588743,0.058585091449717026,0.07117009716588743,2.2469029932413007,2.943093687013381,2.5949983401273404,12.51450955898903,13.244253643009396,13.244253643009396,2.3994861794169475,2.7230327120736764,2.561259445745312,12.587585867583384,11.452061976848249,12.587585867583384,0.4383490746226808,0.48550277089564575,0.4619259227591633,7.117009716588743,5.858509144971703,7.117009716588743
4-9-18_Schnable_49-472-js68-97_2018-04-11_07-13-27_9987900,156024,9172,16954,9764,18064,0.0792322337812528,0.11435286546179377,0.09679254962152328,0.2948011230994758,0.2714213782563933,0.2948011230994758,0.07218109784141033,0.10977380197520797,0.09097744990830915,0.28573265216569227,0.2752243069739549,0.28573265216569227,0.01076236044183395,0.012178085388855679,0.011470222915344814,0.17962694832265447,0.14156064541381086,0.17962694832265447,7.92322337812528,11.435286546179377,9.679254962152328,29.480112309947582,27.142137825639328,29.480112309947582,7.218109784141033,10.977380197520798,9.097744990830915,28.573265216569226,27.52243069739549,28.573265216569226,1.076236044183395,1.217808538885568,1.1470222915344814,17.96269483226545,14.156064541381086,17.96269483226545
4-9-18_Schnable_49-473-js233-371_2018-04-11_07-15-41_9988000,83467,6356,11660,6804,12500,0.02674769836650008,0.03176596224620374,0.02925683030635191,0.12402343187389428,0.14517657481813093,0.14517657481813093,0.02576045545554286,0.027678507467599252,0.026719481461571055,0.11884915898538094,0.10628034874671746,0.11884915898538094,0.0043227374261561435,0.0051716341925513104,0.004747185809353727,0.04137782787607562,0.06301536419495433,0.06301536419495433,2.674769836650008,3.176596224620374,2.925683030635191,12.402343187389429,14.517657481813092,14.517657481813092,2.576045545554286,2.767850746759925,2.6719481461571055,11.884915898538093,10.628034874671746,11.884915898538093,0.43227374261561435,0.5171634192551311,0.4747185809353727,4.137782787607562,6.3015364194954335,6.3015364194954335
4-9-18_Schnable_49-474-js64-93_2018-04-11_07-17-55_9988100,405938,12262,22626,12934,23886,0.05464653367908643,0.07224847919874985,0.06344750643891814,0.24155500135823738,0.2663949551694051,0.2663949551694051,0.05190695859451067,0.0637480774261164,0.057827518010313536,0.22442666870462188,0.2168643617854848,0.22442666870462188,0.012284516970549924,0.013702833796341867,0.012993675383445896,0.18535597721761932,0.15676476884196172,0.18535597721761932,5.464653367908643,7.2248479198749855,6.344750643891814,24.155500135823736,26.63949551694051,26.63949551694051,5.1906958594510675,6.37480774261164,5.7827518010313534,22.442666870462187,21.68643617854848,22.442666870462187,1.2284516970549924,1.3702833796341867,1.2993675383445895,18.53559772176193,15.676476884196171,18.53559772176193
4-9-18_Schnable_49-475-js159-1-228_2018-04-11_07-20-09_9988200,204138,8244,15170,8772,16160,0.029237139904175428,0.0377308540942028,0.033483996999189115,0.21023325222122008,0.15974334822938988,0.21023325222122008,0.029010149544511768,0.03404202280907241,0.03152608617679209,0.1365821401792043,0.12212444319717422,0.1365821401792043,0.009839369570854056,0.010461339848739018,0.010150354709796538,0.16813663836842244,0.13031385440587295,0.16813663836842244,2.923713990417543,3.77308540942028,3.3483996999189114,21.023325222122008,15.974334822938987,21.023325222122008,2.9010149544511767,3.404202280907241,3.152608617679209,13.65821401792043,12.212444319717422,13.65821401792043,0.9839369570854055,1.0461339848739017,1.0150354709796539,16.813663836842245,13.031385440587295,16.813663836842245
4-9-18_Schnable_49-477-js45-73_2018-04-11_07-24-37_9988400,55175,4502,8212,4822,8812,0.020714739176429322,0.023368831158118875,0.0220417851672741,0.10160095705715254,0.08045261051713637,0.10160095705715254,0.020857315053720574,0.02270148246429389,0.02177939875900723,0.10167315732982592,0.08660320220063707,0.10167315732982592,0.003921651131662733,0.004279230695873714,0.004100440913768223,0.03494397462310185,0.028219352375356905,0.03494397462310185,2.071473917642932,2.3368831158118875,2.20417851672741,10.160095705715253,8.045261051713638,10.160095705715253,2.0857315053720575,2.270148246429389,2.177939875900723,10.167315732982592,8.660320220063706,10.167315732982592,0.3921651131662733,0.42792306958737136,0.4100440913768223,3.494397462310185,2.8219352375356905,3.494397462310185
4-9-18_Schnable_49-479-js271-27_2018-04-11_07-29-04_9988600,17404,2568,4644,2744,4974,0.01812080886887451,0.016844144148401904,0.017482476508638205,0.08903126256574417,0.07291879286230601,0.08903126256574417,0.018111511525648823,0.01473057387257019,0.016421042699109507,0.08816719149213385,0.07789330806474383,0.08816719149213385,0.0035631807380054454,0.0038817000049123167,0.003722440371458881,0.024976867454561177,0.026602038456945393,0.026602038456945393,1.812080886887451,1.6844144148401903,1.7482476508638205,8.903126256574417,7.291879286230602,8.903126256574417,1.8111511525648822,1.473057387257019,1.6421042699109507,8.816719149213386,7.789330806474383,8.816719149213386,0.35631807380054453,0.3881700004912317,0.3722440371458881,2.4976867454561176,2.6602038456945394,2.6602038456945394
4-9-18_Schnable_49-480-js236-377_2018-04-11_07-31-19_9988700,153801,10334,19094,11070,20474,0.045323510275358955,0.06155511863569025,0.053439314455524606,0.23588978353244563,0.1936845319870491,0.23588978353244563,0.04190468677899157,0.05330801622546903,0.047606351502230304,0.16511251687203715,0.1577871048807478,0.16511251687203715,0.011255737558597045,0.012399822152780118,0.011827779855688583,0.1775318380804481,0.13936873338415567,0.1775318380804481,4.532351027535896,6.155511863569025,5.34393144555246,23.588978353244563,19.36845319870491,23.588978353244563,4.190468677899157,5.330801622546903,4.76063515022303,16.511251687203714,15.778710488074779,16.511251687203714,1.1255737558597045,1.2399822152780118,1.1827779855688583,17.75318380804481,13.936873338415568,17.75318380804481
4-9-18_Schnable_49-481-js290-299_2018-04-11_07-33-33_9988800,51132,5410,9918,5794,10638,0.02166671210708736,0.035529110619585254,0.02859791136333631,0.1724430304168115,0.1268305204822246,0.1724430304168115,0.02263677624127967,0.029499908756636013,0.02606834249895784,0.1704983493637838,0.10980078621186935,0.1704983493637838,0.0062335147090584525,0.008758590354803041,0.007496052531930747,0.08081163442276337,0.07502666892875254,0.08081163442276337,2.1666712107087363,3.5529110619585254,2.859791136333631,17.24430304168115,12.683052048222459,17.24430304168115,2.263677624127967,2.9499908756636013,2.606834249895784,17.04983493637838,10.980078621186935,17.04983493637838,0.6233514709058452,0.8758590354803041,0.7496052531930747,8.081163442276337,7.502666892875254,8.081163442276337
4-9-18_Schnable_49-482-js37-2-63_2018-04-11_07-35-47_9988900,238488,8876,16362,9404,17352,0.033715966667427266,0.05212737606663445,0.04292167136703086,0.19661441795411033,0.18285474429397275,0.19661441795411033,0.03443505267824862,0.04777836117072917,0.041106706924488895,0.19204680571907687,0.18162784404281984,0.19204680571907687,0.005087951765893429,0.005878210694809066,0.0054830812303512475,0.08381480739549944,0.06550016668943585,0.08381480739549944,3.3715966667427266,5.212737606663445,4.292167136703086,19.661441795411033,18.285474429397276,19.661441795411033,3.443505267824862,4.777836117072917,4.110670692448889,19.204680571907687,18.162784404281986,19.204680571907687,0.5087951765893429,0.5878210694809066,0.5483081230351248,8.381480739549945,6.550016668943585,8.381480739549945
4-9-18_Schnable_49-484-js167-239_2018-04-11_07-40-14_9989100,47159,4674,8538,4962,9078,0.048145564709371855,0.05776659691590105,0.052956080812636454,0.18319859071123218,0.13692200937605592,0.18319859071123218,0.0476862268638878,0.05391053374572252,0.05079838030480516,0.17387937759558653,0.1269504294824781,0.17387937759558653,0.0051610842529008,0.006164848517018935,0.005662966384959868,0.07812061901376251,0.07059266685730015,0.07812061901376251,4.814556470937186,5.776659691590106,5.295608081263645,18.31985907112322,13.692200937605591,18.31985907112322,4.76862268638878,5.391053374572252,5.0798380304805155,17.387937759558653,12.695042948247808,17.387937759558653,0.5161084252900799,0.6164848517018935,0.5662966384959868,7.812061901376251,7.059266685730014,7.812061901376251
4-9-18_Schnable_49-485-js151-218_2018-04-11_07-42-28_9989200,393231,11608,21338,12008,22088,0.055685152563507645,0.05294333529134576,0.0543142439274267,0.2959584987287827,0.2281035742368491,0.2959584987287827,0.047776306394417024,0.0494615820341201,0.04861894421426856,0.25149736179377535,0.20068749601301175,0.25149736179377535,0.011561911512389283,0.01399374115463828,0.012777826333513782,0.16957430005345642,0.14256164101189434,0.16957430005345642,5.568515256350764,5.294333529134576,5.43142439274267,29.595849872878272,22.81035742368491,29.595849872878272,4.7776306394417025,4.9461582034120095,4.861894421426856,25.149736179377534,20.068749601301175,25.149736179377534,1.1561911512389282,1.399374115463828,1.2777826333513782,16.957430005345643,14.256164101189434,16.957430005345643
4-9-18_Schnable_49-486-js97-138_2018-04-11_07-44-41_9989300,57249,4376,8004,4616,8454,0.022664907291257294,0.025981956801081556,0.024323432046169425,0.1902821521038961,0.08527010508521639,0.1902821521038961,0.021470611233308935,0.02294089051033273,0.022205750871820834,0.15879623749928967,0.07756510790227493,0.15879623749928967,0.004539946529128108,0.005503766838386322,0.005021856683757216,0.07212032310101595,0.06923747607664445,0.07212032310101595,2.2664907291257292,2.5981956801081556,2.4323432046169424,19.02821521038961,8.52701050852164,19.02821521038961,2.1470611233308934,2.2940890510332728,2.2205750871820835,15.879623749928967,7.756510790227493,15.879623749928967,0.4539946529128108,0.5503766838386323,0.5021856683757215,7.212032310101595,6.923747607664445,7.212032310101595
4-9-18_Schnable_49-487-js155-2-224_2018-04-11_07-46-56_9989400,169964,11066,20470,11898,22030,0.05788728539992982,0.05191631405830574,0.05490179972911778,0.2565847285320533,0.24147615999811836,0.2565847285320533,0.05791779212887138,0.05304693037837571,0.05548236125362355,0.2248479126721652,0.1497013221172093,0.2248479126721652,0.01450592168450172,0.01609199918788571,0.015298960436193715,0.22200331824904795,0.19045754863798772,0.22200331824904795,5.788728539992983,5.191631405830574,5.490179972911778,25.65847285320533,24.147615999811837,25.65847285320533,5.791779212887138,5.304693037837572,5.548236125362354,22.48479126721652,14.97013221172093,22.48479126721652,1.4505921684501721,1.609199918788571,1.5298960436193716,22.200331824904794,19.045754863798773,22.200331824904794
4-9-18_Schnable_49-488-js44-71_2018-04-11_07-49-10_9989500,90843,6560,11956,6944,12676,0.028896020890637822,0.03221297151808541,0.030554496204361615,0.15315387674576225,0.14004077254006944,0.15315387674576225,0.030234484198296916,0.03085536216174197,0.030544923180019445,0.13741343581552456,0.12649112413472177,0.13741343581552456,0.005569651658505275,0.00648354983797511,0.006026600748240192,0.07950816904808822,0.06433626616266296,0.07950816904808822,2.889602089063782,3.2212971518085407,3.0554496204361614,15.315387674576225,14.004077254006944,15.315387674576225,3.0234484198296916,3.085536216174197,3.0544923180019445,13.741343581552456,12.649112413472178,13.741343581552456,0.5569651658505275,0.648354983797511,0.6026600748240192,7.950816904808821,6.433626616266295,7.950816904808821
4-9-18_Schnable_49-489-js285-207_2018-04-11_07-51-28_9989600,186856,8444,15552,8876,16362,0.026045763279049543,0.03865867041808855,0.032352216848569045,0.19011008993821227,0.18951296939577628,0.19011008993821227,0.02587592022223606,0.03467075907404185,0.030273339648138956,0.18996256168391668,0.17967134247450364,0.18996256168391668,0.006506824123769553,0.007343186982532026,0.00692500555315079,0.09553773265607413,0.08873779342429514,0.09553773265607413,2.6045763279049545,3.8658670418088548,3.2352216848569046,19.01100899382123,18.951296939577627,19.01100899382123,2.587592022223606,3.467075907404185,3.0273339648138955,18.996256168391668,17.967134247450364,18.996256168391668,0.6506824123769553,0.7343186982532026,0.6925005553150789,9.553773265607413,8.873779342429513,9.553773265607413
4-9-18_Schnable_49-491-js262-420_2018-04-11_07-55-51_9989800,88302,6482,11928,6930,12768,0.03603592707115987,0.04050228396446936,0.038269105517814615,0.2505955176447847,0.11144166026216318,0.2505955176447847,0.03774126193860569,0.03849763291949012,0.03811944742904791,0.23921930148403012,0.11559824802394629,0.23921930148403012,0.00451545741739417,0.005127844065504229,0.004821650741449199,0.041227709413454265,0.03811145469346111,0.041227709413454265,3.603592707115987,4.050228396446935,3.8269105517814617,25.05955176447847,11.144166026216318,25.05955176447847,3.7741261938605692,3.849763291949012,3.811944742904791,23.92193014840301,11.55982480239463,23.92193014840301,0.45154574173941703,0.5127844065504229,0.48216507414491994,4.1227709413454265,3.811145469346111,4.1227709413454265
4-9-18_Schnable_49-493-js254-408_2018-04-11_08-00-19_9990000,102293,6666,12220,7130,13090,0.021944445853947114,0.04308482329368144,0.032514634573814274,0.211717826559049,0.19196252130428407,0.211717826559049,0.02100491975759857,0.03907996012959123,0.0300424399435949,0.2001776313272396,0.16903076166323247,0.2001776313272396,0.004122424972177306,0.00485510640768206,0.004488765689929683,0.07388820750290814,0.07192418153634188,0.07388820750290814,2.194444585394711,4.308482329368144,3.2514634573814276,21.1717826559049,19.196252130428405,21.1717826559049,2.1004919757598572,3.907996012959123,3.00424399435949,20.01776313272396,16.903076166323245,20.01776313272396,0.4122424972177306,0.48551064076820594,0.44887656899296835,7.388820750290814,7.192418153634188,7.388820750290814
4-9-18_Schnable_49-494-js59-2-88_2018-04-11_08-02-32_9990100,310863,13396,24754,14164,26194,0.04043295146460421,0.0572285677474089,0.04883075960600655,0.2540930668539285,0.3291556706685367,0.3291556706685367,0.039288876375087226,0.049671836699592666,0.04448035653733995,0.2397875568364457,0.22112733289337783,0.2397875568364457,0.009038974548164675,0.011046231872297032,0.010042603210230854,0.19088860017097206,0.17215850043725575,0.19088860017097206,4.043295146460421,5.72285677474089,4.883075960600655,25.409306685392853,32.91556706685367,32.91556706685367,3.9288876375087227,4.967183669959266,4.448035653733995,23.97875568364457,22.112733289337783,23.97875568364457,0.9038974548164675,1.1046231872297032,1.0042603210230854,19.088860017097208,17.215850043725574,19.088860017097208
4-9-18_Schnable_49-495-js28-2-48_2018-04-11_08-04-45_9990200,176525,9248,16966,9904,18166,0.04564895559312588,0.047751861439557376,0.04670040851634163,0.15886143543500647,0.13243460886300437,0.15886143543500647,0.046344715373806515,0.04358858468207285,0.04496665002793968,0.15468790735088314,0.14096391774716513,0.15468790735088314,0.004350709050712998,0.004956386791359896,0.004653547921036448,0.044009585084283584,0.05165858255055314,0.05165858255055314,4.564895559312588,4.775186143955738,4.6700408516341625,15.886143543500648,13.243460886300436,15.886143543500648,4.6344715373806515,4.358858468207285,4.496665002793968,15.468790735088314,14.096391774716514,15.468790735088314,0.43507090507129986,0.49563867913598963,0.4653547921036448,4.400958508428358,5.165858255055314,5.165858255055314
4-9-18_Schnable_49-496-js233-371_2018-04-11_08-06-59_9990300,202713,9360,17266,9920,18316,0.04909596007586161,0.05089909019118171,0.04999752513352166,0.22382860937597013,0.16868201820191256,0.22382860937597013,0.048164513192153625,0.04431159670564194,0.04623805494889778,0.21942327342939547,0.1389011948733788,0.21942327342939547,0.009073145054336642,0.009622199766535408,0.009347672410436025,0.12710909864151504,0.10333343830672681,0.12710909864151504,4.909596007586161,5.089909019118171,4.999752513352166,22.382860937597012,16.868201820191256,22.382860937597012,4.816451319215362,4.4311596705641945,4.623805494889778,21.942327342939546,13.890119487337879,21.942327342939546,0.9073145054336642,0.9622199766535408,0.9347672410436025,12.710909864151503,10.333343830672682,12.710909864151503
4-9-18_Schnable_49-497-js243-388_2018-04-11_08-09-13_9990400,51581,4516,8270,4804,8810,0.03638494454254235,0.04076980211452823,0.03857737332853529,0.1960553262373481,0.10977860344569047,0.1960553262373481,0.03723927562112327,0.038443325758877725,0.037841300690000496,0.1937043131764908,0.09638861249651584,0.1937043131764908,0.004268052881295663,0.004668627206818485,0.004468340044057073,0.045532404247903564,0.03822492287482375,0.045532404247903564,3.638494454254235,4.076980211452823,3.857737332853529,19.60553262373481,10.977860344569047,19.60553262373481,3.723927562112327,3.8443325758877727,3.7841300690000494,19.370431317649082,9.638861249651583,19.370431317649082,0.4268052881295663,0.4668627206818485,0.44683400440570736,4.553240424790356,3.822492287482375,4.553240424790356
4-9-18_Schnable_49-498-js169-241_2018-04-11_08-11-26_9990500,39070,5026,9198,5362,9828,0.030287148228490487,0.040119962315597626,0.03520355527204406,0.1383215726960432,0.11456559547415252,0.1383215726960432,0.03168007607956946,0.03841492546600653,0.035047500772787996,0.12703013515290434,0.12070708382133018,0.12703013515290434,0.004032668676144556,0.004772802678276201,0.0044027356772103786,0.04161520298543138,0.04071128790939283,0.04161520298543138,3.028714822849049,4.011996231559762,3.520355527204406,13.83215726960432,11.456559547415251,13.83215726960432,3.1680076079569455,3.841492546600653,3.5047500772787994,12.703013515290435,12.070708382133018,12.703013515290435,0.40326686761445557,0.4772802678276201,0.4402735677210379,4.161520298543138,4.071128790939283,4.161520298543138
4-9-18_Schnable_49-500-js234-375_2018-04-11_08-15-54_9990700,61423,4626,8448,4882,8928,0.01960860021940062,0.029449700656558053,0.024529150437979336,0.13719067940876054,0.12727145404587195,0.13719067940876054,0.02012652498568976,0.02967246299575391,0.024899493990721833,0.13646225704794002,0.12594330059347203,0.13646225704794002,0.0035210443386092466,0.004271445673683394,0.0038962450061463204,0.07273485211763217,0.0649433554493706,0.07273485211763217,1.960860021940062,2.9449700656558053,2.4529150437979337,13.719067940876053,12.727145404587196,13.719067940876053,2.012652498568976,2.967246299575391,2.4899493990721835,13.646225704794002,12.594330059347204,13.646225704794002,0.35210443386092466,0.42714456736833945,0.38962450061463205,7.273485211763217,6.49433554493706,7.273485211763217
4-9-18_Schnable_49-501-js196-305_2018-04-11_08-18-10_9990800,159977,8710,15996,9110,16746,0.05022981473796668,0.06094644115928247,0.055588127948624576,0.2834840889311174,0.2823350691419687,0.2834840889311174,0.04817283250415403,0.05293020047265588,0.05055151648840496,0.23722508823977237,0.19063516236182015,0.23722508823977237,0.009818543249055374,0.011265295390627025,0.010541919319841199,0.2167113151704354,0.16643426797090918,0.2167113151704354,5.022981473796668,6.094644115928247,5.558812794862457,28.34840889311174,28.23350691419687,28.34840889311174,4.817283250415403,5.293020047265588,5.055151648840496,23.722508823977236,19.063516236182014,23.722508823977236,0.9818543249055375,1.1265295390627026,1.05419193198412,21.67113151704354,16.643426797090918,21.67113151704354
4-9-18_Schnable_49-502-js8-16_2018-04-11_08-20-23_9990900,175738,10380,19212,10908,20202,0.03818441665742387,0.056404899756697637,0.047294658207060754,0.236466185039854,0.16635758038600104,0.236466185039854,0.03734585598876327,0.05015362230344999,0.04374973914610663,0.2330280327298905,0.14726173348909904,0.2330280327298905,0.006654253659763091,0.007762019972428373,0.007208136816095732,0.08392849158587529,0.08155969909720052,0.08392849158587529,3.818441665742387,5.640489975669763,4.729465820706076,23.6466185039854,16.635758038600105,23.6466185039854,3.734585598876327,5.015362230344999,4.3749739146106625,23.30280327298905,14.726173348909905,23.30280327298905,0.6654253659763091,0.7762019972428373,0.7208136816095733,8.392849158587529,8.155969909720053,8.392849158587529
4-9-18_Schnable_49-503-js261-419_2018-04-11_08-22-36_9991000,90735,7162,13180,7642,14080,0.028678454195040337,0.04367826409807098,0.036178359146555664,0.2135077128711768,0.18158299322768878,0.2135077128711768,0.028126000533534028,0.041141031528361086,0.03463351603094755,0.19893847806420054,0.1875198385045397,0.19893847806420054,0.004412673561789747,0.005015637999460688,0.0047141557806252175,0.06834963889728293,0.04948751212831373,0.06834963889728293,2.8678454195040337,4.3678264098070985,3.6178359146555663,21.35077128711768,18.15829932276888,21.35077128711768,2.812600053353403,4.114103152836108,3.4633516030947553,19.893847806420055,18.75198385045397,19.893847806420055,0.4412673561789747,0.5015637999460688,0.47141557806252177,6.834963889728293,4.9487512128313735,6.834963889728293
4-9-18_Schnable_49-505-js54-83_2018-04-11_08-27-04_9991200,30546,2310,4162,2454,4432,0.02956211464556284,0.028815480519498306,0.029188797582530575,0.09852721468811011,0.07587451597142064,0.09852721468811011,0.029726707025638732,0.026784800685772773,0.02825575385570575,0.09837139973626113,0.07608057249561871,0.09837139973626113,0.002236872777836586,0.0023896014938160834,0.0023132371358263347,0.015543931355347323,0.01437430821620889,0.015543931355347323,2.956211464556284,2.8815480519498307,2.9188797582530577,9.852721468811012,7.587451597142064,9.852721468811012,2.9726707025638732,2.678480068577277,2.825575385570575,9.837139973626114,7.608057249561871,9.837139973626114,0.2236872777836586,0.23896014938160834,0.23132371358263346,1.5543931355347322,1.437430821620889,1.5543931355347322
4-9-18_Schnable_49-506-js58-87_2018-04-11_08-29-17_9991300,206341,10296,18982,10760,19852,0.08213938408431301,0.1018773432620426,0.0920083636731778,0.35025195550915117,0.3743695033314705,0.3743695033314705,0.08341844655309232,0.09275606008545098,0.08808725331927164,0.3490765491851745,0.3379479979892665,0.3490765491851745,0.010739049365713512,0.012988215654128265,0.01186363250992089,0.23579724200948143,0.12701632087437265,0.23579724200948143,8.213938408431302,10.18773432620426,9.20083636731778,35.025195550915114,37.43695033314705,37.43695033314705,8.341844655309231,9.275606008545099,8.808725331927164,34.90765491851745,33.79479979892665,34.90765491851745,1.073904936571351,1.2988215654128266,1.186363250992089,23.579724200948142,12.701632087437265,23.579724200948142
4-9-18_Schnable_49-507-js72-102_2018-04-11_08-31-31_9991400,179196,12712,23528,13656,25298,0.03817284212092065,0.037495630109369245,0.03783423611514494,0.2622726535030376,0.19835022983922798,0.2622726535030376,0.03948959789216162,0.03622044939727333,0.037855023644717475,0.2567975871136246,0.20955587539510323,0.2567975871136246,0.006293966195200517,0.0065865007533334845,0.006440233474267001,0.053942846925391585,0.04253795836371625,0.053942846925391585,3.8172842120920647,3.7495630109369245,3.783423611514494,26.227265350303757,19.835022983922798,26.227265350303757,3.9489597892161616,3.6220449397273327,3.7855023644717476,25.67975871136246,20.955587539510322,25.67975871136246,0.6293966195200517,0.6586500753333484,0.6440233474267001,5.394284692539158,4.2537958363716255,5.394284692539158
4-9-18_Schnable_49-508-js75-107_2018-04-11_08-33-45_9991500,60795,4976,9136,5248,9646,0.0788664745498465,0.08192596257551109,0.08039621856267878,0.2580072418601652,0.22012497809597495,0.2580072418601652,0.0794713940650632,0.08004171135962568,0.07975655271234444,0.23206248084619902,0.19334772764279495,0.23206248084619902,0.01209989189320438,0.012141179423935264,0.012120535658569822,0.12781347768213977,0.06541394282171209,0.12781347768213977,7.886647454984649,8.19259625755111,8.039621856267878,25.80072418601652,22.012497809597495,25.80072418601652,7.94713940650632,8.004171135962569,7.975655271234444,23.2062480846199,19.334772764279496,23.2062480846199,1.209989189320438,1.2141179423935264,1.2120535658569822,12.781347768213976,6.541394282171209,12.781347768213976
4-9-18_Schnable_49-509-js241-386_2018-04-11_08-35-58_9991600,160580,6882,12678,7314,13488,0.02500767221342876,0.022036027568305756,0.02352184989086726,0.17272834287440783,0.13352936019714634,0.17272834287440783,0.024602882519096977,0.017320246944959587,0.02096156473202828,0.15914465855355803,0.11577964039567759,0.15914465855355803,0.005472574014574144,0.0066470816987508645,0.006059827856662504,0.08245257341986793,0.07154423379872461,0.08245257341986793,2.5007672213428758,2.2036027568305756,2.352184989086726,17.272834287440784,13.352936019714633,17.272834287440784,2.460288251909698,1.7320246944959587,2.096156473202828,15.914465855355802,11.577964039567759,15.914465855355802,0.5472574014574144,0.6647081698750864,0.6059827856662504,8.245257341986793,7.154423379872461,8.245257341986793
4-9-18_Schnable_49-510-js100-144_2018-04-11_08-38-12_9991700,79479,6294,11542,6710,12322,0.030019688084953106,0.02828840205136963,0.02915404506816137,0.1685336646181294,0.11050588283999485,0.1685336646181294,0.029303291440519012,0.024273104920791412,0.026788198180655212,0.15737391170617962,0.0937196425844084,0.15737391170617962,0.006372522959406462,0.0070869296842869115,0.0067297263218466866,0.10511079649385448,0.09143410349990497,0.10511079649385448,3.0019688084953104,2.828840205136963,2.9154045068161367,16.85336646181294,11.050588283999485,16.85336646181294,2.930329144051901,2.4273104920791413,2.6788198180655214,15.737391170617961,9.37196425844084,15.737391170617961,0.6372522959406461,0.7086929684286911,0.6729726321846686,10.511079649385447,9.143410349990496,10.511079649385447
4-9-18_Schnable_49-511-js26-45_2018-04-11_08-40-25_9991800,146489,6026,11080,6362,11710,0.058877668361193077,0.06458716965759906,0.061732419009396064,0.24416718723718778,0.27002360848797424,0.27002360848797424,0.05511559827298073,0.050699091440531266,0.052907344856755995,0.24130163285872114,0.24824356070514234,0.24824356070514234,0.012137821592202643,0.011967602497873682,0.012052712045038163,0.10312752218125888,0.09356867023183905,0.10312752218125888,5.887766836119308,6.458716965759906,6.1732419009396065,24.416718723718777,27.002360848797423,27.002360848797423,5.511559827298073,5.069909144053127,5.2907344856756,24.130163285872115,24.824356070514234,24.824356070514234,1.2137821592202642,1.1967602497873682,1.2052712045038163,10.312752218125889,9.356867023183906,10.312752218125889
4-9-18_Schnable_49-512-js271-27_2018-04-11_08-42-39_9991900,32101,3204,5840,3348,6110,0.023412681785933545,0.03037532260644141,0.026894002196187476,0.12578285016423252,0.100070301478495,0.12578285016423252,0.023284858090484483,0.02699653624430838,0.025140697167396434,0.1172724960912426,0.10005355996481224,0.1172724960912426,0.0030025371972567604,0.003485072882282707,0.0032438050397697337,0.027824816717041498,0.03164487673616903,0.03164487673616903,2.3412681785933547,3.037532260644141,2.6894002196187476,12.578285016423251,10.0070301478495,12.578285016423251,2.3284858090484484,2.6996536244308382,2.5140697167396433,11.72724960912426,10.005355996481224,11.72724960912426,0.30025371972567605,0.3485072882282707,0.3243805039769734,2.78248167170415,3.164487673616903,3.164487673616903
4-9-18_Schnable_49-513-js151-218_2018-04-11_08-44-52_9992000,128531,8292,15260,8708,16040,0.022376424142027156,0.028025066108825287,0.02520074512542622,0.14709877027761722,0.13335692675668961,0.14709877027761722,0.01877627335750365,0.020863982187865192,0.019820127772684423,0.11857176048240305,0.10347361312752534,0.11857176048240305,0.009511132358484026,0.011148817030855901,0.010329974694669963,0.15128298183645056,0.1090147413613437,0.15128298183645056,2.237642414202716,2.8025066108825287,2.5200745125426223,14.709877027761722,13.33569267566896,14.709877027761722,1.8776273357503652,2.086398218786519,1.9820127772684424,11.857176048240305,10.347361312752534,11.857176048240305,0.9511132358484026,1.1148817030855902,1.0329974694669963,15.128298183645056,10.90147413613437,15.128298183645056
4-9-18_Schnable_49-514-js83-120_2018-04-11_08-47-05_9992100,51251,4264,7794,4568,8364,0.021150609559112885,0.017598767345167608,0.019374688452140246,0.11986717675412986,0.07209224305267786,0.11986717675412986,0.02406047421797297,0.016073392538826604,0.020066933378399786,0.1255367049174889,0.07277911052715602,0.1255367049174889,0.004247405296501013,0.004214428676101048,0.00423091698630103,0.034761058760495026,0.031206946861286704,0.034761058760495026,2.1150609559112885,1.7598767345167607,1.9374688452140247,11.986717675412986,7.209224305267786,11.986717675412986,2.406047421797297,1.6073392538826603,2.0066933378399785,12.553670491748889,7.277911052715602,12.553670491748889,0.4247405296501013,0.42144286761010474,0.423091698630103,3.4761058760495027,3.1206946861286706,3.4761058760495027
4-9-18_Schnable_49-515-js234-375_2018-04-11_08-49-20_9992200,425565,11410,21046,11954,22066,0.08925207333580143,0.14339418904141615,0.11632313118860879,0.40691364935496366,0.4811831475311819,0.4811831475311819,0.08291954991958526,0.13574701009640436,0.1093332800079948,0.3749391622828772,0.48213673191232226,0.48213673191232226,0.01816552015095101,0.019396492573581572,0.01878100636226629,0.28791574892428934,0.12571604938226505,0.28791574892428934,8.925207333580143,14.339418904141615,11.632313118860878,40.69136493549637,48.11831475311819,48.11831475311819,8.291954991958526,13.574701009640435,10.93332800079948,37.49391622828772,48.213673191232225,48.213673191232225,1.816552015095101,1.9396492573581572,1.878100636226629,28.791574892428933,12.571604938226505,28.791574892428933
4-9-18_Schnable_49-516-js157-226_2018-04-11_08-51-32_9992300,236010,11292,20832,11868,21912,0.04557254309716212,0.05464714720267741,0.050109845149919764,0.22971035874737167,0.19526615150314786,0.22971035874737167,0.04090194340835211,0.04678075336924943,0.04384134838880077,0.20682392537021624,0.18169168803925476,0.20682392537021624,0.009971990089032639,0.010985649108743157,0.010478819598887898,0.12792593156529894,0.1107852021537499,0.12792593156529894,4.557254309716212,5.464714720267741,5.010984514991977,22.97103587473717,19.526615150314786,22.97103587473717,4.090194340835211,4.678075336924943,4.384134838880077,20.682392537021624,18.169168803925476,20.682392537021624,0.9971990089032639,1.0985649108743156,1.0478819598887898,12.792593156529893,11.07852021537499,12.792593156529893
4-9-18_Schnable_49-517-js192-301_2018-04-11_08-53-46_9992400,139383,6748,12402,7100,13062,0.04512035938894433,0.06482533169417537,0.054972845541559845,0.19222856521225334,0.18728582139417702,0.19222856521225334,0.04555818588269868,0.05905542524638301,0.05230680556454084,0.18100530483585967,0.16383601907875248,0.18100530483585967,0.00802197937835616,0.008953564681518722,0.00848777202993744,0.1033457965333848,0.10173831441083067,0.1033457965333848,4.512035938894432,6.482533169417537,5.497284554155985,19.222856521225335,18.7285821394177,19.222856521225335,4.555818588269868,5.905542524638301,5.230680556454084,18.100530483585967,16.38360190787525,18.100530483585967,0.8021979378356159,0.8953564681518722,0.848777202993744,10.33457965333848,10.173831441083067,10.33457965333848
4-9-18_Schnable_49-519-js228-360_2018-04-11_08-58-14_9992600,9927,1736,3114,1880,3384,0.021045800612086274,0.022615829883470755,0.021830815247778516,0.07556622311572755,0.06518350562508562,0.07556622311572755,0.02155278365066932,0.022113648372177788,0.021833216011423552,0.07367900224683334,0.06703662056098382,0.07367900224683334,0.002600867889725327,0.0022661424291016787,0.002433505159413503,0.025476327174879302,0.01795425859646193,0.025476327174879302,2.1045800612086274,2.2615829883470755,2.1830815247778514,7.556622311572755,6.518350562508562,7.556622311572755,2.155278365066932,2.2113648372177788,2.1833216011423553,7.367900224683334,6.703662056098382,7.367900224683334,0.2600867889725327,0.22661424291016788,0.24335051594135032,2.54763271748793,1.795425859646193,2.54763271748793
4-9-18_Schnable_49-520-js294-413_2018-04-11_09-00-27_9992700,169360,8618,15940,8938,16540,0.031528386638587494,0.05196133444915188,0.04174486054386969,0.2230600357203939,0.24746372016840898,0.24746372016840898,0.031045974607482724,0.044481296334344486,0.037763635470913604,0.21592896289589117,0.19872593544838857,0.21592896289589117,0.006294283712886634,0.007941038750613838,0.007117661231750236,0.11350479442450966,0.1065693993320229,0.11350479442450966,3.1528386638587493,5.196133444915188,4.174486054386969,22.30600357203939,24.746372016840898,24.746372016840898,3.1045974607482725,4.448129633434449,3.7763635470913606,21.592896289589117,19.872593544838857,21.592896289589117,0.6294283712886634,0.7941038750613838,0.7117661231750236,11.350479442450965,10.65693993320229,11.350479442450965
4-9-18_Schnable_49-521-js76-1-108_2018-04-11_09-02-41_9992800,44073,4800,8776,5152,9436,0.03886788586432603,0.038767783758267,0.03881783481129651,0.2113330254716966,0.13825211593739173,0.2113330254716966,0.040070850958371027,0.03686692856176049,0.03846888976006576,0.20338362313917047,0.14085844018839846,0.20338362313917047,0.003812721438089149,0.0042642837497169255,0.004038502593903037,0.05483409940325912,0.049578129233717606,0.05483409940325912,3.886788586432603,3.8767783758267,3.881783481129651,21.13330254716966,13.825211593739173,21.13330254716966,4.007085095837103,3.686692856176049,3.846888976006576,20.338362313917045,14.085844018839847,20.338362313917045,0.3812721438089149,0.42642837497169256,0.4038502593903037,5.483409940325911,4.957812923371761,5.483409940325911
4-9-18_Schnable_49-522-js269-428_2018-04-11_09-04-56_9992900,46828,5568,10186,5936,10876,0.0301552507973127,0.04136008706001277,0.035757668928662736,0.1553090768238892,0.1650724198636856,0.1650724198636856,0.03140580462040851,0.03889394618789429,0.035149875404151404,0.15545908305439665,0.14617206712644543,0.15545908305439665,0.0040142598962204755,0.004771951205537121,0.004393105550878799,0.07772112049175504,0.06470279769259925,0.07772112049175504,3.01552507973127,4.136008706001277,3.5757668928662736,15.53090768238892,16.50724198636856,16.50724198636856,3.1405804620408513,3.889394618789429,3.5149875404151403,15.545908305439665,14.617206712644542,15.545908305439665,0.40142598962204756,0.4771951205537121,0.43931055508787986,7.7721120491755045,6.470279769259925,7.7721120491755045
4-9-18_Schnable_49-523-js261-419_2018-04-11_09-07-11_9993000,73714,6004,11060,6420,11840,0.01735936865681213,0.027211433763652496,0.022285401210232314,0.14451730828250114,0.09810001504942163,0.14451730828250114,0.0186313351683258,0.022705145896419195,0.020668240532372498,0.11485964980045252,0.09916591593159395,0.11485964980045252,0.0067634480502584355,0.00796609520432074,0.0073647716272895875,0.07228301317910289,0.06168284139613048,0.07228301317910289,1.7359368656812129,2.7211433763652497,2.228540121023231,14.451730828250115,9.810001504942162,14.451730828250115,1.86313351683258,2.2705145896419197,2.0668240532372497,11.485964980045251,9.916591593159394,11.485964980045251,0.6763448050258436,0.796609520432074,0.7364771627289588,7.228301317910289,6.168284139613048,7.228301317910289
4-9-18_Schnable_49-524-js21-35_2018-04-11_09-09-26_9993100,295396,9244,16992,9740,17922,0.026909152089749415,0.03125773578184801,0.029083443935798713,0.19843832097609854,0.17665450059609275,0.19843832097609854,0.028891487807062653,0.025724251519194986,0.02730786966312882,0.18008873424294888,0.16357039570898016,0.18008873424294888,0.00827117427395428,0.009955790285593954,0.009113482279774116,0.16712553450613296,0.10907631816379322,0.16712553450613296,2.6909152089749413,3.125773578184801,2.9083443935798714,19.843832097609855,17.665450059609274,19.843832097609855,2.8891487807062655,2.5724251519194987,2.7307869663128823,18.008873424294887,16.357039570898017,18.008873424294887,0.827117427395428,0.9955790285593954,0.9113482279774117,16.712553450613296,10.907631816379322,16.712553450613296
4-9-18_Schnable_49-525-js121-176_2018-04-11_09-11-40_9993200,109466,8616,15878,9112,16808,0.05509197543429481,0.08372276286023123,0.06940736914726302,0.23136592950809984,0.2259263043005474,0.23136592950809984,0.05662893212741089,0.07994852334546117,0.06828872773643603,0.24795593594794235,0.2196549763032883,0.24795593594794235,0.0068941824378095365,0.00962105300309433,0.008257617720451933,0.06413604442406277,0.09327080574545404,0.09327080574545404,5.509197543429481,8.372276286023123,6.940736914726302,23.136592950809984,22.59263043005474,23.136592950809984,5.662893212741089,7.994852334546117,6.828872773643603,24.795593594794234,21.96549763032883,24.795593594794234,0.6894182437809536,0.962105300309433,0.8257617720451933,6.413604442406277,9.327080574545404,9.327080574545404
4-9-18_Schnable_49-526-js79-1-111_2018-04-11_09-13-55_9993300,159659,6770,12438,7234,13308,0.040110000264769234,0.051113549607490205,0.04561177493612972,0.23029105634792899,0.27913636983908835,0.27913636983908835,0.03912193081030744,0.03752695653443411,0.03832444367237077,0.13524062084376529,0.1240319282477245,0.13524062084376529,0.013810228334009082,0.017599495358350252,0.01570486184617967,0.22692149255116612,0.1961737715453096,0.22692149255116612,4.011000026476923,5.11135496074902,4.5611774936129725,23.0291056347929,27.913636983908834,27.913636983908834,3.9121930810307437,3.7526956534434106,3.832444367237077,13.524062084376528,12.40319282477245,13.524062084376528,1.3810228334009083,1.7599495358350252,1.570486184617967,22.69214925511661,19.61737715453096,22.69214925511661
4-9-18_Schnable_49-527-js38-64_2018-04-11_09-16-10_9993400,173194,9074,16668,9490,17448,0.02240011591281907,0.03631523834150911,0.02935767712716409,0.1918726798518174,0.20093311397194433,0.20093311397194433,0.02235484576955392,0.027156780024356987,0.024755812896955453,0.1697252250823097,0.14206633636356095,0.1697252250823097,0.0071306090932808115,0.009160391731636333,0.008145500412458572,0.12449241886381592,0.09522524225244086,0.12449241886381592,2.240011591281907,3.631523834150911,2.9357677127164092,19.18726798518174,20.093311397194434,20.093311397194434,2.235484576955392,2.715678002435699,2.4755812896955454,16.97252250823097,14.206633636356095,16.97252250823097,0.7130609093280812,0.9160391731636334,0.8145500412458573,12.449241886381591,9.522524225244085,12.449241886381591
4-9-18_Schnable_49-528-js131-1-190_2018-04-11_09-18-26_9993500,127856,10366,19154,11054,20444,0.03471662585830828,0.04041685626880884,0.03756674106355856,0.1701207878185857,0.1683718026139372,0.1701207878185857,0.03529983946525372,0.03703860554884086,0.03616922250704729,0.16535453079618187,0.15199191891156136,0.16535453079618187,0.006324303883090192,0.006999305087455022,0.006661804485272607,0.07785379353367042,0.07126229615893348,0.07785379353367042,3.471662585830828,4.041685626880883,3.756674106355856,17.01207878185857,16.83718026139372,17.01207878185857,3.5299839465253715,3.7038605548840855,3.6169222507047287,16.535453079618186,15.199191891156136,16.535453079618186,0.6324303883090192,0.6999305087455022,0.6661804485272607,7.785379353367042,7.126229615893348,7.785379353367042
4-9-18_Schnable_49-529-js90-127_2018-04-11_09-20-46_9993600,75051,6862,12614,7342,13514,0.032532600275794625,0.039535204356151175,0.0360339023159729,0.16952974576943633,0.14802624047022653,0.16952974576943633,0.03275523001026444,0.0372948896995226,0.035025059854893514,0.1694360475377943,0.1595378737111275,0.1694360475377943,0.004830712978442039,0.005785712946771635,0.005308212962606838,0.037881237754580944,0.056804454011622194,0.056804454011622194,3.2532600275794623,3.9535204356151175,3.60339023159729,16.95297457694363,14.802624047022652,16.95297457694363,3.275523001026444,3.7294889699522598,3.5025059854893517,16.94360475377943,15.95378737111275,16.94360475377943,0.48307129784420394,0.5785712946771635,0.5308212962606838,3.7881237754580943,5.68044540116222,5.68044540116222
4-9-18_Schnable_49-530-js52-81_2018-04-11_09-22-57_9993700,482893,13886,25662,14766,27312,0.09847349962166413,0.0998054286774598,0.09913946414956196,0.40037339408792433,0.4710451240170562,0.4710451240170562,0.09425343945446936,0.09806194592662254,0.09615769269054594,0.38623312932517395,0.4219826891558637,0.4219826891558637,0.01131427554987661,0.012504382833526652,0.01190932919170163,0.20824426029617704,0.15287447875880714,0.20824426029617704,9.847349962166414,9.98054286774598,9.913946414956195,40.037339408792434,47.10451240170562,47.10451240170562,9.425343945446937,9.806194592662255,9.615769269054594,38.62331293251739,42.19826891558637,42.19826891558637,1.131427554987661,1.2504382833526653,1.190932919170163,20.824426029617705,15.287447875880714,20.824426029617705
4-9-18_Schnable_49-531-js85-122_2018-04-11_09-25-13_9993800,231562,9844,18124,10340,19054,0.05722383928929289,0.0913234295466845,0.07427363441798869,0.3359093415624086,0.3048975364641305,0.3359093415624086,0.05441422807795564,0.07780083101051313,0.06610752954423438,0.3348902931787816,0.2507537026401015,0.3348902931787816,0.01180024420923109,0.014358396721271212,0.013079320465251152,0.1879383388466433,0.1696756728349049,0.1879383388466433,5.722383928929289,9.13234295466845,7.427363441798869,33.59093415624086,30.48975364641305,33.59093415624086,5.441422807795564,7.780083101051313,6.610752954423438,33.48902931787816,25.07537026401015,33.48902931787816,1.180024420923109,1.4358396721271212,1.3079320465251152,18.79383388466433,16.96756728349049,18.79383388466433
4-9-18_Schnable_49-532-js245-393_2018-04-11_09-27-28_9993900,130404,11532,21312,12316,22782,0.04373575747034152,0.04320133284852756,0.043468545159434546,0.27440486619274185,0.16525601215069094,0.27440486619274185,0.04382476167481137,0.03984716329490834,0.04183596248485985,0.27729927974164487,0.1607042891562187,0.27729927974164487,0.007882932599292253,0.008500469253882547,0.0081917009265874,0.11347188334059308,0.1024522451697793,0.11347188334059308,4.3735757470341525,4.320133284852757,4.346854515943455,27.440486619274186,16.525601215069095,27.440486619274186,4.382476167481137,3.984716329490834,4.183596248485985,27.729927974164486,16.07042891562187,27.729927974164486,0.7882932599292254,0.8500469253882547,0.81917009265874,11.347188334059307,10.24522451697793,11.347188334059307
4-9-18_Schnable_49-533-js218-341_2018-04-11_09-29-43_9994000,169355,7820,14382,8316,15312,0.03251224982356602,0.03364863541101735,0.033080442617291685,0.18810901508781133,0.1863009910527473,0.18810901508781133,0.03294021605219227,0.030062970990779946,0.03150159352148611,0.17750064748827038,0.15402245943121765,0.17750064748827038,0.006734415486354115,0.008082551508133844,0.007408483497243979,0.10751921416570083,0.08908319216936124,0.10751921416570083,3.251224982356602,3.3648635411017347,3.3080442617291683,18.810901508781132,18.63009910527473,18.810901508781132,3.2940216052192275,3.0062970990779947,3.150159352148611,17.75006474882704,15.402245943121764,17.75006474882704,0.6734415486354115,0.8082551508133844,0.740848349724398,10.751921416570083,8.908319216936125,10.751921416570083
4-9-18_Schnable_49-534-js202-315_2018-04-11_09-31-58_9994100,18093,3272,5904,3512,6354,0.014661662611707071,0.01932593666840529,0.016993799640056182,0.07459376243163718,0.06078532572292753,0.07459376243163718,0.014655001614678071,0.017142920704058755,0.015898961159368414,0.05673335595964948,0.0490258898344006,0.05673335595964948,0.003563764141802084,0.003642117447866593,0.0036029407948343388,0.041298235202680215,0.038273347780436326,0.041298235202680215,1.4661662611707071,1.9325936668405292,1.6993799640056182,7.459376243163717,6.078532572292753,7.459376243163717,1.4655001614678071,1.7142920704058755,1.5898961159368414,5.673335595964947,4.90258898344006,5.673335595964947,0.3563764141802084,0.3642117447866593,0.3602940794834339,4.129823520268022,3.8273347780436326,4.129823520268022
4-9-18_Schnable_49-535-js84-121_2018-04-11_09-34-13_9994200,238612,10486,19416,11094,20556,0.0647559503003641,0.08443265662555009,0.07459430346295709,0.2867908483312182,0.25256887380432097,0.2867908483312182,0.06359461897162964,0.07859118749351686,0.07109290323257325,0.27361511663304633,0.2256158501097274,0.27361511663304633,0.008225301627590205,0.009253936777815646,0.008739619202702924,0.14874528520333025,0.13328943798330647,0.14874528520333025,6.47559503003641,8.443265662555008,7.459430346295709,28.67908483312182,25.256887380432097,28.67908483312182,6.359461897162964,7.859118749351686,7.1092903232573255,27.361511663304633,22.561585010972742,27.361511663304633,0.8225301627590205,0.9253936777815646,0.8739619202702924,14.874528520333024,13.328943798330647,14.874528520333024
4-9-18_Schnable_49-536-js159-3-228_2018-04-11_09-36-30_9994300,81217,4878,8924,5166,9464,0.02845816930742124,0.04031714658591948,0.034387657946670355,0.2004384132120456,0.15712318628389124,0.2004384132120456,0.029428764161222684,0.037206329630909495,0.033317546896066086,0.200118849860743,0.14882181264650832,0.200118849860743,0.00451910441202966,0.005267134120490482,0.004893119266260071,0.04625782057670597,0.05489765361622433,0.05489765361622433,2.845816930742124,4.031714658591948,3.4387657946670354,20.04384132120456,15.712318628389124,20.04384132120456,2.9428764161222682,3.7206329630909494,3.3317546896066084,20.0118849860743,14.882181264650832,20.0118849860743,0.451910441202966,0.5267134120490482,0.4893119266260071,4.625782057670597,5.489765361622434,5.489765361622434
4-9-18_Schnable_49-537-js250-402_2018-04-11_09-38-46_9994400,193519,10714,19810,11290,20890,0.03866846619529299,0.04887943021576847,0.043773948205530724,0.21512670005611206,0.19502823058493668,0.21512670005611206,0.03894116833215632,0.04417810523373143,0.04155963678294387,0.19682854358479795,0.17787547797574876,0.19682854358479795,0.006828040153459122,0.008323415244977926,0.007575727699218524,0.10091831933207997,0.096073187610988,0.10091831933207997,3.8668466195292988,4.887943021576847,4.377394820553072,21.512670005611206,19.502823058493668,21.512670005611206,3.894116833215632,4.417810523373143,4.155963678294388,19.682854358479794,17.787547797574877,19.682854358479794,0.6828040153459122,0.8323415244977925,0.7575727699218524,10.091831933207997,9.6073187610988,10.091831933207997
4-9-18_Schnable_49-538-js284-177_2018-04-11_09-41-02_9994500,44330,4482,8148,4786,8718,0.019661746720916574,0.026436932831147668,0.023049339776032123,0.12395377332965388,0.11953453145089893,0.12395377332965388,0.019061600056501263,0.022895758304932526,0.020978679180716893,0.12577213242790325,0.11442173483460467,0.12577213242790325,0.003046741797813964,0.0035603361309103293,0.0033035389643621465,0.03658831753785441,0.04014729278740748,0.04014729278740748,1.9661746720916573,2.6436932831147666,2.3049339776032123,12.395377332965388,11.953453145089894,12.395377332965388,1.9061600056501264,2.2895758304932525,2.0978679180716893,12.577213242790325,11.442173483460467,12.577213242790325,0.30467417978139644,0.35603361309103293,0.33035389643621466,3.658831753785441,4.014729278740748,4.014729278740748
4-9-18_Schnable_49-539-js37-3-63_2018-04-11_09-43-16_9994600,235158,9932,18312,10524,19422,0.030145976005901517,0.0487624847443557,0.03945423037512861,0.2138736070565841,0.18126222710692552,0.2138736070565841,0.030005284769297938,0.04343470263848357,0.03671999370389076,0.19272064928646074,0.1588214670261519,0.19272064928646074,0.007063718286773604,0.008966162726488904,0.008014940506631254,0.10283701271552982,0.09800041008535376,0.10283701271552982,3.0145976005901516,4.876248474435569,3.9454230375128607,21.38736070565841,18.126222710692552,21.38736070565841,3.000528476929794,4.343470263848357,3.671999370389076,19.272064928646074,15.882146702615191,19.272064928646074,0.7063718286773604,0.8966162726488903,0.8014940506631254,10.283701271552982,9.800041008535377,10.283701271552982
4-9-18_Schnable_49-540-js23-3-38_2018-04-11_09-45-31_9994700,123886,7718,14152,8182,15022,0.023325640778304707,0.020648691766576462,0.021987166272440586,0.12114488826194776,0.09458378625779405,0.12114488826194776,0.024657116889056297,0.019296362115372195,0.021976739502214244,0.14423086658353038,0.09194838197134936,0.14423086658353038,0.005013809271154399,0.005607468168540063,0.005310638719847232,0.03859598528221866,0.04002073792140241,0.04002073792140241,2.3325640778304706,2.064869176657646,2.1987166272440586,12.114488826194776,9.458378625779405,12.114488826194776,2.4657116889056296,1.9296362115372196,2.1976739502214246,14.423086658353037,9.194838197134935,14.423086658353037,0.5013809271154399,0.5607468168540063,0.5310638719847232,3.859598528221866,4.002073792140242,4.002073792140242
4-9-18_Schnable_49-541-js133-194_2018-04-11_09-47-47_9994800,103997,8748,16122,9260,17082,0.030958499168983463,0.0522515076215539,0.04160500339526868,0.20528690869372015,0.20629334401004526,0.20629334401004526,0.032245994087246634,0.046725206616132706,0.03948560035168967,0.2064677348529788,0.1823972336428949,0.2064677348529788,0.006262440644902092,0.007137234616303843,0.006699837630602968,0.09680961212893967,0.08112985586205503,0.09680961212893967,3.0958499168983464,5.2251507621553905,4.160500339526868,20.528690869372017,20.629334401004527,20.629334401004527,3.2245994087246634,4.67252066161327,3.9485600351689674,20.64677348529788,18.23972336428949,20.64677348529788,0.6262440644902092,0.7137234616303844,0.6699837630602967,9.680961212893967,8.112985586205502,9.680961212893967
4-9-18_Schnable_49-542-js292-381_2018-04-11_09-50-02_9994900,72443,7506,13788,7954,14628,0.03286257836856132,0.031157568364665367,0.032010073366613344,0.20638849974661405,0.1569374163844279,0.20638849974661405,0.03267549479433216,0.027664250347543537,0.03016987257093785,0.17267805267702652,0.1232762831625508,0.17267805267702652,0.007895847125325064,0.008726229561641746,0.008311038343483405,0.09403129651231798,0.08184856984188703,0.09403129651231798,3.2862578368561315,3.1157568364665367,3.2010073366613345,20.638849974661404,15.69374163844279,20.638849974661404,3.267549479433216,2.7664250347543535,3.016987257093785,17.267805267702652,12.327628316255081,17.267805267702652,0.7895847125325064,0.8726229561641745,0.8311038343483405,9.403129651231797,8.184856984188702,9.403129651231797
4-9-18_Schnable_49-543-js131-3-190_2018-04-11_09-52-18_9995000,128299,9712,17926,10336,19096,0.03541619624369338,0.03829523800350666,0.03685571712360002,0.2036169061859252,0.16959787971578233,0.2036169061859252,0.035592411980296466,0.033718223890124514,0.03465531793521049,0.19352966272877378,0.1450347020257253,0.19352966272877378,0.00741146255130871,0.008469523818230034,0.007940493184769372,0.10532517028476589,0.08244384014992719,0.10532517028476589,3.5416196243693383,3.829523800350666,3.685571712360002,20.36169061859252,16.959787971578233,20.36169061859252,3.5592411980296466,3.3718223890124515,3.4655317935210492,19.352966272877378,14.50347020257253,19.352966272877378,0.7411462551308711,0.8469523818230034,0.7940493184769372,10.532517028476589,8.244384014992718,10.532517028476589
4-9-18_Schnable_49-544-js163-234_2018-04-11_09-54-34_9995100,188141,10860,20052,11340,20952,0.027397690440100098,0.044802781552426965,0.03610023599626353,0.19540941283280275,0.22985624310319616,0.22985624310319616,0.02730878571090913,0.037565066605326936,0.03243692615811803,0.19666378996924808,0.15951735726413235,0.19666378996924808,0.006820790498619951,0.009002366183441584,0.007911578341030769,0.10350771288829926,0.1557585817667625,0.1557585817667625,2.7397690440100098,4.480278155242696,3.610023599626353,19.540941283280276,22.985624310319615,22.985624310319615,2.730878571090913,3.7565066605326933,3.243692615811803,19.66637899692481,15.951735726413235,19.66637899692481,0.6820790498619951,0.9002366183441585,0.7911578341030768,10.350771288829925,15.575858176676249,15.575858176676249
4-9-18_Schnable_49-545-js208-327_2018-04-11_09-56-50_9995200,78911,10498,19412,11058,20462,0.0576758874470015,0.07756932474804866,0.06762260609752507,0.28053925326410495,0.30223917730691874,0.30223917730691874,0.058505141177723666,0.07005384367116758,0.06427949242444563,0.26779762834084203,0.24843694842301395,0.26779762834084203,0.010761713870458847,0.012360639046089292,0.011561176458274069,0.18900816645292381,0.1471378933896393,0.18900816645292381,5.76758874470015,7.756932474804866,6.7622606097525075,28.053925326410496,30.223917730691873,30.223917730691873,5.8505141177723665,7.005384367116759,6.427949242444562,26.779762834084202,24.843694842301396,26.779762834084202,1.0761713870458847,1.2360639046089292,1.156117645827407,18.90081664529238,14.713789338963931,18.90081664529238
4-9-18_Schnable_49-547-js135-196_2018-04-11_10-01-20_9995400,128163,11608,21428,12344,22808,0.03610198261401897,0.044994214316183015,0.04054809846510099,0.22471737120846227,0.21673702851897067,0.22471737120846227,0.03613585228274105,0.04150728190786524,0.03882156709530314,0.22600028949550527,0.2106702183872413,0.22600028949550527,0.004912950142718509,0.005351451693988849,0.0051322009183536795,0.07860354000290712,0.06237351560994302,0.07860354000290712,3.610198261401897,4.499421431618302,4.054809846510099,22.471737120846228,21.673702851897065,22.471737120846228,3.613585228274105,4.150728190786524,3.882156709530314,22.600028949550527,21.067021838724127,22.600028949550527,0.4912950142718509,0.5351451693988849,0.513220091835368,7.8603540002907115,6.237351560994302,7.8603540002907115
4-9-18_Schnable_49-548-js150-217_2018-04-11_10-03-36_9995500,119940,8356,15410,8724,16100,0.03168504355560455,0.038692630460797885,0.03518883700820122,0.16686394921837,0.11212741336266278,0.16686394921837,0.0317485887391821,0.032827022934459264,0.032287805836820685,0.1561555326684649,0.10462632619665169,0.1561555326684649,0.006908449678220993,0.00783656987014151,0.007372509774181251,0.0607365928286056,0.05765811468542286,0.0607365928286056,3.1685043555604553,3.8692630460797885,3.5188837008201217,16.686394921837,11.212741336266278,16.686394921837,3.1748588739182098,3.2827022934459262,3.2287805836820684,15.61555326684649,10.462632619665168,15.61555326684649,0.6908449678220993,0.7836569870141511,0.7372509774181252,6.07365928286056,5.765811468542286,6.07365928286056
4-9-18_Schnable_49-550-js289-293_2018-04-11_10-08-08_9995700,126890,8908,16452,9356,17292,0.029012164312140078,0.04116074352720957,0.035086453919674826,0.19024326348167475,0.24108461692857683,0.24108461692857683,0.02828144874307403,0.03433857292657461,0.03131001083482432,0.17982607987588703,0.17083942496095858,0.17982607987588703,0.008503429534758024,0.01012283959500596,0.009313134564881993,0.1533066383974875,0.13123031699028356,0.1533066383974875,2.901216431214008,4.116074352720957,3.5086453919674825,19.024326348167474,24.108461692857684,24.108461692857684,2.828144874307403,3.4338572926574615,3.131001083482432,17.982607987588704,17.083942496095858,17.982607987588704,0.8503429534758025,1.012283959500596,0.9313134564881993,15.330663839748752,13.123031699028356,15.330663839748752
4-9-18_Schnable_49-551-js153-222_2018-04-11_10-10-21_9995800,87898,8142,15014,8622,15914,0.032514706702117965,0.03374943775321519,0.03313207222766658,0.16728823616588678,0.16226189011564213,0.16728823616588678,0.031891424244985894,0.03087350477036304,0.03138246450767447,0.16206269436895115,0.14822201502626145,0.16206269436895115,0.005054075842955878,0.005464637466258058,0.005259356654606967,0.07369258643821748,0.05698484956099751,0.07369258643821748,3.2514706702117966,3.374943775321519,3.313207222766658,16.728823616588677,16.226189011564212,16.728823616588677,3.1891424244985895,3.087350477036304,3.138246450767447,16.206269436895116,14.822201502626145,16.206269436895116,0.5054075842955877,0.5464637466258058,0.5259356654606967,7.369258643821748,5.698484956099751,7.369258643821748
4-9-18_Schnable_49-552-js172-249_2018-04-11_10-12-34_9995900,86296,7650,14088,8162,15048,0.024349260016824952,0.03454447116745348,0.029446865592139215,0.1376088046596368,0.13294589148676886,0.1376088046596368,0.02464886932111378,0.030440301055322423,0.027544585188218104,0.13602350500107085,0.12438628890831419,0.13602350500107085,0.005257101643114106,0.005823296893411075,0.00554019926826259,0.08005338176474852,0.0701939552510972,0.08005338176474852,2.4349260016824954,3.454447116745348,2.9446865592139213,13.760880465963679,13.294589148676886,13.760880465963679,2.464886932111378,3.0440301055322423,2.7544585188218105,13.602350500107086,12.438628890831419,13.602350500107086,0.5257101643114106,0.5823296893411075,0.554019926826259,8.005338176474853,7.01939552510972,8.005338176474853
4-9-18_Schnable_49-553-js11-21_2018-04-11_10-14-49_9996000,58273,6960,12796,7440,13696,0.03468871233207256,0.03582906612985085,0.03525888923096171,0.14252044817567877,0.1285109436258742,0.14252044817567877,0.034443512630626595,0.03171292682291671,0.03307821972677165,0.13961707421890587,0.1285279674470479,0.13961707421890587,0.004041795569071517,0.004431577073381652,0.004236686321226585,0.04054677316640959,0.03605587734475582,0.04054677316640959,3.468871233207256,3.5829066129850853,3.525888923096171,14.252044817567878,12.85109436258742,14.252044817567878,3.4443512630626594,3.171292682291671,3.3078219726771647,13.961707421890587,12.85279674470479,13.961707421890587,0.40417955690715174,0.44315770733816523,0.42366863212265854,4.054677316640959,3.605587734475582,4.054677316640959
4-9-18_Schnable_49-554-js55-84_2018-04-11_10-17-02_9996100,99275,9068,16752,9692,17922,0.03866102294021478,0.050654437428337175,0.044657730184275976,0.18715410655736348,0.17858282704760287,0.18715410655736348,0.039467050708240595,0.04732347594860637,0.043395263328423486,0.1822117243255117,0.17066779396715254,0.1822117243255117,0.00565613800677425,0.0062393689651612984,0.005947753485967775,0.06920816245293143,0.062166844109311115,0.06920816245293143,3.8661022940214775,5.065443742833717,4.465773018427598,18.71541065573635,17.858282704760285,18.71541065573635,3.9467050708240596,4.732347594860637,4.339526332842349,18.22117243255117,17.066779396715255,18.22117243255117,0.5656138006774251,0.6239368965161298,0.5947753485967775,6.920816245293143,6.216684410931111,6.920816245293143
4-9-18_Schnable_49-555-js4-12_2018-04-11_10-19-15_9996200,403127,11802,21774,12234,22584,0.057574712347351294,0.1209234914630888,0.08924910190522005,0.337128901509302,0.3535356112093689,0.3535356112093689,0.05183444677167833,0.10450957579137987,0.0781720112815291,0.33669719045750746,0.3317166048196086,0.33669719045750746,0.013615455854243941,0.016839148375461126,0.015227302114852534,0.19562265780289997,0.17327657814532443,0.19562265780289997,5.75747123473513,12.09234914630888,8.924910190522004,33.7128901509302,35.35356112093689,35.35356112093689,5.1834446771678335,10.450957579137988,7.81720112815291,33.669719045750746,33.171660481960856,33.669719045750746,1.361545585424394,1.6839148375461126,1.5227302114852534,19.562265780289998,17.327657814532444,19.562265780289998
4-9-18_Schnable_49-556-js213-334_2018-04-11_10-21-29_9996300,92827,6530,11988,6946,12768,0.02282369063215217,0.02466358414776877,0.02374363738996047,0.1424511293674211,0.1382599402429379,0.1424511293674211,0.022115287817696137,0.02168018021992307,0.021897734018809602,0.1368720731436205,0.13217058666962853,0.1368720731436205,0.00471187532554531,0.005374193586879763,0.0050430344562125366,0.05347723589893895,0.045471545171541464,0.05347723589893895,2.282369063215217,2.4663584147768773,2.3743637389960472,14.24511293674211,13.82599402429379,14.24511293674211,2.211528781769614,2.168018021992307,2.1897734018809603,13.687207314362048,13.217058666962853,13.687207314362048,0.47118753255453105,0.5374193586879763,0.5043034456212536,5.347723589893895,4.547154517154146,5.347723589893895
4-9-18_Schnable_49-557-js134-195_2018-04-11_10-23-42_9996400,110449,7216,13276,7568,13936,0.02557334793230204,0.042958999751989066,0.03426617384214555,0.21786027176228026,0.17256619156113603,0.21786027176228026,0.025829933174460272,0.037786576496662,0.031808254835561135,0.21815558765413925,0.13266105234750217,0.21815558765413925,0.0065409469301548,0.008358018286339631,0.007449482608247215,0.10123693353340733,0.10303501139374145,0.10303501139374145,2.557334793230204,4.295899975198907,3.426617384214555,21.786027176228025,17.256619156113604,21.786027176228025,2.5829933174460273,3.7786576496662,3.1808254835561134,21.815558765413925,13.266105234750217,21.815558765413925,0.6540946930154801,0.8358018286339631,0.7449482608247215,10.123693353340734,10.303501139374145,10.303501139374145
4-9-18_Schnable_49-558-js94-131_2018-04-11_10-25-57_9996500,41785,4528,8266,4800,8776,0.03635800656122738,0.03335405848179622,0.0348560325215118,0.15779228465296496,0.14070842789496885,0.15779228465296496,0.03677684108427774,0.03152757343054989,0.034152207257413816,0.14811844694326626,0.13881683412230814,0.14811844694326626,0.003864753808390651,0.0041964723846690715,0.004030613096529861,0.043208316111896926,0.035028544683945444,0.043208316111896926,3.635800656122738,3.335405848179622,3.48560325215118,15.779228465296496,14.070842789496885,15.779228465296496,3.677684108427774,3.152757343054989,3.415220725741382,14.811844694326625,13.881683412230814,14.811844694326625,0.38647538083906513,0.41964723846690716,0.4030613096529861,4.320831611189693,3.502854468394544,4.320831611189693
4-9-18_Schnable_49-559-js53-82_2018-04-11_10-28-12_9996600,145919,10250,18910,10986,20290,0.04889118182017041,0.0504985947209266,0.04969488827054851,0.22751971666763116,0.18517642380606486,0.22751971666763116,0.047781595357490284,0.046727871286788514,0.0472547333221394,0.22481609628613136,0.18155337332743723,0.22481609628613136,0.005987349187412787,0.00647485545279106,0.006231102320101923,0.094793303524044,0.08179772822251416,0.094793303524044,4.889118182017041,5.04985947209266,4.9694888270548505,22.751971666763115,18.517642380606485,22.751971666763115,4.778159535749029,4.672787128678851,4.72547333221394,22.481609628613135,18.155337332743724,22.481609628613135,0.5987349187412787,0.647485545279106,0.6231102320101923,9.4793303524044,8.179772822251415,9.4793303524044
4-9-18_Schnable_49-560-js9-17_2018-04-11_10-30-26_9996700,262690,11278,20864,11694,21644,0.04096776834257724,0.04743980663140977,0.04420378748699351,0.28193529403033124,0.19087613344051177,0.28193529403033124,0.036844113739788506,0.037993451741487126,0.03741878274063781,0.24629823121055908,0.15551112619022653,0.24629823121055908,0.009285894906413879,0.011020909212534931,0.010153402059474405,0.17357054017606918,0.14947239383931457,0.17357054017606918,4.0967768342577235,4.743980663140977,4.420378748699351,28.193529403033125,19.087613344051178,28.193529403033125,3.6844113739788504,3.7993451741487125,3.7418782740637813,24.629823121055907,15.551112619022653,24.629823121055907,0.928589490641388,1.102090921253493,1.0153402059474406,17.357054017606917,14.947239383931457,17.357054017606917
4-9-18_Schnable_49-561-js71-101_2018-04-11_10-32-39_9996800,120749,8460,15582,8988,16572,0.025323681784422233,0.03625836253494653,0.030791022159684378,0.18648430763764126,0.1651026963128008,0.18648430763764126,0.025393871536505026,0.0343977397765791,0.029895805656542065,0.1859806966544388,0.17692400239581238,0.1859806966544388,0.004977727752784117,0.005578807015097364,0.00527826738394074,0.07875038441336646,0.07468432806381757,0.07875038441336646,2.532368178442223,3.625836253494653,3.0791022159684376,18.648430763764125,16.51026963128008,18.648430763764125,2.5393871536505026,3.4397739776579104,2.9895805656542063,18.59806966544388,17.69240023958124,18.59806966544388,0.4977727752784117,0.5578807015097365,0.527826738394074,7.875038441336645,7.468432806381757,7.875038441336645
4-9-18_Schnable_49-562-js206-322_2018-04-11_10-34-53_9996900,138157,7754,14260,8138,14980,0.03622894290725254,0.05378365729791891,0.045006300102585724,0.20356031857620366,0.22909866079729518,0.22909866079729518,0.03684350522786427,0.042962883731361555,0.03990319447961291,0.19734810551606038,0.18737057019779332,0.19734810551606038,0.008236947869277533,0.011133319067317935,0.009685133468297734,0.13486291130777275,0.1356090371454367,0.1356090371454367,3.6228942907252537,5.378365729791891,4.500630010258573,20.356031857620366,22.909866079729518,22.909866079729518,3.684350522786427,4.296288373136155,3.9903194479612907,19.73481055160604,18.737057019779332,19.73481055160604,0.8236947869277533,1.1133319067317935,0.9685133468297734,13.486291130777275,13.56090371454367,13.56090371454367
4-9-18_Schnable_49-563-js73-104_2018-04-11_10-37-07_9997000,93508,8702,16034,9198,16964,0.03389717121477324,0.0445710510708724,0.03923411114282282,0.18608219299392748,0.20632221935064485,0.20632221935064485,0.03275300314243935,0.03774527338975105,0.0352491382660952,0.1861348378854436,0.16527774594891176,0.1861348378854436,0.006683401693355236,0.007883008712357732,0.007283205202856484,0.10599268891932415,0.09009172375105876,0.10599268891932415,3.389717121477324,4.45710510708724,3.9234111142822816,18.608219299392747,20.632221935064486,20.632221935064486,3.275300314243935,3.774527338975105,3.52491382660952,18.61348378854436,16.527774594891177,18.61348378854436,0.6683401693355236,0.7883008712357732,0.7283205202856484,10.599268891932415,9.009172375105875,10.599268891932415
4-9-18_Schnable_49-564-js267-426_2018-04-11_10-39-20_9997100,72593,7774,14294,8286,15254,0.025206067914733454,0.038886417875518414,0.032046242895125934,0.16150687533707447,0.14959241910014653,0.16150687533707447,0.027458616739318504,0.03621209780817684,0.03183535727374767,0.16143589521352197,0.15292070320583706,0.16143589521352197,0.005314979512343004,0.00592053711499764,0.005617758313670322,0.06857978370823369,0.058957984668188336,0.06857978370823369,2.5206067914733454,3.8886417875518413,3.2046242895125934,16.150687533707448,14.959241910014654,16.150687533707448,2.7458616739318504,3.6212097808176837,3.183535727374767,16.143589521352197,15.292070320583706,16.143589521352197,0.5314979512343004,0.5920537114997639,0.5617758313670322,6.857978370823369,5.8957984668188335,6.857978370823369
4-9-18_Schnable_49-565-js186-289_2018-04-11_10-41-41_9997200,225076,10970,20290,11530,21340,0.044603596207214664,0.06871641721144597,0.056660006709330316,0.22316962972460708,0.18007738608805376,0.22316962972460708,0.0456299958513039,0.0630567406149578,0.05434336823313085,0.2077587287380814,0.18148356526559126,0.2077587287380814,0.006420385011325614,0.007782185957911035,0.007101285484618324,0.10102455745205327,0.09944352710319439,0.10102455745205327,4.460359620721467,6.871641721144598,5.666000670933031,22.316962972460708,18.007738608805376,22.316962972460708,4.56299958513039,6.305674061495781,5.434336823313085,20.77587287380814,18.148356526559127,20.77587287380814,0.6420385011325613,0.7782185957911035,0.7101285484618325,10.102455745205328,9.94435271031944,10.102455745205328
4-9-18_Schnable_49-566-js155-1-224_2018-04-11_10-43-54_9997300,44594,7744,14236,8304,15286,0.033000540141608393,0.03888533668649299,0.03594293841405069,0.1710580341815181,0.14919885049363366,0.1710580341815181,0.03212979184291472,0.035914656738245676,0.0340222242905802,0.17157927826818928,0.1439913416382637,0.17157927826818928,0.004707697723532614,0.005367766113016517,0.005037731918274566,0.0659468826220056,0.056681970868601675,0.0659468826220056,3.3000540141608394,3.888533668649299,3.594293841405069,17.10580341815181,14.919885049363366,17.10580341815181,3.212979184291472,3.5914656738245676,3.4022224290580203,17.157927826818927,14.39913416382637,17.157927826818927,0.47076977235326145,0.5367766113016517,0.5037731918274566,6.59468826220056,5.668197086860167,6.59468826220056
4-9-18_Schnable_49-567-js42-69_2018-04-11_10-46-08_9997400,83251,7456,13726,7888,14536,0.03459014826503819,0.04575696932188224,0.04017355879346021,0.168248364998452,0.17158953031460333,0.17158953031460333,0.032671611195592684,0.037698316940561014,0.03518496406807685,0.15454277791556176,0.14119516378254246,0.15454277791556176,0.006317722151056932,0.007783682238780749,0.0070507021949188405,0.09979992740604664,0.08639981371570118,0.09979992740604664,3.4590148265038185,4.575696932188224,4.017355879346021,16.8248364998452,17.158953031460335,17.158953031460335,3.2671611195592685,3.7698316940561014,3.5184964068076847,15.454277791556176,14.119516378254247,15.454277791556176,0.6317722151056933,0.7783682238780749,0.7050702194918841,9.979992740604663,8.63998137157012,9.979992740604663
4-9-18_Schnable_49-568-js57-86_2018-04-11_10-48-27_9997500,126307,8742,16056,9190,16896,0.036501445571330046,0.05511859673646486,0.04581002115389746,0.249561795995327,0.2557467687491866,0.2557467687491866,0.03666994268861527,0.049118527830149174,0.04289423525938223,0.24978016898368094,0.23539045916371493,0.24978016898368094,0.006363501434659955,0.00819492111163671,0.007279211273148333,0.1056844946232538,0.12771578706819708,0.12771578706819708,3.6501445571330047,5.511859673646486,4.5810021153897456,24.9561795995327,25.574676874918662,25.574676874918662,3.666994268861527,4.9118527830149175,4.289423525938223,24.978016898368093,23.539045916371492,24.978016898368093,0.6363501434659955,0.8194921111636709,0.7279211273148333,10.568449462325379,12.771578706819708,12.771578706819708
4-9-18_Schnable_49-569-js195-304_2018-04-11_10-50-37_9997600,81359,9022,16604,9566,17624,0.03582896252870694,0.04505529991413615,0.04044213122142154,0.17471403663510607,0.14264435463267236,0.17471403663510607,0.03645652812043278,0.04418935346013867,0.04032294079028573,0.166952993308828,0.14348349473912367,0.166952993308828,0.004752506507647094,0.0053915608487488205,0.005072033678197957,0.05424251571676592,0.043626268957187964,0.05424251571676592,3.582896252870694,4.505529991413615,4.044213122142154,17.471403663510607,14.264435463267237,17.471403663510607,3.6456528120432776,4.418935346013867,4.032294079028572,16.6952993308828,14.348349473912366,16.6952993308828,0.47525065076470935,0.5391560848748821,0.5072033678197957,5.424251571676592,4.362626895718797,5.424251571676592
4-9-18_Schnable_49-570-js223-353_2018-04-11_10-52-54_9997700,232466,11988,22174,12692,23494,0.0361864775603909,0.0839856959805487,0.060086086770469796,0.31012213817785367,0.3212353509578686,0.3212353509578686,0.0366823916928837,0.07906334429492531,0.05787286799390451,0.2516774132022657,0.2437895174433651,0.2516774132022657,0.01042147600228476,0.01160808357436367,0.011014779788324214,0.2479660860525011,0.13862167597011613,0.2479660860525011,3.61864775603909,8.39856959805487,6.00860867704698,31.012213817785366,32.123535095786856,32.123535095786856,3.66823916928837,7.9063344294925315,5.787286799390451,25.167741320226572,24.37895174433651,25.167741320226572,1.042147600228476,1.160808357436367,1.1014779788324214,24.79660860525011,13.862167597011613,24.79660860525011
4-9-18_Schnable_49-571-js265-424_2018-04-11_10-55-07_9997800,122586,6016,11026,6384,11716,0.0377023074623527,0.03927963413646115,0.03849097079940693,0.17305702593802622,0.14905231327104537,0.17305702593802622,0.03826730255152036,0.03688633658946929,0.03757681957049483,0.16342772253088725,0.14545540720666328,0.16342772253088725,0.0037050912833076766,0.004372477582445415,0.0040387844328765455,0.07512018236659969,0.061312056776703205,0.07512018236659969,3.77023074623527,3.927963413646115,3.8490970799406927,17.30570259380262,14.905231327104538,17.30570259380262,3.826730255152036,3.6886336589469293,3.757681957049483,16.342772253088725,14.545540720666327,16.342772253088725,0.37050912833076766,0.43724775824454154,0.40387844328765454,7.512018236659969,6.13120567767032,7.512018236659969
4-9-18_Schnable_49-572-js132-191_2018-04-11_10-57-24_9997900,249025,10462,19334,10910,20174,0.028313380056148744,0.0405806828137059,0.03444703143492732,0.17331374782391148,0.1538657659101888,0.17331374782391148,0.026065747603413538,0.03314287777589805,0.02960431268965579,0.16526920197355324,0.13272946016675266,0.16526920197355324,0.010084969169426996,0.012881018396636025,0.011482993783031512,0.1468666389306229,0.13327829424085397,0.1468666389306229,2.8313380056148745,4.05806828137059,3.444703143492732,17.331374782391148,15.38657659101888,17.331374782391148,2.6065747603413536,3.3142877775898048,2.960431268965579,16.526920197355324,13.272946016675267,16.526920197355324,1.0084969169426996,1.2881018396636026,1.1482993783031512,14.68666389306229,13.327829424085397,14.68666389306229
4-9-18_Schnable_49-573-js225-357_2018-04-11_10-59-38_9998000,176735,10124,18642,10780,19872,0.035543769898247674,0.042193055811346185,0.03886841285479693,0.21748758887123845,0.17406659937333172,0.21748758887123845,0.037172511944798675,0.04201759045807282,0.03959505120143575,0.2148263562898323,0.1769906932452416,0.2148263562898323,0.005228991851376801,0.005761819766729416,0.0054954058090531084,0.06302015786712523,0.051053010862321266,0.06302015786712523,3.5543769898247675,4.219305581134618,3.886841285479693,21.748758887123845,17.40665993733317,21.748758887123845,3.7172511944798674,4.201759045807282,3.959505120143575,21.48263562898323,17.69906932452416,21.48263562898323,0.5228991851376801,0.5761819766729416,0.5495405809053109,6.302015786712523,5.105301086232126,6.302015786712523
4-9-18_Schnable_49-575-js144-210_2018-04-11_11-04-05_9998200,145891,8700,15972,9052,16632,0.040008611781798535,0.038870738502964,0.03943967514238127,0.1843606113035213,0.19068665479476518,0.19068665479476518,0.041111188177034,0.03489412989216926,0.03800265903460163,0.18425537897145997,0.16684417591493725,0.18425537897145997,0.0048491080820737805,0.005767763399066691,0.005308435740570236,0.07517879692524308,0.06284862253792534,0.07517879692524308,4.0008611781798535,3.8870738502964,3.9439675142381265,18.43606113035213,19.06866547947652,19.06866547947652,4.1111188177033995,3.489412989216926,3.8002659034601627,18.425537897145997,16.684417591493723,18.425537897145997,0.48491080820737803,0.5767763399066691,0.5308435740570235,7.517879692524308,6.284862253792534,7.517879692524308
4-9-18_Schnable_49-576-js227-359_2018-04-11_11-06-19_9998300,35824,3870,7034,4110,7484,0.03829075234197246,0.04081801505680777,0.039554383699390114,0.15973743861237796,0.18688039234681775,0.18688039234681775,0.0386523438142551,0.036728639270820373,0.03769049154253774,0.16011262472015256,0.15245144181612882,0.16011262472015256,0.0038875155776106787,0.004491220020489353,0.004189367799050016,0.09984557558451906,0.08029942988244616,0.09984557558451906,3.829075234197246,4.081801505680778,3.9554383699390114,15.973743861237796,18.688039234681774,18.688039234681774,3.86523438142551,3.6728639270820373,3.7690491542537736,16.011262472015257,15.245144181612883,16.011262472015257,0.38875155776106785,0.4491220020489353,0.41893677990500156,9.984557558451906,8.029942988244617,9.984557558451906
4-9-18_Schnable_49-577-js268-427_2018-04-11_11-08-35_9998400,252367,11254,20764,12022,22204,0.13676787609377353,0.1299716178500914,0.13336974697193246,0.495780346885695,0.47561850230975083,0.495780346885695,0.13742410612935352,0.12636744709142592,0.1318957766103897,0.49881753245088306,0.4828839816846111,0.49881753245088306,0.0068419688716546,0.007097206583250055,0.006969587727452328,0.08084650014027908,0.06839055444605226,0.08084650014027908,13.676787609377353,12.99716178500914,13.336974697193247,49.5780346885695,47.56185023097508,49.5780346885695,13.742410612935352,12.636744709142592,13.189577661038971,49.881753245088305,48.288398168461114,49.881753245088305,0.68419688716546,0.7097206583250055,0.6969587727452328,8.084650014027908,6.839055444605226,8.084650014027908
4-9-18_Schnable_49-578-js40-66_2018-04-11_11-10-48_9998500,52701,5046,9202,5382,9832,0.03155892034263431,0.024898857344377315,0.02822888884350581,0.14851670314951798,0.08989810014952386,0.14851670314951798,0.03194826640143974,0.023832279125025113,0.027890272763232426,0.14285901554811398,0.09390435037474837,0.14285901554811398,0.003815464802090066,0.004222144000234927,0.004018804401162496,0.038674683921612725,0.03210467869953635,0.038674683921612725,3.155892034263431,2.4898857344377316,2.822888884350581,14.851670314951798,8.989810014952386,14.851670314951798,3.1948266401439738,2.3832279125025115,2.7890272763232424,14.285901554811398,9.390435037474838,14.285901554811398,0.3815464802090066,0.42221440002349275,0.4018804401162496,3.8674683921612725,3.210467869953635,3.8674683921612725
4-9-18_Schnable_49-579-js211-331_2018-04-11_11-13-02_9998600,306443,11946,22090,12522,23170,0.04753437149866707,0.061478427683263705,0.054506399590965385,0.24683041201367614,0.19078721814144012,0.24683041201367614,0.042969613612013534,0.0503643173735123,0.04666696549276292,0.20213002552267642,0.16413312978250685,0.20213002552267642,0.010150411689048641,0.012413495277304376,0.011281953483176508,0.13027823688142373,0.14160880622780456,0.14160880622780456,4.753437149866707,6.14784276832637,5.450639959096539,24.683041201367615,19.07872181414401,24.683041201367615,4.296961361201354,5.03643173735123,4.666696549276292,20.213002552267643,16.413312978250687,20.213002552267643,1.0150411689048642,1.2413495277304376,1.1281953483176508,13.027823688142373,14.160880622780455,14.160880622780455
4-9-18_Schnable_49-580-js56-85_2018-04-11_11-15-16_9998700,56912,5324,9762,5724,10512,0.03701162721089094,0.04307337392513,0.04004250056801047,0.1792567018162035,0.1574360176907762,0.1792567018162035,0.03670203383821382,0.04146241157664826,0.039082222707431044,0.17965413179863626,0.16568784532882924,0.17965413179863626,0.003920434277222523,0.004170747699415887,0.004045590988319205,0.026351966351582472,0.026216133779542048,0.026351966351582472,3.7011627210890943,4.307337392513,4.004250056801046,17.92567018162035,15.74360176907762,17.92567018162035,3.670203383821382,4.146241157664826,3.9082222707431042,17.965413179863628,16.568784532882923,17.965413179863628,0.3920434277222523,0.4170747699415887,0.4045590988319205,2.6351966351582474,2.621613377954205,2.6351966351582474
4-9-18_Schnable_49-581-js86-123_2018-04-11_11-17-30_9998800,237631,11142,20616,11814,21876,0.046364140485067595,0.057104727621057734,0.05173443405306266,0.3124421250501915,0.24630312779707453,0.3124421250501915,0.04146406471078554,0.04881430019641383,0.045139182453599686,0.23445145175542906,0.21923568655191938,0.23445145175542906,0.012056421683860834,0.013129081095126827,0.01259275138949383,0.2552184704853361,0.14738985372710509,0.2552184704853361,4.63641404850676,5.710472762105773,5.173443405306266,31.24421250501915,24.630312779707452,31.24421250501915,4.146406471078555,4.881430019641383,4.513918245359968,23.445145175542905,21.92356865519194,23.445145175542905,1.2056421683860834,1.3129081095126827,1.259275138949383,25.52184704853361,14.73898537271051,25.52184704853361
4-9-18_Schnable_49-582-js127-186_2018-04-11_11-19-45_9998900,52468,4342,7912,4646,8482,0.012222577095726531,0.009973313546402053,0.011097945321064291,0.10135400703456016,0.0771567640755586,0.10135400703456016,0.012420607187481603,0.010562128859733065,0.011491368023607333,0.10149620563459383,0.08658230077543107,0.10149620563459383,0.003753252193320495,0.003566494430987298,0.0036598733121538966,0.0543272237983895,0.04163125206108902,0.0543272237983895,1.222257709572653,0.9973313546402053,1.109794532106429,10.135400703456016,7.71567640755586,10.135400703456016,1.2420607187481603,1.0562128859733064,1.1491368023607333,10.149620563459383,8.658230077543108,10.149620563459383,0.3753252193320495,0.3566494430987298,0.3659873312153897,5.43272237983895,4.163125206108902,5.43272237983895
4-9-18_Schnable_49-583-js55-84_2018-04-11_11-21-58_9999000,129269,9198,16994,9790,18104,0.03739675890235806,0.04958428929871577,0.043490524100536915,0.19867940427594238,0.1599727954764236,0.19867940427594238,0.03790466029451398,0.04584024724056711,0.04187245376754055,0.1766446908864101,0.1521338457507603,0.1766446908864101,0.006648254681977987,0.0076355075133266,0.0071418810976522935,0.08455122027193479,0.07041377581025923,0.08455122027193479,3.739675890235806,4.958428929871577,4.349052410053692,19.867940427594238,15.997279547642359,19.867940427594238,3.790466029451398,4.584024724056711,4.1872453767540545,17.66446908864101,15.21338457507603,17.66446908864101,0.6648254681977988,0.7635507513326599,0.7141881097652294,8.455122027193479,7.041377581025923,8.455122027193479
4-9-18_Schnable_49-584-js176-257_2018-04-11_11-24-26_9999100,64245,6032,11026,6432,11776,0.02718508810471903,0.02485245704247311,0.02601877257359607,0.17625189668136448,0.1345133373871771,0.17625189668136448,0.027724273956530546,0.02318729020181969,0.025455782079175118,0.17634960661285268,0.1427921361725236,0.17634960661285268,0.0034952363668113748,0.004182490749563667,0.003838863558187521,0.0485025163891917,0.04398265043805024,0.0485025163891917,2.7185088104719033,2.485245704247311,2.601877257359607,17.62518966813645,13.451333738717711,17.62518966813645,2.7724273956530547,2.318729020181969,2.5455782079175115,17.634960661285266,14.27921361725236,17.634960661285266,0.34952363668113745,0.4182490749563667,0.3838863558187521,4.85025163891917,4.398265043805024,4.85025163891917
4-9-18_Schnable_49-585-js249-400_2018-04-11_11-26-39_9999200,124782,8046,14774,8590,15794,0.021112456374285094,0.0350294530821315,0.028070954728208294,0.16350304086790005,0.16497026583203628,0.16497026583203628,0.022370827363682892,0.03223785185041547,0.027304339607049182,0.16300836102965957,0.15276600083453773,0.16300836102965957,0.00511709029079779,0.005630808102437544,0.005373949196617667,0.06633984073069009,0.05359052931249028,0.06633984073069009,2.1112456374285093,3.5029453082131496,2.8070954728208295,16.350304086790004,16.497026583203628,16.497026583203628,2.237082736368289,3.2237851850415473,2.7304339607049184,16.300836102965956,15.276600083453772,16.300836102965956,0.511709029079779,0.5630808102437543,0.5373949196617667,6.6339840730690085,5.359052931249028,6.6339840730690085
4-9-18_Schnable_49-586-js252-405_2018-04-11_11-28-52_9999300,300550,11832,21878,12488,23108,0.04004610990448386,0.06738577731435333,0.053715943609418594,0.2638006464934331,0.27369430264795735,0.27369430264795735,0.03778351028912517,0.054098403453595525,0.04594095687136035,0.22134048130809234,0.20821318452665116,0.22134048130809234,0.01126269059440574,0.013324117178254076,0.012293403886329908,0.15485186717942007,0.13879761099013266,0.15485186717942007,4.004610990448386,6.738577731435333,5.3715943609418595,26.38006464934331,27.369430264795735,27.369430264795735,3.7783510289125166,5.4098403453595525,4.594095687136035,22.134048130809234,20.821318452665118,22.134048130809234,1.126269059440574,1.3324117178254076,1.2293403886329908,15.485186717942007,13.879761099013265,15.485186717942007
4-9-18_Schnable_49-588-js168-240_2018-04-11_11-33-20_9999500,304653,14602,26950,15450,28540,0.053796559506175415,0.06448465118323234,0.059140605344703875,0.21883526445503199,0.1851947575512971,0.21883526445503199,0.05262850801726951,0.05855746321887897,0.05559298561807424,0.2022598938082051,0.186959390502851,0.2022598938082051,0.008276349698696004,0.009606244714994848,0.008941297206845427,0.12721657640980483,0.10641109246522105,0.12721657640980483,5.379655950617542,6.4484651183232335,5.914060534470387,21.8835264455032,18.51947575512971,21.8835264455032,5.262850801726951,5.855746321887897,5.559298561807424,20.22598938082051,18.695939050285098,20.22598938082051,0.8276349698696004,0.9606244714994848,0.8941297206845427,12.721657640980483,10.641109246522106,12.721657640980483
4-9-18_Schnable_49-589-js49-3-78_2018-04-11_11-35-34_9999600,217568,10508,19392,11196,20682,0.03618898345083142,0.04727465458007092,0.04173181901545117,0.20153611589033354,0.14943251740900812,0.20153611589033354,0.036312691195289876,0.04329337581379948,0.03980303350454468,0.18925035132361293,0.16299596986704773,0.18925035132361293,0.005925677353761656,0.006831528014800747,0.006378602684281202,0.039694703405746816,0.040559822122994235,0.040559822122994235,3.6188983450831422,4.727465458007092,4.173181901545117,20.153611589033353,14.943251740900813,20.153611589033353,3.6312691195289877,4.329337581379948,3.980303350454468,18.92503513236129,16.299596986704774,18.92503513236129,0.5925677353761656,0.6831528014800747,0.6378602684281202,3.9694703405746816,4.055982212299424,4.055982212299424
4-9-18_Schnable_49-590-js225-357_2018-04-11_11-37-47_9999700,157807,10156,18732,10572,19512,0.03519293793565988,0.055216776769270476,0.04520485735246518,0.22035920397644215,0.20415765389875623,0.22035920397644215,0.03535311872475353,0.04716480908296167,0.041258963903857596,0.2179731951853904,0.16994162470046897,0.2179731951853904,0.007000633854977778,0.009045474404348587,0.008023054129663183,0.10095150881010254,0.09520189332571798,0.10095150881010254,3.5192937935659883,5.521677676927047,4.520485735246519,22.035920397644215,20.415765389875624,22.035920397644215,3.535311872475353,4.716480908296167,4.125896390385759,21.79731951853904,16.9941624700469,21.79731951853904,0.7000633854977778,0.9045474404348587,0.8023054129663183,10.095150881010253,9.520189332571798,10.095150881010253
4-9-18_Schnable_49-591-js43-70_2018-04-11_11-40-03_9999800,13659,1976,3564,2104,3804,0.0813634271373413,0.025360704077350714,0.05336206560734601,0.34547619265010204,0.06538486768963292,0.34547619265010204,0.08153349988076558,0.023601036172028127,0.05256726802639686,0.3452055626133215,0.06298153061726684,0.3452055626133215,0.0025863059184677867,0.00291346853778981,0.0027498872281287983,0.03508451943724662,0.031465626328928374,0.03508451943724662,8.136342713734129,2.5360704077350715,5.336206560734601,34.547619265010205,6.538486768963292,34.547619265010205,8.153349988076558,2.3601036172028125,5.256726802639686,34.52055626133215,6.298153061726684,34.52055626133215,0.25863059184677867,0.291346853778981,0.27498872281287984,3.5084519437246624,3.1465626328928376,3.5084519437246624
4-9-18_Schnable_49-592-js131-2-190_2018-04-11_11-42-18_9999900,130040,7552,13906,8064,14866,0.040322627709556316,0.03716378962852396,0.03874320866904014,0.16085457221482857,0.19233695500459075,0.19233695500459075,0.04208002861228387,0.03304630982834049,0.03756316922031218,0.15731592199327415,0.1512483379404939,0.15731592199327415,0.0071741611079483335,0.007959507773353837,0.007566834440651085,0.12293777574421741,0.11009239965999562,0.12293777574421741,4.032262770955632,3.7163789628523958,3.874320866904014,16.08545722148286,19.233695500459074,19.233695500459074,4.208002861228387,3.3046309828340488,3.756316922031218,15.731592199327416,15.124833794049389,15.731592199327416,0.7174161107948334,0.7959507773353837,0.7566834440651085,12.29377757442174,11.009239965999562,12.29377757442174
4-9-18_Schnable_49-593-js93-3-130_2018-04-11_11-44-31_10000000,294020,9102,16694,9502,17444,0.0329075508690831,0.047470144319556734,0.04018884759431991,0.21285010952920058,0.289308408461466,0.289308408461466,0.03261009462796885,0.039884398981059895,0.03624724680451437,0.19391078402228729,0.176096397465377,0.19391078402228729,0.011267898858391084,0.012403608231206703,0.011835753544798894,0.1533359695659423,0.157099055612081,0.157099055612081,3.2907550869083098,4.747014431955673,4.018884759431991,21.285010952920057,28.930840846146598,28.930840846146598,3.261009462796885,3.9884398981059896,3.624724680451437,19.39107840222873,17.6096397465377,19.39107840222873,1.1267898858391083,1.2403608231206702,1.1835753544798895,15.333596956594231,15.709905561208101,15.709905561208101
4-9-18_Schnable_49-594-js60-89_2018-04-11_11-46-45_10000100,174103,9546,17590,10186,18790,0.052658810273077956,0.059344946441054466,0.056001878357066215,0.2450301316465331,0.20979733532995887,0.2450301316465331,0.050013189092537484,0.05517206504652337,0.052592627069530426,0.23659514913067603,0.1959655293371142,0.23659514913067603,0.007049302537776167,0.007753884205337004,0.0074015933715565856,0.11021183163303909,0.0945685741619286,0.11021183163303909,5.265881027307795,5.934494644105446,5.600187835706621,24.50301316465331,20.979733532995887,24.50301316465331,5.001318909253748,5.517206504652337,5.259262706953042,23.659514913067603,19.59655293371142,23.659514913067603,0.7049302537776166,0.7753884205337004,0.7401593371556585,11.02118316330391,9.45685741619286,11.02118316330391
4-9-18_Schnable_49-595-js142-208_2018-04-11_11-48-59_10000200,40970,4848,8806,5232,9496,0.024183191481441726,0.03746055891975669,0.03082187520059921,0.1565400661744382,0.15436752001414708,0.1565400661744382,0.022195213365207113,0.03184224897932154,0.027018731172264325,0.1378599320872739,0.12536351508771068,0.1378599320872739,0.005653659454975896,0.0066308509001229,0.006142255177549398,0.099839102798951,0.08206349906809687,0.099839102798951,2.418319148144173,3.7460558919756695,3.082187520059921,15.65400661744382,15.436752001414709,15.65400661744382,2.219521336520711,3.184224897932154,2.7018731172264325,13.78599320872739,12.536351508771068,13.78599320872739,0.5653659454975896,0.66308509001229,0.6142255177549398,9.9839102798951,8.206349906809688,9.9839102798951
4-9-18_Schnable_49-596-js36-62_2018-04-11_11-51-12_10000300,39609,4608,8416,4928,9016,0.037907874157073876,0.04296166889498094,0.04043477152602741,0.14982060101684447,0.15103544339299294,0.15103544339299294,0.03826011347330184,0.03853184215063975,0.038395977811970794,0.1500336207029188,0.13915052510637227,0.1500336207029188,0.0036743272641469545,0.004577766342292661,0.004126046803219808,0.07442871018895429,0.06478756823831773,0.07442871018895429,3.7907874157073875,4.296166889498094,4.043477152602741,14.982060101684446,15.103544339299294,15.103544339299294,3.826011347330184,3.853184215063975,3.8395977811970794,15.003362070291882,13.915052510637228,15.003362070291882,0.36743272641469543,0.45777663422926607,0.4126046803219808,7.4428710188954295,6.478756823831773,7.4428710188954295
4-9-18_Schnable_49-597-js10-1-19_2018-04-11_11-53-27_10000400,256525,10590,19484,11230,20684,0.03597639412151391,0.0429500144117535,0.0394632042666337,0.17977119735363986,0.17542671765846735,0.17977119735363986,0.03818557337270681,0.04128115341887797,0.03973336339579239,0.17718228130103522,0.1637061019295268,0.17718228130103522,0.007003846477641895,0.008189059907281204,0.00759645319246155,0.10280182513658785,0.08904333534799723,0.10280182513658785,3.5976394121513913,4.29500144117535,3.9463204266633705,17.977119735363985,17.542671765846734,17.977119735363985,3.818557337270681,4.1281153418877965,3.973336339579239,17.718228130103522,16.370610192952682,17.718228130103522,0.7003846477641895,0.8189059907281203,0.759645319246155,10.280182513658785,8.904333534799722,10.280182513658785
4-9-18_Schnable_49-598-js123-181_2018-04-11_11-55-42_10000500,144015,6942,12734,7358,13514,0.039728124924759065,0.035404431170457315,0.03756627804760819,0.24945123412364714,0.15105021033599003,0.24945123412364714,0.0383033007298539,0.03130901674576109,0.03480615873780749,0.24023428896969526,0.14540148315306028,0.24023428896969526,0.004864630248494371,0.005711175846415284,0.0052879030474548274,0.07818915827094709,0.06786031941724195,0.07818915827094709,3.9728124924759065,3.5404431170457316,3.756627804760819,24.945123412364715,15.105021033599003,24.945123412364715,3.8303300729853897,3.1309016745761085,3.4806158737807493,24.023428896969527,14.540148315306029,24.023428896969527,0.4864630248494371,0.5711175846415284,0.5287903047454827,7.81891582709471,6.786031941724195,7.81891582709471
4-9-18_Schnable_49-599-js177-258_2018-04-11_11-57-57_10000600,23324,3958,7222,4150,7582,0.027524256262957923,0.02958832429241122,0.02855629027768457,0.14110936509590158,0.09434294912410415,0.14110936509590158,0.028089551456931865,0.02597206545716678,0.027030808457049322,0.13113331571315157,0.07782515973148166,0.13113331571315157,0.0038043686068667208,0.004557106245407792,0.004180737426137256,0.06026820961064324,0.06433344486412354,0.06433344486412354,2.7524256262957922,2.958832429241122,2.8556290277684573,14.110936509590157,9.434294912410415,14.110936509590157,2.8089551456931865,2.597206545716678,2.7030808457049322,13.113331571315157,7.782515973148166,13.113331571315157,0.3804368606866721,0.4557106245407792,0.4180737426137256,6.026820961064324,6.433344486412354,6.433344486412354
4-9-18_Schnable_49-600-js233-371_2018-04-11_12-00-11_10000700,238807,10910,20084,11614,21404,0.051213020485457394,0.05188437268384827,0.05154869658465283,0.19213147741789946,0.17795967933676232,0.19213147741789946,0.053495885126772974,0.04734683362776832,0.050421359377270644,0.18302144509698198,0.16783414745568387,0.18302144509698198,0.007703476409697052,0.00874859858174474,0.008226037495720897,0.11575244558190069,0.09743186985523085,0.11575244558190069,5.12130204854574,5.188437268384827,5.154869658465283,19.213147741789946,17.79596793367623,19.213147741789946,5.349588512677298,4.734683362776832,5.042135937727064,18.3021445096982,16.783414745568386,18.3021445096982,0.7703476409697052,0.8748598581744741,0.8226037495720897,11.57524455819007,9.743186985523085,11.57524455819007
4-9-18_Schnable_49-601-js138-200_2018-04-11_12-02-25_10000800,60187,3874,7038,4082,7428,0.03233706342245861,0.031031466177995123,0.03168426480022687,0.14011569719256037,0.12493734266812882,0.14011569719256037,0.032641734870396594,0.02800216135699332,0.030321948113694958,0.1400881291097449,0.1238395145643244,0.1400881291097449,0.002974067651948493,0.003354662047402844,0.0031643648496756686,0.04117307311855074,0.03739504037330421,0.04117307311855074,3.2337063422458607,3.103146617799512,3.1684264800226867,14.011569719256038,12.493734266812883,14.011569719256038,3.2641734870396593,2.800216135699332,3.0321948113694956,14.008812910974491,12.38395145643244,14.008812910974491,0.2974067651948493,0.3354662047402844,0.3164364849675669,4.1173073118550745,3.739504037330421,4.1173073118550745
4-9-18_Schnable_49-603-js147-1-214_2018-04-11_12-06-53_10001000,240715,10446,19274,11038,20384,0.031818047793536516,0.03901623136599942,0.03541713957976797,0.23094742624485665,0.16719047006718687,0.23094742624485665,0.031232946405059005,0.038833203673992255,0.03503307503952563,0.20635847179311176,0.16047183597867629,0.20635847179311176,0.007487787926645038,0.008191586720673188,0.007839687323659113,0.11269278459895261,0.11008069679837207,0.11269278459895261,3.1818047793536515,3.901623136599942,3.541713957976797,23.094742624485665,16.719047006718686,23.094742624485665,3.1232946405059003,3.8833203673992256,3.5033075039525627,20.635847179311178,16.04718359786763,20.635847179311178,0.7487787926645038,0.8191586720673188,0.7839687323659114,11.269278459895261,11.008069679837206,11.269278459895261
4-9-18_Schnable_49-604-js153-2-222_2018-04-11_12-09-06_10001100,19438,2616,4794,2776,5094,0.030171374714889457,0.025547693616150797,0.027859534165520127,0.09502055242896303,0.05717436038003126,0.09502055242896303,0.03169648245862149,0.025680535694738008,0.02868850907667975,0.07638239923250233,0.05499738283072571,0.07638239923250233,0.0038384295087583267,0.004377853942309384,0.004108141725533855,0.04917846295688792,0.04388888330890737,0.04917846295688792,3.0171374714889456,2.5547693616150795,2.7859534165520126,9.502055242896303,5.717436038003125,9.502055242896303,3.1696482458621493,2.568053569473801,2.868850907667975,7.638239923250232,5.4997382830725705,7.638239923250232,0.38384295087583264,0.43778539423093843,0.41081417255338554,4.9178462956887925,4.388888330890737,4.9178462956887925
4-9-18_Schnable_49-605-js18-31_2018-04-11_12-11-20_10001200,299040,13366,24726,14134,26166,0.04599904774271122,0.06016968812566415,0.053084367934187686,0.27059967821558933,0.22949663696321335,0.27059967821558933,0.044368968871309145,0.05405113045080194,0.04921004966105554,0.2457674419971373,0.22570219868609928,0.2457674419971373,0.008395747252610221,0.00974395059726083,0.009069848924935526,0.13660979003380352,0.12569620064773102,0.13660979003380352,4.599904774271122,6.016968812566415,5.308436793418768,27.059967821558935,22.949663696321334,27.059967821558935,4.4368968871309145,5.405113045080194,4.921004966105555,24.57674419971373,22.57021986860993,24.57674419971373,0.8395747252610222,0.9743950597260831,0.9069848924935526,13.660979003380353,12.569620064773101,13.660979003380353
4-9-18_Schnable_49-606-js198-307_2018-04-11_12-13-34_10001300,193746,10102,18636,10694,19746,0.038705543354061935,0.07441136812164159,0.05655845573785176,0.24691223861377876,0.21360671596955152,0.24691223861377876,0.037043783309549425,0.07011798947676227,0.05358088639315585,0.23051094302918496,0.2053830832781377,0.23051094302918496,0.00850692836847362,0.010497930710315352,0.009502429539394487,0.1298989305087772,0.10523851633619738,0.1298989305087772,3.8705543354061933,7.441136812164159,5.655845573785176,24.691223861377875,21.360671596955154,24.691223861377875,3.7043783309549423,7.011798947676227,5.358088639315585,23.051094302918496,20.53830832781377,23.051094302918496,0.850692836847362,1.0497930710315353,0.9502429539394487,12.989893050877722,10.523851633619739,12.989893050877722
4-9-18_Schnable_49-607-js149-216_2018-04-11_12-15-48_10001400,221755,9580,17682,10220,18882,0.03412795781348811,0.03713827395360276,0.03563311588354544,0.236343041908005,0.169509467533622,0.236343041908005,0.03384306601158779,0.03356809604638141,0.033705581028984605,0.2375890776385253,0.17737427896947444,0.2375890776385253,0.005380811761773299,0.0059140828482581054,0.005647447305015702,0.06250183812030086,0.05112265160260202,0.06250183812030086,3.412795781348811,3.713827395360276,3.563311588354544,23.6343041908005,16.9509467533622,23.6343041908005,3.3843066011587792,3.356809604638141,3.3705581028984604,23.75890776385253,17.737427896947445,23.75890776385253,0.5380811761773299,0.5914082848258105,0.5647447305015701,6.250183812030086,5.112265160260202,6.250183812030086
4-9-18_Schnable_49-608-js251-404_2018-04-11_12-18-07_10001500,108489,10318,19034,10958,20234,0.032533629536622866,0.04010857129709685,0.03632110041685986,0.22877157342418095,0.1797770424520755,0.22877157342418095,0.03218364181589599,0.03601102772467907,0.03409733477028753,0.2278924492763117,0.15112445061745905,0.2278924492763117,0.006118043765914305,0.0068607289721402285,0.006489386369027267,0.09965566245544873,0.07904638315895357,0.09965566245544873,3.2533629536622866,4.010857129709685,3.632110041685986,22.877157342418094,17.977704245207548,22.877157342418094,3.2183641815895987,3.6011027724679066,3.4097334770287526,22.78924492763117,15.112445061745905,22.78924492763117,0.6118043765914305,0.6860728972140229,0.6489386369027267,9.965566245544872,7.904638315895357,9.965566245544872
4-9-18_Schnable_49-610-js104-2-150_2018-04-11_12-22-31_10001700,92518,9496,17558,10088,18668,0.042750905029314674,0.05720174805187454,0.04997632654059461,0.2460397877475379,0.24084591364268165,0.2460397877475379,0.04287957690088848,0.051270254505755744,0.04707491570332211,0.2484748193613018,0.2010526334099609,0.2484748193613018,0.00769993744928243,0.00812666007924288,0.007913298764262656,0.11543867854232287,0.09817435008729548,0.11543867854232287,4.275090502931468,5.720174805187455,4.997632654059461,24.60397877475379,24.084591364268164,24.60397877475379,4.287957690088848,5.127025450575575,4.707491570332211,24.84748193613018,20.10526334099609,24.84748193613018,0.769993744928243,0.812666007924288,0.7913298764262656,11.543867854232287,9.817435008729548,11.543867854232287
4-9-18_Schnable_49-611-js176-257_2018-04-11_12-24-45_10001800,101498,7426,13668,7890,14538,0.02189059715597224,0.03110758502290415,0.026499091089438195,0.1361833302355638,0.14073028764777198,0.14073028764777198,0.02159821731035901,0.02782565409618183,0.02471193570327042,0.13459247927028878,0.12494953542233164,0.13459247927028878,0.004932369874596165,0.005455063569678528,0.005193716722137347,0.07814608724915342,0.06491170804142597,0.07814608724915342,2.189059715597224,3.110758502290415,2.6499091089438194,13.618333023556382,14.073028764777199,14.073028764777199,2.1598217310359007,2.7825654096181833,2.471193570327042,13.459247927028878,12.494953542233164,13.459247927028878,0.4932369874596165,0.5455063569678528,0.5193716722137347,7.814608724915343,6.491170804142597,7.814608724915343
4-9-18_Schnable_49-612-js14-1-24_2018-04-11_12-26-58_10001900,265624,12118,22446,12950,24006,0.03899733352215922,0.04437132366665788,0.04168432859440855,0.2473260855186415,0.23330934089746128,0.2473260855186415,0.0392162828248535,0.04088733717721383,0.040051810001033666,0.2408140946458691,0.22856615453405388,0.2408140946458691,0.007014939196923882,0.007528278483683788,0.007271608840303835,0.1099662888584342,0.09831751203184384,0.1099662888584342,3.899733352215922,4.437132366665788,4.168432859440855,24.73260855186415,23.330934089746126,24.73260855186415,3.9216282824853503,4.088733717721383,4.0051810001033665,24.08140946458691,22.85661545340539,24.08140946458691,0.7014939196923882,0.7528278483683788,0.7271608840303835,10.99662888584342,9.831751203184384,10.99662888584342
4-9-18_Schnable_49-613-js28-3-48_2018-04-11_12-29-13_10002000,220134,10688,19726,11344,20956,0.035657984065091915,0.04173658244701533,0.03869728325605362,0.16280049884034306,0.14803240438465476,0.16280049884034306,0.037208152389692835,0.038771544487192465,0.03798984843844265,0.15483877925937373,0.1459957296474986,0.15483877925937373,0.005868552897924179,0.006430237188747665,0.006149395043335922,0.07920896761978263,0.06879308033915153,0.07920896761978263,3.5657984065091917,4.1736582447015325,3.869728325605362,16.280049884034305,14.803240438465476,16.280049884034305,3.7208152389692835,3.8771544487192466,3.798984843844265,15.483877925937373,14.59957296474986,15.483877925937373,0.586855289792418,0.6430237188747665,0.6149395043335922,7.9208967619782635,6.879308033915153,7.9208967619782635
4-9-18_Schnable_49-615-js89-126_2018-04-11_12-33-41_10002200,182019,11062,20466,11878,21996,0.04342089182750647,0.0472753853663982,0.04534813859695233,0.23285584818950947,0.19828633086445163,0.23285584818950947,0.04580422733966859,0.045998753558048014,0.0459014904488583,0.2325605110550217,0.22207438177177155,0.2325605110550217,0.007236964510372374,0.008300673411092998,0.007768818960732686,0.09634124078187899,0.07619679380644558,0.09634124078187899,4.342089182750647,4.72753853663982,4.534813859695233,23.285584818950948,19.828633086445162,23.285584818950948,4.580422733966858,4.599875355804802,4.59014904488583,23.25605110550217,22.207438177177156,23.25605110550217,0.7236964510372373,0.8300673411092998,0.7768818960732686,9.634124078187899,7.619679380644557,9.634124078187899
4-9-18_Schnable_49-616-js174-1-252_2018-04-11_12-35-56_10002300,55281,4306,7878,4658,8538,0.034365656366807926,0.03628149305020757,0.03532357470850775,0.13340281698477932,0.1353060636996332,0.1353060636996332,0.03501015510680481,0.03466652301765717,0.034838339062230994,0.13378311336153484,0.12203833349132286,0.13378311336153484,0.004464103796326045,0.005200557181487754,0.0048323304889068995,0.06482682777806371,0.05463207903236464,0.06482682777806371,3.4365656366807924,3.628149305020757,3.532357470850775,13.340281698477932,13.53060636996332,13.53060636996332,3.501015510680481,3.466652301765717,3.4838339062230994,13.378311336153484,12.203833349132285,13.378311336153484,0.4464103796326045,0.5200557181487754,0.48323304889068996,6.482682777806372,5.463207903236464,6.482682777806372
4-9-18_Schnable_49-617-js274-55_2018-04-11_12-38-11_10002400,262228,10684,19632,11052,20322,0.04067950327906703,0.04261036518693056,0.041644934232998795,0.24804252982374286,0.21756432992732158,0.24804252982374286,0.038335951632271555,0.038013180563939535,0.038174566098105545,0.24963410267002936,0.18993083789198886,0.24963410267002936,0.0076360622980518374,0.009414671380321975,0.008525366839186907,0.10167931059121432,0.09398223308712718,0.10167931059121432,4.067950327906703,4.261036518693055,4.16449342329988,24.804252982374287,21.756432992732158,24.804252982374287,3.8335951632271557,3.8013180563939533,3.8174566098105545,24.963410267002935,18.993083789198888,24.963410267002935,0.7636062298051838,0.9414671380321975,0.8525366839186908,10.167931059121432,9.398223308712717,10.167931059121432
4-9-18_Schnable_49-618-js90-127_2018-04-11_12-40-28_10002500,66025,5534,10154,5934,10904,0.03572832925312562,0.03734657995233432,0.036537454602729974,0.1673133254640581,0.14725865907651478,0.1673133254640581,0.03748087022285381,0.03588626159422681,0.036683565908540314,0.1674832640223907,0.14816948042722156,0.1674832640223907,0.004784183769001223,0.005377587020644676,0.005080885394822949,0.06408906123979675,0.059749275805000515,0.06408906123979675,3.572832925312562,3.734657995233432,3.6537454602729973,16.73133254640581,14.725865907651478,16.73133254640581,3.748087022285381,3.588626159422681,3.668356590854031,16.74832640223907,14.816948042722156,16.74832640223907,0.4784183769001223,0.5377587020644675,0.5080885394822949,6.408906123979675,5.974927580500052,6.408906123979675
4-9-18_Schnable_49-619-js255-409_2018-04-11_12-42-41_10002600,202715,11212,20622,11916,21942,0.03183090301959534,0.04698920430123914,0.039410053660417235,0.19144897770311095,0.21964738026556108,0.21964738026556108,0.03361132277422289,0.044335720644056144,0.03897352170913952,0.2095988291183838,0.16815396809300295,0.2095988291183838,0.0067758451611569515,0.007776290811415981,0.007276067986286466,0.12481486832398483,0.10382903772319735,0.12481486832398483,3.183090301959534,4.698920430123914,3.9410053660417237,19.144897770311093,21.96473802655611,21.96473802655611,3.361132277422289,4.433572064405614,3.897352170913952,20.959882911838378,16.815396809300296,20.959882911838378,0.6775845161156951,0.7776290811415981,0.7276067986286466,12.481486832398483,10.382903772319734,12.481486832398483
4-9-18_Schnable_49-620-js124-183_2018-04-11_12-44-57_10002700,139967,9308,17202,9932,18372,0.04818602439247784,0.05842093561886545,0.053303480005671644,0.2338757788723955,0.201903550238291,0.2338757788723955,0.04774340936003548,0.05072015817380038,0.04923178376691793,0.195528989137622,0.16802264139373843,0.195528989137622,0.00800686129298316,0.00894869282893518,0.00847777706095917,0.15724363580698592,0.12824689612188944,0.15724363580698592,4.818602439247784,5.8420935618865455,5.330348000567165,23.387577887239548,20.190355023829103,23.387577887239548,4.774340936003548,5.072015817380038,4.923178376691793,19.552898913762203,16.802264139373843,19.552898913762203,0.8006861292983161,0.8948692828935181,0.8477777060959171,15.724363580698592,12.824689612188944,15.724363580698592
4-9-18_Schnable_49-621-js124-183_2018-04-11_12-47-10_10002800,193918,9052,16722,9660,17862,0.04764293748021452,0.04964426917848036,0.04864360332934744,0.31278174760191546,0.17124470061102695,0.31278174760191546,0.043089390282220266,0.0456283167396246,0.04435885351092243,0.28942638182857666,0.1731353451282972,0.28942638182857666,0.008322786297093957,0.009381038180039896,0.008851912238566927,0.14244234176915013,0.12204139102346209,0.14244234176915013,4.764293748021451,4.964426917848036,4.864360332934744,31.278174760191547,17.124470061102695,31.278174760191547,4.308939028222027,4.56283167396246,4.435885351092243,28.942638182857667,17.31353451282972,28.942638182857667,0.8322786297093957,0.9381038180039896,0.8851912238566927,14.244234176915013,12.20413910234621,14.244234176915013
4-9-18_Schnable_49-622-js103-2-147_2018-04-11_12-49-25_10002900,402934,12522,23140,13162,24340,0.03721834395600863,0.044838380136204725,0.04102836204610667,0.21836471372668817,0.20744811941096197,0.21836471372668817,0.03659790010891512,0.03804092370307064,0.03731941190599288,0.21357509927473076,0.1883031906848687,0.21357509927473076,0.007654407728431579,0.009110658396440001,0.00838253306243579,0.12052082160385295,0.10444521886228371,0.12052082160385295,3.7218343956008626,4.483838013620472,4.102836204610667,21.836471372668818,20.7448119410962,21.836471372668818,3.6597900108915122,3.804092370307064,3.7319411905992883,21.357509927473075,18.83031906848687,21.357509927473075,0.7654407728431579,0.9110658396440001,0.8382533062435791,12.052082160385295,10.44452188622837,12.052082160385295
4-9-18_Schnable_49-623-js277-103_2018-04-11_12-51-40_10003000,33946,4374,8002,4646,8512,0.021426792704941876,0.023299095546892856,0.022362944125917366,0.10501365899452321,0.0996183455479439,0.10501365899452321,0.022438168711402404,0.02176518837888681,0.022101678545144606,0.09515157940156743,0.08470043106972176,0.09515157940156743,0.0036181757902530977,0.004220383153350643,0.0039192794718018705,0.05802695996006005,0.05574182222345465,0.05802695996006005,2.1426792704941877,2.3299095546892854,2.236294412591737,10.50136589945232,9.96183455479439,10.50136589945232,2.24381687114024,2.176518837888681,2.2101678545144607,9.515157940156744,8.470043106972176,9.515157940156744,0.36181757902530975,0.4220383153350643,0.39192794718018703,5.802695996006005,5.574182222345465,5.802695996006005
4-9-18_Schnable_49-624-js294-413_2018-04-11_12-53-52_10003100,125783,9676,17832,10300,19002,0.02304395082427593,0.034885563546068664,0.028964757185172295,0.1799577254489674,0.18624228072613835,0.18624228072613835,0.023132903187092265,0.0305402458704196,0.026836574528755933,0.17999003857468301,0.16822941794459303,0.17999003857468301,0.005245177943446837,0.006189116483682465,0.005717147213564651,0.08201886757388811,0.06714938890447576,0.08201886757388811,2.3043950824275927,3.4885563546068665,2.8964757185172294,17.99577254489674,18.624228072613835,18.624228072613835,2.3132903187092264,3.05402458704196,2.683657452875593,17.999003857468303,16.822941794459304,17.999003857468303,0.5245177943446837,0.6189116483682465,0.5717147213564651,8.201886757388811,6.714938890447576,8.201886757388811
4-9-18_Schnable_49-625-js153-3-222_2018-04-11_12-56-06_10003200,67019,8242,15168,8786,16188,0.027606027307328536,0.028945021099427846,0.028275524203378193,0.20450928096626367,0.12531713652991616,0.20450928096626367,0.02786910238731099,0.027021502873796708,0.02744530263055385,0.19607518698888132,0.12455957101786697,0.19607518698888132,0.004996359060247366,0.005202962826995677,0.005099660943621522,0.044438877620169966,0.04368716468402086,0.044438877620169966,2.760602730732854,2.894502109942785,2.827552420337819,20.450928096626367,12.531713652991616,20.450928096626367,2.7869102387310987,2.702150287379671,2.744530263055385,19.607518698888132,12.455957101786696,19.607518698888132,0.49963590602473656,0.5202962826995677,0.5099660943621522,4.443887762016996,4.368716468402086,4.443887762016996
4-9-18_Schnable_49-626-js225-357_2018-04-11_12-58-21_10003300,335362,11866,21940,12442,23020,0.03896966139055304,0.05431160023679277,0.0466406308136729,0.23729356054220402,0.21172547189132754,0.23729356054220402,0.03600727996784642,0.04900274166506563,0.042505010816456024,0.21212467239014923,0.19416518601349372,0.21212467239014923,0.009722260489979201,0.01088426153965804,0.01030326101481862,0.17401932734952147,0.15326038610292284,0.17401932734952147,3.8969661390553036,5.4311600236792765,4.66406308136729,23.729356054220403,21.172547189132754,23.729356054220403,3.6007279967846415,4.900274166506563,4.250501081645602,21.212467239014924,19.416518601349374,21.212467239014924,0.9722260489979201,1.088426153965804,1.0303261014818619,17.401932734952148,15.326038610292283,17.401932734952148
4-9-18_Schnable_49-627-js70-100_2018-04-11_01-00-37_10003400,154035,10520,19478,11320,20978,0.06010747245569903,0.06928624195018715,0.06469685720294309,0.23255057896031475,0.21766051759626495,0.23255057896031475,0.06262412251396515,0.0667659328678804,0.06469502769092278,0.23120766290252975,0.2048603997713424,0.23120766290252975,0.006614645027595351,0.007074948221562949,0.00684479662457915,0.08732436153438693,0.07013705953425316,0.08732436153438693,6.0107472455699025,6.928624195018715,6.469685720294309,23.255057896031474,21.766051759626496,23.255057896031474,6.2624122513965155,6.676593286788041,6.469502769092278,23.120766290252977,20.48603997713424,23.120766290252977,0.6614645027595351,0.7074948221562949,0.684479662457915,8.732436153438693,7.013705953425315,8.732436153438693
4-9-18_Schnable_49-628-js199-310_2018-04-11_01-02-52_10003500,289533,12994,24062,13826,25622,0.043557657887109524,0.05863405923978942,0.051095858563449476,0.2772812467054077,0.2726960646138441,0.2772812467054077,0.04542227058789631,0.05540404403113091,0.05041315730951361,0.2774546804140613,0.2509974056779872,0.2774546804140613,0.006944672016379718,0.007673692412785445,0.007309182214582582,0.08075494253720233,0.07799193448943753,0.08075494253720233,4.355765788710952,5.863405923978942,5.109585856344948,27.728124670540772,27.26960646138441,27.728124670540772,4.5422270587896305,5.540404403113091,5.041315730951361,27.74546804140613,25.09974056779872,27.74546804140613,0.6944672016379718,0.7673692412785444,0.7309182214582581,8.075494253720233,7.799193448943753,8.075494253720233
4-9-18_Schnable_49-631-js193-302_2018-04-11_01-09-34_10003800,91482,7332,13490,7732,14240,0.022633177731169477,0.03636006330819915,0.029496620519684314,0.2371519967497715,0.17228962458993183,0.2371519967497715,0.020450211824745757,0.026077504653992414,0.023263858239369085,0.12344617775709031,0.09757641184379724,0.12344617775709031,0.009847649732522189,0.013368647937487932,0.01160814883500506,0.18595711695384426,0.14813859620622036,0.18595711695384426,2.2633177731169476,3.636006330819915,2.9496620519684313,23.71519967497715,17.228962458993184,23.71519967497715,2.0450211824745756,2.607750465399241,2.3263858239369086,12.34461777570903,9.757641184379723,12.34461777570903,0.9847649732522189,1.3368647937487932,1.160814883500506,18.595711695384427,14.813859620622036,18.595711695384427
4-9-18_Schnable_49-632-js114-169_2018-04-11_01-11-49_10003900,13608,1944,3504,2088,3774,0.07576551372249299,0.026735065937232513,0.05125028982986275,0.3312093463217191,0.07014631451714827,0.3312093463217191,0.0758207855334538,0.025085921237474725,0.050453353385464264,0.3311294481740711,0.057675905586067805,0.3311294481740711,0.0027941204159609525,0.0037203896981380198,0.0032572550570494864,0.04772178701112841,0.041254465966288,0.04772178701112841,7.576551372249299,2.673506593723251,5.125028982986275,33.12093463217191,7.014631451714827,33.12093463217191,7.582078553345379,2.5085921237474724,5.045335338546426,33.11294481740711,5.767590558606781,33.11294481740711,0.27941204159609523,0.37203896981380197,0.3257255057049486,4.772178701112841,4.1254465966288,4.772178701112841
4-9-18_Schnable_49-633-js244-392_2018-04-11_01-14-04_10004000,74769,8606,15854,9214,16994,0.04451924072538177,0.04943036272993173,0.04697480172765675,0.24832811706742464,0.20360347988922653,0.24832811706742464,0.03946962502364468,0.04492263671958893,0.042196130871616805,0.22813465319767937,0.16084266116852633,0.22813465319767937,0.006628103470453748,0.007126190458752434,0.006877146964603091,0.10404050326030753,0.08658357611703407,0.10404050326030753,4.451924072538177,4.943036272993173,4.697480172765675,24.832811706742465,20.36034798892265,24.832811706742465,3.946962502364468,4.492263671958893,4.21961308716168,22.813465319767936,16.084266116852632,22.813465319767936,0.6628103470453748,0.7126190458752434,0.687714696460309,10.404050326030752,8.658357611703407,10.404050326030752
4-9-18_Schnable_49-634-js254-408_2018-04-11_01-16-16_10004100,316650,11382,20946,11830,21786,0.04450146174058381,0.08357510954165752,0.06403828564112066,0.25966056768019724,0.25181606011525903,0.25966056768019724,0.040596568492553484,0.07103384009411712,0.0558152042933353,0.2599875885795899,0.2349738644071127,0.2599875885795899,0.009855600860585996,0.011755822511892155,0.010805711686239075,0.1519905637005074,0.1875481768078252,0.1875481768078252,4.450146174058381,8.357510954165752,6.403828564112065,25.966056768019723,25.181606011525904,25.966056768019723,4.059656849255348,7.1033840094117116,5.58152042933353,25.998758857958993,23.49738644071127,25.998758857958993,0.9855600860585996,1.1755822511892156,1.0805711686239075,15.199056370050739,18.75481768078252,18.75481768078252
4-9-18_Schnable_49-635-js87-124_2018-04-11_01-18-28_10004200,220058,9992,18488,10664,19748,0.06840556516780612,0.07048335384665157,0.06944445950722884,0.2903671799232357,0.23878648581764095,0.2903671799232357,0.06211293271959415,0.06463796948084416,0.06337545110021915,0.24440630709528577,0.21780567716777052,0.24440630709528577,0.008887364838597528,0.010120764110488071,0.0095040644745428,0.12376862098523339,0.11790455397247065,0.12376862098523339,6.8405565167806115,7.048335384665156,6.944445950722884,29.036717992323567,23.878648581764097,29.036717992323567,6.211293271959415,6.463796948084416,6.337545110021916,24.440630709528577,21.780567716777053,24.440630709528577,0.8887364838597528,1.0120764110488072,0.95040644745428,12.37686209852334,11.790455397247065,12.37686209852334
4-9-18_Schnable_49-636-js115-170_2018-04-11_01-20-40_10004300,147829,7452,13662,7820,14352,0.03381795748198066,0.043982962417576495,0.038900459949778574,0.20716634831736822,0.18356320885609725,0.20716634831736822,0.033885001055071966,0.03597868253900311,0.03493184179703754,0.19916568508615223,0.17149342679873492,0.19916568508615223,0.006203659682215653,0.008946323459659384,0.007574991570937519,0.06760706341925685,0.0851482874639511,0.0851482874639511,3.381795748198066,4.39829624175765,3.890045994977857,20.716634831736823,18.356320885609726,20.716634831736823,3.3885001055071964,3.597868253900311,3.493184179703754,19.916568508615224,17.14934267987349,19.916568508615224,0.6203659682215653,0.8946323459659384,0.7574991570937519,6.760706341925685,8.51482874639511,8.51482874639511
4-9-18_Schnable_49-638-js17-30_2018-04-11_01-25-03_10004500,368579,11794,21752,12434,22952,0.05911672245050022,0.09161923489442081,0.0753679786724605,0.28347716111921617,0.2594864492426129,0.28347716111921617,0.06061118892784656,0.08983958947145813,0.07522538919965235,0.2826831634665567,0.25424681460192594,0.2826831634665567,0.008791253371837776,0.01029346751291594,0.009542360442376857,0.13744395345660373,0.10877563498358878,0.13744395345660373,5.911672245050021,9.161923489442081,7.536797867246051,28.347716111921617,25.948644924261288,28.347716111921617,6.0611188927846555,8.983958947145814,7.5225389199652355,28.26831634665567,25.424681460192595,28.26831634665567,0.8791253371837776,1.029346751291594,0.9542360442376857,13.744395345660374,10.877563498358878,13.744395345660374
4-9-18_Schnable_49-639-js153-1-222_2018-04-11_01-27-16_10004600,77941,8204,15102,8764,16152,0.035566696358843373,0.04177413653384598,0.038670416446344676,0.18350541899863845,0.19211609818127975,0.19211609818127975,0.0359803184110337,0.037242198603143234,0.03661125850708846,0.18035315142990616,0.16618460087009648,0.18035315142990616,0.00669289574351773,0.007708355411023476,0.007200625577270603,0.10893009216263153,0.09018243455922333,0.10893009216263153,3.5566696358843375,4.177413653384598,3.8670416446344675,18.350541899863845,19.211609818127975,19.211609818127975,3.59803184110337,3.7242198603143235,3.661125850708846,18.035315142990616,16.618460087009648,18.035315142990616,0.6692895743517729,0.7708355411023475,0.7200625577270603,10.893009216263152,9.018243455922333,10.893009216263152
4-9-18_Schnable_49-641-js267-426_2018-04-11_01-31-39_10004800,55496,4752,8656,4960,9046,0.029958369799375228,0.033957769467068195,0.03195806963322171,0.17438633162783138,0.14862763851982735,0.17438633162783138,0.02964647869344108,0.03228562072445637,0.030966049708948725,0.1547656884225549,0.14172424222414295,0.1547656884225549,0.004328462288476456,0.0057403440380279615,0.005034403163252208,0.09095717815936107,0.08320688135698028,0.09095717815936107,2.995836979937523,3.3957769467068197,3.195806963322171,17.438633162783137,14.862763851982736,17.438633162783137,2.964647869344108,3.228562072445637,3.0966049708948726,15.476568842255489,14.172424222414296,15.476568842255489,0.4328462288476456,0.5740344038027961,0.5034403163252208,9.095717815936107,8.320688135698028,9.095717815936107
4-9-18_Schnable_49-642-js136-198_2018-04-11_01-33-50_10004900,379715,10576,19530,11088,20490,0.052684739757382075,0.10037045377751726,0.07652759676744966,0.3116865876665205,0.32093918664387916,0.32093918664387916,0.04805947440871369,0.08828735525467896,0.06817341483169632,0.30773271068000274,0.27680980931191645,0.30773271068000274,0.014180666101499569,0.015635157906530483,0.014907912004015027,0.24879953034153562,0.17488878819351827,0.24879953034153562,5.268473975738208,10.037045377751726,7.652759676744966,31.16865876665205,32.093918664387914,32.093918664387914,4.805947440871369,8.828735525467895,6.817341483169632,30.773271068000273,27.680980931191645,30.773271068000273,1.4180666101499568,1.5635157906530484,1.4907912004015027,24.879953034153562,17.48887881935183,24.879953034153562
4-9-18_Schnable_49-643-js82-115_2018-04-11_01-36-02_10005000,228277,10940,20202,11564,21372,0.030929727350459214,0.032181247320637325,0.03155548733554827,0.23428054330678746,0.1859951890298077,0.23428054330678746,0.03126728440000399,0.02953452822111517,0.030400906310559576,0.2349297657372447,0.17950375548688893,0.2349297657372447,0.00563413197893245,0.006113326671267721,0.005873729325100085,0.07971718094163072,0.06852568064062191,0.07971718094163072,3.0929727350459215,3.2181247320637327,3.155548733554827,23.428054330678748,18.59951890298077,23.428054330678748,3.1267284400003987,2.953452822111517,3.0400906310559574,23.49297657372447,17.950375548688893,23.49297657372447,0.5634131978932451,0.611332667126772,0.5873729325100085,7.971718094163071,6.852568064062191,7.971718094163071
4-9-18_Schnable_49-644-js191-300_2018-04-11_01-38-13_10005100,61645,5936,10876,6336,11626,0.018998632339726887,0.025814912377982255,0.02240677235885457,0.15512031381963906,0.12352861168434484,0.15512031381963906,0.01937429437710801,0.024410353042367633,0.021892323709737822,0.15496676868057632,0.1381595273389041,0.15496676868057632,0.003263908758577631,0.0035540032947172784,0.0034089560266474545,0.04025383123710683,0.0321747986374234,0.04025383123710683,1.8998632339726886,2.5814912377982258,2.2406772358854568,15.512031381963906,12.352861168434485,15.512031381963906,1.9374294377108012,2.441035304236763,2.1892323709737824,15.496676868057632,13.815952733890411,15.496676868057632,0.3263908758577631,0.35540032947172784,0.34089560266474545,4.025383123710683,3.2174798637423403,4.025383123710683
4-9-18_Schnable_49-JS42-2-69_2018-04-11_02-01-32_9973900,217133,10606,19604,11294,20894,0.0324212839877274,0.05104944755652758,0.04173536577212749,0.19335896208324965,0.16909751755892258,0.19335896208324965,0.033126480104533625,0.04704422658347645,0.04008535334400504,0.17306041519772483,0.15975129834188453,0.17306041519772483,0.007612248020885432,0.00880609383343779,0.008209170927161611,0.10283377297640521,0.09352526828833843,0.10283377297640521,3.2421283987727403,5.104944755652758,4.173536577212749,19.335896208324964,16.90975175589226,19.335896208324964,3.3126480104533624,4.704422658347645,4.008535334400504,17.30604151977248,15.975129834188454,17.30604151977248,0.7612248020885432,0.880609383343779,0.8209170927161611,10.283377297640522,9.352526828833843,10.283377297640522
