leaf_length,leaf_angle,droopiness,leaf_curl,azimuth_deg,azimuth_delta_deg,inclination_deg,distance,spline_points,residual,residual_per_point,leaf_index,connection_y_m,leaf_voxel_count,plant_id,rms_error_cm
0.27856903312874765,61.49627886843933,-127.82115838012027,0.0,164.96892801369827,0.0,56.848945415732466,0.09367492963430778,8,0.02172329322659604,0.00043446586453192086,0,-0.0706639964166237,120,4-9-18_Schnable_49-281-JS39-65_2018-04-11_12-09-35_9968800,2.0843844763668744
0.36687321793035976,64.98842248231068,-150.65626081896698,0.0,8.20620202636966,0.0,61.85527342839968,0.032937533758430726,8,0.015681835782733456,0.0003136367156546691,1,-0.037726462658192975,155,4-9-18_Schnable_49-281-JS39-65_2018-04-11_12-09-35_9968800,1.7709791519232208
0.38237822287672685,61.38313023218961,-90.06087529017807,0.0,164.02966682277662,0.0,60.110700770199685,0.019810594782318655,8,0.1579568035685527,0.0031591360713710544,2,-0.01791586787587432,167,4-9-18_Schnable_49-281-JS39-65_2018-04-11_12-09-35_9968800,5.620619246463022
0.39043882208864344,67.88105827626055,-69.23210769719398,0.0,0.024651258701751073,0.0,68.64338811575182,0.03434765513479131,8,0.035270895089566136,0.0007054179017913227,3,0.016431787258916985,168,4-9-18_Schnable_49-281-JS39-65_2018-04-11_12-09-35_9968800,2.655970447484916
0.14341684804800245,89.5,40.23918405196522,0.0,316.04093077860114,0.0,82.52892357057577,0.03634032573920706,8,0.028963986623760735,0.0005792797324752147,4,0.052772112998124045,61,4-9-18_Schnable_49-281-JS39-65_2018-04-11_12-09-35_9968800,2.4068230771604604
0.4169972278953231,71.15917985050427,-53.093925059715275,0.0,195.20184833595837,0.0,73.612482898035,0.0,8,0.030667303037698875,0.0006133460607539776,5,0.052772112998124045,183,4-9-18_Schnable_49-281-JS39-65_2018-04-11_12-09-35_9968800,2.476582445132763
0.3674638698959507,68.76987463132694,-28.821629009980043,0.0,351.0035235516821,0.0,68.981330615976,0.0858848791228897,8,0.041200021725247976,0.0008240004345049595,6,0.13865699212101373,168,4-9-18_Schnable_49-281-JS39-65_2018-04-11_12-09-35_9968800,2.8705407757162407
0.3408505042822326,72.69337299709703,-33.40919562573754,0.0,221.1286986842127,0.0,72.23211775486624,0.020969244411249893,8,0.03354748122286602,0.0006709496244573204,7,0.15962623653226363,149,4-9-18_Schnable_49-281-JS39-65_2018-04-11_12-09-35_9968800,2.5902695312598656
0.16831433708675828,86.65037821296858,-13.018729632289125,0.0,68.69478551868926,0.0,71.9630434243624,0.0,8,0.025576614351432325,0.0005115322870286465,8,0.15962623653226363,71,4-9-18_Schnable_49-281-JS39-65_2018-04-11_12-09-35_9968800,2.2617079542430902
0.12600438521372753,86.64436536211998,-84.21867791662253,0.0,273.3963076533438,0.0,77.13482059474505,0.026254439290215578,8,0.01059852384685031,0.0002119704769370062,0,-0.11817285134681287,54,4-9-18_Schnable_49-282-js254-408_2018-04-11_12-10-49_9968900,1.4559205917116709
0.17085472195865542,81.83874488927964,-52.471045167806615,0.0,7.913533058481761,0.0,75.8516577518405,0.03955159191636386,8,0.01016167388036576,0.00020323347760731523,1,-0.07862125943044901,82,4-9-18_Schnable_49-282-js254-408_2018-04-11_12-10-49_9968900,1.4255997951996038
0.2446497059888566,82.60905656546443,-81.64128469473714,0.0,203.188752143043,0.0,76.81491239592178,0.08114672539985868,8,0.01288636804338486,0.0002577273608676972,2,0.0025254659694096686,112,4-9-18_Schnable_49-282-js254-408_2018-04-11_12-10-49_9968900,1.6053889275427846
0.2956556723747347,77.61168007091815,-98.23882059273578,0.0,352.399785144272,0.0,75.06192194432943,0.04922192046246397,8,0.04627732918232774,0.0009255465836465549,3,0.05174738643187364,142,4-9-18_Schnable_49-282-js254-408_2018-04-11_12-10-49_9968900,3.0422797104253165
0.13799638358575506,89.5,-34.68434807476187,0.0,314.3986023643423,0.0,74.53635656909873,0.0041078164405747575,8,0.0051753107913244945,0.0001035062158264899,4,0.0558552028724484,67,4-9-18_Schnable_49-282-js254-408_2018-04-11_12-10-49_9968900,1.0173800461306968
0.28733757083499173,81.90507949858932,-1.6101163310704385,0.0,22.893911236360044,0.0,82.23204716312264,0.08858378753813469,8,0.12479415319395548,0.0024958830638791094,5,0.14443899041058308,153,4-9-18_Schnable_49-282-js254-408_2018-04-11_12-10-49_9968900,4.995881367565796
0.4352631636096995,89.5,-129.85205839957933,0.0,163.22004109738282,0.0,68.13066331524368,0.0,8,0.38408365962086377,0.007681673192417276,6,0.14443899041058308,211,4-9-18_Schnable_49-282-js254-408_2018-04-11_12-10-49_9968900,8.764515498541419
0.11742343243821103,89.5,-72.94546029709402,0.0,330.21680835694127,0.0,75.84785072621294,0.03193610402394233,8,0.04140846328497006,0.0008281692656994012,0,-0.09062862568461008,45,4-9-18_Schnable_49-283-js254-408_2018-04-11_12-12-29_9969000,2.877793018442086
0.1668376647862824,84.52496526305244,-39.83741760298587,0.0,227.2223775817454,0.0,75.54351122427984,0.04426086704729833,8,0.038312109108037846,0.000766242182160757,1,-0.046367758637311754,80,4-9-18_Schnable_49-283-js254-408_2018-04-11_12-12-29_9969000,2.768107985900761
0.19270798608990086,77.44766375357027,-97.50920378546739,0.0,346.4147613943471,0.0,66.17230203372432,0.13387171449233537,8,0.04407762087924577,0.0008815524175849154,2,0.0875039558550236,95,4-9-18_Schnable_49-283-js254-408_2018-04-11_12-12-29_9969000,2.969094841167785
0.37271397076946566,86.8528291644193,-58.886493172723995,0.0,133.35411209630828,0.0,75.71533195720124,0.03279846582855202,8,0.033940232451894856,0.0006788046490378971,3,0.12030242168357562,188,4-9-18_Schnable_49-283-js254-408_2018-04-11_12-12-29_9969000,2.6053879731009295
0.5068970924400042,80.51915439662413,-97.80644246893594,0.0,353.0274567249764,0.0,65.03807867831277,0.0,8,0.078574209733913,0.0015714841946782602,4,0.12030242168357562,242,4-9-18_Schnable_49-283-js254-408_2018-04-11_12-12-29_9969000,3.9641949935368475
0.1578076688009587,62.92320303663681,-148.23257365829102,0.0,11.869624673857773,0.0,51.931356175518445,0.03739952980884735,8,0.013188205003734434,0.0002637641000746887,0,-0.10973881876981219,66,4-9-18_Schnable_49-284-js165-237_2018-04-11_12-14-09_9969100,1.6240815868505152
0.26440976374352765,65.43180680600084,-199.90052013340147,0.0,198.0515647125986,0.0,56.15690897463341,0.033737498908413,8,0.008127608852585816,0.00016255217705171633,1,-0.07600131986139919,123,4-9-18_Schnable_49-284-js165-237_2018-04-11_12-14-09_9969100,1.2749595172071793
0.25148064821350397,56.375575818253125,-101.35512329896706,0.0,21.176210053801537,0.0,50.71491369673858,0.04314068312080128,8,0.015562105045176706,0.0003112421009035341,2,-0.03286063674059791,118,4-9-18_Schnable_49-284-js165-237_2018-04-11_12-14-09_9969100,1.7642054894584531
0.3390834732644545,62.75480645928243,-108.60054880951029,0.0,203.0889822196438,0.0,57.136880774692116,0.04556565689495351,8,0.03613647199855385,0.0007227294399710769,3,0.012705020154355606,146,4-9-18_Schnable_49-284-js165-237_2018-04-11_12-14-09_9969100,2.6883627730852786
0.36683886409241795,70.08668997395834,-89.6395796810149,0.0,17.062236081875497,0.0,66.02016963690313,0.0714917391989156,8,0.08200545546635567,0.0016401091093271134,4,0.08419675935327121,172,4-9-18_Schnable_49-284-js165-237_2018-04-11_12-14-09_9969100,4.049826057162349
0.19558238056771704,82.44084867033772,-66.85536977594525,0.0,164.80602645103,0.0,77.7583185097784,0.06220033196934714,8,0.01164185617256075,0.000232837123451215,5,0.14639709132261836,91,4-9-18_Schnable_49-284-js165-237_2018-04-11_12-14-09_9969100,1.525900139102212
0.13545768102724998,89.5,-36.589139948904545,0.0,107.88294438422423,0.0,56.6664587352403,0.0,8,0.010472586461700045,0.00020945172923400091,6,0.14639709132261836,61,4-9-18_Schnable_49-284-js165-237_2018-04-11_12-14-09_9969100,1.4472447244125677
0.2589407885384832,63.622690616843165,-100.4229342633539,0.0,14.605752118305844,0.0,58.09195706365333,0.05624445103174999,8,0.019667855124215095,0.0003933571024843019,0,-0.0773580412356735,115,4-9-18_Schnable_49-285-JS147-2-214_2018-04-11_12-16-48_9969200,1.9833232275257149
0.3167196968512803,59.61438169455618,-134.5528604476543,0.0,103.5817829089169,0.0,55.774502042907606,0.017754584784952523,8,0.007741166071383865,0.00015482332142767729,1,-0.059603456450720974,134,4-9-18_Schnable_49-285-JS147-2-214_2018-04-11_12-16-48_9969200,1.2442801992625185
0.3524320549017946,63.33969164586957,-23.668110849022558,0.0,345.8406108696018,0.0,63.96797001945214,0.03633059026460086,8,0.03194995810687432,0.0006389991621374865,2,-0.023272866186120116,156,4-9-18_Schnable_49-285-JS147-2-214_2018-04-11_12-16-48_9969200,2.527843274685926
0.4387624330823611,68.88710063424436,-118.02289487678462,0.0,127.93081718972427,0.0,63.78024286372092,0.03576961972169613,8,0.03572088888735471,0.0007144177777470942,3,0.012496753535576013,202,4-9-18_Schnable_49-285-JS147-2-214_2018-04-11_12-16-48_9969200,2.6728594758181625
0.38966733787218616,69.90713690594643,-14.269051048715513,0.0,336.43150286339386,0.0,75.67436975490477,0.030357633672023362,8,0.06354655527161723,0.0012709311054323446,4,0.042854387207599376,185,4-9-18_Schnable_49-285-JS147-2-214_2018-04-11_12-16-48_9969200,3.5650120693096463
0.350780843037207,82.3105076031146,-96.98358719265488,0.0,316.88179923595794,0.0,71.0547130588088,0.08160035159536481,8,0.05938863192098659,0.0011877726384197317,5,0.12445473880296419,169,4-9-18_Schnable_49-285-JS147-2-214_2018-04-11_12-16-48_9969200,3.44640775071629
0.4806835367534952,69.42306543923941,-105.71713963607884,0.0,164.68789817591372,0.0,65.02077436724032,0.009672438942030723,8,0.050405879490562744,0.001008117589811255,6,0.1341271777449949,228,4-9-18_Schnable_49-285-JS147-2-214_2018-04-11_12-16-48_9969200,3.1750867544230266
0.21775305615981694,89.5,-52.1027397156438,0.0,201.25559341147553,0.0,73.06396251293408,0.0,8,0.022165334924806178,0.00044330669849612354,7,0.1341271777449949,103,4-9-18_Schnable_49-285-JS147-2-214_2018-04-11_12-16-48_9969200,2.105484976189865
0.01039230484541327,89.5,300.0,0.0,124.55820581386996,0.0,28.199185690457465,0.003339291134455774,8,0.0035044726536547564,7.008945307309513e-05,0,-0.18569420845254372,4,4-9-18_Schnable_49-286-js259-417_2018-04-11_12-19-03_9969300,0.8371944402174153
0.4058398176718947,44.54969375535591,-160.89828766000977,0.0,241.4342090500391,0.0,45.02788591430592,0.12141807553277809,8,0.04238266825136523,0.0008476533650273047,1,-0.06427613291976564,184,4-9-18_Schnable_49-286-js259-417_2018-04-11_12-19-03_9969300,2.9114487201860597
0.43121680107158683,51.94658720331636,-159.33008005900462,0.0,46.678119482086494,0.0,49.75841700716487,0.025442249265665587,8,0.05898388745780176,0.0011796777491560352,2,-0.03883388365410005,186,4-9-18_Schnable_49-286-js259-417_2018-04-11_12-19-03_9969300,3.434643721197346
0.515980986110195,55.42364368097159,-134.26150610272805,0.0,241.53650308538062,0.0,54.30996514763932,0.03320629019175514,8,0.07181605190593489,0.0014363210381186978,3,-0.0056275934623449125,248,4-9-18_Schnable_49-286-js259-417_2018-04-11_12-19-03_9969300,3.7898826342232526
0.5012676215549486,56.709997053092415,-136.88634390239443,0.0,30.86807628103162,0.0,56.95710611220492,0.04348596430640163,8,0.13384426855052756,0.002676885371010551,4,0.037858370844056716,246,4-9-18_Schnable_49-286-js259-417_2018-04-11_12-19-03_9969300,5.17386255230128
0.4708577931701077,54.35233401057648,-90.34234399533392,0.0,249.4787030179741,0.0,56.30847702152387,0.05792422481822336,8,0.05251562310697494,0.0010503124621394988,5,0.09578259566228008,227,4-9-18_Schnable_49-286-js259-417_2018-04-11_12-19-03_9969300,3.240852452888744
0.4617088869431013,67.10394502755446,-151.38875300380388,0.0,356.3649849388832,0.0,61.19915106026309,0.09384249873199495,8,0.23289579643966013,0.004657915928793202,6,0.18962509439427502,214,4-9-18_Schnable_49-286-js259-417_2018-04-11_12-19-03_9969300,6.8248926209818155
0.28666061785163516,82.54811968120619,-150.68583334011848,0.0,242.1498416387655,0.0,57.05388586774123,0.0,8,0.05407647604332269,0.0010815295208664538,7,0.18962509439427502,137,4-9-18_Schnable_49-286-js259-417_2018-04-11_12-19-03_9969300,3.28866161358455
0.25929134315869057,46.817097373703774,-115.98325894247886,0.0,6.9366036295407,0.0,43.20368364481212,0.07201838372565253,8,0.009135285453516925,0.00018270570907033852,0,-0.05590197029628457,114,4-9-18_Schnable_49-287-js41-1-68_2018-04-11_12-21-17_9969400,1.3516867576119052
0.18850877278424977,20.641862387518184,-81.30658032415651,0.0,185.33731679969466,0.0,17.710743184083658,0.08452551995656274,8,0.009792133634805238,0.00019584267269610477,1,0.028623549660278174,84,4-9-18_Schnable_49-287-js41-1-68_2018-04-11_12-21-17_9969400,1.3994380039719687
0.12094130711817774,60.407084674255586,-152.55827419936145,0.0,191.7417202455049,0.0,37.34144060645674,0.0,8,0.009936300296757456,0.0001987260059351491,2,0.028623549660278174,53,4-9-18_Schnable_49-287-js41-1-68_2018-04-11_12-21-17_9969400,1.4097021172401958
0.2045884900786772,51.45259448681911,-47.30881904401032,0.0,1.7605101284663414,0.0,49.36509275180166,0.01744747343975973,8,0.003009500532956296,6.019001065912592e-05,3,0.046071023100037904,89,4-9-18_Schnable_49-287-js41-1-68_2018-04-11_12-21-17_9969400,0.7758222132623293
0.2897671907311027,59.94941479930633,-33.30676809363428,0.0,176.99924199048732,0.0,64.64296924324381,0.04413112613017094,8,0.023758512111099403,0.00047517024222198804,4,0.09020214923020885,127,4-9-18_Schnable_49-287-js41-1-68_2018-04-11_12-21-17_9969400,2.1798399992246864
0.2258474833708908,74.90589973338281,5.654146408950805,0.0,323.8155229884791,0.0,63.72262727547583,0.03789107852601907,8,0.018407898431718413,0.0003681579686343683,5,0.12809322775622792,115,4-9-18_Schnable_49-287-js41-1-68_2018-04-11_12-21-17_9969400,1.9187442993644783
0.1364937821954197,89.5,-12.069505916778715,0.0,288.207910670603,0.0,76.64239315334052,0.0,8,0.011323439783549022,0.00022646879567098045,6,0.12809322775622792,69,4-9-18_Schnable_49-287-js41-1-68_2018-04-11_12-21-17_9969400,1.5048880213191294
0.20224430917824865,77.08382493244281,-47.86043442594327,0.0,21.57003633034996,0.0,72.75897563000115,0.03428848217490099,8,0.056332852858118385,0.0011266570571623676,0,-0.14515958710399796,96,4-9-18_Schnable_49-288-js224-354_2018-04-11_12-23-30_9969500,3.3565712522786812
0.35320253656275,69.97154910956341,-139.8791220778898,0.0,118.4447542206369,0.0,62.65811225955544,0.03132112340767314,8,0.05874315559810301,0.0011748631119620602,1,-0.11383846369632482,173,4-9-18_Schnable_49-288-js224-354_2018-04-11_12-23-30_9969500,3.4276276226598195
0.39150605791086124,77.3053781952748,-146.44106759690902,0.0,358.9523403326732,0.0,68.49604210280633,0.03967617872596216,8,0.1886644477333143,0.003773288954666286,2,-0.07416228497036266,182,4-9-18_Schnable_49-288-js224-354_2018-04-11_12-23-30_9969500,6.142710276959419
0.4630568998667573,65.37400272595681,-133.08910363457088,0.0,120.23517661114725,0.0,63.828208710304395,0.059357681078147706,8,0.021798990983269803,0.00043597981966539607,3,-0.014804603892214952,204,4-9-18_Schnable_49-288-js224-354_2018-04-11_12-23-30_9969500,2.0880129780856156
0.5134867136895218,68.3598857189117,-1.465734430606315,0.0,7.804384075813748,0.0,70.88556330822998,0.03545374177076113,8,0.23847424527229938,0.004769484905445987,4,0.020649137878546178,238,4-9-18_Schnable_49-288-js224-354_2018-04-11_12-23-30_9969500,6.906145745237343
0.5037309289132043,66.22811883837726,-59.83282677237752,0.0,215.13732850361708,0.0,64.23348510122466,0.08037762162647347,8,0.0977176751467401,0.001954353502934802,5,0.10102675950501964,241,4-9-18_Schnable_49-288-js224-354_2018-04-11_12-23-30_9969500,4.420807056335757
0.5375856926100716,72.07325256669598,-90.74048670454836,0.0,331.6242225764918,0.0,79.57388608540737,0.07633078890711885,8,0.07962058416851636,0.0015924116833703273,6,0.1773575484121385,252,4-9-18_Schnable_49-288-js224-354_2018-04-11_12-23-30_9969500,3.990503330872344
0.4333584014463426,81.27647025121887,-109.13821069894608,0.0,239.63430914207987,0.0,58.27340842835299,0.0,8,0.5054210861114607,0.010108421722229215,7,0.1773575484121385,210,4-9-18_Schnable_49-288-js224-354_2018-04-11_12-23-30_9969500,10.054064711463328
0.06921662801485871,89.5,41.123752925145624,0.0,155.2689510129374,0.0,73.14937641326111,0.054057047073297726,8,0.008277779414088198,0.00016555558828176397,0,-0.12149097545443038,28,4-9-18_Schnable_49-289-JS254-408_2018-04-11_12-25-45_9969600,1.2866840648805906
0.13292303735836083,85.7807051254493,-58.516454304564384,0.0,287.21210010514335,0.0,71.82309168523884,0.0018890843642878907,8,0.005347433511200387,0.00010694867022400774,1,-0.11960189109014249,63,4-9-18_Schnable_49-289-JS254-408_2018-04-11_12-25-45_9969600,1.0341599016786898
0.06029215063705576,89.5,22.4150541013509,0.0,278.90903282584816,0.0,77.22697409866868,0.002102125458812776,8,0.0030570226998021437,6.114045399604287e-05,2,-0.11749976563132972,30,4-9-18_Schnable_49-289-JS254-408_2018-04-11_12-25-45_9969600,0.7819236151699401
0.21116266529133995,83.2684303753708,-14.955489806454498,0.0,186.54834000057252,0.0,79.20176288478767,0.056266980204651776,8,0.024148874156092372,0.0004829774831218474,3,-0.06123278542667794,108,4-9-18_Schnable_49-289-JS254-408_2018-04-11_12-25-45_9969600,2.197674869314948
0.2677141393483242,75.68056542842855,-60.10706477912227,0.0,3.386628150805858,0.0,73.69303249087619,0.05050479069203517,8,0.018567391574721294,0.0003713478314944259,4,-0.01072799473464277,127,4-9-18_Schnable_49-289-JS254-408_2018-04-11_12-25-45_9969600,1.9270387424606332
0.3958168611917133,82.2856005763568,-132.3476451234488,0.0,332.1411242868259,0.0,70.245805532887,0.11599128037081317,8,0.11166358060262582,0.0022332716120525165,5,0.1052632856361704,181,4-9-18_Schnable_49-289-JS254-408_2018-04-11_12-25-45_9969600,4.725750323549178
0.21696069229251766,81.0038251400998,-14.746774446181302,0.0,188.96996352049288,0.0,80.85881642042504,0.06956491316995853,8,0.0189874638367714,0.00037974927673542806,6,0.17482819880612893,113,4-9-18_Schnable_49-289-JS254-408_2018-04-11_12-25-45_9969600,1.9487156712445972
0.27061849454949777,89.5,-261.83001519341155,0.0,104.36639477909458,0.0,72.6860780080084,0.0,8,0.15660242248257844,0.0031320484496515687,7,0.17482819880612893,121,4-9-18_Schnable_49-289-JS254-408_2018-04-11_12-25-45_9969600,5.596470717918185
0.30518272009484093,49.48292090856675,-121.95675171195538,0.0,9.284597900778502,0.0,42.6902524682123,0.07272759419797722,8,0.01887127681886305,0.000377425536377261,0,-0.05102954121491859,147,4-9-18_Schnable_49-290-js12-3-22_2018-04-11_12-27-58_9969700,1.9427442867687477
0.3302670609854942,43.461902507389375,-93.31468788887133,0.0,178.03553198375695,0.0,40.14894147883721,0.027796885745397338,8,0.03640642853680082,0.0007281285707360164,1,-0.02323265546952125,143,4-9-18_Schnable_49-290-js12-3-22_2018-04-11_12-27-58_9969700,2.698385759553323
0.3998544734475543,59.1673469324044,-111.083205956226,0.0,2.979408085750592,0.0,56.25342684869078,0.04679750952214474,8,0.047191053905363156,0.0009438210781072631,2,0.02356485405262349,187,4-9-18_Schnable_49-290-js12-3-22_2018-04-11_12-27-58_9969700,3.0721671147697407
0.4532295284299014,77.71916132645141,-111.74393025379797,0.0,141.93786241795215,0.0,64.28240107921555,0.07375550131689843,8,0.28879514820880486,0.005775902964176097,3,0.09732035536952191,212,4-9-18_Schnable_49-290-js12-3-22_2018-04-11_12-27-58_9969700,7.599936160374045
0.3494403355684128,80.18363054898964,-157.5609701586637,0.0,30.86704061356496,0.0,73.86993729099827,0.02634414440045943,8,0.021009292825483448,0.00042018585650966896,4,0.12366449976998134,159,4-9-18_Schnable_49-290-js12-3-22_2018-04-11_12-27-58_9969700,2.0498435464924367
0.14417578016785537,89.5,-95.72470422271617,0.0,191.47432990258994,0.0,59.844752798251996,0.0,8,0.0450434680867821,0.000900869361735642,5,0.12366449976998134,54,4-9-18_Schnable_49-290-js12-3-22_2018-04-11_12-27-58_9969700,3.0014485864922658
0.3288804822274665,73.45461761764214,-149.29371312064276,0.0,252.77513092775274,0.0,63.6070390691086,0.07382787483457162,8,0.1519236989335338,0.003038473978670676,0,-0.1358228651923177,143,4-9-18_Schnable_49-291-js126-185_2018-04-11_12-30-10_9969800,5.512235461834587
0.4012436430428134,61.28652451747745,-118.9729576223592,0.0,326.55041217823134,0.0,57.17428712846444,0.015219011562889698,8,0.02811609733205564,0.0005623219466411128,1,-0.120603853629428,193,4-9-18_Schnable_49-291-js126-185_2018-04-11_12-30-10_9969800,2.371332845977369
0.42985316563731124,70.44682337994648,-90.64893244223117,0.0,204.8348317657926,0.0,68.7982680024092,0.02714235189254606,8,0.045485393035045445,0.0009097078607009089,2,-0.09346150173688195,197,4-9-18_Schnable_49-291-js126-185_2018-04-11_12-30-10_9969800,3.0161363707579754
0.19324232847446202,62.53835250280064,24.340959871251016,0.0,318.0377945075483,0.0,42.97013803274666,0.05828126149485491,8,0.018312687101373567,0.00036625374202747135,3,-0.03518024024202704,100,4-9-18_Schnable_49-291-js126-185_2018-04-11_12-30-10_9969800,1.913775697482522
0.4057759884585633,71.87629986477673,-66.63202075444102,0.0,175.69246004905432,0.0,71.61239583541621,0.04648186762384925,8,0.038478765919810295,0.0007695753183962059,4,0.011301627381822213,191,4-9-18_Schnable_49-291-js126-185_2018-04-11_12-30-10_9969800,2.774122056428314
0.2923952439826264,43.37695475430745,-84.01241389679042,0.0,355.61636747965633,0.0,43.567866244165856,0.0425207811744869,8,0.0076784369872388725,0.00015356873974477746,5,0.05382240855630911,115,4-9-18_Schnable_49-291-js126-185_2018-04-11_12-30-10_9969800,1.2392285493192023
0.41872801701303347,68.2671830604987,-87.5308530369672,0.0,22.536785594703762,0.0,66.67821099102645,0.0,8,0.10371213769429471,0.0020742427538858943,6,0.05382240855630911,194,4-9-18_Schnable_49-291-js126-185_2018-04-11_12-30-10_9969800,4.554385528132082
0.17777331807387825,89.5,26.527083094788686,0.0,107.16458353958018,0.0,75.88644591444626,0.0589415708797464,8,0.04986816230581204,0.000997363246116241,7,0.11276397943605551,90,4-9-18_Schnable_49-291-js126-185_2018-04-11_12-30-10_9969800,3.1581058343827566
0.44052013603410695,63.47561830372274,-44.449593698099385,0.0,51.26871632694064,0.0,72.23481979407778,0.0,8,0.06754316482532956,0.001350863296506591,8,0.11276397943605551,204,4-9-18_Schnable_49-291-js126-185_2018-04-11_12-30-10_9969800,3.675409224163469
0.4039241882757568,53.218740284109195,-86.73839281076849,0.0,172.71520545231655,0.0,59.888365032512226,0.08075120224722768,8,0.05861551024524335,0.001172310204904867,9,0.1935151816832832,209,4-9-18_Schnable_49-291-js126-185_2018-04-11_12-30-10_9969800,3.423901582850866
0.25142143702991854,78.18974369727886,-52.41644785694757,0.0,121.8473800605282,0.0,72.97112035709273,0.0,8,0.012816805535182274,0.0002563361107036455,10,0.1935151816832832,101,4-9-18_Schnable_49-291-js126-185_2018-04-11_12-30-10_9969800,1.6010500014167124
0.21645831754411407,71.5683953759042,-156.83755562753532,0.0,349.92732820092334,0.0,64.25392809695194,0.050030171980184765,8,0.0017741115702057859,3.5482231404115715e-05,0,-0.06420458466825571,87,4-9-18_Schnable_49-292-js197-306_2018-04-11_12-32-24_9969900,0.5956696349833162
0.12109402656294188,44.3857901844704,-83.5957069154893,0.0,187.6966871517257,0.0,51.4282471016175,0.014335246394056603,8,0.013740673866459649,0.000274813477329193,1,-0.04986933827419911,39,4-9-18_Schnable_49-292-js197-306_2018-04-11_12-32-24_9969900,1.657749912770901
0.2752582186140414,73.05138594595216,-124.5520850855576,0.0,187.53718409753236,0.0,66.85674476761653,0.013857437880253128,8,0.014669616249199418,0.00029339232498398835,2,-0.03601190039394598,127,4-9-18_Schnable_49-292-js197-306_2018-04-11_12-32-24_9969900,1.7128698870141548
0.34401506082634786,76.13740163826094,-137.70820238187244,0.0,349.01670717268036,0.0,70.73335823648227,0.05382999284975785,8,0.030965027843932715,0.0006193005568786543,3,0.017818092455811868,151,4-9-18_Schnable_49-292-js197-306_2018-04-11_12-32-24_9969900,2.4885750076673485
0.3293082141894459,83.83640406476604,-137.9793043826787,0.0,169.450534684148,0.0,76.54838909311606,0.0964553239454519,8,0.05045297712257703,0.0010090595424515406,4,0.11427341640126377,139,4-9-18_Schnable_49-292-js197-306_2018-04-11_12-32-24_9969900,3.176569757539634
0.2600011846222676,85.48284926590286,-300.0,0.0,355.45396385934185,0.0,68.69039339998393,0.0,8,0.037889076803508864,0.0007577815360701773,5,0.11427341640126377,120,4-9-18_Schnable_49-292-js197-306_2018-04-11_12-32-24_9969900,2.7527832026336134
0.31623758179236106,51.19689871129533,-124.45499748293608,0.0,21.890556524300877,0.0,46.41323723048062,0.07225928336465086,8,0.025152167778491066,0.0005030433555698213,0,-0.11521510482532828,143,4-9-18_Schnable_49-293-JS235-376_2018-04-11_12-34-43_9970000,2.2428628035834497
0.316853803639112,46.56606789128837,-73.46682516210022,0.0,188.41727959267564,0.0,43.58107715955726,0.04029403964303273,8,0.010327375641158716,0.00020654751282317432,1,-0.07492106518229555,145,4-9-18_Schnable_49-293-JS235-376_2018-04-11_12-34-43_9970000,1.4371760950669
0.44813129862232864,45.77643538162592,-35.273694891425215,0.0,23.80208524046585,0.0,43.08502366199072,0.025543101508545413,8,0.05523032065285059,0.001104606413057012,2,-0.049377963673750136,204,4-9-18_Schnable_49-293-JS235-376_2018-04-11_12-34-43_9970000,3.3235619643042793
0.4371612704718643,61.142733403914214,-41.99255984220834,0.0,180.2828420028928,0.0,61.91237128442884,0.04846487432561252,8,0.034349915342664884,0.0006869983068532977,3,-0.0009130893481376118,183,4-9-18_Schnable_49-293-JS235-376_2018-04-11_12-34-43_9970000,2.621065254535449
0.4435196386190399,67.80567418278036,-33.48135012321943,0.0,20.92043285598481,0.0,68.87525382125725,0.06973669862162378,8,0.07962443166046057,0.0015924886332092114,4,0.06882360927348617,202,4-9-18_Schnable_49-293-JS235-376_2018-04-11_12-34-43_9970000,3.990599745914405
0.3077173936801374,72.1006589179331,-45.44854848049645,0.0,37.92085826681052,0.0,62.30796750118988,0.1189196679559374,8,0.10088779449684022,0.0020177558899368044,5,0.18774327722942358,135,4-9-18_Schnable_49-293-JS235-376_2018-04-11_12-34-43_9970000,4.49194377740506
0.4565231072181067,70.40447460743434,-38.713709854741516,0.0,146.54405877631768,0.0,73.8695412224809,0.0,8,0.05650087824155717,0.0011300175648311433,6,0.18774327722942358,202,4-9-18_Schnable_49-293-JS235-376_2018-04-11_12-34-43_9970000,3.3615733888034383
0.3603864176919383,49.03459974138724,-139.02186921252175,0.0,341.99244188587977,0.0,44.20355045707775,0.06996162162843833,8,0.013467123148468582,0.00026934246296937166,0,-0.1264115206196223,163,4-9-18_Schnable_49-295-JS66-95_2018-04-11_12-39-06_9970200,1.641165631401571
0.36294645036078244,40.50550921143991,-97.27210335908092,0.0,156.56471980330346,0.0,38.96309382062621,0.022362952213541204,8,0.026487952097537126,0.0005297590419507426,1,-0.1040485684060811,164,4-9-18_Schnable_49-295-JS66-95_2018-04-11_12-39-06_9970200,2.3016494997082906
0.4397636602575339,47.119558573742296,-122.67256696120717,0.0,352.9977275190091,0.0,45.25204751095594,0.0218037752438814,8,0.035634714959306826,0.0007126942991861365,2,-0.0822447931621997,193,4-9-18_Schnable_49-295-JS66-95_2018-04-11_12-39-06_9970200,2.6696334939203483
0.4705846122871459,46.76666876934424,-53.13847823983677,0.0,170.85980653989344,0.0,47.32531028485685,0.030442080764220746,8,0.14220060768755885,0.002844012153751177,3,-0.05180271239797895,201,4-9-18_Schnable_49-295-JS66-95_2018-04-11_12-39-06_9970200,5.332928045409179
0.5882676687594145,58.030155829580345,-96.07085703379529,0.0,349.23136578633444,0.0,54.77373707910544,0.04160190351605122,8,0.1402483783681493,0.002804967567362986,4,-0.010200808881927733,260,4-9-18_Schnable_49-295-JS66-95_2018-04-11_12-39-06_9970200,5.296194452022117
0.5699317816475157,73.30111284555981,-91.29359735785731,0.0,194.5821653727526,0.0,67.33651098760872,0.07669117087347699,8,0.20623232212472564,0.004124646442494512,5,0.06649036199154926,275,4-9-18_Schnable_49-295-JS66-95_2018-04-11_12-39-06_9970200,6.422341039289732
0.13810467701488577,53.77389695975432,138.59492519147295,0.0,90.16975370730913,0.0,46.14317571969963,0.013855860226415967,8,0.002729680563977631,5.459361127955262e-05,6,0.08034622221796522,67,4-9-18_Schnable_49-295-JS66-95_2018-04-11_12-39-06_9970200,0.7388748965796078
0.3859861953368257,71.06321357770818,-92.27988683848686,0.0,243.96971487372298,0.0,72.54255095356275,0.11564346476151927,8,0.11513780336796901,0.00230275606735938,7,0.1959896869794845,190,4-9-18_Schnable_49-295-JS66-95_2018-04-11_12-39-06_9970200,4.7987040618893975
0.4945914031188252,69.42078449827481,-112.16761664191748,0.0,334.42744086107615,0.0,71.38091010634875,0.0,8,0.029763201804969233,0.0005952640360993846,8,0.1959896869794845,220,4-9-18_Schnable_49-295-JS66-95_2018-04-11_12-39-06_9970200,2.4398033447378187
0.3443769468611666,42.68006696170425,-125.8848760121873,0.0,65.44974707719022,0.0,40.671926293660476,0.055566677169353096,8,0.06959378866142113,0.0013918757732284226,0,-0.20711027188010656,170,4-9-18_Schnable_49-296-JS214-336_2018-04-11_12-41-20_9970300,3.7307851361723077
0.375690387245347,67.48196884873273,-112.49060136240074,0.0,245.1886842219907,0.0,60.947623039930924,0.03457102163608555,8,0.1485947356394281,0.0029718947127885618,1,-0.172539250244021,165,4-9-18_Schnable_49-296-JS214-336_2018-04-11_12-41-20_9970300,5.451508701991186
0.35017857725586066,53.06286573401634,-97.82459417587694,0.0,40.65232426884846,0.0,50.6398488189065,0.04764177572353816,8,0.16671432009027587,0.0033342864018055174,2,-0.12489747452048285,170,4-9-18_Schnable_49-296-JS214-336_2018-04-11_12-41-20_9970300,5.774328014414766
0.3572334140496192,69.3478646392916,-34.78160781121489,0.0,259.21588357188637,0.0,68.90843585993254,0.014059906737049946,8,0.036502629465546076,0.0007300525893109215,3,-0.1108375677834329,167,4-9-18_Schnable_49-296-JS214-336_2018-04-11_12-41-20_9970300,2.701948536354683
0.44222163012441024,57.223910513802004,-30.153507834297294,0.0,46.456750725517956,0.0,62.92581032020116,0.08381700299011352,8,0.13243995736921665,0.002648799147384333,4,-0.027020564793319376,206,4-9-18_Schnable_49-296-JS214-336_2018-04-11_12-41-20_9970300,5.146648567159344
0.12405187315124623,57.11242922641573,90.66401499358658,0.0,349.5365544755378,0.0,59.8206432380503,0.0,8,0.003445688955766143,6.891377911532286e-05,5,-0.027020564793319376,63,4-9-18_Schnable_49-296-JS214-336_2018-04-11_12-41-20_9970300,0.8301432353234162
0.47550136920090813,61.28590367352176,-55.10475103943948,0.0,81.44547347753459,0.0,50.38022190635994,0.10484432554288278,8,0.031138741079952854,0.0006227748215990571,6,0.0778237607495634,219,4-9-18_Schnable_49-296-JS214-336_2018-04-11_12-41-20_9970300,2.4955456749958658
0.07874559529905086,2.6937508570431303,300.0,0.0,226.86069205076564,0.0,36.737088035393406,0.1945012417636849,8,0.0316455700994465,0.00063291140198893,7,0.2723250025132483,33,4-9-18_Schnable_49-296-JS214-336_2018-04-11_12-41-20_9970300,2.5157730461806964
0.2183695085696215,69.65472151287514,-61.53318392013575,0.0,160.78285767264603,0.0,58.51393945916345,0.0,8,0.053473999002195446,0.001069479980043909,8,0.2723250025132483,89,4-9-18_Schnable_49-296-JS214-336_2018-04-11_12-41-20_9970300,3.270290476462158
0.3048493707707384,55.20836780418023,-135.79385410409918,0.0,50.4313899043888,0.0,52.368031078595656,0.08174015297799808,8,0.0034596755831546645,6.91935116630933e-05,0,-0.0701392240307459,113,4-9-18_Schnable_49-297-JS3-11_2018-04-11_12-43-34_9970400,0.8318263740895289
0.3244495465578,55.52057938140373,-75.60841727289663,0.0,213.19855920710478,0.0,56.77196890180851,0.01643592661001681,8,0.015569633574452485,0.0003113926714890497,1,-0.053703297420729094,149,4-9-18_Schnable_49-297-JS3-11_2018-04-11_12-43-34_9970400,1.7646321755228473
0.1743841739255078,65.51563672220044,-37.774733276135564,0.0,50.54387741585647,0.0,54.46333541543254,0.03766678501495969,8,0.0025645451287520417,5.1290902575040835e-05,2,-0.016036512405769407,76,4-9-18_Schnable_49-297-JS3-11_2018-04-11_12-43-34_9970400,0.7161766721629576
0.38410838253896684,63.48949454950878,-43.629119170282245,0.0,210.01579474867447,0.0,65.79208162851617,0.03258000497296168,8,0.020769457240771734,0.00041538914481543466,3,0.01654349256719227,164,4-9-18_Schnable_49-297-JS3-11_2018-04-11_12-43-34_9970400,2.0381097733327187
0.4199856452932633,67.1376320533245,-75.48881198644403,0.0,42.704802219408215,0.0,63.70132123410296,0.05343377683331005,8,0.07465653355672369,0.0014931306711344738,4,0.06997726940050232,197,4-9-18_Schnable_49-297-JS3-11_2018-04-11_12-43-34_9970400,3.86410490428828
0.3868515472092885,75.28422701047423,-76.08924156927353,0.0,211.5511663890157,0.0,73.86737876876809,0.08361523961238189,8,0.05539538141921366,0.0011079076283842732,5,0.1535925090128842,173,4-9-18_Schnable_49-297-JS3-11_2018-04-11_12-43-34_9970400,3.328524640714371
0.2510425106479861,80.6640979394289,-22.470255179648323,0.0,4.542648442714813,0.0,78.31362444776688,0.0,8,0.050982969321391604,0.001019659386427832,6,0.1535925090128842,129,4-9-18_Schnable_49-297-JS3-11_2018-04-11_12-43-34_9970400,3.19321058877712
0.18781399594542358,49.65367873384514,-121.30163623054601,0.0,15.979338197838887,0.0,42.4573284728274,0.01853249688959034,8,0.005266900611319545,0.0001053380122263909,0,-0.12404618496306723,83,4-9-18_Schnable_49-298-JS238-379_2018-04-11_12-45-46_9970500,1.0263430821435438
0.24301403657081244,63.51570742554538,-136.73348075709768,0.0,179.4360291057231,0.0,52.83901038980909,0.027362671396295585,8,0.058651415210695584,0.0011730283042139117,1,-0.09668351356677164,116,4-9-18_Schnable_49-298-JS238-379_2018-04-11_12-45-46_9970500,3.4249500787805824
0.29256208413396384,56.88281801092219,-117.96948294602234,0.0,357.8128394883091,0.0,53.215981369369366,0.024985811729298743,8,0.012567937101202763,0.00025135874202405524,2,-0.0716977018374729,120,4-9-18_Schnable_49-298-JS238-379_2018-04-11_12-45-46_9970500,1.5854297273107227
0.38942609980893905,67.700909452904,-87.06848594173944,0.0,177.78460944419325,0.0,61.21337990149397,0.039666789948399846,8,0.18770979228770354,0.003754195845754071,3,-0.032030911889073053,182,4-9-18_Schnable_49-298-JS238-379_2018-04-11_12-45-46_9970500,6.127149292904548
0.3291696397353976,73.84827077962674,-67.04507110731647,0.0,0.9060995905254624,0.0,72.63653066083167,0.09214433374623206,8,0.057292837453805714,0.0011458567490761143,4,0.060113421857159004,152,4-9-18_Schnable_49-298-JS238-379_2018-04-11_12-45-46_9970500,3.385050589099245
0.3200298020491733,70.2606735223655,-32.02281047269582,0.0,196.26546700838784,0.0,67.79519212896695,0.08289188436779166,8,0.05791966011679784,0.0011583932023359568,5,0.14300530622495067,146,4-9-18_Schnable_49-298-JS238-379_2018-04-11_12-45-46_9970500,3.4035175955707304
0.18810314816355986,79.7495034593217,-40.70523176109962,0.0,347.00344690876653,0.0,72.10416149378294,0.0,8,0.03098888945489992,0.0006197777890979984,6,0.14300530622495067,90,4-9-18_Schnable_49-298-JS238-379_2018-04-11_12-45-46_9970500,2.4895336693806702
0.1632991262907441,80.92259854062719,-82.73224605793051,0.0,343.5172053140185,0.0,74.04451480727346,0.021997227734134622,8,0.00654164421825915,0.000130832884365183,0,-0.1200066774739944,79,4-9-18_Schnable_49-299-js294-413_2018-04-11_12-48-00_9970600,1.1438220332078892
0.22104597057531636,77.69596569296985,-76.34348810571178,0.0,100.75093465682164,0.0,69.66988945611304,0.033777602630420275,8,0.02913871344459982,0.0005827742688919963,1,-0.08622907484357413,95,4-9-18_Schnable_49-299-js294-413_2018-04-11_12-48-00_9970600,2.4140718069104663
0.30630070986345004,76.22381199733739,-120.36528246008166,0.0,343.53767159141404,0.0,69.74020593673487,0.04217490437491611,8,0.01441866277192663,0.0002883732554385326,2,-0.04405417046865802,137,4-9-18_Schnable_49-299-js294-413_2018-04-11_12-48-00_9970600,1.698155633145951
0.36501910336305626,75.8958087712176,-56.47704244033477,0.0,157.25672567844884,0.0,70.05520219343651,0.06006731372344658,8,0.11744101483432573,0.0023488202966865145,3,0.016013143254788562,167,4-9-18_Schnable_49-299-js294-413_2018-04-11_12-48-00_9970600,4.84646293361098
0.4752120449813148,73.99078920200454,-97.96145777994715,0.0,344.5254155254598,0.0,70.49839514501056,0.03806417106269229,8,0.054621994769221194,0.001092439895384424,4,0.054077314317480855,228,4-9-18_Schnable_49-299-js294-413_2018-04-11_12-48-00_9970600,3.3052078533496556
0.4233140294533459,76.45089921146217,8.27370903051519,0.0,177.95792965108248,0.0,75.01205765888605,0.08809046706833809,8,0.10209663510433817,0.0020419327020867635,5,0.14216778138581895,216,4-9-18_Schnable_49-299-js294-413_2018-04-11_12-48-00_9970600,4.518774946915108
0.3031751487581341,77.60161161710509,-61.41067392871228,0.0,321.7983881385955,0.0,72.31318286529995,0.0,8,0.029855828359360206,0.0005971165671872041,6,0.14216778138581895,134,4-9-18_Schnable_49-299-js294-413_2018-04-11_12-48-00_9970600,2.4435968718002647
0.12793823743422422,65.80500926955727,-50.6144406814578,0.0,15.266196427217572,0.0,55.45868137381956,0.04783762607386813,8,0.0008049379625263713,1.6098759250527426e-05,0,-0.15471282232797956,49,4-9-18_Schnable_49-300-js124-183_2018-04-11_12-50-13_9970700,0.40123259152924534
0.27808198795530537,49.5720851579185,-88.65284206927639,0.0,184.8021730067296,0.0,47.66210647736845,0.02838782005491733,8,0.006003583701004939,0.00012007167402009878,1,-0.12632500227306223,113,4-9-18_Schnable_49-300-js124-183_2018-04-11_12-50-13_9970700,1.0957722118218676
0.39462658536805195,45.908009544900246,-117.43212473826291,0.0,12.783956621048617,0.0,39.311684763611424,0.021545197910557243,8,0.18568131351148381,0.003713626270229676,2,-0.10477980436250499,174,4-9-18_Schnable_49-300-js124-183_2018-04-11_12-50-13_9970700,6.093952961936674
0.3402690502546582,45.18945918420677,-86.1158578485128,0.0,202.89448910553463,0.0,44.494626412457016,0.026423544638600152,8,0.011949605447781451,0.00023899210895562902,3,-0.07835625972390484,142,4-9-18_Schnable_49-300-js124-183_2018-04-11_12-50-13_9970700,1.545936961701961
0.5025149485501994,57.2861368726666,-117.22051292356956,0.0,8.35301634851452,0.0,45.91923289083849,0.021642204349626715,8,0.469368220965399,0.00938736441930798,4,-0.05671405537427812,225,4-9-18_Schnable_49-300-js124-183_2018-04-11_12-50-13_9970700,9.688841220346207
0.5582166377222748,60.75866606351418,-110.0328505217938,0.0,187.48785089731044,0.0,63.223713853071416,0.048460163148012554,8,0.052374229274860386,0.0010474845854972078,5,-0.008253892226265568,245,4-9-18_Schnable_49-300-js124-183_2018-04-11_12-50-13_9970700,3.236486652988403
0.5520440267680984,60.79491434181574,-118.55208758001966,0.0,25.632475333904054,0.0,55.36847789229665,0.09112309950703953,8,0.08473940732519344,0.001694788146503869,6,0.08286920728077397,255,4-9-18_Schnable_49-300-js124-183_2018-04-11_12-50-13_9970700,4.116780473262898
0.20422133462589756,89.5,116.24225212448744,0.0,150.79415835114153,0.0,86.5984356593172,0.1220000031246166,8,0.025948413737991533,0.0005189682747598306,7,0.20486921040539058,99,4-9-18_Schnable_49-300-js124-183_2018-04-11_12-50-13_9970700,2.2780875197406942
0.3801352792210093,60.29912954130931,-88.64276267901253,0.0,198.89735774077147,0.0,56.97450792575834,0.0,8,0.09263024984293759,0.001852604996858752,8,0.20486921040539058,175,4-9-18_Schnable_49-300-js124-183_2018-04-11_12-50-13_9970700,4.304189815585219
0.21453122712331069,64.56429999964871,-74.11390351940084,0.0,229.20958193020778,0.0,59.60046630476282,0.035990514989268765,8,0.0582617088846121,0.001165234177692242,0,-0.0966074668857272,94,4-9-18_Schnable_49-301-js83-120_2018-04-11_12-52-27_9970800,3.4135526620988905
0.18816878153553585,67.29969887216274,-94.65212396146896,0.0,10.484056265378944,0.0,59.571781714915694,0.038737765107735495,8,0.012860169714255508,0.00025720339428511016,1,-0.05786970177799171,86,4-9-18_Schnable_49-301-js83-120_2018-04-11_12-52-27_9970800,1.6037561980709851
0.2864614510134963,57.746922724657736,-102.8906276317423,0.0,207.4728036015055,0.0,54.22022582876027,0.02936737669886789,8,0.010087203019467448,0.00020174406038934897,2,-0.028502325079123817,124,4-9-18_Schnable_49-301-js83-120_2018-04-11_12-52-27_9970800,1.4203663625605507
0.3535555551423985,68.42598762988855,-102.01537776531974,0.0,16.978041727856265,0.0,63.024320352979494,0.034757748280155175,8,0.04695178990764843,0.0009390357981529686,3,0.006255423201031357,141,4-9-18_Schnable_49-301-js83-120_2018-04-11_12-52-27_9970800,3.064369100080747
0.27227183440667047,64.35678357526344,-11.717461066843288,0.0,218.79065628873016,0.0,68.67345521894336,0.04346779913644485,8,0.010086335130411586,0.0002017267026082317,4,0.049723222337476204,126,4-9-18_Schnable_49-301-js83-120_2018-04-11_12-52-27_9970800,1.420305258063321
0.17121319915697963,80.88076032399813,-9.81803970849838,0.0,199.02713522687213,0.0,73.49034560345297,0.08351179034224107,8,0.01137730297645278,0.00022754605952905561,5,0.13323501267971727,92,4-9-18_Schnable_49-301-js83-120_2018-04-11_12-52-27_9970800,1.5084629910244918
0.3092814784571535,74.67728684045265,-12.22028698356643,0.0,11.024448947438184,0.0,73.72910321329,0.0,8,0.023228509441321515,0.00046457018882643033,6,0.13323501267971727,142,4-9-18_Schnable_49-301-js83-120_2018-04-11_12-52-27_9970800,2.1553890340874204
0.3127095766137455,34.12810584316565,-140.14327756436066,0.0,3.8407450087690775,0.0,32.244324850636964,0.05985894580785936,8,0.01607261712391075,0.000321452342478215,0,-0.09194245581946492,130,4-9-18_Schnable_49-303-JS33-2-57_2018-04-11_12-56-54_9971000,1.7929092070660326
0.35445484794766846,51.7038225993594,-170.61134944992116,0.0,170.26891720373663,0.0,45.80342478531393,0.01678018037174331,8,0.12088040725430337,0.002417608145086067,1,-0.07516227544772161,157,4-9-18_Schnable_49-303-JS33-2-57_2018-04-11_12-56-54_9971000,4.916917881240307
0.39221381480203504,50.973771017315784,-132.44425624855032,0.0,0.1233633640589852,0.0,47.72346292733089,0.025623312844553096,8,0.04789340823187574,0.0009578681646375147,2,-0.049538962603168514,170,4-9-18_Schnable_49-303-JS33-2-57_2018-04-11_12-56-54_9971000,3.0949445304197534
0.42880413561420383,55.76290752765019,-102.90762810014272,0.0,173.32771389245627,0.0,51.578953635962634,0.03268512977324152,8,0.15193307186246388,0.003038661437249278,3,-0.016853832829926994,187,4-9-18_Schnable_49-303-JS33-2-57_2018-04-11_12-56-54_9971000,5.512405497828763
0.46731561595986343,55.977831530175216,-71.82403800713028,0.0,0.7544432780891367,0.0,55.39937610057958,0.0375451805150363,8,0.03639917119925663,0.0007279834239851327,4,0.02069134768510931,198,4-9-18_Schnable_49-303-JS33-2-57_2018-04-11_12-56-54_9971000,2.6981167950723197
0.47616695794956393,69.42859430473915,-57.779779228812274,0.0,201.53138033564053,0.0,71.7627494132626,0.06758060815455183,8,0.1542689887133475,0.0030853797742669497,5,0.08827195583966113,222,4-9-18_Schnable_49-303-JS33-2-57_2018-04-11_12-56-54_9971000,5.554619495759318
0.22013823219684236,82.17742955011798,-11.505141175202539,0.0,176.26295006652705,0.0,80.50343305216586,0.06317761920044337,8,0.020280164690115468,0.00040560329380230934,6,0.1514495750401045,114,4-9-18_Schnable_49-303-JS33-2-57_2018-04-11_12-56-54_9971000,2.0139595174737486
0.3713763944681022,76.4620331746784,-43.98616654887113,0.0,348.5057145332717,0.0,72.75533624255404,0.0,8,0.03443401736532853,0.0006886803473065705,7,0.1514495750401045,179,4-9-18_Schnable_49-303-JS33-2-57_2018-04-11_12-56-54_9971000,2.6242719891554125
0.2587443721766482,75.83975051258264,-154.83142087205835,0.0,127.67121121770266,0.0,66.22034271157123,0.07624698970922124,8,0.04426717031446506,0.0008853434062893012,0,-0.10751859220138109,117,4-9-18_Schnable_49-304-JS152-220_2018-04-11_12-59-08_9971100,2.975472073956167
0.3718187404947368,58.11876403425894,-141.3220643782006,0.0,347.2818054671374,0.0,53.639656315884466,0.026935757903243998,8,0.024213689964593776,0.00048427379929187554,1,-0.08058283429813709,161,4-9-18_Schnable_49-304-JS152-220_2018-04-11_12-59-08_9971100,2.2006221831379316
0.4101252552343375,67.3868213576308,63.91834472073184,0.0,145.44975551322622,0.0,72.78030148998613,0.03547945888980022,8,0.38336536833324913,0.007667307366664983,2,-0.04510337540833687,197,4-9-18_Schnable_49-304-JS152-220_2018-04-11_12-59-08_9971100,8.756316215546914
0.45769064740848514,60.25668686739537,-105.13288823682524,0.0,348.3438700701581,0.0,59.39384019376033,0.01463339420362509,8,0.07710295760445131,0.0015420591520890262,3,-0.030469981204711782,205,4-9-18_Schnable_49-304-JS152-220_2018-04-11_12-59-08_9971100,3.926906100340351
0.4543069218471496,75.50643812173584,4.855376727325702,0.0,172.8547821951763,0.0,78.96847568329561,0.029994576336360226,8,0.14387878306917332,0.0028775756613834665,4,-0.00047540486835155745,234,4-9-18_Schnable_49-304-JS152-220_2018-04-11_12-59-08_9971100,5.364303926310912
0.5165157674902563,63.05757451528863,-47.93612630222002,0.0,334.68703012710154,0.0,62.45757932764916,0.03079619762380829,8,0.10449823527569757,0.0020899647055139512,5,0.030320792755456735,224,4-9-18_Schnable_49-304-JS152-220_2018-04-11_12-59-08_9971100,4.571613178642689
0.2836049231213328,68.55221538998644,-58.399098533772495,0.0,268.38361696652686,0.0,63.53372517540324,0.07655069363274164,8,0.08196279379492491,0.001639255875898498,6,0.10687148638819838,131,4-9-18_Schnable_49-304-JS152-220_2018-04-11_12-59-08_9971100,4.048772500275236
0.6178562831720236,71.2048653796686,-128.08225312357825,0.0,355.47148712526837,0.0,61.25293933187578,0.00807210017280778,8,0.09427546190113066,0.0018855092380226132,7,0.11494358656100616,285,4-9-18_Schnable_49-304-JS152-220_2018-04-11_12-59-08_9971100,4.342245085232538
0.15499139463050352,82.35423658288346,-42.92307302370916,0.0,324.9218182579822,0.0,70.53113621080558,0.0,8,0.01080119847033344,0.00021602396940666882,8,0.11494358656100616,79,4-9-18_Schnable_49-304-JS152-220_2018-04-11_12-59-08_9971100,1.4697753889852314
0.20523857104874346,34.65098604910277,259.02939474101737,0.0,255.10265013959105,0.0,63.351315270905815,7.286327391042846e-05,8,0.0530599281851855,0.00106119856370371,9,0.11501644983491659,96,4-9-18_Schnable_49-304-JS152-220_2018-04-11_12-59-08_9971100,3.2576042787663915
0.1493798076825985,78.23831148837496,53.71652042886471,0.0,104.23181571210287,0.0,77.12827126223472,0.04763927216494275,8,0.025467929229998486,0.0005093585845999697,10,0.16265572199985934,74,4-9-18_Schnable_49-304-JS152-220_2018-04-11_12-59-08_9971100,2.256897393768644
0.5506762089652852,82.66244762643927,-99.89449141554641,0.0,236.37460312472913,0.0,78.499761689966,0.0,8,0.387799578354173,0.00775599156708346,11,0.16265572199985934,274,4-9-18_Schnable_49-304-JS152-220_2018-04-11_12-59-08_9971100,8.806810754798503
0.2813736677102868,49.70929753534608,-81.13247522676104,0.0,181.6584710059558,0.0,45.337795548064975,0.11240001699250905,8,0.044312960918346,0.0008862592183669201,0,0.01933849390228953,119,4-9-18_Schnable_49-305-JS190-298_2018-04-11_01-01-22_9971200,2.977010611951056
0.01541348460451409,89.5,226.7718117591481,0.0,199.94898956131078,0.0,28.6580895944546,0.11370419539988094,8,0.005205404920352975,0.00010410809840705949,1,0.13304268930217047,6,4-9-18_Schnable_49-305-JS190-298_2018-04-11_01-01-22_9971200,1.0203337611147614
0.4816387581584839,55.51185637404955,300.0,0.0,63.790806467657404,0.0,80.13585089421258,0.0,8,0.6919840793148602,0.013839681586297203,2,0.13304268930217047,240,4-9-18_Schnable_49-305-JS190-298_2018-04-11_01-01-22_9971200,11.764217605220164
0.3138693305249324,56.14536633162295,-114.22963999874305,0.0,63.748899365753765,0.0,52.36977330909806,0.0779720137140115,8,0.023556451869855603,0.0004711290373971121,0,-0.07713897102784895,143,4-9-18_Schnable_49-306-JS174-2-252_2018-04-11_01-03-35_9971300,2.170550707532796
0.3387358263239488,56.82843323635637,-96.89588087664858,0.0,233.7591153714564,0.0,56.958135149906056,0.015182469425179722,8,0.023049284374219246,0.0004609856874843849,1,-0.061956501602669224,166,4-9-18_Schnable_49-306-JS174-2-252_2018-04-11_01-03-35_9971300,2.1470577250842253
0.18798832936564833,74.14022594076822,-79.94369973674503,0.0,74.46929389967792,0.0,50.297674039090865,0.004125421477513408,8,0.011620336873311595,0.0002324067374662319,2,-0.057831080125155816,86,4-9-18_Schnable_49-306-JS174-2-252_2018-04-11_01-03-35_9971300,1.5244892176274383
0.07906420797373688,63.397944320543715,-5.901948975615634,0.0,98.5908839403049,0.0,22.70330527090301,0.01359750062075711,8,0.004575452804113428,9.150905608226856e-05,3,-0.044233579504398705,35,4-9-18_Schnable_49-306-JS174-2-252_2018-04-11_01-03-35_9971300,0.9566036592145598
0.09294212895412021,82.86117498479751,-81.74318010553648,0.0,132.98698419371252,0.0,45.66202195116724,0.016034584138818406,8,0.0027588477488746438,5.517695497749288e-05,4,-0.0281989953655803,35,4-9-18_Schnable_49-306-JS174-2-252_2018-04-11_01-03-35_9971300,0.742811920862158
0.30996587585846924,64.90733033445875,-43.880219598174385,0.0,249.32000880836748,0.0,59.70045249098382,0.03488062457500269,8,0.030751822528103254,0.0006150364505620651,5,0.006681629209422393,141,4-9-18_Schnable_49-306-JS174-2-252_2018-04-11_01-03-35_9971300,2.4799928438648067
0.3708753353071688,66.76260127591773,-44.35516612830862,0.0,71.0207995580749,0.0,66.38496667635955,0.06302572082681261,8,0.02457801647986551,0.0004915603295973102,6,0.069707350036235,163,4-9-18_Schnable_49-306-JS174-2-252_2018-04-11_01-03-35_9971300,2.2171159861344876
0.4012420238113503,59.76070650913591,-72.5281149544241,0.0,218.57447404110783,0.0,62.10075297115508,0.0818401158809925,8,0.05051343340427822,0.0010102686680855644,7,0.1515474659172275,191,4-9-18_Schnable_49-306-JS174-2-252_2018-04-11_01-03-35_9971300,3.178472381641163
0.13127370490932821,88.35789125173358,-51.7587993291561,0.0,17.689481542202067,0.0,47.03300174479958,0.0035970985427058455,8,0.0016276280408935454,3.2552560817870905e-05,8,0.15514456445993335,64,4-9-18_Schnable_49-306-JS174-2-252_2018-04-11_01-03-35_9971300,0.5705485151840368
0.28096761542007076,55.00375215302435,-29.307119016192317,0.0,100.95782086630946,0.0,53.71310944234176,0.0,8,0.02112269477673669,0.0004224538955347338,9,0.15514456445993335,116,4-9-18_Schnable_49-306-JS174-2-252_2018-04-11_01-03-35_9971300,2.055368325957014
0.2774274047714781,53.28782346470309,-104.95482323031993,0.0,34.850042533400234,0.0,50.41828816820338,0.05605966299076162,8,0.006209971370009749,0.00012419942740019498,0,-0.08706335481182415,123,4-9-18_Schnable_49-308-js23-1-38_2018-04-11_01-08-04_9971500,1.1144479682793405
0.3575138213762219,68.4401974092144,-55.03191883734895,0.0,182.0473257408994,0.0,65.52471106191673,0.03136907669705203,8,0.0256615520403623,0.000513231040807246,1,-0.055694278114772115,159,4-9-18_Schnable_49-308-js23-1-38_2018-04-11_01-08-04_9971500,2.265460308209451
0.41156439189933663,60.6746509416873,-100.6576539569555,0.0,13.087309837748107,0.0,59.99471662143686,0.0,8,0.02716066809672643,0.0005432133619345286,2,-0.0566826315647117,195,4-9-18_Schnable_49-308-js23-1-38_2018-04-11_01-08-04_9971500,2.3306938064330303
0.3226200770803258,55.03014209541282,-72.2964303929915,0.0,171.05734852157215,0.0,54.5046882078022,0.000988353449939583,8,0.02615762638862565,0.000523152527772513,3,-0.055694278114772115,149,4-9-18_Schnable_49-308-js23-1-38_2018-04-11_01-08-04_9971500,2.2872527795862725
0.09381246460065215,79.72410557164216,-41.661581955513064,0.0,6.505936955011023,0.0,46.13580412156283,0.03932247484359537,8,0.006763191729118639,0.00013526383458237277,4,-0.01637180327117675,43,4-9-18_Schnable_49-308-js23-1-38_2018-04-11_01-08-04_9971500,1.1630298129556815
0.4334130210556449,63.20770331694021,-65.081307848506,0.0,3.094632618178148,0.0,63.35111034217405,0.015818501385751343,8,0.046312779394642165,0.0009262555878928433,5,-0.0005533018854254052,201,4-9-18_Schnable_49-308-js23-1-38_2018-04-11_01-08-04_9971500,3.043444738931271
0.41467802840819473,69.5101428469473,-64.15107677164845,0.0,192.8466578172624,0.0,70.675653229643,0.0765706337705709,8,0.08072487330826628,0.0016144974661653254,6,0.07601733188514549,192,4-9-18_Schnable_49-308-js23-1-38_2018-04-11_01-08-04_9971500,4.018080967533289
0.1226176189490193,87.68156697282552,-0.49809050801299826,0.0,101.90146946248757,0.0,66.34897105521294,0.0,8,0.002258201241517511,4.5164024830350215e-05,7,0.07601733188514549,61,4-9-18_Schnable_49-308-js23-1-38_2018-04-11_01-08-04_9971500,0.6720418501131474
0.40103642204574774,67.68846314312009,-74.08454456842523,0.0,339.1909729599585,0.0,72.37697486945827,0.052183139069946385,8,0.04083896255148152,0.0008167792510296304,8,0.12820047095509188,172,4-9-18_Schnable_49-308-js23-1-38_2018-04-11_01-08-04_9971500,2.8579350080602435
0.26501525725586356,68.29393585713972,-26.06932940284038,0.0,214.38695958558927,0.0,66.56058816278691,0.0,8,0.014496921103074732,0.00028993842206149464,9,0.12820047095509188,116,4-9-18_Schnable_49-308-js23-1-38_2018-04-11_01-08-04_9971500,1.7027578279411746
0.26061913301317946,36.84967965902786,-53.395167050415424,0.0,237.05190984457892,0.0,40.87693790445699,0.06071444215311472,8,0.03887113420231943,0.0007774226840463885,0,-0.06447625030390883,123,4-9-18_Schnable_49-309-JS122-179_2018-04-11_01-10-16_9971600,2.7882300551539654
0.2839297822958834,49.13791133338861,-94.4252561539986,0.0,22.28772527813383,0.0,47.39664942079955,0.013159847396308086,8,0.01254725651814539,0.00025094513036290784,1,-0.05131640290760074,116,4-9-18_Schnable_49-309-JS122-179_2018-04-11_01-10-16_9971600,1.584124775271531
0.3483981878927131,38.03207870622565,-61.65590498966705,0.0,196.90160729828304,0.0,41.233314470761705,0.015811003399597928,8,0.055347581009600105,0.001106951620192002,2,-0.03550539950800281,143,4-9-18_Schnable_49-309-JS122-179_2018-04-11_01-10-16_9971600,3.3270882467887772
0.07435335562926848,89.5,-49.15942896011642,0.0,147.95625316688924,0.0,60.932212215059586,0.0073457014857230205,8,0.0014814198994554254,2.962839798910851e-05,3,-0.028159698022279793,37,4-9-18_Schnable_49-309-JS122-179_2018-04-11_01-10-16_9971600,0.5443197404936597
0.3612364921004543,58.708529628373455,-87.36028919865063,0.0,17.51078334939279,0.0,56.46035257657859,0.005936488442790003,8,0.027713901816620205,0.000554278036332404,4,-0.02222320957948979,146,4-9-18_Schnable_49-309-JS122-179_2018-04-11_01-10-16_9971600,2.3543110166934276
0.39989780479226966,55.20710867378801,-46.13684909712544,0.0,214.61543057891328,0.0,57.26121140383726,0.03180552059750327,8,0.07113039517916848,0.0014226079035833698,5,0.00958231101801348,178,4-9-18_Schnable_49-309-JS122-179_2018-04-11_01-10-16_9971600,3.7717474777394226
0.4244619219784835,73.30001934002705,-41.89599903347706,0.0,7.404407674230675,0.0,71.13062144700933,0.07832414996744612,8,0.03796098118782312,0.0007592196237564625,6,0.0879064609854596,179,4-9-18_Schnable_49-309-JS122-179_2018-04-11_01-10-16_9971600,2.7553940258272727
0.31579183861999655,76.40872168761278,-41.115126374909366,0.0,243.17195164534257,0.0,78.1316571347301,0.03719070967117896,8,0.05913973070896897,0.0011827946141793793,7,0.12509717065663856,151,4-9-18_Schnable_49-309-JS122-179_2018-04-11_01-10-16_9971600,3.439178120102795
0.15537632992849915,85.98649390579662,-34.90274610297528,0.0,74.36621341520865,0.0,69.55016165579676,0.0,8,0.009592984066440484,0.00019185968132880968,8,0.12509717065663856,69,4-9-18_Schnable_49-309-JS122-179_2018-04-11_01-10-16_9971600,1.3851342221200431
0.25723907353424474,68.75230604464562,-157.60740462237175,0.0,340.9236304419477,0.0,62.69730416883278,0.05430118205965263,8,0.0715571658128844,0.0014311433162576882,0,-0.12102185348150578,112,4-9-18_Schnable_49-310-JS201-314_2018-04-11_01-12-29_9971700,3.7830454877752766
0.2983903700620662,64.64948221532606,-110.9004228932526,0.0,172.77028708546658,0.0,62.93105088728408,0.03256715827355039,8,0.011878244144463259,0.00023756488288926517,1,-0.08845469520795539,133,4-9-18_Schnable_49-310-JS201-314_2018-04-11_01-12-29_9971700,1.5413139942570597
0.36932611539966614,59.06953426796488,-127.88449961012951,0.0,348.16804406627017,0.0,54.7744113768858,0.02772250198422182,8,0.12352784152389527,0.0024705568304779057,2,-0.06073219322373357,171,4-9-18_Schnable_49-310-JS201-314_2018-04-11_01-12-29_9971700,4.970469626180112
0.31726536115949344,74.32947955890987,-65.61010983018737,0.0,177.88574707675207,0.0,68.94386918400903,0.0,8,0.046255346106223255,0.0009251069221244651,3,-0.06073219322373357,144,4-9-18_Schnable_49-310-JS201-314_2018-04-11_01-12-29_9971700,3.0415570389595934
0.10640580567786062,77.64869988530293,35.47955548884029,0.0,269.13690268186826,0.0,61.48446143513651,0.06400604042953328,8,0.0046332782844014046,9.266556568802809e-05,4,0.003273847205799711,53,4-9-18_Schnable_49-310-JS201-314_2018-04-11_01-12-29_9971700,0.9626295532967397
0.46810765908024266,57.84031984989411,-100.21607185305952,0.0,350.68669633776517,0.0,54.735006554222224,0.013888954737512563,8,0.15557470564616185,0.003111494112923237,5,0.017162801943312274,219,4-9-18_Schnable_49-310-JS201-314_2018-04-11_01-12-29_9971700,5.578076830703605
0.5016345231885777,66.03771244277351,-50.20975157816268,0.0,195.77748619047625,0.0,67.73659540273026,0.038611043962473265,8,0.08807870847907427,0.0017615741695814855,6,0.05577384590578554,208,4-9-18_Schnable_49-310-JS201-314_2018-04-11_01-12-29_9971700,4.197111113112786
0.4772172869154757,66.75341870438446,-69.51310246009128,0.0,308.6076165917757,0.0,55.5458338641691,0.11773828672417094,8,0.11210110758185539,0.0022420221516371076,7,0.1735121326299565,228,4-9-18_Schnable_49-310-JS201-314_2018-04-11_01-12-29_9971700,4.734999632140543
0.38515095183854564,68.39247767303301,-64.27049514832066,0.0,210.19135023389802,0.0,67.75108926588567,0.0,8,0.0189315177290645,0.00037863035458129003,8,0.1735121326299565,174,4-9-18_Schnable_49-310-JS201-314_2018-04-11_01-12-29_9971700,1.9458426313072956
0.25318533553517275,59.031749935564605,-139.12481049834895,0.0,12.761463368073871,0.0,57.068412984008226,0.08021110611766226,8,0.013586767386821085,0.0002717353477364217,0,0.014055331225656434,119,4-9-18_Schnable_49-311-JS47-76_2018-04-11_01-14-42_9971800,1.6484397099573334
0.2725335913177282,65.70126840238937,-99.37514735063458,0.0,218.46409842115747,0.0,58.415147228892714,0.012258924802864548,8,0.017002150012226293,0.00034004300024452586,1,0.026314256028520982,116,4-9-18_Schnable_49-311-JS47-76_2018-04-11_01-14-42_9971800,1.8440254885562886
0.246493942856096,60.900006943325224,-66.12794952223078,0.0,43.21521237780969,0.0,60.10825187185122,0.03933729765930882,8,0.010187884279850982,0.00020375768559701963,2,0.06565155368782981,111,4-9-18_Schnable_49-311-JS47-76_2018-04-11_01-14-42_9971800,1.4274371635803085
0.2105037307941663,89.5,31.329835493816024,0.0,333.7495132767525,0.0,86.36571374648442,0.0,8,0.03284664792538475,0.0006569329585076949,3,0.06565155368782981,113,4-9-18_Schnable_49-311-JS47-76_2018-04-11_01-14-42_9971800,2.5630703433727584
0.2403978427329342,60.67148534643336,-95.80954266828007,0.0,163.03825368977766,0.0,53.49732238033648,0.11507142207785036,8,0.012618119241073962,0.0002523623848214792,0,-0.011312490063179982,117,4-9-18_Schnable_49-312-JS93-1-130_2018-04-11_01-16-55_9971900,1.588591781489125
0.2174297610116814,40.83838991480512,-108.3070837965694,0.0,179.56479841584994,0.0,40.49742235198211,0.0,8,0.007552382919927863,0.00015104765839855726,1,-0.011312490063179982,98,4-9-18_Schnable_49-312-JS93-1-130_2018-04-11_01-16-55_9971900,1.2290144767192828
0.09450098384873891,58.92443817496544,17.676216751585272,0.0,8.063672559603383,0.0,45.743657811362105,0.01925188099697484,8,0.0017632675137102972,3.5265350274205944e-05,2,0.007939390933794857,42,4-9-18_Schnable_49-312-JS93-1-130_2018-04-11_01-16-55_9971900,0.5938463629105254
0.2693047009171503,66.79219190120696,-25.019094065028177,0.0,189.53694458725778,0.0,54.46043689441367,0.07551805855172525,8,0.008331368898954096,0.0001666273779790819,3,0.0834574494855201,124,4-9-18_Schnable_49-312-JS93-1-130_2018-04-11_01-16-55_9971900,1.290842275334527
0.47373914363368796,69.94491500717176,-58.10193555472493,0.0,227.25290312900378,0.0,74.76880136968244,0.048350700355419454,8,0.05245134918121195,0.001049026983624239,4,0.13180814984093955,217,4-9-18_Schnable_49-312-JS93-1-130_2018-04-11_01-16-55_9971900,3.238868604349733
0.4382378939920083,62.97074043407783,-71.85334340309923,0.0,3.370411419963768,0.0,70.91115818385225,0.0,8,0.09059361773722852,0.0018118723547445703,5,0.13180814984093955,213,4-9-18_Schnable_49-312-JS93-1-130_2018-04-11_01-16-55_9971900,4.256609395686396
0.21764421978758963,32.64887718211297,-192.95850503719555,0.0,20.17050485770069,0.0,33.21916200676663,0.05805189150639102,8,0.005935854964860786,0.00011871709929721572,0,-0.10791098636943551,98,4-9-18_Schnable_49-313-JS49-2-78_2018-04-11_01-19-08_9972000,1.0895737666501324
0.246484407588615,22.572365652526262,-160.7422748054132,0.0,202.2042257464858,0.0,24.758408688089226,0.03207056336731408,8,0.007198316812763665,0.0001439663362552733,1,-0.07584042300212143,117,4-9-18_Schnable_49-313-JS49-2-78_2018-04-11_01-19-08_9972000,1.1998597261983306
0.2663909367748088,40.06204107457362,-172.99577459987492,0.0,50.695945787422474,0.0,40.27324597953298,0.01800610553650589,8,0.012583576895216608,0.00025167153790433216,2,-0.05783431746561554,128,4-9-18_Schnable_49-313-JS49-2-78_2018-04-11_01-19-08_9972000,1.5864158909451587
0.0665301947495869,89.5,42.31749894039151,0.0,347.53884860280135,0.0,44.700899547678645,0.022123457099892094,8,0.011620753071351313,0.00023241506142702626,3,-0.03571086036572345,27,4-9-18_Schnable_49-313-JS49-2-78_2018-04-11_01-19-08_9972000,1.5245165182018405
0.3882764878646627,38.13053458024941,-230.92993535363007,0.0,208.37875158031048,0.0,34.55172892906992,0.00402754399621473,8,0.03798336451016354,0.0007596672902032708,4,-0.03168331636950872,182,4-9-18_Schnable_49-313-JS49-2-78_2018-04-11_01-19-08_9972000,2.7562062517222303
0.2906794316099117,52.899615543296925,-137.63671568647757,0.0,43.444846986158915,0.0,44.991216374085006,0.015860637637970625,8,0.006965398412359025,0.00013930796824718048,5,-0.015822678731538094,133,4-9-18_Schnable_49-313-JS49-2-78_2018-04-11_01-19-08_9972000,1.1802879659099321
0.416588526805798,52.46546341564474,-119.78021465986588,0.0,200.70724595463372,0.0,52.41538052468083,0.04403144163284345,8,0.15262537114039815,0.003052507422807963,6,0.02820876290130535,199,4-9-18_Schnable_49-313-JS49-2-78_2018-04-11_01-19-08_9972000,5.524950156162464
0.39049000578136206,60.5831417847785,-114.16291491346036,0.0,26.65652519306365,0.0,57.659636095,0.059838129136240384,8,0.06187645813132676,0.001237529162626535,7,0.08804689203754573,172,4-9-18_Schnable_49-313-JS49-2-78_2018-04-11_01-19-08_9972000,3.517853269575829
0.3557521443659845,57.20312290286381,-129.8155037901185,0.0,218.92205505143951,0.0,67.26745102864061,0.07853677995483332,8,0.058627536298813135,0.0011725507259762627,8,0.16658367199237906,181,4-9-18_Schnable_49-313-JS49-2-78_2018-04-11_01-19-08_9972000,3.4242528031327693
0.2245977348552786,77.3548638948572,-18.67412966113079,0.0,339.92758329772477,0.0,72.49318393976712,0.0,8,0.014918931076584919,0.00029837862153169836,9,0.16658367199237906,113,4-9-18_Schnable_49-313-JS49-2-78_2018-04-11_01-19-08_9972000,1.7273639498718802
0.2727323518333936,49.70896833148695,-101.22331975163432,0.0,293.62761091784967,0.0,47.21766717772827,0.09817599178839127,8,0.02799493557529147,0.0005598987115058294,0,-0.07068833934485953,125,4-9-18_Schnable_49-314-JS210-330_2018-04-11_01-21-22_9972100,2.3662178925572963
0.4211556048855891,42.27107943487398,-25.954761598796498,0.0,189.25904657348886,0.0,45.71161370963785,0.008144166651797097,8,0.06733420627579427,0.0013466841255158853,1,-0.06254417269306244,193,4-9-18_Schnable_49-314-JS210-330_2018-04-11_01-21-22_9972100,3.6697195063327186
0.2710043847761787,69.12751541485785,-152.36955854734353,0.0,223.03921111521467,0.0,57.29357737283765,0.03448954847929002,8,0.07107009736280934,0.0014214019472561868,2,-0.028054624213772413,122,4-9-18_Schnable_49-314-JS210-330_2018-04-11_01-21-22_9972100,3.770148468238601
0.4498709376208643,62.543934458635654,-81.54808973819759,0.0,186.16083085394766,0.0,55.93098208137003,0.0,8,0.03021501656871483,0.0006043003313742966,3,-0.028054624213772413,194,4-9-18_Schnable_49-314-JS210-330_2018-04-11_01-21-22_9972100,2.4582520850683656
0.47363322575944267,57.779959696000574,-106.38051922116897,0.0,326.0962573818115,0.0,58.50318307792168,0.011455756974210897,8,0.15324775687739134,0.0030649551375478267,4,-0.016598867239561516,204,4-9-18_Schnable_49-314-JS210-330_2018-04-11_01-21-22_9972100,5.536203697072414
0.48822733125659934,62.88556134903737,-114.11605220447457,0.0,203.76459081049632,0.0,63.20888816595277,0.12688120223012894,8,0.0791816259889318,0.0015836325197786361,5,0.11028233499056742,216,4-9-18_Schnable_49-314-JS210-330_2018-04-11_01-21-22_9972100,3.9794880572488673
0.15681120427590964,82.16516003344127,-30.217673541548915,0.0,127.34108217274554,0.0,56.0374508144026,0.0,8,0.008419479607114977,0.00016838959214229954,6,0.11028233499056742,74,4-9-18_Schnable_49-314-JS210-330_2018-04-11_01-21-22_9972100,1.2976501537097722
0.29911622279804895,70.61913130673258,-70.71516689866687,0.0,27.047166939701636,0.0,65.11253064299186,0.05641893444462595,8,0.01450053715324429,0.00029001074306488577,7,0.16670126943519337,126,4-9-18_Schnable_49-314-JS210-330_2018-04-11_01-21-22_9972100,1.7029701790251224
0.44637356496881764,54.511078297872835,-96.24111955284107,0.0,302.96217243248486,0.0,59.451946751897744,0.0,8,0.02871916045898603,0.0005743832091797206,8,0.16670126943519337,193,4-9-18_Schnable_49-314-JS210-330_2018-04-11_01-21-22_9972100,2.3966293188136554
0.18649564646453515,60.51176425472695,-161.1394471394659,0.0,131.18052327629454,0.0,55.39727005771794,0.031663173053494004,8,0.005472358386701698,0.00010944716773403395,0,-0.12822335237880356,88,4-9-18_Schnable_49-315-JS81-2-113_2018-04-11_01-23-35_9972200,1.0461700040339235
0.24219493019307387,70.63925818517656,-173.52586012422603,0.0,354.7465809897399,0.0,62.89399382047494,0.033035680217126606,8,0.009918440310300243,0.00019836880620600485,1,-0.09518767216167695,107,4-9-18_Schnable_49-315-JS81-2-113_2018-04-11_01-23-35_9972200,1.408434614052086
0.31879561080753005,64.53571052220583,-144.5995352768983,0.0,134.7113845110528,0.0,60.36339782188475,0.03009018055457556,8,0.030140467031531774,0.0006028093406306355,2,-0.06509749160710139,151,4-9-18_Schnable_49-315-JS81-2-113_2018-04-11_01-23-35_9972200,2.455217588383228
0.3775189116461134,70.55284197676663,-115.03259418945619,0.0,302.7467349558894,0.0,64.57328358630565,0.031610230257745967,8,0.06036965398940505,0.001207393079788101,3,-0.033487261349355424,169,4-9-18_Schnable_49-315-JS81-2-113_2018-04-11_01-23-35_9972200,3.4747562213601415
0.4175666981025247,69.82385789677022,-73.57761816894265,0.0,135.90802902769238,0.0,68.05815256490372,0.05683389077602831,8,0.05189643691885573,0.0010379287383771147,4,0.023346629426672885,199,4-9-18_Schnable_49-315-JS81-2-113_2018-04-11_01-23-35_9972200,3.221690143972748
0.37544582437778173,81.47035220799262,-100.03767969749417,0.0,238.59978918956563,0.0,77.18177123843317,0.1344340164610126,8,0.13716778795420959,0.0027433557590841916,5,0.1577806458876855,164,4-9-18_Schnable_49-315-JS81-2-113_2018-04-11_01-23-35_9972200,5.237705374574053
0.2285827673205512,72.52438969693674,-69.51976811558124,0.0,138.62555924338403,0.0,74.17973797406714,0.0,8,0.017000145567818887,0.00034000291135637774,6,0.1577806458876855,102,4-9-18_Schnable_49-315-JS81-2-113_2018-04-11_01-23-35_9972200,1.8439167859650762
0.29327898121421775,58.06847277285257,-118.08063504729371,0.0,348.1006474558032,0.0,56.06706372313608,0.07485319793574881,8,0.008038834682757439,0.0001607766936551488,0,-0.09709337564102465,125,4-9-18_Schnable_49-316-JS180-270_2018-04-11_01-25-48_9972300,1.2679774984405237
0.14067765877468844,71.20930025332227,-26.042275571996107,0.0,195.4103160799983,0.0,65.68201311041078,0.02693323244561284,8,0.002977957930769415,5.95591586153883e-05,1,-0.0701601431954118,71,4-9-18_Schnable_49-316-JS180-270_2018-04-11_01-25-48_9972300,0.771745804105136
0.3350929404311005,50.579836589784975,-108.51169447495931,0.0,348.18838757872555,0.0,51.7999562193379,0.02952566403936306,8,0.04095200972234064,0.0008190401944468129,2,-0.040634479156048744,139,4-9-18_Schnable_49-316-JS180-270_2018-04-11_01-25-48_9972300,2.8618878287710943
0.4442042182952889,59.6888868844194,-74.4365051624946,0.0,5.353238291596954,0.0,57.52341404696256,0.061334405827156685,8,0.20453260935634626,0.004090652187126925,3,0.020699926671107937,201,4-9-18_Schnable_49-316-JS180-270_2018-04-11_01-25-48_9972300,6.395820656590462
0.5028010908139129,59.06299495578449,0.8872552001292291,0.0,174.7028387539744,0.0,62.219001973360164,0.04686636077903557,8,0.284633473134561,0.00569266946269122,4,0.06756628745014351,227,4-9-18_Schnable_49-316-JS180-270_2018-04-11_01-25-48_9972300,7.544978106456784
0.2533099594033043,58.2707423006585,-194.4194088904259,0.0,174.3815275894854,0.0,27.383964083691406,0.0,8,0.17698059836196303,0.0035396119672392607,5,0.059021171865382846,113,4-9-18_Schnable_49-316-JS180-270_2018-04-11_01-25-48_9972300,5.949463813856893
0.2757769371758512,53.52081640198423,-121.00809680474916,0.0,167.96422893448226,0.0,33.426732809954686,0.0,8,0.06945658338898875,0.0013891316677797749,6,0.059021171865382846,138,4-9-18_Schnable_49-316-JS180-270_2018-04-11_01-25-48_9972300,3.7271056703288883
0.4933630091597348,57.89907971443605,-115.44358189449423,0.0,10.924448075555953,0.0,61.137122247957436,0.11368521040272657,8,0.05369056021770322,0.0010738112043540645,7,0.17270638226810942,223,4-9-18_Schnable_49-316-JS180-270_2018-04-11_01-25-48_9972300,3.2769058643086844
0.4056975734203293,74.05891168402695,-111.62583749903327,0.0,127.38757165931894,0.0,50.63264849922809,0.0,8,0.3450301667520603,0.006900603335041206,8,0.17270638226810942,189,4-9-18_Schnable_49-316-JS180-270_2018-04-11_01-25-48_9972300,8.306987019997807
0.006292528739883915,89.5,89.67481805367927,0.0,288.4211089717687,0.0,35.09712729014205,0.0062826897244704916,8,0.004415357262423049,8.830714524846098e-05,0,-0.15136864906300654,3,4-9-18_Schnable_49-317-JS221-348_2018-04-11_01-28-03_9972400,0.9397188156489205
0.1879278185544454,62.70502933143418,-136.11709088044887,0.0,110.02000355817954,0.0,59.24064705981909,0.048154567465043874,8,0.07014342838213827,0.0014028685676427655,1,-0.10321408159796266,90,4-9-18_Schnable_49-317-JS221-348_2018-04-11_01-28-03_9972400,3.745488709958642
0.3415559303183812,79.45828996239742,-113.22587136704364,0.0,136.32423524175633,0.0,68.96712128855607,0.03921343749163102,8,0.15960810270496506,0.003192162054099301,2,-0.06400064410633165,154,4-9-18_Schnable_49-317-JS221-348_2018-04-11_01-28-03_9972400,5.649922171233247
0.0028284271247461883,35.09715548494717,80.00000518561214,0.0,288.42110897176883,0.0,35.097127290141906,0.018257326868193695,8,0.009689286915493119,0.0001937857383098624,3,-0.04574331723813795,2,4-9-18_Schnable_49-317-JS221-348_2018-04-11_01-28-03_9972400,1.3920694605868718
0.22898462688313279,63.732998391389756,-143.28047162502847,0.0,15.35581618874019,0.0,57.39000256151545,0.0,8,0.009108849133742766,0.00018217698267485532,4,-0.04574331723813795,99,4-9-18_Schnable_49-317-JS221-348_2018-04-11_01-28-03_9972400,1.3497295383700223
0.39119630932809024,77.8990600865387,-116.60760652402477,0.0,358.72876290468105,0.0,66.72589522079714,0.04070013304321423,8,0.21258157057874572,0.004251631411574914,5,-0.005043184194923721,185,4-9-18_Schnable_49-317-JS221-348_2018-04-11_01-28-03_9972400,6.5204535207107455
0.4115483373865457,70.76126014585644,-82.45199710504669,0.0,171.3176375705754,0.0,68.73048664494021,0.0733011737191911,8,0.08655342263212967,0.0017310684526425934,6,0.06825798952426738,185,4-9-18_Schnable_49-317-JS221-348_2018-04-11_01-28-03_9972400,4.160611076083168
0.1288975306096719,74.3549296174734,14.63221642064458,0.0,282.4152093990893,0.0,50.62589261310774,0.01109033992084034,8,0.010308951705026746,0.00020617903410053492,7,0.07934832944510772,70,4-9-18_Schnable_49-317-JS221-348_2018-04-11_01-28-03_9972400,1.435893568829302
0.37220583375676425,70.4270700773448,-23.537975997600824,0.0,308.9586855521128,0.0,72.95826533434074,0.08327460255772776,8,0.036023980105355374,0.0007204796021071074,8,0.16262293200283548,178,4-9-18_Schnable_49-317-JS221-348_2018-04-11_01-28-03_9972400,2.6841751099865063
0.46645420330084447,72.7662386295659,-66.19133745094958,0.0,185.627262251916,0.0,73.49272664502361,0.0,8,0.06990308316225677,0.0013980616632451354,9,0.16262293200283548,201,4-9-18_Schnable_49-317-JS221-348_2018-04-11_01-28-03_9972400,3.7390662781570687
0.13986529617379878,76.85825843132442,-33.78909494537643,0.0,110.70072376664889,0.0,70.75765560680983,0.020013618107682513,8,0.03650980288488393,0.0007301960576976786,0,-0.17525012629684336,58,4-9-18_Schnable_49-318-JS222-350_2018-04-11_01-30-16_9972500,2.7022140139109605
0.19061989315772226,68.44194196731098,-101.24559271296393,0.0,2.48267292739613,0.0,61.167866849191135,0.022020426419245426,8,0.0056211249106268985,0.00011242249821253797,1,-0.15322969987759794,89,4-9-18_Schnable_49-318-JS222-350_2018-04-11_01-30-16_9972500,1.060294761906037
0.2744551012654455,82.20397925772924,-83.0664979661931,0.0,128.69927514033895,0.0,75.27430085105752,0.038345098327221314,8,0.04603220630910488,0.0009206441261820976,2,-0.11488460155037662,122,4-9-18_Schnable_49-318-JS222-350_2018-04-11_01-30-16_9972500,3.034211802399591
0.35623760231580925,66.83189537370413,-120.08541291020713,0.0,335.01704212937534,0.0,63.10794130139027,0.026950214928786007,8,0.02515732249711597,0.0005031464499423194,3,-0.08793438662159062,158,4-9-18_Schnable_49-318-JS222-350_2018-04-11_01-30-16_9972500,2.2430926194482463
0.3291460419600046,75.7946079673578,-39.51839664192204,0.0,149.30099231582275,0.0,72.75950965748227,0.012198750893061161,8,0.022618738251123476,0.0004523747650224695,4,-0.07573563572852945,147,4-9-18_Schnable_49-318-JS222-350_2018-04-11_01-30-16_9972500,2.1269103531236797
0.43566121773823857,68.81845094935939,-72.2743244660961,0.0,339.91946673167615,0.0,68.24559058040707,0.06444584912948664,8,0.12237495891010347,0.0024474991782020695,5,-0.011289786599042818,203,4-9-18_Schnable_49-318-JS222-350_2018-04-11_01-30-16_9972500,4.947220611820408
0.4293026615839671,64.46605136704832,-28.372381421596067,0.0,338.75525227501777,0.0,70.05649929379491,0.12975340513744177,8,0.04307906099317341,0.0008615812198634682,6,0.11846361853839894,184,4-9-18_Schnable_49-318-JS222-350_2018-04-11_01-30-16_9972500,2.9352703791362527
0.08372730132360223,89.5,-59.78922270604171,0.0,208.74523899338044,0.0,64.14977424849715,0.02292003479061082,8,0.0029190532379351555,5.838106475870311e-05,8,0.14138365332900976,37,4-9-18_Schnable_49-318-JS222-350_2018-04-11_01-30-16_9972500,0.7640750274593661
0.24997319670961549,70.81285441417052,-49.37276746112565,0.0,251.98280547284116,0.0,61.38817778651699,0.014380023743357312,8,0.024949922006009144,0.0004989984401201829,9,0.15576367707236707,103,4-9-18_Schnable_49-318-JS222-350_2018-04-11_01-30-16_9972500,2.233827298875593
0.2922394663514306,63.66592504689062,-22.86705906632158,0.0,161.82327831507843,0.0,55.949546004217275,0.0,8,0.050424050815605324,0.0010084810163121065,10,0.15576367707236707,129,4-9-18_Schnable_49-318-JS222-350_2018-04-11_01-30-16_9972500,3.1756590124131816
0.21358392588140543,73.7017509482914,-118.11017874386728,0.0,194.30657115235942,0.0,62.385443521628126,0.020153339087593924,8,0.04891494373111399,0.0009782988746222798,0,-0.14940830786622944,98,4-9-18_Schnable_49-319-JS117-172_2018-04-11_01-32-29_9972600,3.1277769655496215
0.2618052717054849,76.16286996886792,-146.50602517180064,0.0,336.2765862880428,0.0,70.5486797000952,0.05183979864776783,8,0.005094806221633204,0.00010189612443266408,1,-0.09756850921846161,126,4-9-18_Schnable_49-319-JS117-172_2018-04-11_01-32-29_9972600,1.0094361021514144
0.3230065984882716,72.34900768297655,-66.45686836654376,0.0,166.448984510593,0.0,70.36825584794468,0.040174991435902384,8,0.07823518990907224,0.001564703798181445,2,-0.057393517782559224,149,4-9-18_Schnable_49-319-JS117-172_2018-04-11_01-32-29_9972600,3.9556337016734053
0.36540581848999276,71.26470095440044,-50.60842537169032,0.0,163.87514451302783,0.0,72.80881142362782,0.07402402961117088,8,0.03933854882235918,0.0007867709764471836,3,0.01663051182861166,168,4-9-18_Schnable_49-319-JS117-172_2018-04-11_01-32-29_9972600,2.804943807720903
0.3317626508271854,66.32162077445165,-87.87220341796593,0.0,1.1334407563149507,0.0,67.92986901879792,0.03166136279514734,8,0.025121684159102292,0.0005024336831820458,4,0.048291874623759,145,4-9-18_Schnable_49-319-JS117-172_2018-04-11_01-32-29_9972600,2.2415032526901357
0.0028284271247461914,44.95913615963622,80.00000465166391,0.0,75.68932695587033,0.0,44.95910849288074,0.023999718968144873,8,0.008283843085970445,0.0001656768617194089,5,0.07229159359190387,2,4-9-18_Schnable_49-319-JS117-172_2018-04-11_01-32-29_9972600,1.2871552420722565
0.15184191270833913,81.2614700994444,-17.07396982917324,0.0,309.4550265642949,0.0,74.84814236700801,0.008301836271131471,8,0.001753136876236676,3.506273752473352e-05,6,0.08059342986303535,76,4-9-18_Schnable_49-319-JS117-172_2018-04-11_01-32-29_9972600,0.5921379697733757
0.2839868742044179,89.5,-47.039224041745584,0.0,39.00377188502832,0.0,78.04710005362679,0.0016659275033172605,8,0.13567740355507046,0.002713548071101409,7,0.0822593573663526,136,4-9-18_Schnable_49-319-JS117-172_2018-04-11_01-32-29_9972600,5.209172747280905
0.1327864134703776,89.5,-4.884823724736877,0.0,63.93125015819121,0.0,80.64530583105291,0.0,8,0.007817158327373733,0.00015634316654747468,8,0.0822593573663526,71,4-9-18_Schnable_49-319-JS117-172_2018-04-11_01-32-29_9972600,1.2503726106544188
0.41818490998635754,66.73825153888272,-2.4550936426424257,0.0,182.08022933570345,0.0,70.5513016337192,0.04844932327437808,8,0.045352095119335564,0.0009070419023867113,9,0.13070868064073068,199,4-9-18_Schnable_49-319-JS117-172_2018-04-11_01-32-29_9972600,3.01171363576737
0.1831817868339544,89.5,-15.252579844641522,0.0,213.32290793682495,0.0,80.88889759782246,0.02784609884869585,8,0.013223409868789962,0.00026446819737579926,10,0.15855477948942653,96,4-9-18_Schnable_49-319-JS117-172_2018-04-11_01-32-29_9972600,1.6262478205236717
0.4049449904930261,70.13567297944002,-103.33176451217759,0.0,352.4844317691892,0.0,72.34775986098477,0.0,8,0.0517808502181253,0.001035617004362506,11,0.15855477948942653,199,4-9-18_Schnable_49-319-JS117-172_2018-04-11_01-32-29_9972600,3.21810037811518
0.2294145209449108,58.118187851495904,-69.9852348078132,0.0,321.3767169075579,0.0,52.22862192018796,0.0826751921980012,8,0.01083002147787181,0.0002166004295574362,0,-0.051692880309248054,106,4-9-18_Schnable_49-320-JS277-103_2018-04-11_01-34-42_9972700,1.4717351309166884
0.3784069685566314,43.96373034758549,-152.98419016344644,0.0,193.19673613351964,0.0,39.45440971652681,0.007153284680930426,8,0.030606682807874087,0.0006121336561574817,1,-0.04453959562831763,162,4-9-18_Schnable_49-320-JS277-103_2018-04-11_01-34-42_9972700,2.4741334971207225
0.17842701802283578,60.09697384855853,-59.3022859722043,0.0,195.32515575016026,0.0,51.014576710780666,0.032040128872774715,8,0.004530984695016864,9.061969390033729e-05,2,-0.012499466755542914,73,4-9-18_Schnable_49-320-JS277-103_2018-04-11_01-34-42_9972700,0.9519437688242793
0.32160769518211335,67.09930465494175,-76.51336523452665,0.0,34.67685656680236,0.0,65.36201602120305,0.047305928642975136,8,0.05201390265815206,0.0010402780531630412,3,0.03480646188743222,153,4-9-18_Schnable_49-320-JS277-103_2018-04-11_01-34-42_9972700,3.22533417363696
0.3635547241135424,58.10956931431694,-105.61735693689198,0.0,198.32890859981185,0.0,57.70020862908471,0.10137402157287673,8,0.020314169518789754,0.00040628339037579507,4,0.13618048346030895,163,4-9-18_Schnable_49-320-JS277-103_2018-04-11_01-34-42_9972700,2.0156472667006873
0.26723518781409583,73.9541933520361,48.72978770357189,0.0,19.36613527531888,0.0,72.32392077367889,0.0,8,0.021159500632613956,0.0004231900126522791,5,0.13618048346030895,130,4-9-18_Schnable_49-320-JS277-103_2018-04-11_01-34-42_9972700,2.057158264821351
0.3070850786866549,74.48329150406943,-94.26533599518652,0.0,331.571742384176,0.0,69.53580752552588,0.10196129544551548,8,0.00741844956192214,0.0001483689912384428,0,-0.05267832324948084,146,4-9-18_Schnable_49-321-JS248-396_2018-04-11_01-36-56_9972800,1.218068106628044
0.4225845620305679,69.3351865605162,-102.87510717745604,0.0,158.55408181736638,0.0,67.35573739790844,0.014045731344804024,8,0.024838922521178808,0.0004967784504235762,1,-0.038632591904676813,202,4-9-18_Schnable_49-321-JS248-396_2018-04-11_01-36-56_9972800,2.2288527327384737
0.36790817439669793,73.23153469277682,-43.01148768350973,0.0,324.35761212403446,0.0,72.91971333096662,0.04396044555591407,8,0.019860074822789203,0.00039720149645578406,2,0.005327853651237258,175,4-9-18_Schnable_49-321-JS248-396_2018-04-11_01-36-56_9972800,1.9929914612355568
0.5260501844007224,71.26353027317923,-141.3302814540443,0.0,164.56417951750487,0.0,65.01362441795634,0.026007288729431623,8,0.1990898748853458,0.003981797497706916,3,0.03133514238066888,250,4-9-18_Schnable_49-321-JS248-396_2018-04-11_01-36-56_9972800,6.310148570126472
0.4677171397959502,75.38075300183074,-58.91737029124868,0.0,340.50010577919795,0.0,69.40464707078371,0.06797156124600322,8,0.07577254865701166,0.0015154509731402333,4,0.0993067036266721,226,4-9-18_Schnable_49-321-JS248-396_2018-04-11_01-36-56_9972800,3.892879362554449
0.5087302860513174,72.94379591886262,-67.99489982253748,0.0,135.93282097867814,0.0,68.40824606426158,0.05607297137843917,8,0.11228926445296786,0.0022457852890593573,5,0.15537967500511127,229,4-9-18_Schnable_49-321-JS248-396_2018-04-11_01-36-56_9972800,4.73897171236478
0.5186723027961992,81.4002341080959,-55.040774126846486,0.0,324.2762318787115,0.0,76.19867406250441,0.0,8,0.22003444141722117,0.004400688828344423,6,0.15537967500511127,237,4-9-18_Schnable_49-321-JS248-396_2018-04-11_01-36-56_9972800,6.633768784291795
0.33749409416035,44.55779965202402,-129.6656863990329,0.0,38.804740799562566,0.0,41.54208192801287,0.09190367659199844,8,0.04797492022189241,0.0009594984044378483,0,-0.07866559188200237,147,4-9-18_Schnable_49-323-JS120-175_2018-04-11_01-41-23_9973000,3.0975771248474966
0.3787161838822499,35.41714496028092,-138.56829176977087,0.0,171.63886865273116,0.0,35.607148239122786,0.02851173197681102,8,0.01917069942442394,0.00038341398848847877,1,-0.05015385990519135,154,4-9-18_Schnable_49-323-JS120-175_2018-04-11_01-41-23_9973000,1.9580959845944192
0.47855149183941714,56.32625171227884,-90.01778723523304,0.0,9.200147155711964,0.0,51.18718873331975,0.04979829133492874,8,0.04822300011353018,0.0009644600022706036,2,-0.0003555685702626074,210,4-9-18_Schnable_49-323-JS120-175_2018-04-11_01-41-23_9973000,3.1055756346780603
0.46742259894208554,43.082737387670555,-117.90411472798682,0.0,158.08754929008512,0.0,41.540067008772894,0.01822068773540827,8,0.028825349349151985,0.0005765069869830397,3,0.01786511916514566,206,4-9-18_Schnable_49-323-JS120-175_2018-04-11_01-41-23_9973000,2.401055990565484
0.5525407445223903,72.45832473865191,-137.08203289028197,0.0,327.1761644213411,0.0,63.820799638618475,0.07781546093320664,8,0.2535465780803012,0.005070931561606024,4,0.0956805800983523,265,4-9-18_Schnable_49-323-JS120-175_2018-04-11_01-41-23_9973000,7.121047367912969
0.4259170332887657,59.18389252549234,-110.04541192312696,0.0,138.1278923580849,0.0,60.94219596712919,0.07219234415818594,8,0.03841807721857623,0.0007683615443715246,5,0.16787292425653824,208,4-9-18_Schnable_49-323-JS120-175_2018-04-11_01-41-23_9973000,2.7719335207964937
0.38725417665584777,68.95650648741133,-79.77205830097986,0.0,338.31290118415524,0.0,67.48666577371804,0.0,8,0.043113962161306266,0.0008622792432261253,6,0.16787292425653824,185,4-9-18_Schnable_49-323-JS120-175_2018-04-11_01-41-23_9973000,2.9364591657745307
0.2733550771645238,67.34810523133237,-152.82244243757847,0.0,41.84024331886789,0.0,62.86881124554291,0.0663838391745124,8,0.007118654097616811,0.00014237308195233622,0,-0.05238499200267712,116,4-9-18_Schnable_49-324-JS247-395_2018-04-11_01-43-36_9973100,1.193201919007576
0.3281406186983854,74.74719877733384,-134.3275795579879,0.0,205.77592132424675,0.0,67.24434744073461,0.029197813373648882,8,0.07090035406878614,0.0014180070813757228,1,-0.02318717862902824,147,4-9-18_Schnable_49-324-JS247-395_2018-04-11_01-43-36_9973100,3.7656434793747042
0.3397156860912027,70.66871751495638,-89.09683601294593,0.0,24.26123331723457,0.0,66.83467045991746,0.04725366815719297,8,0.0405865572647785,0.00081173114529557,2,0.024066489528164734,149,4-9-18_Schnable_49-324-JS247-395_2018-04-11_01-43-36_9973100,2.8490895831748952
0.45062113898333944,73.28541524149688,-67.48383272621643,0.0,187.05672966648112,0.0,70.10843719589927,0.017266585657724657,8,0.06012254010673865,0.001202450802134773,3,0.04133307518588939,215,4-9-18_Schnable_49-324-JS247-395_2018-04-11_01-43-36_9973100,3.467637239006948
0.11419935382425817,73.84985822022918,45.14210023484955,0.0,100.38589962148369,0.0,45.684779788321386,0.07513165015040671,8,0.012428637195237659,0.0002485727439047532,4,0.1164647253362961,57,4-9-18_Schnable_49-324-JS247-395_2018-04-11_01-43-36_9973100,1.576618989815717
0.3976939863284634,74.11191917761585,-20.190262159312013,0.0,7.6408272534664965,0.0,70.09023328365916,0.001983045001788711,8,0.08457456368725365,0.0016914912737450729,5,0.1184477703380848,181,4-9-18_Schnable_49-324-JS247-395_2018-04-11_01-43-36_9973100,4.112774335828642
0.3184552645606241,82.27761970689888,-60.995872179964245,0.0,158.23408314988484,0.0,77.89294337263698,0.0,8,0.04819399731645701,0.0009638799463291402,6,0.1184477703380848,155,4-9-18_Schnable_49-324-JS247-395_2018-04-11_01-43-36_9973100,3.1046415998133186
0.14259843403345127,81.80955440024469,-77.17324824251699,0.0,333.844106104895,0.0,77.05401373986221,0.06581564586922453,8,0.0029516591856437093,5.9033183712874187e-05,0,-0.06871246083941901,70,4-9-18_Schnable_49-325-JS117-172_2018-04-11_01-45-49_9973200,0.7683305519948702
0.2454109383406566,72.5806411722056,-113.5733516466908,0.0,104.86613670734901,0.0,68.3104941010599,0.02095784605258722,8,0.010464868672684365,0.0002092973734536873,1,-0.04775461478683179,101,4-9-18_Schnable_49-325-JS117-172_2018-04-11_01-45-49_9973200,1.4467113514923677
0.2890817018572611,84.00438954131592,-116.75472015013163,0.0,288.68956658881,0.0,72.19057969914702,0.05157088757350188,8,0.060934010475446276,0.0012186802095089256,2,0.0038162727866700944,140,4-9-18_Schnable_49-325-JS117-172_2018-04-11_01-45-49_9973200,3.4909600534937746
0.29446992688276563,74.16324266239923,-85.8385159547604,0.0,110.67485358526243,0.0,68.74279535767067,0.07152640751212135,8,0.012687476482121225,0.0002537495296424245,3,0.07534268029879145,132,4-9-18_Schnable_49-325-JS117-172_2018-04-11_01-45-49_9973200,1.5929517558370199
0.22324954213082815,78.07728511060222,-11.20628402822041,0.0,301.3120617216281,0.0,75.17141125681934,0.035102811196073266,8,0.022278900815524118,0.00044557801631048234,4,0.11044549149486471,118,4-9-18_Schnable_49-325-JS117-172_2018-04-11_01-45-49_9973200,2.110871896422145
0.272639156863304,73.76061810461667,-56.46515041433613,0.0,104.80506626795899,0.0,75.41356721172554,0.02359178430998815,8,0.01628801372766004,0.0003257602745532008,5,0.13403727580485286,123,4-9-18_Schnable_49-325-JS117-172_2018-04-11_01-45-49_9973200,1.8048830282131882
0.1587139331771873,84.98091468760337,-11.244811489861807,0.0,11.972058145325162,0.0,69.05116131666819,0.0,8,0.009317487708271502,0.00018634975416543002,6,0.13403727580485286,82,4-9-18_Schnable_49-325-JS117-172_2018-04-11_01-45-49_9973200,1.365099828457355
0.35389074242615376,54.28802318332011,-152.36847471379963,0.0,326.5626773377095,0.0,47.108492940092155,0.08492265301180205,8,0.09673780242277275,0.0019347560484554549,0,-0.17676905131991347,155,4-9-18_Schnable_49-326-JS226-358_2018-04-11_01-48-02_9973300,4.398586191556845
0.37072607347370107,70.33694672365543,-107.36155116422987,0.0,112.86030473180536,0.0,66.79107167177065,0.03399113352517927,8,0.1400753649617023,0.0028015072992340464,1,-0.1427779177947342,176,4-9-18_Schnable_49-326-JS226-358_2018-04-11_01-48-02_9973300,5.292926694404568
0.0800695835725312,89.5,-0.8566752240151205,0.0,61.51130787150618,0.0,70.01772523039084,0.0104904343090724,8,0.009661888587560473,0.00019323777175120945,2,-0.1322874834856618,41,4-9-18_Schnable_49-326-JS226-358_2018-04-11_01-48-02_9973300,1.3900998947960879
0.47889895573439784,56.798267287742306,-163.99410724959864,0.0,334.6312427225599,0.0,47.19558893517714,0.0,8,0.15113801027407361,0.0030227602054814723,3,-0.1322874834856618,220,4-9-18_Schnable_49-326-JS226-358_2018-04-11_01-48-02_9973300,5.497963446114818
0.4440162061099934,82.95923254918236,-85.34228208876839,0.0,136.61927498359842,0.0,76.65753512777226,0.06128565989998995,8,0.21347588198596362,0.004269517639719273,4,-0.07100182358567185,209,4-9-18_Schnable_49-326-JS226-358_2018-04-11_01-48-02_9973300,6.534154604628875
0.5540431754203823,61.8773411882045,-148.9854713147044,0.0,326.03413025314336,0.0,49.71905060996134,0.030454093721428196,8,0.05855361767595019,0.0011710723535190038,5,-0.04054772986424365,260,4-9-18_Schnable_49-326-JS226-358_2018-04-11_01-48-02_9973300,3.4220934433749814
0.14816262911064718,42.74381132742358,25.773778331643047,0.0,314.4450274672626,0.0,43.416783586373974,0.06685934834542773,8,0.00949757871626673,0.0001899515743253346,6,0.026311618481184067,68,4-9-18_Schnable_49-326-JS226-358_2018-04-11_01-48-02_9973300,1.3782292056306693
0.5900777290907107,66.20269952738201,-153.60938005423296,0.0,315.3620541587814,0.0,53.515828680573115,0.01643127171175516,8,0.15601916087703002,0.0031203832175406006,7,0.042742890192939226,280,4-9-18_Schnable_49-326-JS226-358_2018-04-11_01-48-02_9973300,5.586039041700837
0.21846638640407834,68.07438026003629,-74.6239539610466,0.0,216.5527117559489,0.0,45.61897878418449,0.23398857483599425,8,0.011327969095884788,0.00022655938191769578,8,0.2767314650289335,97,4-9-18_Schnable_49-326-JS226-358_2018-04-11_01-48-02_9973300,1.5051889646077523
0.23634035201135012,47.49486654655874,-255.9970541206642,0.0,170.58095186782808,0.0,47.004911802406546,0.0,8,0.0067127555388980555,0.0001342551107779611,9,0.2767314650289335,109,4-9-18_Schnable_49-326-JS226-358_2018-04-11_01-48-02_9973300,1.158685077050538
0.3389664260593511,60.04818378152186,-118.94742192667752,0.0,325.59542671193844,0.0,55.02383929405158,0.08389202826418675,8,0.013525034707314415,0.0002705006941462883,1,-0.08062833511793473,155,4-9-18_Schnable_49-327-JS88-125_2018-04-11_01-50-21_9973400,1.6446905306053428
0.42807235509981695,54.46566971695987,-22.59007268820433,0.0,135.7133535746582,0.0,50.79646651997529,0.03500595374876356,8,0.42022979661213944,0.008404595932242789,2,-0.04562238136917117,183,4-9-18_Schnable_49-327-JS88-125_2018-04-11_01-50-21_9973400,9.167658333643761
0.47913408446915035,64.72747731984437,-131.16041631251696,0.0,335.6011783810068,0.0,58.91710785250022,0.03511893793565778,8,0.12358149141046934,0.002471629828209387,3,-0.010503443433513384,223,4-9-18_Schnable_49-327-JS88-125_2018-04-11_01-50-21_9973400,4.97154888159554
0.0760972751015002,88.26945981256888,-31.257827904295308,0.0,281.0740363685125,0.0,56.14697230298172,0.012250996586418175,8,0.0021647870432406164,4.329574086481233e-05,4,0.001747553152904791,38,4-9-18_Schnable_49-327-JS88-125_2018-04-11_01-50-21_9973400,0.6579949913548911
0.5064194654938247,69.5699413012865,-119.03453034162365,0.0,170.73306597503594,0.0,63.579070917837846,0.05050177025329754,8,0.25296950226737164,0.005059390045347433,5,0.05224932340620233,240,4-9-18_Schnable_49-327-JS88-125_2018-04-11_01-50-21_9973400,7.1129389462777155
0.49945220271168445,68.72468551307493,-35.617033059726595,0.0,351.10986082273246,0.0,66.66025845198493,0.03748962454334636,8,0.0586191501711501,0.001172383003423002,6,0.08973894794954869,232,4-9-18_Schnable_49-327-JS88-125_2018-04-11_01-50-21_9973400,3.42400789050347
0.501806813316975,75.11373221903645,-79.4204963582672,0.0,186.21342556033974,0.0,65.7677844076821,0.08308554749476323,8,0.2260616940630636,0.004521233881261272,7,0.17282449544431192,232,4-9-18_Schnable_49-327-JS88-125_2018-04-11_01-50-21_9973400,6.724012106816341
0.4348455148517953,62.19004123854511,11.878841147299381,0.0,336.8217142661065,0.0,57.24174155427878,0.0,8,0.193069994779976,0.00386139989559952,8,0.17282449544431192,202,4-9-18_Schnable_49-327-JS88-125_2018-04-11_01-50-21_9973400,6.214016330522088
0.2775149182675004,67.0061772300299,-100.71400944733803,0.0,3.0249498062355022,0.0,65.99143980734267,0.06296734916461463,8,0.03636607486624894,0.0007273214973249788,0,-0.05307363023107537,122,4-9-18_Schnable_49-328-JS31-1-53_2018-04-11_01-52-35_9973500,2.6968898704340503
0.18499673003551692,73.0162923575941,-55.37029356816125,0.0,176.61970178282672,0.0,65.40562844394655,0.01717979119668918,8,0.012903995489854003,0.00025807990979708005,1,-0.03589383903438619,84,4-9-18_Schnable_49-328-JS31-1-53_2018-04-11_01-52-35_9973500,1.6064865694959296
0.255317739712887,71.75035416995956,-33.21923522466338,0.0,21.808614515923146,0.0,71.29116178452395,0.026751553495399122,8,0.02054956000804919,0.0004109912001609838,2,-0.009142285538987069,115,4-9-18_Schnable_49-328-JS31-1-53_2018-04-11_01-52-35_9973500,2.027291789952753
0.2543727274489874,74.52757509125914,-39.17738138761455,0.0,170.10115931024458,0.0,70.8347010082472,0.043516684254447914,8,0.01222787174761792,0.00024455743495235843,3,0.034374398715460844,123,4-9-18_Schnable_49-328-JS31-1-53_2018-04-11_01-52-35_9973500,1.56383322305276
0.25935173159599795,76.12191593959675,-24.846313860781986,0.0,27.99845617968593,0.0,76.12703671818011,0.08131550580558851,8,0.006041618278676457,0.00012083236557352914,4,0.11568990452104935,122,4-9-18_Schnable_49-328-JS31-1-53_2018-04-11_01-52-35_9973500,1.0992377612397108
0.22445487426832836,77.6717069755772,-15.821617606227884,0.0,167.02743286485946,0.0,65.96531941287304,0.0,8,0.014897806717201822,0.00029795613434403643,5,0.11568990452104935,114,4-9-18_Schnable_49-328-JS31-1-53_2018-04-11_01-52-35_9973500,1.7261405920261434
0.19298940419513985,76.78761849271342,-85.8077704465604,0.0,28.18140209412818,0.0,61.154328125588414,0.0320108847122028,8,0.04566225223993131,0.0009132450447986262,0,-0.12486478017862772,83,4-9-18_Schnable_49-329-JS116-171_2018-04-11_01-54-47_9973600,3.021994448702092
0.12182867170036528,52.242923475742025,-114.54565500774876,0.0,186.12164851117174,0.0,34.095443724505195,0.06453430384646547,8,0.0070667079539028675,0.00014133415907805735,1,-0.06033047633216225,55,4-9-18_Schnable_49-329-JS116-171_2018-04-11_01-54-47_9973600,1.1888404395799184
0.08333595519775604,79.13411531404154,-199.01790274751804,0.0,178.4085194155924,0.0,33.84692559816248,0.0,8,0.006003913031663461,0.00012007826063326922,2,-0.06033047633216225,39,4-9-18_Schnable_49-329-JS116-171_2018-04-11_01-54-47_9973600,1.095802266073899
0.27948536142301644,57.06171485359506,-80.33495638361558,0.0,325.1762281900891,0.0,53.32674635732525,0.0,8,0.12448505017590895,0.0024897010035181792,3,-0.07819220926972795,133,4-9-18_Schnable_49-329-JS116-171_2018-04-11_01-54-47_9973600,4.989690374680757
0.3026291418363965,48.113563010331966,-100.3415616004806,0.0,187.4899880852254,0.0,45.8794535201305,0.018526504339927675,8,0.009025531784627481,0.00018051063569254962,4,-0.05966570492980027,135,4-9-18_Schnable_49-329-JS116-171_2018-04-11_01-54-47_9973600,1.3435424656204569
0.4084463990179711,61.52057718001005,-30.75460654951993,0.0,353.8142157051949,0.0,62.567203579372304,0.03406355314244344,8,0.04338855187598856,0.0008677710375197712,5,-0.02560215178735683,200,4-9-18_Schnable_49-329-JS116-171_2018-04-11_01-54-47_9973600,2.9457953722547856
0.3577900686323972,67.9834710383161,-49.56211417179982,0.0,209.6272424102198,0.0,60.54772774127008,0.04739466659684794,8,0.13666696866861658,0.0027333393733723317,6,0.021792514809491112,169,4-9-18_Schnable_49-329-JS116-171_2018-04-11_01-54-47_9973600,5.2281348235985
0.20223613971383164,68.38297661216026,-47.72378866119838,0.0,175.75496869179003,0.0,64.33128112015902,0.16493942559571573,8,0.014481284213846753,0.0002896256842769351,7,0.18673194040520683,105,4-9-18_Schnable_49-329-JS116-171_2018-04-11_01-54-47_9973600,1.701839252917076
0.2865113533450227,67.15354600873202,-16.41651102374582,0.0,40.38400537963631,0.0,57.104603757351825,0.0,8,0.039552804823781124,0.0007910560964756225,8,0.18673194040520683,121,4-9-18_Schnable_49-329-JS116-171_2018-04-11_01-54-47_9973600,2.8125719483697167
0.20137268765566466,60.443461356616695,-93.22926681045226,0.0,165.43932837182646,0.0,57.821007730732184,0.03886600862504025,8,0.009311316177992508,0.00018622632355985017,0,-0.0799366222278206,90,4-9-18_Schnable_49-330-JS27-47_2018-04-11_01-57-01_9973700,1.3646476598736033
0.05535689003167179,89.5,20.8954300104033,0.0,145.19374302337283,0.0,54.973421051855105,0.0,8,0.0031238651648794018,6.247730329758803e-05,1,-0.0799366222278206,26,4-9-18_Schnable_49-330-JS27-47_2018-04-11_01-57-01_9973700,0.7904258554576009
0.2842143312576215,62.05730346135642,-73.35930286469413,0.0,287.00151706281594,0.0,62.323019405661384,0.009782332588509982,8,0.1002977014572208,0.002005954029144416,2,-0.07015428963931061,123,4-9-18_Schnable_49-330-JS27-47_2018-04-11_01-57-01_9973700,4.478787814961115
0.298531863641279,58.16478649721369,-92.28311103575653,0.0,121.22379462923797,0.0,59.92808448398057,0.02171441638219266,8,0.034872006976496804,0.0006974401395299361,3,-0.04843987325711795,131,4-9-18_Schnable_49-330-JS27-47_2018-04-11_01-57-01_9973700,2.6409091986093274
0.33789868728203215,59.386459234042,-29.9506285008902,0.0,302.7113637491809,0.0,59.189128997032846,0.041237663449214694,8,0.046687328564658376,0.0009337465712931676,4,-0.007202209807903257,144,4-9-18_Schnable_49-330-JS27-47_2018-04-11_01-57-01_9973700,3.0557267078277266
0.35444922044879085,62.50869815451306,-21.863593836956568,0.0,128.94640461706044,0.0,63.382615826374895,0.040561716714852515,8,0.030232578439750003,0.000604651568795,5,0.033359506906949256,176,4-9-18_Schnable_49-330-JS27-47_2018-04-11_01-57-01_9973700,2.4589663860959954
0.18730463191937985,77.92299136142267,-65.48627297432365,0.0,93.87507187836353,0.0,67.15965973509834,0.09064623424757967,8,0.0068314629149347815,0.00013662925829869562,6,0.12400574115452892,90,4-9-18_Schnable_49-330-JS27-47_2018-04-11_01-57-01_9973700,1.1688851881117135
0.32238611638674575,83.88106739443904,-60.055118807423945,0.0,328.1383617097241,0.0,81.88320525429216,0.0,8,0.03169779737233796,0.0006339559474467591,7,0.12400574115452892,144,4-9-18_Schnable_49-330-JS27-47_2018-04-11_01-57-01_9973700,2.517848183363642
0.08002843230051875,44.36080056610839,256.8080120404355,0.0,248.3637166899489,0.0,70.20498006384122,0.10024337828247051,8,0.009606130231444961,0.00019212260462889922,0,-0.06313645831168505,34,4-9-18_Schnable_49-331-JS267-426_2018-04-11_01-59-14_9973800,1.3860829867973246
0.3821808681739437,55.09478424064598,-96.72044921136366,0.0,256.0375920881222,0.0,52.37747003295362,0.018081562568334486,8,0.06679230050418938,0.0013358460100837877,1,-0.04505489574335056,164,4-9-18_Schnable_49-331-JS267-426_2018-04-11_01-59-14_9973800,3.6549227215958857
0.41565614974761866,61.96362356673061,-112.60192462715243,0.0,67.28869630721812,0.0,59.98601196297678,0.003903804423680747,8,0.0729626940964411,0.001459253881928822,2,-0.04115109131966981,189,4-9-18_Schnable_49-331-JS267-426_2018-04-11_01-59-14_9973800,3.82001817002069
0.2344308915345482,67.58389284413107,-19.66808445690299,0.0,258.59361379210304,0.0,60.95539961024155,0.07824917716810835,8,0.02037360901985133,0.0004074721803970266,3,0.03709808584843854,107,4-9-18_Schnable_49-331-JS267-426_2018-04-11_01-59-14_9973800,2.018594016628967
0.34051784977204114,89.38666451101578,-6.2564240139204506,0.0,319.46629465429555,0.0,76.97380960174553,0.1172394631913006,8,0.1317178912855895,0.00263435782571179,4,0.15433754903973915,165,4-9-18_Schnable_49-331-JS267-426_2018-04-11_01-59-14_9973800,5.132599561344904
0.33685577449789983,57.55970706457286,64.68387398967316,0.0,67.15092109846765,0.0,73.83786038185339,0.002107463694559053,8,0.03697498438009929,0.0007394996876019858,5,0.1564450127342982,168,4-9-18_Schnable_49-331-JS267-426_2018-04-11_01-59-14_9973800,2.7193743537843145
0.3093643715585324,53.91901325578064,0.579096567259159,0.0,159.63158338884713,0.0,55.05279541650624,0.0,8,0.0034277735568728008,6.855547113745602e-05,6,0.1564450127342982,127,4-9-18_Schnable_49-331-JS267-426_2018-04-11_01-59-14_9973800,0.8279823134430833
0.019954669382207267,89.5,300.0,0.0,181.1575308347736,0.0,9.525909519372187,0.039561427272506916,8,0.004701433933833829,9.402867867667659e-05,0,-0.16715077457089123,5,4-9-18_Schnable_49-333-JS59-3-88_2018-04-11_02-03-41_9974000,0.96968385918647
0.2668260758835521,58.21143322800782,-72.69993787102875,0.0,343.35504144876404,0.0,56.36999714879177,0.04610772270814302,8,0.00835591471555146,0.00016711829431102922,1,-0.1210430518627482,123,4-9-18_Schnable_49-333-JS59-3-88_2018-04-11_02-03-41_9974000,1.2927424117395903
0.43029925918911743,61.10752941902257,-93.47696547706022,0.0,238.7113121453253,0.0,54.021940101367626,0.027652986865308746,8,0.16069998962026624,0.003213999792405325,2,-0.09339006499743946,187,4-9-18_Schnable_49-333-JS59-3-88_2018-04-11_02-03-41_9974000,5.669214930133911
0.4794772130858515,60.631541587457214,-89.0246496826562,0.0,350.0757256973451,0.0,58.66203362853576,0.03226687661097118,8,0.04568307960000931,0.0009136615920001861,3,-0.061123188386468276,221,4-9-18_Schnable_49-333-JS59-3-88_2018-04-11_02-03-41_9974000,3.0226835626644513
0.5185690378944431,64.37821756742669,-40.36788850399533,0.0,235.06143979703316,0.0,61.85906364557123,0.05000123941712549,8,0.28260290322786,0.0056520580645572005,4,-0.011121948969342786,236,4-9-18_Schnable_49-333-JS59-3-88_2018-04-11_02-03-41_9974000,7.5180170687204475
0.5721818066646398,67.29989617919183,-62.13860467671592,0.0,4.2582607736105,0.0,65.79928570710757,0.058846865305326845,8,0.08968349525121327,0.0017936699050242655,5,0.04772491633598406,252,4-9-18_Schnable_49-333-JS59-3-88_2018-04-11_02-03-41_9974000,4.2351740283302
0.48394068891697406,73.20205934321034,-47.35978268308488,0.0,291.3900960131506,0.0,71.16877338214448,0.15602433343871416,8,0.039874381268227545,0.0007974876253645509,6,0.20374924977469822,231,4-9-18_Schnable_49-333-JS59-3-88_2018-04-11_02-03-41_9974000,2.823982339471249
0.40394810198570774,74.87923454052878,-32.45743981075399,0.0,31.10089341427214,0.0,73.24867758262144,0.006398276627626848,8,0.04026502574828401,0.0008053005149656801,7,0.21014752640232506,189,4-9-18_Schnable_49-333-JS59-3-88_2018-04-11_02-03-41_9974000,2.837781730446653
0.21506500138607423,75.55914177644374,-15.2625430816021,0.0,170.46249978016067,0.0,65.43409798935105,0.0,8,0.026791458726550005,0.0005358291745310001,8,0.21014752640232506,104,4-9-18_Schnable_49-333-JS59-3-88_2018-04-11_02-03-41_9974000,2.31479842433634
0.35388854130062736,69.39508168854854,-109.49246222502482,0.0,38.30979963902354,0.0,66.9789080175843,0.09078929584949103,8,0.022837557178190696,0.0004567511435638139,0,-0.24834812299483866,160,4-9-18_Schnable_49-334-JS171-247_2018-04-11_02-05-54_9974100,2.1371737027294104
0.4381600941779758,57.13775715040349,-76.27949654527461,0.0,202.2903872996263,0.0,55.91241391142491,0.01832985338061574,8,0.04292445139138269,0.0008584890278276539,1,-0.23001826961422292,195,4-9-18_Schnable_49-334-JS171-247_2018-04-11_02-05-54_9974100,2.929998341002353
0.390282081001537,73.05574219463784,-43.30413315218356,0.0,55.808165377835294,0.0,70.97068703039831,0.03923015928692125,8,0.0882001240102877,0.001764002480205754,2,-0.19078811032730167,172,4-9-18_Schnable_49-334-JS171-247_2018-04-11_02-05-54_9974100,4.20000295262486
0.478453692057501,57.168367829908206,-72.43522868215153,0.0,191.9672906381915,0.0,57.203443174139835,0.03156501928954902,8,0.09282594841038207,0.0018565189682076414,3,-0.15922309103775265,223,4-9-18_Schnable_49-334-JS171-247_2018-04-11_02-05-54_9974100,4.308734115964503
0.5150763897265322,79.61374700130752,-53.285395632894584,0.0,14.1264775859824,0.0,78.1860337695109,0.043076506182408866,8,0.12038626037345111,0.0024077252074690223,4,-0.11614658485534378,242,4-9-18_Schnable_49-334-JS171-247_2018-04-11_02-05-54_9974100,4.906857657879452
0.13433183295358467,81.99858756596566,-60.31751476853048,0.0,223.97345522695767,0.0,63.40337065004382,0.0657521574760759,8,0.0041255410000689075,8.251082000137815e-05,5,-0.05039442737926787,68,4-9-18_Schnable_49-334-JS171-247_2018-04-11_02-05-54_9974100,0.9083546664237387
0.34891589055096883,50.57471161089593,-68.75357659396467,0.0,198.66019101970488,0.0,51.10762772150531,0.14796868774680122,8,0.08787976627065704,0.0017575953254131407,6,0.09757426036753333,157,4-9-18_Schnable_49-334-JS171-247_2018-04-11_02-05-54_9974100,4.192368454004419
0.2236425328982395,71.33588829201364,-86.10730713495393,0.0,247.23392522748333,0.0,79.52558676430763,0.0,8,0.02950001401167825,0.000590000280233565,7,0.09757426036753333,98,4-9-18_Schnable_49-334-JS171-247_2018-04-11_02-05-54_9974100,2.42899213714982
0.09201254073478918,0.5,219.69236068460313,0.0,31.773501324466967,0.0,15.587856464538655,0.2343263721637657,8,0.018433279941733265,0.0003686655988346653,8,0.33190063253129903,43,4-9-18_Schnable_49-334-JS171-247_2018-04-11_02-05-54_9974100,1.9200666624746792
0.19649558741198062,37.63144178219528,-125.59855213543786,0.0,343.82108382837134,0.0,27.759449646170868,0.0,8,0.02164935885422827,0.00043298717708456535,9,0.33190063253129903,92,4-9-18_Schnable_49-334-JS171-247_2018-04-11_02-05-54_9974100,2.0808343929408832
0.24350762471135584,66.62237023732416,-247.4234459218996,0.0,24.55870631224735,0.0,54.58568177882055,0.011011137359639406,8,0.030001338166953346,0.0006000267633390669,0,-0.21337881069479864,118,4-9-18_Schnable_49-335-JS161-231_2018-04-11_02-08-08_9974200,2.449544372611092
0.3093532773257488,80.06354462632622,-220.26714364514905,0.0,162.6175911480098,0.0,67.48511598088294,0.03374841650392374,8,0.023472194176782132,0.00046944388353564265,1,-0.1796303941908749,142,4-9-18_Schnable_49-335-JS161-231_2018-04-11_02-08-08_9974200,2.166665372261353
0.07167797422473214,89.5,-38.90461088374499,0.0,71.94744554610523,0.0,56.549346948438696,0.0,8,0.004075878231160306,8.151756462320613e-05,2,-0.1796303941908749,22,4-9-18_Schnable_49-335-JS161-231_2018-04-11_02-08-08_9974200,0.902870780473076
0.294186391925439,62.7011321469139,-105.31411670160527,0.0,20.395865038203326,0.0,57.14601782742828,0.019917060186326274,8,0.060578422324597106,0.001211568446491942,3,-0.15971333400454862,142,4-9-18_Schnable_49-335-JS161-231_2018-04-11_02-08-08_9974200,3.480759179391677
0.34916156964071776,84.06451931228159,-111.55311028842316,0.0,222.30857823646969,0.0,77.61996886791742,0.028635441460047456,8,0.10077642209971849,0.00201552844199437,4,-0.13107789254450117,158,4-9-18_Schnable_49-335-JS161-231_2018-04-11_02-08-08_9974200,4.489463711841727
0.36552632998613516,60.753040606428925,-111.05653957627037,0.0,34.445887814740985,0.0,59.70214399083228,0.0976767259744907,8,0.08986977253495239,0.0017973954506990478,5,-0.033401166570010465,175,4-9-18_Schnable_49-335-JS161-231_2018-04-11_02-08-08_9974200,4.239570085160815
0.193583413090808,85.10414428657049,-88.45912947783864,0.0,39.285318865521646,0.0,62.312635818718476,0.08212433625271823,8,0.01902133593104201,0.00038042671862084025,6,0.048723169682707755,89,4-9-18_Schnable_49-335-JS161-231_2018-04-11_02-08-08_9974200,1.9504530720343933
0.2483189435297877,81.87827193882315,-31.54272884514414,0.0,201.3420840140702,0.0,56.404648264323576,0.08443943283756691,8,0.006749555562687125,0.00013499111125374252,7,0.13316260252027468,115,4-9-18_Schnable_49-335-JS161-231_2018-04-11_02-08-08_9974200,1.161856752158985
0.47805506428276257,73.49468109189809,-148.11495928226202,0.0,60.54437339653351,0.0,48.10500318868156,0.0,8,0.5187976542724366,0.010375953085448732,8,0.13316260252027468,216,4-9-18_Schnable_49-335-JS161-231_2018-04-11_02-08-08_9974200,10.186242234233747
0.23566728525150332,70.57195036192238,-131.0360984623943,0.0,151.07826746098775,0.0,63.76940027455461,0.06500905367806789,8,0.009777989706870783,0.00019555979413741567,9,0.19817165619834257,111,4-9-18_Schnable_49-335-JS161-231_2018-04-11_02-08-08_9974200,1.398426952462715
0.4835299165314752,88.59320910440071,-205.34647711940664,0.0,115.7570746144851,0.0,73.02124488467855,0.0,8,0.299345842447064,0.00598691684894128,10,0.19817165619834257,230,4-9-18_Schnable_49-335-JS161-231_2018-04-11_02-08-08_9974200,7.737516945985501
0.24686781515895817,64.03291093296244,-112.603347279829,0.0,345.56968859800537,0.0,62.24837390706584,0.07574661175817254,8,0.008370844605137817,0.00016741689210275634,0,-0.09155909254806721,109,4-9-18_Schnable_49-336-JS41-2-68_2018-04-11_02-10-21_9974300,1.2938967968998005
0.17166903275432874,0.5,-300.0,0.0,150.70753783000026,0.0,-32.5508394816184,0.023112392808281534,8,0.08241058436678367,0.0016482116873356733,1,-0.06844669973978568,80,4-9-18_Schnable_49-336-JS41-2-68_2018-04-11_02-10-21_9974300,4.059817344826825
0.09728120414831715,89.5,-300.0,0.0,354.73411679269594,0.0,40.17178498601081,0.013575819012724984,8,0.058743000618484524,0.0011748600123696906,2,-0.05487088072706069,40,4-9-18_Schnable_49-336-JS41-2-68_2018-04-11_02-10-21_9974300,3.427623101173305
0.15442383126147763,34.463401112148105,-32.2244577056514,0.0,154.62992569100888,0.0,34.027810651717935,0.035790610315078,8,0.005037257646535425,0.0001007451529307085,3,-0.019080270411982694,68,4-9-18_Schnable_49-336-JS41-2-68_2018-04-11_02-10-21_9974300,1.0037188497318783
0.3429289765059034,54.58021257137279,-52.83902457570714,0.0,172.73329838396225,0.0,51.58850155227012,0.08569113416422598,8,0.12566968299852155,0.002513393659970431,4,0.06661086375224329,157,4-9-18_Schnable_49-336-JS41-2-68_2018-04-11_02-10-21_9974300,5.013375768851195
0.2987400171548858,83.62580483917053,-84.01722764997918,0.0,29.493366331184163,0.0,78.41774773342424,0.025360131371776284,8,0.03238098469034845,0.0006476196938069689,5,0.09197099512401957,139,4-9-18_Schnable_49-336-JS41-2-68_2018-04-11_02-10-21_9974300,2.544837310727287
0.19185403261489425,69.33879043319436,-83.0593827710092,0.0,176.29670869415114,0.0,60.761153449811324,0.0,8,0.005407679713272204,0.00010815359426544407,6,0.09197099512401957,94,4-9-18_Schnable_49-336-JS41-2-68_2018-04-11_02-10-21_9974300,1.0399692027432546
0.13855810390754728,48.098035671245114,-61.46779405248664,0.0,40.795224318609314,0.0,27.969341344959247,0.04907288785844696,8,0.0028523941437965904,5.7047882875931804e-05,7,0.14104388298246653,68,4-9-18_Schnable_49-336-JS41-2-68_2018-04-11_02-10-21_9974300,0.7553004890500986
0.1345558854950752,49.17020206192835,-51.55983399651133,0.0,16.693120796861695,0.0,24.588860690939637,0.0,8,0.004596471027046923,9.192942054093846e-05,8,0.14104388298246653,65,4-9-18_Schnable_49-336-JS41-2-68_2018-04-11_02-10-21_9974300,0.9587983132074152
0.32491823955436805,41.034027127715184,-70.99583974827665,0.0,190.85217961252047,0.0,42.45495427211686,0.0778256928175044,8,0.03317105844925014,0.0006634211689850028,0,-0.06420644485600666,148,4-9-18_Schnable_49-337-JS122-179_2018-04-11_02-12-35_9974400,2.57569635047496
0.29556603565079964,46.316247412867284,-70.11040981713478,0.0,20.212185242113407,0.0,48.370378725559455,0.014195539885375329,8,0.020526927198008083,0.00041053854396016164,1,-0.05001090497063133,137,4-9-18_Schnable_49-337-JS122-179_2018-04-11_02-12-35_9974400,2.02617507624628
0.39729638300169295,53.656086190547214,-77.08838200645349,0.0,191.67245091214537,0.0,52.826205177069234,0.017844502580252705,8,0.0765959503967158,0.0015319190079343158,2,-0.03216640239037862,173,4-9-18_Schnable_49-337-JS122-179_2018-04-11_02-12-35_9974400,3.9139736942579413
0.35091421653129584,61.23322387620772,-79.60610398471107,0.0,13.040087486692256,0.0,59.05840883964552,0.03813683606210644,8,0.020135437307357992,0.00040270874614715984,3,0.005970433671727817,149,4-9-18_Schnable_49-337-JS122-179_2018-04-11_02-12-35_9974400,2.006760439482401
0.47185739202917604,66.03105608615446,-8.370345221236597,0.0,208.16466098043003,0.0,69.21349447790136,0.0677798590179444,8,0.10323636273804834,0.002064727254760967,4,0.07375029268967222,222,4-9-18_Schnable_49-337-JS122-179_2018-04-11_02-12-35_9974400,4.543926996289627
0.33931644534610567,79.03429042353935,-52.15845226522817,0.0,17.996128801170894,0.0,75.79417256635594,0.06637916692101008,8,0.0399195776401715,0.00079839155280343,5,0.1401294596106823,165,4-9-18_Schnable_49-337-JS122-179_2018-04-11_02-12-35_9974400,2.8255823343223074
0.2844404866052366,76.10321026513448,-26.135635708005427,0.0,227.48321806800627,0.0,74.65824876256656,0.0,8,0.027094713572872353,0.000541894271457447,6,0.1401294596106823,142,4-9-18_Schnable_49-337-JS122-179_2018-04-11_02-12-35_9974400,2.3278622628013177
0.28030041814431783,39.51361527184197,-133.80164167256657,0.0,197.2055419906568,0.0,37.03923144162187,0.07057962509910559,8,0.02606840217258803,0.0005213680434517607,0,-0.1323617811636977,134,4-9-18_Schnable_49-338-JS181-271_2018-04-11_02-14-49_9974500,2.2833485135908638
0.3356474293704222,74.27467256782782,-148.29697262410923,0.0,12.212735338608264,0.0,73.62125461429714,0.02112236292876006,8,0.03352474026579587,0.0006704948053159174,1,-0.11123941823493765,157,4-9-18_Schnable_49-338-JS181-271_2018-04-11_02-14-49_9974500,2.5893914445597392
0.16589928928757927,37.52742515646462,-19.598255332773256,0.0,204.899349489783,0.0,31.798069593441333,0.010927614806179958,8,0.0021958954043047284,4.391790808609457e-05,2,-0.10031180342875769,76,4-9-18_Schnable_49-338-JS181-271_2018-04-11_02-14-49_9974500,0.6627058780944572
0.45055057557118117,36.34455656534165,-108.95773626920159,0.0,192.5220414985205,0.0,36.88917826626743,0.0755804885032342,8,0.027487857284742984,0.0005497571456948597,3,-0.024731314925523485,206,4-9-18_Schnable_49-338-JS181-271_2018-04-11_02-14-49_9974500,2.344690055625391
0.3963293893682274,78.26567205470775,-111.26828326398288,0.0,76.25502490877834,0.0,69.0849758115481,0.08241438068762397,8,0.1426173066500463,0.0028523461330009258,4,0.05768306576210048,189,4-9-18_Schnable_49-338-JS181-271_2018-04-11_02-14-49_9974500,5.340736028864304
0.4221303515127978,53.288300745124104,-197.10871118647742,0.0,154.95107629596185,0.0,41.91163196125562,0.0,8,0.38197033598226116,0.007639406719645223,5,0.05768306576210048,185,4-9-18_Schnable_49-338-JS181-271_2018-04-11_02-14-49_9974500,8.740369969083245
0.24328973655804195,75.71711139375292,-89.23398519131808,0.0,335.837398498328,0.0,75.36271918092977,0.02010690963526033,8,0.013670859156500657,0.00027341718313001314,0,-0.06102712335786916,97,4-9-18_Schnable_49-339-JS22-37_2018-04-11_02-17-02_9974600,1.6535331358337308
0.26226958380300247,59.56384468759041,-107.05102333384521,0.0,234.1388207430378,0.0,57.57550776126622,0.08407318917176056,8,0.02423703336415501,0.0004847406672831002,1,0.023046065813891396,105,4-9-18_Schnable_49-339-JS22-37_2018-04-11_02-17-02_9974600,2.201682691223011
0.16923434652766473,59.63722288955088,-82.82340157214368,0.0,33.705621333176566,0.0,49.06936842317764,0.006024395748792322,8,0.01857007483729162,0.0003714014967458324,2,0.029070461562683718,79,4-9-18_Schnable_49-339-JS22-37_2018-04-11_02-17-02_9974600,1.9271779802234985
0.21967396805968833,75.1070013542372,-91.04275215036401,0.0,29.62942341981235,0.0,72.35244272599631,0.051901882949314145,8,0.011628894856362346,0.00023257789712724693,3,0.08097234451199786,101,4-9-18_Schnable_49-339-JS22-37_2018-04-11_02-17-02_9974600,1.5250504815488795
0.14131204795716013,69.03791826081564,-20.948214484947435,0.0,191.6824528586642,0.0,66.35043224582897,0.0,8,0.0068507764900744145,0.00013701552980148829,4,0.08097234451199786,66,4-9-18_Schnable_49-339-JS22-37_2018-04-11_02-17-02_9974600,1.1705363292161772
0.13305690704554368,84.01834427931809,-74.28687775841027,0.0,238.2333305277661,0.0,68.9057659859052,0.03194899899091529,8,0.023717011378452217,0.00047434022756904435,0,-0.12011824806643316,61,4-9-18_Schnable_49-341-JS117-172_2018-04-11_02-21-30_9974800,2.177935324037526
0.22775685000627277,78.47437222320342,-128.16362811339718,0.0,149.09486970116066,0.0,70.5142306191683,0.042164022136497115,8,0.010690365696242227,0.00021380731392484456,1,-0.07795422592993605,104,4-9-18_Schnable_49-341-JS117-172_2018-04-11_02-21-30_9974800,1.462215148071051
0.29565655467545665,89.5,-210.34329385723697,0.0,346.54071381150146,0.0,60.20679046319903,0.027892120242787345,8,0.0880363339766732,0.001760726679533464,2,-0.0500621056871487,125,4-9-18_Schnable_49-341-JS117-172_2018-04-11_02-21-30_9974800,4.19610138048816
0.24784027468257577,78.65508024476519,-27.302622731251667,0.0,148.61315996314,0.0,73.50042030091778,0.06405180884418313,8,0.09435013215406941,0.0018870026430813883,3,0.01398970315703442,121,4-9-18_Schnable_49-341-JS117-172_2018-04-11_02-21-30_9974800,4.343964368041465
0.35480746445733874,73.94826534837573,-79.49292531435516,0.0,323.2820088349817,0.0,71.42245964236207,0.03783215491097888,8,0.06093469760294435,0.001218693952058887,4,0.0518218580680133,173,4-9-18_Schnable_49-341-JS117-172_2018-04-11_02-21-30_9974800,3.490979736490728
0.41424362249244523,72.31213451651121,-108.83207379996841,0.0,163.08542117133842,0.0,67.62638973913084,0.0722729292869694,8,0.1164046254090647,0.002328092508181294,5,0.12409478735498271,181,4-9-18_Schnable_49-341-JS117-172_2018-04-11_02-21-30_9974800,4.8250310964607195
0.1746854901225245,81.1403178161186,70.6166468236626,0.0,164.5238877721825,0.0,77.20930937099578,0.02778475729625697,8,0.008473584724190724,0.00016947169448381448,6,0.15187954465123968,83,4-9-18_Schnable_49-341-JS117-172_2018-04-11_02-21-30_9974800,1.3018129454104168
0.32143087717052554,78.76235175107551,-14.52478433974142,0.0,355.42270978491894,0.0,74.59357976635016,0.0,8,0.025075990437335313,0.0005015198087467063,7,0.15187954465123968,166,4-9-18_Schnable_49-341-JS117-172_2018-04-11_02-21-30_9974800,2.23946379463189
0.32315489264786246,65.2523297904921,-112.37125313177883,0.0,20.008107452476057,0.0,57.347165438401554,0.06921020512375091,8,0.11492232474399171,0.002298446494879834,0,-0.08072741814179195,142,4-9-18_Schnable_49-342-JS249-400_2018-04-11_02-23-44_9974900,4.7942116086796105
0.3774042555806794,64.31946777758482,-71.05734521261843,0.0,207.00220304391956,0.0,62.171053794888444,0.021624080495138892,8,0.031467425982020555,0.0006293485196404111,1,-0.059103337646653056,170,4-9-18_Schnable_49-342-JS249-400_2018-04-11_02-23-44_9974900,2.5086819639811084
0.016828427124746186,63.42200456633063,-32.1936534072625,0.0,202.72173492935275,0.0,15.59627660698203,0.020680268217394944,8,0.0023684588484474143,4.7369176968948285e-05,2,-0.03842306942925811,6,4-9-18_Schnable_49-342-JS249-400_2018-04-11_02-23-44_9974900,0.6882526931945002
0.01082842712474619,89.5,212.72286912503208,0.0,19.04277833611585,0.0,48.00181400151342,0.0,8,0.004848936094134753,9.697872188269505e-05,3,-0.03842306942925811,4,4-9-18_Schnable_49-342-JS249-400_2018-04-11_02-23-44_9974900,0.984777750980875
0.37424724645535956,69.41357594454504,11.016113786652372,0.0,227.59083073957788,0.0,71.59826879190366,0.03381203904836078,8,0.1243543294375414,0.002487086588750828,4,-0.00461103038089733,185,4-9-18_Schnable_49-342-JS249-400_2018-04-11_02-23-44_9974900,4.987069869924451
0.3847343927447932,59.21072398935556,-31.960179906592646,0.0,18.034663769595785,0.0,60.207244961245635,0.0041892638661035105,8,0.19030511283971774,0.003806102256794355,5,-0.0004217665147938191,174,4-9-18_Schnable_49-342-JS249-400_2018-04-11_02-23-44_9974900,6.169361601328256
0.1724523792133439,71.4657853695093,-23.83773016110475,0.0,317.5664633337847,0.0,63.37516940793219,0.0038054692687381673,8,0.024327733358205525,0.0004865546671641105,6,0.003383702753944348,77,4-9-18_Schnable_49-342-JS249-400_2018-04-11_02-23-44_9974900,2.2057984204457814
0.43739153403420117,73.86243061312717,-96.23377430484663,0.0,39.72911955648056,0.0,66.99172520467741,0.09637266912660988,8,0.1639115615561648,0.003278231231123296,7,0.09975637188055424,204,4-9-18_Schnable_49-342-JS249-400_2018-04-11_02-23-44_9974900,5.7255840148611
0.38176003940941694,73.9095166389193,-17.185202911887256,0.0,190.68033520984068,0.0,59.38931717544901,0.06169397688708274,8,0.21697849785888076,0.0043395699571776155,8,0.16145034876763698,172,4-9-18_Schnable_49-342-JS249-400_2018-04-11_02-23-44_9974900,6.587541238715409
0.357059509695517,70.78200018309664,-31.42305922269963,0.0,62.963050465524965,0.0,59.704375067176166,0.001980285864297493,8,0.10041208005650082,0.0020082416011300164,9,0.16343063463193447,158,4-9-18_Schnable_49-342-JS249-400_2018-04-11_02-23-44_9974900,4.48134087202705
0.10774806063189336,34.19073968217361,131.26402070118812,0.0,176.1692025399646,0.0,34.36439555279997,0.0,8,0.004043727019339175,8.08745403867835e-05,10,0.16343063463193447,52,4-9-18_Schnable_49-342-JS249-400_2018-04-11_02-23-44_9974900,0.8993027320473541
0.08302995204911073,82.313476659435,-104.47550108480833,0.0,259.09314935208903,0.0,34.48915106985075,0.08273587306593852,8,0.007181224749166752,0.00014362449498333505,0,-0.0394598928299153,34,4-9-18_Schnable_49-343-JS125-184_2018-04-11_02-25-57_9975000,1.1984343744374786
0.3081911329236855,62.52533242954319,-94.68242079447887,0.0,33.20326915629403,0.0,59.24232101162914,0.005390108792834747,8,0.06675139119679421,0.0013350278239358843,1,-0.03406978403708055,135,4-9-18_Schnable_49-343-JS125-184_2018-04-11_02-25-57_9975000,3.653803256794055
0.22411810026402532,69.27593223341654,-49.95215147483298,0.0,30.56989675247755,0.0,66.11333409936105,0.023777963844149375,8,0.02460128917564993,0.0004920257835129986,2,-0.01029182019293118,103,4-9-18_Schnable_49-343-JS125-184_2018-04-11_02-25-57_9975000,2.2181654210473094
0.29413850006209996,68.30368491844779,-13.738513969962597,0.0,24.98065437828416,0.0,60.63478138839375,0.13489803410372486,8,0.05909363060859359,0.0011818726121718718,3,0.12460621391079368,141,4-9-18_Schnable_49-343-JS125-184_2018-04-11_02-25-57_9975000,3.4378374193260974
0.3841386256098503,69.21500470291566,-7.9182477176751025,0.0,219.8668797765592,0.0,72.4104202589166,0.0,8,0.1503839866242445,0.0030076797324848897,4,0.12460621391079368,169,4-9-18_Schnable_49-343-JS125-184_2018-04-11_02-25-57_9975000,5.484231698683863
0.25713463724467134,73.79642790882177,-129.39103451526006,0.0,151.98834725673925,0.0,65.95841357729928,0.11183597307137488,8,0.007690779739084422,0.00015381559478168844,0,-0.030598000623424295,115,4-9-18_Schnable_49-344-JS148-215_2018-04-11_02-28-10_9975100,1.240224152247038
0.3538721900399878,68.59709617796605,-62.96831230570666,0.0,159.36909223285357,0.0,67.13153146061406,0.05350505481269087,8,0.02549908788070203,0.0005099817576140406,1,0.02290705418926657,162,4-9-18_Schnable_49-344-JS148-215_2018-04-11_02-28-10_9975100,2.2582775684446776
0.22957895625933747,72.65032802134222,-64.17001460122684,0.0,311.04344946074593,0.0,68.95657705765106,0.0024535640234508577,8,0.002194518407051585,4.38903681410317e-05,2,0.02536061821271743,100,4-9-18_Schnable_49-344-JS148-215_2018-04-11_02-28-10_9975100,0.6624980614389124
0.24026442381837348,82.23462211598168,-15.880986595587292,0.0,135.44784369538732,0.0,81.72220585436217,0.06400138914743869,8,0.019317575598393262,0.00038635151196786524,3,0.08936200736015612,129,4-9-18_Schnable_49-344-JS148-215_2018-04-11_02-28-10_9975100,1.9655826412742488
0.23745287899947157,84.2261440715508,-3.754973943502858,0.0,161.74546717117244,0.0,82.06838070016586,0.05534256499780757,8,0.01644188699608478,0.0003288377399216956,4,0.1447045723579637,129,4-9-18_Schnable_49-344-JS148-215_2018-04-11_02-28-10_9975100,1.8133883751742086
0.263238368379716,73.72821959068438,-8.512024169644196,0.0,298.1679987143003,0.0,73.79178067247557,0.0,8,0.031193037238173682,0.0006238607447634736,5,0.1447045723579637,123,4-9-18_Schnable_49-344-JS148-215_2018-04-11_02-28-10_9975100,2.4977204502575416
0.26213476817305353,77.72316418597732,-155.52051804717127,0.0,296.30545241700474,0.0,62.42018271768582,0.07845339110721761,8,0.07172109130335487,0.0014344218260670975,0,-0.25320086988057217,116,4-9-18_Schnable_49-345-JS253-406_2018-04-11_02-30-24_9975200,3.7873761710016307
0.3093536904028707,48.24940510434247,-97.94307836030156,0.0,137.9238739706598,0.0,44.26909744876237,0.025702419755264216,8,0.04163547613979282,0.0008327095227958565,1,-0.22749845012530795,145,4-9-18_Schnable_49-345-JS253-406_2018-04-11_02-30-24_9975200,2.8856706721243444
0.327639567216445,54.777444081309994,82.15635868256945,0.0,266.8189219198069,0.0,69.58440881984251,0.03653466644055123,8,0.20495748964034727,0.004099149792806945,2,-0.19096378368475672,153,4-9-18_Schnable_49-345-JS253-406_2018-04-11_02-30-24_9975200,6.4024603027328055
0.15285883434112252,57.860361085526534,-35.33411190546988,0.0,146.29260266254224,0.0,50.33453097741786,0.031118543097907736,8,0.003650429228613656,7.300858457227312e-05,3,-0.15984524058684899,67,4-9-18_Schnable_49-345-JS253-406_2018-04-11_02-30-24_9975200,0.8544506104642511
0.3804712983020918,80.63809170658803,6.842684760073658,0.0,244.2738729086666,0.0,76.64475766729073,0.06698499334647556,8,0.10888915125802745,0.002177783025160549,4,-0.09286024724037342,187,4-9-18_Schnable_49-345-JS253-406_2018-04-11_02-30-24_9975200,4.666672288859107
0.4808483310210651,62.45520660886278,-44.193733469002716,0.0,126.67883327582948,0.0,61.73237535368024,0.09548640498332103,8,0.13100800454659572,0.0026201600909319146,5,0.0026261577429476106,207,4-9-18_Schnable_49-345-JS253-406_2018-04-11_02-30-24_9975200,5.118749936197229
0.05560419706682225,11.536784474670382,-77.47165822775875,0.0,358.8033847786583,0.0,0.4978097201254727,0.3044301012914745,8,0.0026313215575508478,5.2626431151016955e-05,6,0.30705625903442213,16,4-9-18_Schnable_49-345-JS253-406_2018-04-11_02-30-24_9975200,0.7254407705045047
0.24573044390812668,71.17208686984225,-116.8674144615008,0.0,177.34294612563076,0.0,69.68518486557849,0.05685984296378219,8,0.011091668042570026,0.00022183336085140052,0,-0.078430782225091,120,4-9-18_Schnable_49-346-JS225-357_2018-04-11_02-32-39_9975300,1.4894071332291936
0.3135759702410929,64.73401797610101,-124.97850182931838,0.0,5.111321820235344,0.0,60.18959860775793,0.02905102469780233,8,0.07268279607342122,0.0014536559214684244,1,-0.049379757527288674,140,4-9-18_Schnable_49-346-JS225-357_2018-04-11_02-32-39_9975300,3.8126839909287322
0.3517560911853591,69.99865163203575,-97.13655008731578,0.0,171.7464449481117,0.0,66.6732510526094,0.06150741546368467,8,0.10611141872660027,0.002122228374532005,2,0.012127657936395997,155,4-9-18_Schnable_49-346-JS225-357_2018-04-11_02-32-39_9975300,4.606764997839596
0.44435344556538975,67.84370244950392,-74.32341224761691,0.0,7.022410760417862,0.0,64.71774652925875,0.025502006903220943,8,0.18837729381234475,0.003767545876246895,3,0.03762966483961694,200,4-9-18_Schnable_49-346-JS225-357_2018-04-11_02-32-39_9975300,6.138033786357725
0.3884118092574669,79.45382547925102,-133.5512441514797,0.0,38.83510061675475,0.0,75.36612362358916,0.09688616234597572,8,0.1770935408539312,0.003541870817078624,4,0.13451582718559266,192,4-9-18_Schnable_49-346-JS225-357_2018-04-11_02-32-39_9975300,5.951361875301001
0.4142736056020251,68.34651247768764,-85.62259088107851,0.0,180.64820071749418,0.0,59.46791438984685,0.0,8,0.2715997839252796,0.005431995678505592,5,0.13451582718559266,181,4-9-18_Schnable_49-346-JS225-357_2018-04-11_02-32-39_9975300,7.370207377344
0.18143719707773354,89.27025134530416,-146.39111633961207,0.0,214.54992691977031,0.0,77.95697442739029,0.06318491620383745,8,0.029702795870193182,0.0005940559174038636,0,-0.11833649438477178,83,4-9-18_Schnable_49-347-js254-408_2018-04-11_02-34-52_9975400,2.4373262346347144
0.24537681937489844,80.4806144916912,-75.70730413751056,0.0,331.00092446539384,0.0,74.11093861694002,0.03708690052113928,8,0.052852005258060386,0.0010570401051612076,1,-0.08124959386363251,121,4-9-18_Schnable_49-347-js254-408_2018-04-11_02-34-52_9975400,3.251215319170983
0.10306803846723464,84.12315289067733,-14.31672664815685,0.0,295.92502703193634,0.0,72.55422973438267,0.018168964608464344,8,0.0016736931095941968,3.347386219188394e-05,2,-0.06308062925516816,54,4-9-18_Schnable_49-347-js254-408_2018-04-11_02-34-52_9975400,0.5785660048074371
0.21766630872953552,81.86137315663515,-97.32291005126133,0.0,190.16309078359018,0.0,77.29045423878782,0.07390094542376416,8,0.013477239179848544,0.00026954478359697087,3,0.010820316168595998,98,4-9-18_Schnable_49-347-js254-408_2018-04-11_02-34-52_9975400,1.641781908771597
0.2556922372853676,71.47080268197044,-19.426129537451,0.0,6.5901384138677,0.0,70.90376219981692,0.01977917527217858,8,0.017659727284472175,0.0003531945456894435,4,0.03059949144077458,134,4-9-18_Schnable_49-347-js254-408_2018-04-11_02-34-52_9975400,1.8793470826046037
0.23513087692778262,78.90854263260755,-26.254016581746303,0.0,338.0258462913651,0.0,64.29391065472124,0.0,8,0.01260592998365576,0.00025211859967311516,5,0.03059949144077458,124,4-9-18_Schnable_49-347-js254-408_2018-04-11_02-34-52_9975400,1.5878242965552427
0.19382913519036754,81.24425786172425,-6.336162518687387,0.0,157.72559866497662,0.0,74.95429263249018,0.014091391106608866,8,0.01484945147272198,0.0002969890294544396,6,0.044690882547383445,91,4-9-18_Schnable_49-347-js254-408_2018-04-11_02-34-52_9975400,1.7233369648865529
0.44231028359452623,74.63961754475223,-49.46859546918017,0.0,6.373180055726156,0.0,68.31885617919097,0.044328401472341836,8,0.029790841078022837,0.0005958168215604567,7,0.08901928401972528,219,4-9-18_Schnable_49-347-js254-408_2018-04-11_02-34-52_9975400,2.4409359302539193
0.4105002434697165,78.31187763562373,20.143766002821813,0.0,64.55349076721102,0.0,67.32477683894543,0.09214696025284475,8,0.17312218036885918,0.0034624436073771836,8,0.18116624427257003,196,4-9-18_Schnable_49-347-js254-408_2018-04-11_02-34-52_9975400,5.884253229915572
0.3974788721239713,74.50584561833787,-30.942095739522856,0.0,152.42649242536734,0.0,68.85831580116353,0.0,8,0.06516622082583023,0.0013033244165166046,9,0.18116624427257003,179,4-9-18_Schnable_49-347-js254-408_2018-04-11_02-34-52_9975400,3.610158468151509
0.09514366771532973,74.06143246298254,-69.1891601106857,0.0,343.85819556836594,0.0,61.53765212078512,0.06399521383889371,8,0.007308888306654242,0.00014617776613308484,0,-0.07554893256140068,42,4-9-18_Schnable_49-348-js166-238_2018-04-11_02-37-05_9975500,1.209039975075617
0.14182559913226375,67.35082437762155,-57.02068647846107,0.0,173.32370965991777,0.0,63.34016429543071,0.016379773054474855,8,0.002786404582449918,5.572809164899836e-05,1,-0.05916915950692582,62,4-9-18_Schnable_49-348-js166-238_2018-04-11_02-37-05_9975500,0.7465125025677625
0.30759993173515005,58.458519278654585,-76.26087810863201,0.0,335.02488232754894,0.0,53.894290489487354,0.039462801309357205,8,0.02228296660440412,0.00044565933208808234,2,-0.019706358197568614,137,4-9-18_Schnable_49-348-js166-238_2018-04-11_02-37-05_9975500,2.1110644994601238
0.38050106665488875,67.17942068498331,-112.49443310974192,0.0,158.24097275352867,0.0,59.340382136313224,0.04258548521382276,8,0.167600392715211,0.00335200785430422,3,0.02287912701625414,160,4-9-18_Schnable_49-348-js166-238_2018-04-11_02-37-05_9975500,5.789652713509006
0.4659565518098377,62.71465980214452,-121.04271976165853,0.0,326.34108600693094,0.0,57.6876301824648,0.05938390795732734,8,0.059767775449057564,0.0011953555089811512,4,0.08226303497358148,209,4-9-18_Schnable_49-348-js166-238_2018-04-11_02-37-05_9975500,3.4573913706451442
0.4088697319925788,71.88915359015462,-149.62179388954544,0.0,161.38593956875215,0.0,64.60199412850561,0.057149200862456506,8,0.04514996307328949,0.0009029992614657897,5,0.13941223583603798,198,4-9-18_Schnable_49-348-js166-238_2018-04-11_02-37-05_9975500,3.0049946114191117
0.2684248640213202,70.43046806467433,-76.81933886194456,0.0,339.4626368933423,0.0,64.64747650407541,0.0,8,0.02886582056810037,0.0005773164113620074,6,0.13941223583603798,126,4-9-18_Schnable_49-348-js166-238_2018-04-11_02-37-05_9975500,2.4027409584930446
0.27677114180586865,89.5,-74.47691730318449,0.0,124.74217208300422,0.0,76.62622020021261,0.059358912798543106,8,0.14993256547680575,0.0029986513095361152,0,-0.2038096603248884,137,4-9-18_Schnable_49-349-js207-323_2018-04-11_02-39-19_9975600,5.475994256330183
0.3090291732174954,57.12011597810595,-124.80310659851294,0.0,356.1838650201973,0.0,53.53085110150875,0.05025898845098195,8,0.011616273149368053,0.00023232546298736104,1,-0.15355067187390645,130,4-9-18_Schnable_49-349-js207-323_2018-04-11_02-39-19_9975600,1.5242226313349407
0.4273628782465367,89.5,-82.81698043570066,0.0,164.2132440513873,0.0,78.3291657230022,0.07179277800808025,8,0.3513830040382178,0.007027660080764356,2,-0.0817578938658262,211,4-9-18_Schnable_49-349-js207-323_2018-04-11_02-39-19_9975600,8.383114028071164
0.4584541117089465,68.45306061339768,-87.93784180521541,0.0,310.6860669221557,0.0,70.69645100691774,0.15518722271869714,8,0.10870089686383688,0.0021740179372767374,3,0.07342932885287094,221,4-9-18_Schnable_49-349-js207-323_2018-04-11_02-39-19_9975600,4.6626365259118545
0.300151509828037,49.969685933006744,-95.66795229504721,0.0,354.27335299085314,0.0,35.33133220422178,0.0,8,0.008580603364984129,0.0001716120672996826,4,0.07342932885287094,128,4-9-18_Schnable_49-349-js207-323_2018-04-11_02-39-19_9975600,1.3100078904330408
0.1359735364731417,63.47262025275328,-164.10412712941968,0.0,190.5688181235838,0.0,38.29137604882934,0.18069724378121949,8,0.05040665058636081,0.0010081330117272162,5,0.25412657263409044,65,4-9-18_Schnable_49-349-js207-323_2018-04-11_02-39-19_9975600,3.1751110401483853
0.18693672333120365,69.4836438978552,2.530528255644488,0.0,273.0075843484274,0.0,51.01536346998573,0.0,8,0.01891538255456439,0.0003783076510912878,6,0.25412657263409044,85,4-9-18_Schnable_49-349-js207-323_2018-04-11_02-39-19_9975600,1.945013241834841
0.2751576712843657,62.701963073971925,-88.56079487028825,0.0,142.21931198916258,0.0,60.24865550175602,0.05808439832399917,8,0.010841361095031862,0.00021682722190063725,0,-0.09462493732140984,116,4-9-18_Schnable_49-351-js139-201_2018-04-11_02-43-45_9975800,1.4725054224030458
0.3343096160339898,61.24151241265621,-67.85528641851822,0.0,3.1540847469852507,0.0,61.10189071212124,0.01745293976414994,8,0.02609522771340725,0.000521904554268145,1,-0.0771719975572599,150,4-9-18_Schnable_49-351-js139-201_2018-04-11_02-43-45_9975800,2.2845230449004994
0.17964143812476782,67.32906511177616,-48.30979098570159,0.0,353.70888418100327,0.0,59.637716590731,0.031184400392051365,8,0.014894099407351147,0.0002978819881470229,2,-0.04598759716520853,85,4-9-18_Schnable_49-351-js139-201_2018-04-11_02-43-45_9975800,1.7259258041614156
0.265421247291893,58.60395821099115,-54.06940269212764,0.0,202.0536644964461,0.0,57.06185388504147,0.014867569849687613,8,0.026270559240962305,0.0005254111848192461,3,-0.03112002731552092,124,4-9-18_Schnable_49-351-js139-201_2018-04-11_02-43-45_9975800,2.292184950694961
0.10702038984735215,87.82765814690578,-60.21334025469241,0.0,327.3585412778723,0.0,66.4319832005878,0.017182970951810934,8,0.0016005406404635933,3.201081280927187e-05,4,-0.013937056363709987,55,4-9-18_Schnable_49-351-js139-201_2018-04-11_02-43-45_9975800,0.5657809895115942
0.1805239416144571,66.7526346135574,0.1757220721891814,0.0,332.26921323724804,0.0,58.710393203873274,0.07120975296949462,8,0.010431045979165594,0.0002086209195833119,5,0.057272696605784636,94,4-9-18_Schnable_49-351-js139-201_2018-04-11_02-43-45_9975800,1.4443715574024292
0.33188528727394695,75.55915917221812,-18.62332051216058,0.0,19.603979727669,0.0,75.73195777040686,0.0796431042456644,8,0.024018659703283013,0.0004803731940656603,6,0.13691580085144903,160,4-9-18_Schnable_49-351-js139-201_2018-04-11_02-43-45_9975800,2.191741759573103
0.32292632866723237,69.73136217845601,-19.389122356009565,0.0,170.2968984837177,0.0,61.230413972279806,0.013670259462822382,8,0.04063352196067187,0.0008126704392134374,7,0.1505860603142714,138,4-9-18_Schnable_49-351-js139-201_2018-04-11_02-43-45_9975800,2.850737517228546
0.21354709711838243,81.06129005559863,-26.009406028631396,0.0,153.9333850898825,0.0,69.83692178259935,0.005180674214222414,8,0.01979055280308222,0.00039581105606164446,8,0.15576673452849382,98,4-9-18_Schnable_49-351-js139-201_2018-04-11_02-43-45_9975800,1.9895000780639451
0.14201970053567778,55.677468353784924,34.591323805005295,0.0,308.84244926645374,0.0,59.59467625766129,0.0,8,0.004608896942306586,9.217793884613173e-05,9,0.15576673452849382,72,4-9-18_Schnable_49-351-js139-201_2018-04-11_02-43-45_9975800,0.9600934269441268
0.3306116320777912,70.23015334716628,-120.84293819884235,0.0,334.80001638161485,0.0,64.68405170818981,0.10397055141486046,8,0.015925347455718674,0.0003185069491143735,0,-0.06620571977905791,158,4-9-18_Schnable_49-352-js184-274_2018-04-11_02-45-58_9975900,1.7846762987006173
0.3277532271388547,63.17524944864846,-64.22993516575373,0.0,153.8289848276611,0.0,62.31896080179267,0.006207730932253533,8,0.014945647696115363,0.0002989129539223073,1,-0.05999798884680438,154,4-9-18_Schnable_49-352-js184-274_2018-04-11_02-45-58_9975900,1.7289099280249025
0.34478015928147976,62.28966184681756,-53.90900747380157,0.0,358.13525816134967,0.0,59.028421942393095,0.03175498180221906,8,0.03340426665119249,0.0006680853330238498,2,-0.028243007044585322,157,4-9-18_Schnable_49-352-js184-274_2018-04-11_02-45-58_9975900,2.5847346730831964
0.4067803083897795,65.69895091793035,-66.62780422105341,0.0,160.53113035430783,0.0,64.86264666453121,0.04048122146327714,8,0.03370896846414215,0.0006741793692828429,3,0.012238214418691815,189,4-9-18_Schnable_49-352-js184-274_2018-04-11_02-45-58_9975900,2.5964964265002233
0.5112829535472496,70.44876070925054,-107.34696489372476,0.0,357.22395651470526,0.0,65.62099041270744,0.03164654363200948,8,0.21614682728003423,0.004322936545600685,4,0.04388475805070129,250,4-9-18_Schnable_49-352-js184-274_2018-04-11_02-45-58_9975900,6.574904216489154
0.31880379161854755,80.56530622170042,-43.8448043905356,0.0,202.51939881279836,0.0,74.00294235856302,0.12483347564144212,8,0.029630725200397424,0.0005926145040079485,5,0.16871823369214342,153,4-9-18_Schnable_49-352-js184-274_2018-04-11_02-45-58_9975900,2.4343674825464388
0.2670248111474796,77.38041026517513,-29.194897952135932,0.0,290.84980376091306,0.0,75.38522977860136,0.0,8,0.02088044271909835,0.000417608854381967,6,0.16871823369214342,131,4-9-18_Schnable_49-352-js184-274_2018-04-11_02-45-58_9975900,2.043548028263508
0.20832488935975385,50.91393306430988,-127.10116082983346,0.0,19.109721668458995,0.0,47.33630548427307,0.048275555233953604,8,0.004263059549711816,8.526119099423632e-05,0,-0.11044641216907833,94,4-9-18_Schnable_49-353-js46-75_2018-04-11_02-48-12_9976000,0.9233698662737285
0.034521295049905205,89.5,47.0702894874745,0.0,135.34003435672602,0.0,48.91856774026535,0.027731167903114307,8,0.006379346460951867,0.00012758692921903734,1,-0.08271524426596402,15,4-9-18_Schnable_49-353-js46-75_2018-04-11_02-48-12_9976000,1.129543842526873
0.30375149914429855,57.475301194890065,-109.98260104595157,0.0,4.255512021872274,0.0,50.44305693065789,0.027286977212110604,8,0.03143741111443793,0.0006287482222887586,2,-0.05542826705385342,140,4-9-18_Schnable_49-353-js46-75_2018-04-11_02-48-12_9976000,2.507485238817486
0.36295481457675605,60.775737961338706,-86.27516037932396,0.0,178.18300805000493,0.0,63.50663643724999,0.03893386994867244,8,0.09983522146294835,0.001996704429258967,3,-0.016494397105180972,163,4-9-18_Schnable_49-353-js46-75_2018-04-11_02-48-12_9976000,4.46844987580589
0.3957937462432941,60.95917469965172,-93.6165804009718,0.0,2.253890148001486,0.0,53.07738725207348,0.06477909831344,8,0.0518641954162527,0.001037283908325054,4,0.048284701208259034,185,4-9-18_Schnable_49-353-js46-75_2018-04-11_02-48-12_9976000,3.2206892248788206
0.34684389269869537,64.00445867184717,-47.8809216502422,0.0,349.5247254393892,0.0,68.04639549557929,0.10877486647395693,8,0.07695329918846289,0.0015390659837692577,5,0.15705956768221596,142,4-9-18_Schnable_49-353-js46-75_2018-04-11_02-48-12_9976000,3.923093146701028
0.27295216669156047,73.03281743966009,-49.273192008503706,0.0,179.01385559339545,0.0,62.115321697178565,0.0,8,0.14197075185924476,0.0028394150371848954,6,0.15705956768221596,134,4-9-18_Schnable_49-353-js46-75_2018-04-11_02-48-12_9976000,5.328616177944228
0.2306529383590702,75.62912391084136,-136.18026357382388,0.0,307.83185767330616,0.0,69.26957999033735,0.08606052816736857,8,0.010317633212194874,0.0002063526642438975,0,-0.09196679611617138,105,4-9-18_Schnable_49-354-js200-312_2018-04-11_02-50-25_9976100,1.4364980481848817
0.3156376365639574,75.63085911597689,-137.2293342774682,0.0,179.27906279039655,0.0,68.00294348308817,0.017893337365687906,8,0.009997502600683827,0.00019995005201367655,1,-0.07407345875048348,145,4-9-18_Schnable_49-354-js200-312_2018-04-11_02-50-25_9976100,1.41403695854697
0.30947618640339236,67.0157903314029,-117.11641727626478,0.0,340.3284804592908,0.0,66.06590861627609,0.026250659206686067,8,0.015518113261429364,0.0003103622652285873,2,-0.04782279954379741,145,4-9-18_Schnable_49-354-js200-312_2018-04-11_02-50-25_9976100,1.76171014990715
0.3734148254778106,76.47190170026231,-127.55374943050434,0.0,176.38937179539178,0.0,67.2215139599822,0.053687155080301634,8,0.07937516491878256,0.0015875032983756513,3,0.005864355536504227,171,4-9-18_Schnable_49-354-js200-312_2018-04-11_02-50-25_9976100,3.984348501795057
0.42529394166814455,70.30903228981225,-113.47064815256,0.0,5.59922105985373,0.0,66.20510812934768,0.046325451669983087,8,0.03779579674593908,0.0007559159349187816,4,0.05218980720648731,192,4-9-18_Schnable_49-354-js200-312_2018-04-11_02-50-25_9976100,2.749392541851348
0.13579653454994536,88.64911384152593,-16.08291106425779,0.0,251.7933856622836,0.0,77.60430656950854,0.045804637514758155,8,0.015577736861341656,0.0003115547372268331,5,0.09799444472124547,69,4-9-18_Schnable_49-354-js200-312_2018-04-11_02-50-25_9976100,1.7650913212262789
0.13328117715492108,88.52110552950072,-31.74581874547496,0.0,148.90594986750006,0.0,80.07882126856944,0.002227464977379384,8,0.005787524885475574,0.00011575049770951148,6,0.10022190969862485,65,4-9-18_Schnable_49-354-js200-312_2018-04-11_02-50-25_9976100,1.0758740526172732
0.4642082822121737,69.17034700258961,-139.52444240120775,0.0,22.782322384061644,0.0,66.09138663933928,0.07620559546462971,8,0.05639571403718609,0.0011279142807437217,7,0.17642750516325456,217,4-9-18_Schnable_49-354-js200-312_2018-04-11_02-50-25_9976100,3.358443509639133
0.44054554290920606,69.2464587656149,-120.06066566721987,0.0,184.6294080332083,0.0,54.08966254062637,0.0,8,0.03737197445972906,0.0007474394891945812,8,0.17642750516325456,208,4-9-18_Schnable_49-354-js200-312_2018-04-11_02-50-25_9976100,2.733933958958375
0.2002314401839088,63.34362567248553,-144.5331228298932,0.0,67.43448647360228,0.0,56.193981985839564,0.04014665330802984,8,0.017816404050457445,0.0003563280810091489,0,-0.12185838523470806,87,4-9-18_Schnable_49-355-js10-2-19_2018-04-11_02-52-38_9976200,1.8876654391314922
0.31412011431419135,61.476524398694124,-102.57092163365505,0.0,184.3952612095329,0.0,55.84937345086405,0.007780456152052612,8,0.02266318691511114,0.0004532637383022228,1,-0.11407792908265545,138,4-9-18_Schnable_49-355-js10-2-19_2018-04-11_02-52-38_9976200,2.1289991505452104
0.3208143783197926,59.80637374721574,-94.3466842712977,0.0,35.006213786930324,0.0,59.91171171667979,0.044253819845786455,8,0.022352348448300124,0.0004470469689660025,2,-0.06982410923686899,151,4-9-18_Schnable_49-355-js10-2-19_2018-04-11_02-52-38_9976200,2.114348526061875
0.39656719338960333,51.50933765345078,-59.20710102626507,0.0,209.98259746556985,0.0,56.54798579813113,0.03563423895812014,8,0.0721780976775892,0.001443561953551784,3,-0.034189870278748855,184,4-9-18_Schnable_49-355-js10-2-19_2018-04-11_02-52-38_9976200,3.7994235793759352
0.38898546272583007,63.64397241795546,-106.53488601556957,0.0,28.9682619773809,0.0,60.7817909464427,0.04414177197600787,8,0.053539824759491046,0.001070796495189821,4,0.009951901697259015,165,4-9-18_Schnable_49-355-js10-2-19_2018-04-11_02-52-38_9976200,3.2723026986967767
0.3766958710169586,61.997802412936515,-29.852952292208112,0.0,213.71425356334055,0.0,67.35069588543017,0.03990824301281896,8,0.05709038085313397,0.0011418076170626795,5,0.04986014471007797,173,4-9-18_Schnable_49-355-js10-2-19_2018-04-11_02-52-38_9976200,3.3790643927908204
0.462509534800315,68.04494056853889,-48.26906670751862,0.0,228.01773368705454,0.0,58.92645057968584,0.06403394655742684,8,0.049276941118466186,0.0009855388223693237,6,0.11389409126750481,208,4-9-18_Schnable_49-355-js10-2-19_2018-04-11_02-52-38_9976200,3.1393292633448366
0.22054093537253142,74.84231975737846,-43.892356379495794,0.0,348.81361237727543,0.0,63.53912874098585,0.04716207669365784,8,0.008458514561563166,0.00016917029123126332,7,0.16105616796116265,100,4-9-18_Schnable_49-355-js10-2-19_2018-04-11_02-52-38_9976200,1.3006548013645407
0.368998972641111,55.4442481729185,-42.00130580492699,0.0,17.200760002395405,0.0,61.53668018942492,0.0,8,0.019900374733957553,0.0003980074946791511,8,0.16105616796116265,152,4-9-18_Schnable_49-355-js10-2-19_2018-04-11_02-52-38_9976200,1.9950125179535867
0.2553596577539672,60.16401966372148,-118.40163038682219,0.0,178.79116572946438,0.0,57.42488543921948,0.06463386506545808,8,0.00817308931439362,0.0001634617862878724,0,-0.05800318477077976,99,4-9-18_Schnable_49-356-js257-415_2018-04-11_02-54-51_9976300,1.278521749083184
0.21800274266811864,65.45816089044713,-72.06750684011769,0.0,162.89348124747858,0.0,57.75346214888797,0.022288929267734695,8,0.009669671546216091,0.00019339343092432182,1,-0.035714255503045064,88,4-9-18_Schnable_49-356-js257-415_2018-04-11_02-54-51_9976300,1.3906596669362414
0.25057601204443014,59.3782736310196,-56.80780707518784,0.0,16.668803338506304,0.0,55.380003263153824,0.0662054092416959,8,0.03259067624135098,0.0006518135248270196,2,0.030491153738650845,112,4-9-18_Schnable_49-356-js257-415_2018-04-11_02-54-51_9976300,2.553063894278832
0.2109752104579442,73.57470912569507,-54.45886204884711,0.0,10.108673267888316,0.0,61.76083520627318,0.0,8,0.01487414305955768,0.0002974828611911536,3,0.030491153738650845,97,4-9-18_Schnable_49-356-js257-415_2018-04-11_02-54-51_9976300,1.7247691474256883
0.2860127580864862,61.04208072345164,-54.43290296759374,0.0,165.35774524707,0.0,57.729868499341244,0.012471719377742597,8,0.013212136055548735,0.0002642427211109747,4,0.04296287311639344,117,4-9-18_Schnable_49-356-js257-415_2018-04-11_02-54-51_9976300,1.6255544319123083
0.2527407218365649,71.76725362806144,-49.61790959442699,0.0,159.52175782222696,0.0,66.18831776244743,0.07535630536908366,8,0.02419139774852158,0.0004838279549704316,5,0.1183191784854771,111,4-9-18_Schnable_49-356-js257-415_2018-04-11_02-54-51_9976300,2.199608953815272
0.3682710237648585,65.49907695827265,-64.05294471250417,0.0,40.24949599843577,0.0,71.66777240606022,0.0,8,0.05320280928864081,0.0010640561857728163,6,0.1183191784854771,159,4-9-18_Schnable_49-356-js257-415_2018-04-11_02-54-51_9976300,3.2619874091921575
0.1374380151618576,73.49055230441921,-182.08263784982137,0.0,145.80511808431382,0.0,57.79709583697889,0.0320518112498515,8,0.03941267707675693,0.0007882535415351385,0,-0.12035420705176787,58,4-9-18_Schnable_49-357-JS153-222_2018-04-11_02-57-05_9976400,2.807585335364071
0.20507291080531923,74.87371140049727,-144.9642254838977,0.0,23.346625536120367,0.0,67.76885362911732,0.01615538014433905,8,0.003453271872779955,6.90654374555991e-05,1,-0.10419882690742882,99,4-9-18_Schnable_49-357-JS153-222_2018-04-11_02-57-05_9976400,0.8310561801442734
0.2405608880894507,66.94761597493147,-149.9785045984914,0.0,164.0815426870342,0.0,55.86394509752831,0.010574634494977794,8,0.06200119297892198,0.0012400238595784397,2,-0.09362419241245103,112,4-9-18_Schnable_49-357-JS153-222_2018-04-11_02-57-05_9976400,3.521397250493673
0.3030978466101729,79.19129214018406,-163.61962343719537,0.0,5.602379723799852,0.0,71.33456482096646,0.03708028830594779,8,0.016598910776358507,0.00033197821552717014,3,-0.056543904106503236,147,4-9-18_Schnable_49-357-JS153-222_2018-04-11_02-57-05_9976400,1.8220269359347303
0.3175936637176139,74.04904883460135,-6.041862875387892,0.0,194.39099052544344,0.0,77.65330352325317,0.07355514668373905,8,0.0276626529776159,0.000553253059552318,4,0.01701124257723581,150,4-9-18_Schnable_49-357-JS153-222_2018-04-11_02-57-05_9976400,2.3521332010588134
0.37906188619082637,76.61798575589998,-68.38339324753716,0.0,348.5629424423486,0.0,72.27776632972817,0.05117987353087415,8,0.07946297176116562,0.0015892594352233125,5,0.06819111610810996,177,4-9-18_Schnable_49-357-JS153-222_2018-04-11_02-57-05_9976400,3.9865516868884474
0.20491981367570763,74.8627600974421,-22.9463536793048,0.0,357.4206174538298,0.0,62.1325072907296,0.0857707895673118,8,0.060962483326199406,0.001219249666523988,6,0.15396190567542176,97,4-9-18_Schnable_49-357-JS153-222_2018-04-11_02-57-05_9976400,3.4917755748673027
0.2798455571344616,81.80849073584277,-2.3249122811809015,0.0,189.17255753562398,0.0,85.66849922244779,0.0,8,0.10896755331550814,0.002179351066310163,7,0.15396190567542176,133,4-9-18_Schnable_49-357-JS153-222_2018-04-11_02-57-05_9976400,4.668352028617982
0.12280427176171359,57.581751577882756,-79.82814646817188,0.0,2.8246580107577453,0.0,49.94167748515893,0.016091464458089275,8,0.00198378501830798,3.96757003661596e-05,0,-0.05149988419740269,46,4-9-18_Schnable_49-358-JS154-223_2018-04-11_02-59-18_9976500,0.62988650061864
0.19844059643273718,44.253120332007605,-117.28896445093811,0.0,186.74451311281072,0.0,39.03758213338983,0.03258011639330381,8,0.009288194485192865,0.0001857638897038573,1,-0.01891976780409887,87,4-9-18_Schnable_49-358-JS154-223_2018-04-11_02-59-18_9976500,1.3629522724727279
0.30557245103400116,53.733044955649916,-117.3014274711337,0.0,336.6190587139174,0.0,48.539212357073566,0.051727012454761676,8,0.02244752316105926,0.0004489504632211852,2,0.0328072446506628,133,4-9-18_Schnable_49-358-JS154-223_2018-04-11_02-59-18_9976500,2.1188451175609444
0.28168918121190845,72.82688844678536,-75.41696929741346,0.0,198.669682363633,0.0,69.15755977856831,0.034845820187013585,8,0.019049203061930316,0.0003809840612386063,3,0.06765306483767639,132,4-9-18_Schnable_49-358-JS154-223_2018-04-11_02-59-18_9976500,1.9518813007931766
0.36326167872235954,86.5150739501607,-37.10785268867447,0.0,351.74725640365006,0.0,76.50308846237508,0.0,8,0.17958668280622106,0.003591733656124421,4,0.06765306483767639,175,4-9-18_Schnable_49-358-JS154-223_2018-04-11_02-59-18_9976500,5.993107421133398
0.3331268180921332,64.1857868405111,-53.01722854798055,0.0,301.77831229779787,0.0,63.16028157265459,0.08875326036522507,8,0.06579859341832774,0.0013159718683665546,0,0.005347092175278077,147,4-9-18_Schnable_49-359-js286-213_2018-04-11_03-01-33_9976600,3.627632655557278
0.2985262700809228,63.02557261517976,-81.36692330516156,0.0,174.14802857748737,0.0,60.04148354922633,0.037852855840041603,8,0.01066491039873909,0.0002132982079747818,1,0.04319994801531968,134,4-9-18_Schnable_49-359-js286-213_2018-04-11_03-01-33_9976600,1.4604732382853916
0.10344269531681616,89.5,18.65555416409553,0.0,194.03205903246962,0.0,83.81613224039725,0.040473821708650826,8,0.004739235529836633,9.478471059673267e-05,2,0.0836737697239705,55,4-9-18_Schnable_49-359-js286-213_2018-04-11_03-01-33_9976600,0.9735743967295599
0.10923153186435479,89.5,-12.348607557062586,0.0,327.094247378931,0.0,73.89800784230721,0.0,8,0.02333936373672667,0.00046678727473453344,3,0.0836737697239705,55,4-9-18_Schnable_49-359-js286-213_2018-04-11_03-01-33_9976600,2.1605260348686692
0.27280881543662755,40.255066952265,-94.04644884700461,0.0,175.30027930079203,0.0,38.867327640931904,0.09210286780404087,8,0.009026280929545818,0.00018052561859091638,0,-0.06986125344233038,114,4-9-18_Schnable_49-361-js55-84_2018-04-11_03-05-59_9976800,1.3435982233946142
0.3012841734317949,47.51875262104249,-126.51806860801234,0.0,345.71729402486903,0.0,47.5541975336017,0.024760023680636727,8,0.007890113422163114,0.0001578022684432623,1,-0.04510122976169365,139,4-9-18_Schnable_49-361-js55-84_2018-04-11_03-05-59_9976800,1.256193728862162
0.2840559515613276,48.91417082682265,-59.58367055805108,0.0,186.04106726591618,0.0,47.75520943957296,0.015432409370402373,8,0.020774784215943035,0.0004154956843188607,2,-0.02966882039129128,113,4-9-18_Schnable_49-361-js55-84_2018-04-11_03-05-59_9976800,2.038371124988923
0.38039153173081175,63.0833447488696,-74.85850200359774,0.0,0.5629054515489871,0.0,61.43112939204243,0.035370599886990504,8,0.029732529224629427,0.0005946505844925885,3,0.0057017794956992236,164,4-9-18_Schnable_49-361-js55-84_2018-04-11_03-05-59_9976800,2.438545846385892
0.3418943520016552,66.28440664535961,-45.80744499188028,0.0,184.91811367174495,0.0,67.91930120087716,0.04901017623459596,8,0.03043687972807763,0.0006087375945615526,4,0.054711955730295185,154,4-9-18_Schnable_49-361-js55-84_2018-04-11_03-05-59_9976800,2.467260818319686
0.39208739311752566,80.4250569368303,-77.50574531741069,0.0,13.334244929743752,0.0,70.26366644085803,0.10778719393906508,8,0.0741607628890033,0.0014832152577800661,5,0.16249914966936027,184,4-9-18_Schnable_49-361-js55-84_2018-04-11_03-05-59_9976800,3.851253377512399
0.274240589035397,72.68985241978045,-27.199375933048174,0.0,168.73926072187496,0.0,72.29967767164224,0.0,8,0.034141191824275656,0.0006828238364855132,6,0.16249914966936027,138,4-9-18_Schnable_49-361-js55-84_2018-04-11_03-05-59_9976800,2.613089811861646
0.40140406887106045,55.272454134711715,-128.973303148092,0.0,337.2604233246193,0.0,50.65023371762902,0.0,8,0.014442992290901034,0.0002888598458180207,0,-0.18732268327958765,177,4-9-18_Schnable_49-362-js63-92_2018-04-11_03-08-13_9976900,1.6995877318279884
0.44411172657291054,54.97547481072499,-13.63119149649857,0.0,124.41563761893978,0.0,53.10626330510016,0.029149595228424863,8,0.18840545901358308,0.0037681091802716617,1,-0.15817308805116279,190,4-9-18_Schnable_49-362-js63-92_2018-04-11_03-08-13_9976900,6.138492632781815
0.5398620224994145,60.1681362159582,-78.66655520877787,0.0,326.71052812138447,0.0,57.66319786466308,0.036509837814694246,8,0.05039920219469578,0.0010079840438939156,2,-0.12166325023646854,239,4-9-18_Schnable_49-362-js63-92_2018-04-11_03-08-13_9976900,3.1748764446729507
0.43615398544806927,65.20909369527628,-33.46015889142998,0.0,151.70445458334655,0.0,65.51571318555419,0.05918655090683498,8,0.12899317100416216,0.0025798634200832433,3,-0.06247669932963356,205,4-9-18_Schnable_49-362-js63-92_2018-04-11_03-08-13_9976900,5.079235592176488
0.581387507811785,68.88836689161924,-48.529710701169755,0.0,326.2804280045117,0.0,69.9280235900925,0.06834114346708549,8,0.11095012395150124,0.0022190024790300247,4,0.005864444137451928,277,4-9-18_Schnable_49-362-js63-92_2018-04-11_03-08-13_9976900,4.710628916641625
0.31806582639899156,75.75135676937714,-5.420634244022207,0.0,317.36049851445546,0.0,73.80821083849595,0.19155620932227524,8,0.054451942001606995,0.0010890388400321398,5,0.19742065345972717,167,4-9-18_Schnable_49-362-js63-92_2018-04-11_03-08-13_9976900,3.3000588480088346
0.37770546981481795,75.20379858266011,-36.419980277626486,0.0,201.45981546623912,0.0,65.71661603332763,0.0,8,0.03676560228104235,0.0007353120456208471,6,0.19742065345972717,161,4-9-18_Schnable_49-362-js63-92_2018-04-11_03-08-13_9976900,2.711663780081976
0.26799443175239906,49.240408398959964,25.450211574251025,0.0,170.65184385104612,0.0,51.779377513672365,0.07752567488529226,8,0.02859115151854169,0.0005718230303708338,0,-0.09033456374019917,132,4-9-18_Schnable_49-363-js271-27_2018-04-11_03-10-26_9977000,2.3912821464035434
0.20362942405849133,40.377559986798836,7.351147884868093,0.0,169.43523395666728,0.0,41.824307163891355,0.09635432089433256,8,0.003348647251465611,6.697294502931222e-05,1,0.006019757154133383,95,4-9-18_Schnable_49-363-js271-27_2018-04-11_03-10-26_9977000,0.818369995963392
0.2691911445245705,84.71773701763587,-15.979608414976543,0.0,57.86816475779493,0.0,81.29015828352905,0.06626993390118394,8,0.051395985857804846,0.0010279197171560968,2,0.07228969105531732,117,4-9-18_Schnable_49-363-js271-27_2018-04-11_03-10-26_9977000,3.206118708276562
0.16443542021872154,84.30494244004939,-8.879304107396615,0.0,116.17127848165757,0.0,67.9460797575673,0.0,8,0.007996944290703648,0.00015993888581407296,3,0.07228969105531732,80,4-9-18_Schnable_49-363-js271-27_2018-04-11_03-10-26_9977000,1.2646694659636286
0.003464101615137769,4.312848201938829,-80.0,0.0,255.52659683325135,0.0,4.312848201938829,0.14809200955227292,8,0.007663157741793409,0.0001532631548358682,5,0.22038170060759024,2,4-9-18_Schnable_49-363-js271-27_2018-04-11_03-10-26_9977000,1.2379949710554894
0.20851333837774794,72.19015434253001,-25.26952579809149,0.0,153.3274574880389,0.0,70.85511401048052,0.07234938508389684,8,0.019885677848736176,0.0003977135569747235,0,-0.08891808614943551,98,4-9-18_Schnable_49-364-js74-106_2018-04-11_03-12-40_9977100,1.9942757005357197
0.2761953629439552,67.45637448401025,-70.56199083969793,0.0,2.4707674171275746,0.0,69.26238715301487,0.0023327929832731437,8,0.017067780452630646,0.0003413556090526129,1,-0.08658529316616237,120,4-9-18_Schnable_49-364-js74-106_2018-04-11_03-12-40_9977100,1.847581145856963
0.40986962856012166,68.30021625066485,-74.60616380378032,0.0,1.398754512191369,0.0,67.45746390300299,0.05071779170944774,8,0.05922544332205684,0.0011845088664411369,2,-0.03586750145671463,191,4-9-18_Schnable_49-364-js74-106_2018-04-11_03-12-40_9977100,3.441669458912545
0.10167659436527875,89.5,104.85481655679845,0.0,79.45681070404667,0.0,74.34492120952963,0.0016295993690928837,8,0.011316322752068618,0.00022632645504137234,3,-0.034237902087621744,48,4-9-18_Schnable_49-364-js74-106_2018-04-11_03-12-40_9977100,1.5044150193393189
0.12563740734045759,69.56477849169511,14.554230406509129,0.0,53.59763634638791,0.0,52.40397459601471,0.0383743886416195,8,0.00266411643411584,5.32823286823168e-05,4,0.004136486553997756,54,4-9-18_Schnable_49-364-js74-106_2018-04-11_03-12-40_9977100,0.7299474548371053
0.3046996775320603,64.06922649029089,-15.22479273057232,0.0,143.60896205273815,0.0,62.23865951509949,0.012875230389179045,8,0.041222999124925844,0.0008244599824985168,5,0.0170117169431768,142,4-9-18_Schnable_49-364-js74-106_2018-04-11_03-12-40_9977100,2.871341119578997
0.44671005223893734,70.15280928058806,-8.61053720455347,0.0,146.11588253745373,0.0,69.62036663946904,0.0,8,0.05933964900096415,0.0011867929800192828,6,0.0170117169431768,217,4-9-18_Schnable_49-364-js74-106_2018-04-11_03-12-40_9977100,3.444986182874008
0.14738447240376074,75.26561731142995,-32.0366397058228,0.0,103.9196986126618,0.0,64.90562892927879,0.011222252852145228,8,0.0036409505516131415,7.281901103226283e-05,7,0.028233969795322028,63,4-9-18_Schnable_49-364-js74-106_2018-04-11_03-12-40_9977100,0.8533405594032363
0.5207202905276161,70.43555844193133,-63.277576137894506,0.0,351.3881519234466,0.0,68.0314383963152,0.053107520052644894,8,0.1882283467524997,0.003764566935049994,8,0.08134148984796692,241,4-9-18_Schnable_49-364-js74-106_2018-04-11_03-12-40_9977100,6.135606681535244
0.41630412569997555,72.52885940373568,47.3824678765919,0.0,122.04419434956218,0.0,68.71030352722325,0.08612274219541487,8,0.19041738168533767,0.0038083476337067534,9,0.1674642320433818,193,4-9-18_Schnable_49-364-js74-106_2018-04-11_03-12-40_9977100,6.171181113617355
0.02424191172926023,89.5,107.76155614314946,0.0,33.51907861351284,0.0,14.423240651114149,0.0,8,0.00452700815334626,9.054016306692521e-05,10,0.1674642320433818,10,4-9-18_Schnable_49-364-js74-106_2018-04-11_03-12-40_9977100,0.9515259485002246
0.2382007313329328,67.79385045078654,-122.59259651790191,0.0,165.22843579102195,0.0,61.208642298657544,0.06372091026159529,8,0.00781043713230027,0.0001562087426460054,0,-0.024266110698711034,105,4-9-18_Schnable_49-365-js194-303_2018-04-11_03-14-53_9977200,1.2498349596887
0.26831711122512997,68.73355494655432,-147.36149951026863,0.0,1.109268419207835,0.0,63.03401091555849,0.04229323337753181,8,0.015749931490927523,0.00031499862981855043,1,0.018027122678820773,120,4-9-18_Schnable_49-365-js194-303_2018-04-11_03-14-53_9977200,1.7748200748767478
0.36180134293803123,75.65253069916672,-120.17758628056446,0.0,176.22035202700684,0.0,66.50122109208893,0.0019240166045199694,8,0.1654730006994818,0.0033094600139896356,2,0.019951139283340743,163,4-9-18_Schnable_49-365-js194-303_2018-04-11_03-14-53_9977200,5.752790639324219
0.32618777006969285,89.5,-107.82328353564866,0.0,217.42858156334762,0.0,72.83314170630682,0.06820435288204618,8,0.10521049695425516,0.002104209939085103,3,0.08815549216538693,151,4-9-18_Schnable_49-365-js194-303_2018-04-11_03-14-53_9977200,4.587166815241303
0.4193478096105437,68.31900423810288,93.74882348473471,0.0,345.8775993929838,0.0,80.41763881865324,0.0,8,0.16456124333436814,0.0032912248666873626,4,0.08815549216538693,202,4-9-18_Schnable_49-365-js194-303_2018-04-11_03-14-53_9977200,5.736919789126707
0.35322550349651244,62.46922978552688,-176.28498050665766,0.0,27.408525598359194,0.0,54.339496365139944,0.0800130379326214,8,0.058528302262525235,0.0011705660452505048,0,-0.05841334937513051,162,4-9-18_Schnable_49-366-js128-187_2018-04-11_03-17-07_9977300,3.421353599455199
0.33037134623954706,64.95863312328807,-119.63607310239287,0.0,206.28928455434044,0.0,62.74933061758097,0.018484368473981355,8,0.04982189877489411,0.0009964379754978823,1,-0.03992898090114916,154,4-9-18_Schnable_49-366-js128-187_2018-04-11_03-17-07_9977300,3.156640580582278
0.08115110097781511,89.5,-47.28639734501262,0.0,268.52096268341506,0.0,63.55634626690003,0.0,8,0.005760335088585266,0.00011520670177170532,2,-0.03992898090114916,39,4-9-18_Schnable_49-366-js128-187_2018-04-11_03-17-07_9977300,1.073343848781486
0.3515944199407949,61.50176970757448,-128.33843661662374,0.0,21.042574896846798,0.0,56.033534164325815,0.03987346948556396,8,0.12936787470151603,0.0025873574940303208,3,-5.5511415585201666e-05,162,4-9-18_Schnable_49-366-js128-187_2018-04-11_03-17-07_9977300,5.086607409689017
0.07716961351687955,88.81635789759048,-16.461894786014113,0.0,260.7724641142922,0.0,66.77902506720494,0.0106211689966212,8,0.000744600374834998,1.489200749669996e-05,4,0.010565657581036,40,4-9-18_Schnable_49-366-js128-187_2018-04-11_03-17-07_9977300,0.3859016389794161
0.3804723336490857,63.265596086826676,-41.344640152718185,0.0,223.96194813446323,0.0,66.93260216845376,0.0,8,0.19053225682249886,0.0038106451364499773,5,0.010565657581036,170,4-9-18_Schnable_49-366-js128-187_2018-04-11_03-17-07_9977300,6.173042310279412
0.445529621938912,64.49849782840883,-67.49052725191612,0.0,27.43052593409191,0.0,59.484408681218135,0.050495422194458836,8,0.15411138303788732,0.0030822276607577466,6,0.06106107977549484,205,4-9-18_Schnable_49-366-js128-187_2018-04-11_03-17-07_9977300,5.5517813904707625
0.20964605847015355,76.94059414164748,-21.334011629758805,0.0,35.20083088696245,0.0,63.70304468221003,0.07693979028745145,8,0.008691048560887015,0.0001738209712177403,7,0.13800087006294628,100,4-9-18_Schnable_49-366-js128-187_2018-04-11_03-17-07_9977300,1.3184118143347332
0.3500446355481574,79.50306896355141,-119.24912392589023,0.0,163.63407181566197,0.0,79.30689250383489,0.0,8,0.06793431100081934,0.0013586862200163868,8,0.13800087006294628,171,4-9-18_Schnable_49-366-js128-187_2018-04-11_03-17-07_9977300,3.6860361094492644
0.14193584125610295,79.84358038704882,-84.83650497038279,0.0,133.36872942909326,0.0,70.33540406671924,0.005895310033791956,8,0.012873294055788336,0.00025746588111576674,0,-0.14321976403145434,65,4-9-18_Schnable_49-368-js20-34_2018-04-11_03-21-34_9977500,1.604574339554783
0.2435497710953412,77.8536073257887,-61.52482985504977,0.0,40.37146753376266,0.0,75.30026552008565,0.012071137595991543,8,0.010767725855113527,0.00021535451710227055,1,-0.1311486264354628,101,4-9-18_Schnable_49-368-js20-34_2018-04-11_03-21-34_9977500,1.4674962252158283
0.2994693824732502,75.44722787438324,-79.57507146859597,0.0,159.1382180372601,0.0,73.7007984838118,0.055782865433181686,8,0.012999276025609826,0.0002599855205121965,2,-0.07536576100228111,146,4-9-18_Schnable_49-368-js20-34_2018-04-11_03-21-34_9977500,1.6124066500489154
0.32806446155113483,66.70702039277641,-44.29761514295974,0.0,20.98335125602888,0.0,65.60409596158517,0.01821945580902088,8,0.0190239514057752,0.000380479028115504,3,-0.05714630519326023,142,4-9-18_Schnable_49-368-js20-34_2018-04-11_03-21-34_9977500,1.9505871631780622
0.3929644680842017,75.52916994722824,-61.94152802226567,0.0,190.98981731981047,0.0,72.32865592725273,0.061988914362904185,8,0.03707768566415732,0.0007415537132831464,4,0.0048426091696439555,176,4-9-18_Schnable_49-368-js20-34_2018-04-11_03-21-34_9977500,2.723148386120643
0.46381053003113704,71.32443000984173,-31.261076731841438,0.0,8.818604909277564,0.0,71.53781806398283,0.024123031619752013,8,0.05632488958025994,0.0011264977916051989,5,0.02896564078939597,220,4-9-18_Schnable_49-368-js20-34_2018-04-11_03-21-34_9977500,3.3563339994779997
0.30410032115257596,70.39427086704673,-78.36484711545337,0.0,326.5131247191713,0.0,61.08143447364712,0.12022731519202424,8,0.019480987461944845,0.0003896197492388969,6,0.1491929559814202,141,4-9-18_Schnable_49-368-js20-34_2018-04-11_03-21-34_9977500,1.9738787937431643
0.4254051873500303,72.51097362315942,-21.81931323495042,0.0,195.57224392806802,0.0,74.90667566365775,0.0,8,0.17903512978553032,0.0035807025957106066,7,0.1491929559814202,205,4-9-18_Schnable_49-368-js20-34_2018-04-11_03-21-34_9977500,5.983897221469137
0.26355519767129,76.12934006740183,-140.95434686370194,0.0,196.4045390728102,0.0,57.88551585590767,0.052173206830752564,8,0.12013076382749832,0.0024026152765499664,0,-0.07887774390517129,112,4-9-18_Schnable_49-369-js99-143_2018-04-11_03-23-48_9977600,4.901647964256477
0.2659255390169102,60.28313143685958,-106.38619936307691,0.0,14.928178686333908,0.0,54.26883016275128,0.025400213421968736,8,0.018804627854747864,0.00037609255709495726,1,-0.05347753048320255,126,4-9-18_Schnable_49-369-js99-143_2018-04-11_03-23-48_9977600,1.939310591666423
0.33561113926152575,62.1701775166173,-107.5059431921058,0.0,217.18117862038696,0.0,56.3312736571211,0.03565084446908322,8,0.04821184063303121,0.0009642368126606242,2,-0.017826686014119335,153,4-9-18_Schnable_49-369-js99-143_2018-04-11_03-23-48_9977600,3.1052162769453338
0.39540189977304663,62.78621200131941,-107.12088722309264,0.0,28.332569429331212,0.0,57.556951946227294,0.022471784856055218,8,0.04069078919070533,0.0008138157838141067,3,0.004645098841935882,177,4-9-18_Schnable_49-369-js99-143_2018-04-11_03-23-48_9977600,2.852745666571254
0.39041539443427864,73.96237938113055,-24.457710470125615,0.0,184.35684708208078,0.0,73.17074585342628,0.03687662683405855,8,0.055514232041222515,0.0011102846408244504,4,0.04152172567599443,198,4-9-18_Schnable_49-369-js99-143_2018-04-11_03-23-48_9977600,3.332093397287132
0.39120979139049555,74.88157928557418,-33.8174079714639,0.0,16.697633841061368,0.0,76.06411830740818,0.08791926429295455,8,0.040293636943729644,0.0008058727388745929,5,0.12944098996894898,177,4-9-18_Schnable_49-369-js99-143_2018-04-11_03-23-48_9977600,2.8387897753701186
0.2818857454775154,77.91572709439637,-0.5837973682425894,0.0,162.28957555953517,0.0,70.58544176985913,0.0,8,0.0346065024875141,0.000692130049750282,6,0.12944098996894898,150,4-9-18_Schnable_49-369-js99-143_2018-04-11_03-23-48_9977600,2.630836463466101
0.18328734808788816,70.47277877696928,-114.12342096931155,0.0,163.6758286561436,0.0,54.750983291717475,0.04699314238453682,8,0.05000433223622858,0.0010000866447245715,0,0.008248727013573424,80,4-9-18_Schnable_49-370-js240-384_2018-04-11_03-26-01_9977700,3.162414654539426
0.1254070446250478,69.10113534872752,-95.99791466136641,0.0,197.3478861672921,0.0,52.083339630156004,0.030586506189055333,8,0.004224542277682952,8.449084555365903e-05,1,0.03883523320262876,55,4-9-18_Schnable_49-370-js240-384_2018-04-11_03-26-01_9977700,0.9191890205700839
0.12577891789193313,89.5,-9.673658023590132,0.0,309.466275515929,0.0,82.57655187692235,0.0,8,0.02405478993190465,0.000481095798638093,2,0.03883523320262876,51,4-9-18_Schnable_49-370-js240-384_2018-04-11_03-26-01_9977700,2.1933896111682785
0.27119407756349956,50.46806907190851,-124.92334652067065,0.0,208.39879343468823,0.0,42.629030377989835,0.055889241228823466,8,0.022309642644352933,0.00044619285288705865,0,-0.06621807948253669,129,4-9-18_Schnable_49-371-JS154-223_2018-04-11_03-28-15_9977800,2.11232775129017
0.3618798561620957,49.27606508677129,-106.82011009595153,0.0,11.459269487189268,0.0,50.03040084264828,0.04855233215145611,8,0.021524550273537273,0.00043049100547074546,1,-0.017665747331080582,159,4-9-18_Schnable_49-371-JS154-223_2018-04-11_03-28-15_9977800,2.0748277168737297
0.43828920785539455,55.88348826850782,-15.787305938773791,0.0,215.05147810090415,0.0,54.77101976332406,0.03963988131269343,8,0.07674695756722616,0.0015349391513445232,2,0.021974133981612843,202,4-9-18_Schnable_49-371-JS154-223_2018-04-11_03-28-15_9977800,3.9178299495314026
0.45617337459589746,64.22758485965156,-94.19265178925063,0.0,2.7006565358182977,0.0,60.082844662560746,0.06850852583536662,8,0.0892542772646483,0.001785085545292966,3,0.09048265981697946,206,4-9-18_Schnable_49-371-JS154-223_2018-04-11_03-28-15_9977800,4.225027272448032
0.24002186482857024,73.18097784205887,14.826614867281197,0.0,37.25946692204103,0.0,71.43079243329574,0.03168120166687731,8,0.09697662780401739,0.0019395325560803479,4,0.12216386148385677,115,4-9-18_Schnable_49-371-JS154-223_2018-04-11_03-28-15_9977800,4.404012438765753
0.3898190333369385,73.08019033475172,-106.26744370285299,0.0,240.3175071325623,0.0,63.05718636876142,0.0,8,0.08227457945451874,0.0016454915890903748,5,0.12216386148385677,183,4-9-18_Schnable_49-371-JS154-223_2018-04-11_03-28-15_9977800,4.056465936120227
0.13568974696349362,56.45296642100134,-61.85482973057174,0.0,194.61180218053033,0.0,53.18800213924236,0.0388187297750162,8,0.023542043467075596,0.0004708408693415119,0,-0.07554711972133914,58,4-9-18_Schnable_49-372-JS176-257_2018-04-11_03-30-33_9977900,2.1698867927648022
0.2338678315689827,72.75576568266385,-118.41795778630863,0.0,3.1606421819282713,0.0,61.444657413454856,0.027570342213575377,8,0.03289812031000136,0.0006579624062000272,1,-0.04797677750776376,102,4-9-18_Schnable_49-372-JS176-257_2018-04-11_03-30-33_9977900,2.5650777886840532
0.2938794337487366,68.89196256755413,-76.01865059377806,0.0,203.83069476359054,0.0,61.53692686145347,0.03524590420909772,8,0.04915063959362302,0.0009830127918724605,2,-0.012730873298666042,132,4-9-18_Schnable_49-372-JS176-257_2018-04-11_03-30-33_9977900,3.135303481120226
0.3192903147600991,73.84525218163331,-63.80155051294703,0.0,16.95708288989912,0.0,72.51027581929289,0.03940293286143635,8,0.028264266294483528,0.0005652853258896705,3,0.026672059562770307,153,4-9-18_Schnable_49-372-JS176-257_2018-04-11_03-30-33_9977900,2.377572976565957
0.14440140982403546,80.09414680006188,-52.02826308881552,0.0,11.51010391429574,0.0,68.84565551517366,0.08818214044283654,8,0.008963455522404837,0.00017926911044809673,4,0.11485420000560684,70,4-9-18_Schnable_49-372-JS176-257_2018-04-11_03-30-33_9977900,1.3389141512736982
0.29588805246376004,76.41870848383368,-7.181128739196803,0.0,217.12807113227342,0.0,67.87718456742815,0.0,8,0.038849937257047856,0.0007769987451409572,5,0.11485420000560684,141,4-9-18_Schnable_49-372-JS176-257_2018-04-11_03-30-33_9977900,2.787469722061492
0.29353150576020615,64.63002709363731,-185.84053413753753,0.0,306.9940131893091,0.0,53.87262661595382,0.006279682739043169,8,0.0868972241531804,0.001737944483063608,0,-0.1641795931235822,128,4-9-18_Schnable_49-373-js79-3-111_2018-04-11_03-32-42_9978000,4.168866132491673
0.280696020365601,71.51852961443083,-129.21505647056122,0.0,134.1168951918565,0.0,66.67359609593925,0.03853824498082911,8,0.01135449609671781,0.0002270899219343562,1,-0.1256413481427531,131,4-9-18_Schnable_49-373-js79-3-111_2018-04-11_03-32-42_9978000,1.5069503042050065
0.345892476849118,58.053987863259785,-135.74461015154955,0.0,339.9961583868719,0.0,50.969405061843915,0.0235949048440061,8,0.1694255138789552,0.0033885102775791038,2,-0.102046443298747,163,4-9-18_Schnable_49-373-js79-3-111_2018-04-11_03-32-42_9978000,5.821091201466529
0.3642721741906193,80.65414223704563,-123.77917411664511,0.0,119.60618642584129,0.0,66.61444209018579,0.030588475483681543,8,0.2987964514425607,0.005975929028851214,3,-0.07145796781506546,169,4-9-18_Schnable_49-373-js79-3-111_2018-04-11_03-32-42_9978000,7.7304133323200865
0.10025826548434336,89.5,-43.93693082495309,0.0,47.80275061007676,0.0,66.04022347219613,0.005168613610847764,8,0.006294074427921822,0.00012588148855843643,4,-0.0662893542042177,49,4-9-18_Schnable_49-373-js79-3-111_2018-04-11_03-32-42_9978000,1.1219691999267913
0.3850946634275094,59.980199575421345,-75.30374076028164,0.0,331.46783175434473,0.0,58.720458141603956,0.02490456458598307,8,0.13324841511761137,0.0026649683023522277,5,-0.04138478961823462,177,4-9-18_Schnable_49-373-js79-3-111_2018-04-11_03-32-42_9978000,5.162333098853877
0.1305663133865778,72.10069391838566,32.61388724563349,0.0,75.16140271904882,0.0,54.98136129782001,0.054505689699376234,8,0.0023161241009060137,4.632248201812028e-05,6,0.013120900081141609,66,4-9-18_Schnable_49-373-js79-3-111_2018-04-11_03-32-42_9978000,0.6806062152090611
0.4179904109295338,70.05778736438702,-61.02358365081815,0.0,193.53645948302258,0.0,58.52728816975039,0.08959773779530579,8,0.048474755965354235,0.0009694951193070847,7,0.1027186378764474,192,4-9-18_Schnable_49-373-js79-3-111_2018-04-11_03-32-42_9978000,3.1136716578776973
0.5176375295920258,69.73395344636133,-141.03578918694132,0.0,312.6183890808484,0.0,56.1136676195228,0.010053035494445764,8,0.475284201817974,0.00950568403635948,8,0.11277167337089317,229,4-9-18_Schnable_49-373-js79-3-111_2018-04-11_03-32-42_9978000,9.749709757915607
0.4967472220291401,80.89052664315432,-121.19891208640674,0.0,229.55472995272174,0.0,83.11971597964586,0.0,8,0.058489801067509374,0.0011697960213501875,9,0.11277167337089317,239,4-9-18_Schnable_49-373-js79-3-111_2018-04-11_03-32-42_9978000,3.4202280937829093
0.1060579565792466,82.26142885268368,-8.25730137274161,0.0,161.15272253391163,0.0,50.52192553748152,0.022263459413803505,8,0.004771544584830486,9.543089169660972e-05,10,0.13503513278469667,45,4-9-18_Schnable_49-373-js79-3-111_2018-04-11_03-32-42_9978000,0.9768873614527406
0.009120955864630147,45.779701973124155,-80.0,0.0,310.32686126721944,0.0,-45.779701973124155,0.0,8,0.01308230882349747,0.0002616461764699494,11,0.13503513278469667,4,4-9-18_Schnable_49-373-js79-3-111_2018-04-11_03-32-42_9978000,1.617548071835732
0.3141517384578146,58.1177354692778,-152.4517839185283,0.0,326.2131272810572,0.0,54.59314521913345,0.10627837629759014,8,0.010564101048564586,0.0002112820209712917,0,-0.03093975086299806,149,4-9-18_Schnable_49-375-js76-3-108_2018-04-11_03-37-10_9978200,1.4535543366908983
0.2509665788293663,61.392811693595704,-47.87547892412607,0.0,153.45798023800475,0.0,60.1860030931038,0.019627953514696622,8,0.010038345974275624,0.00020076691948551248,1,-0.011311797348301438,107,4-9-18_Schnable_49-375-js76-3-108_2018-04-11_03-37-10_9978200,1.4169224378402385
0.3546797830622143,65.87196394650219,-112.74059254819716,0.0,335.9199635733406,0.0,60.7028260677294,0.028512079145617052,8,0.05883357077151516,0.0011766714154303032,2,0.017200281797315614,170,4-9-18_Schnable_49-375-js76-3-108_2018-04-11_03-37-10_9978200,3.430264443786081
0.396657252175345,62.644783176221736,-52.765001303516605,0.0,137.224923258167,0.0,63.59879101245439,0.0537335805828677,8,0.02978731773686822,0.0005957463547373643,3,0.07093386238018332,183,4-9-18_Schnable_49-375-js76-3-108_2018-04-11_03-37-10_9978200,2.440791582125283
0.2933675676851101,73.3893273597245,-52.74413390154,0.0,313.98832100532803,0.0,76.92656509890489,0.06670866817772372,8,0.0204328730672261,0.00040865746134452203,4,0.13764253055790704,139,4-9-18_Schnable_49-375-js76-3-108_2018-04-11_03-37-10_9978200,2.0215277919052266
0.37658838973843434,75.86794003806816,-75.97002281552734,0.0,152.80238314502512,0.0,71.4490895172609,0.0,8,0.06432232899046914,0.0012864465798093827,5,0.13764253055790704,161,4-9-18_Schnable_49-375-js76-3-108_2018-04-11_03-37-10_9978200,3.5867068179729755
0.3138286590746092,0.5,-129.80612984383038,0.0,12.273162353839098,0.0,-1.1913731154133465,0.0460067048212226,8,0.023346654782623412,0.00046693309565246826,0,-0.1081924800037036,141,4-9-18_Schnable_49-376-js10-3-19_2018-04-11_03-39-23_9978300,2.160863474753711
0.3783706404726561,0.5,-106.45326351593096,0.0,1.1102582845087705,0.0,-1.38474346721387,0.02240021818196687,8,0.07080239486046858,0.0014160478972093716,1,-0.08579226182173673,174,4-9-18_Schnable_49-376-js10-3-19_2018-04-11_03-39-23_9978300,3.763041186606083
0.35963420009029123,70.21220359540249,27.965499335966882,0.0,4.750562414118633,0.0,60.27375831696861,0.015927390922865062,8,0.02208733285152237,0.00044174665703044743,2,-0.06986487089887167,161,4-9-18_Schnable_49-376-js10-3-19_2018-04-11_03-39-23_9978300,2.101777002991629
0.5018198321556347,55.80268311122658,36.960281073384614,0.0,26.807446324319624,0.0,57.918383392683715,0.01964746172201403,8,0.4216658426269449,0.008433316852538899,3,-0.05021740917685764,236,4-9-18_Schnable_49-376-js10-3-19_2018-04-11_03-39-23_9978300,9.183309236075468
0.27002650111244525,38.49654419891644,-45.07555908046851,0.0,333.64372409789155,0.0,27.975395359645916,0.020615862864025374,8,0.1311538297975727,0.002623076595951454,6,-0.029601546312832263,128,4-9-18_Schnable_49-376-js10-3-19_2018-04-11_03-39-23_9978300,5.121597988861928
0.352935019051155,0.5,-55.775649436157124,0.0,342.28876678991793,0.0,-7.211066481116316,0.0,8,0.1943467643942014,0.003886935287884028,7,-0.029601546312832263,147,4-9-18_Schnable_49-376-js10-3-19_2018-04-11_03-39-23_9978300,6.234529082363822
0.04108005204544864,89.5,143.2677772869524,0.0,324.5765392666666,0.0,52.03196278831331,0.008161636348867962,8,0.02148870993506017,0.0004297741987012034,0,-0.22084824554956828,20,4-9-18_Schnable_49-377-js219-343_2018-04-11_03-41-39_9978400,2.073099608560099
0.1690263924670394,67.06913917860072,-300.0,0.0,271.65803987201593,0.0,65.50672875758619,0.005933979730449485,8,0.05748501390716967,0.0011497002781433933,1,-0.2149142658191188,70,4-9-18_Schnable_49-377-js219-343_2018-04-11_03-41-39_9978400,3.3907230469966034
0.3417561673467113,64.76374847802325,-130.16886315451455,0.0,312.63032725035333,0.0,60.600506078996595,0.12634757283205728,8,0.02323648733868798,0.0004647297467737596,2,-0.08856669298706153,151,4-9-18_Schnable_49-377-js219-343_2018-04-11_03-41-39_9978400,2.155759139546345
0.3228207395886251,67.00762310321733,-78.55082640863948,0.0,123.63957661238473,0.0,65.45424226775256,0.020961384715664666,8,0.03425169280882795,0.0006850338561765589,3,-0.06760530827139687,152,4-9-18_Schnable_49-377-js219-343_2018-04-11_03-41-39_9978400,2.6173151437619406
0.4549005571488904,58.70330551898057,51.85748269155911,0.0,322.4580996996918,0.0,65.49633927077419,0.07934180396880289,8,0.3547524985246459,0.007095049970492918,4,0.011736495697406028,210,4-9-18_Schnable_49-377-js219-343_2018-04-11_03-41-39_9978400,8.423211958922153
0.5455339070944243,63.120158642639645,-92.60316874602584,0.0,122.12574035314647,0.0,59.15680828375962,0.035178213706041975,8,0.13002676254108117,0.002600535250821623,5,0.046914709403448,247,4-9-18_Schnable_49-377-js219-343_2018-04-11_03-41-39_9978400,5.099544343195403
0.221595196053824,42.889460648878746,89.83088937700384,0.0,33.39848143418722,0.0,55.71467600191403,0.10947341386994033,8,0.01636543522835922,0.00032730870456718444,6,0.15638812327338833,110,4-9-18_Schnable_49-377-js219-343_2018-04-11_03-41-39_9978400,1.8091675007228722
0.5099174894441477,64.28673765794746,-90.0175403608944,0.0,131.03107237004627,0.0,61.69602339871263,0.03074853078566006,8,0.08525313393284245,0.001705062678656849,7,0.1871366540590484,224,4-9-18_Schnable_49-377-js219-343_2018-04-11_03-41-39_9978400,4.129240461219047
0.4432529452758057,59.60978524401073,-9.15678045731352,0.0,3.7899990263463152,0.0,53.431121128794366,0.04182753589151014,8,0.09710457169769039,0.0019420914339538077,8,0.22896418995055853,195,4-9-18_Schnable_49-377-js219-343_2018-04-11_03-41-39_9978400,4.406916647673073
0.31296781473448315,74.41968678431127,-123.73495143446789,0.0,11.269414270661441,0.0,52.16862572577092,0.0,8,0.020477930195711515,0.0004095586039142303,9,0.22896418995055853,148,4-9-18_Schnable_49-377-js219-343_2018-04-11_03-41-39_9978400,2.023755429675805
0.31181280657858396,15.53185950153617,-100.8546766911121,0.0,147.90188589100399,0.0,11.96697584252848,0.10194658186327149,8,0.011059199238007078,0.00022118398476014155,0,-0.07082953631990022,148,4-9-18_Schnable_49-379-js104-3-150_2018-04-11_03-46-04_9978600,1.4872255537077808
0.344024825805928,17.45758320867317,-110.02708483074693,0.0,15.951704630879634,0.0,15.166763127736827,0.020975456486880005,8,0.03580089570909016,0.0007160179141818032,1,-0.04985407983302021,151,4-9-18_Schnable_49-379-js104-3-150_2018-04-11_03-46-04_9978600,2.6758511060628978
0.4476978217480938,51.96360108993555,-118.23107664359765,0.0,141.83290994166268,0.0,48.834087540550506,0.04168661218376884,8,0.08652128957992852,0.0017304257915985704,2,-0.008167467649251374,212,4-9-18_Schnable_49-379-js104-3-150_2018-04-11_03-46-04_9978600,4.15983868869764
0.4675116736131536,39.15757365667873,-114.45875789595581,0.0,348.0703688375533,0.0,40.73600121537519,0.022699584879238066,8,0.059951315177658546,0.0011990263035531708,3,0.014532117229986692,210,4-9-18_Schnable_49-379-js104-3-150_2018-04-11_03-46-04_9978600,3.4626959201656318
0.4859571781148658,60.13303492885637,-93.07857839333748,0.0,152.15492928388707,0.0,58.74410156836023,0.041413604639692965,8,0.08643421602993628,0.0017286843205987256,4,0.05594572186967966,227,4-9-18_Schnable_49-379-js104-3-150_2018-04-11_03-46-04_9978600,4.1577449664436195
0.5661694583699777,59.13278607916028,-107.62403444068211,0.0,349.4315555840292,0.0,62.084389052653044,0.04499723887803154,8,0.07076039707252961,0.001415207941450592,5,0.1009429607477112,261,4-9-18_Schnable_49-379-js104-3-150_2018-04-11_03-46-04_9978600,3.7619249613071655
0.4410166729456339,72.55133627109417,-93.42568908332716,0.0,156.30290757753883,0.0,70.71582010533626,0.07128271063243916,8,0.04977229631296982,0.0009954459262593964,6,0.17222567138015035,212,4-9-18_Schnable_49-379-js104-3-150_2018-04-11_03-46-04_9978600,3.155068820579666
0.2669917185751996,78.15672550895306,-124.84180807543073,0.0,303.04865016724483,0.0,69.08564291103976,0.0,8,0.08396768060100998,0.0016793536120201997,7,0.17222567138015035,119,4-9-18_Schnable_49-379-js104-3-150_2018-04-11_03-46-04_9978600,4.097991717927453
0.2087862693793091,56.74655498562724,-125.67198880760944,0.0,291.0566136603496,0.0,52.200451804237055,0.05394078390435249,8,0.002763575551082668,5.5271511021653365e-05,0,-0.10997436897663869,80,4-9-18_Schnable_49-380-js29-51_2018-04-11_03-48-17_9978700,0.7434481220747912
0.2769274806335138,65.15739084400244,-158.95090736696156,0.0,28.644190930855473,0.0,59.3313882282019,0.02175703656101828,8,0.01612670260560403,0.0003225340521120806,1,-0.08821733241562041,116,4-9-18_Schnable_49-380-js29-51_2018-04-11_03-48-17_9978700,1.7959233060241757
0.3506648009685558,60.888600182054205,-113.96472783421702,0.0,237.23968349819233,0.0,54.22786354721759,0.03511449152237137,8,0.03607575675031618,0.0007215151350063236,2,-0.053102840893249036,160,4-9-18_Schnable_49-380-js29-51_2018-04-11_03-48-17_9978700,2.6861033766523645
0.4475656239829472,64.9414546823537,-125.68149616481168,0.0,41.47548637407881,0.0,58.60780893418931,0.0434446169648382,8,0.19064968481868935,0.003812993696373787,3,-0.009658223928410837,196,4-9-18_Schnable_49-380-js29-51_2018-04-11_03-48-17_9978700,6.174944288310451
0.5042019802778187,58.282619852358245,-115.77064322023857,0.0,242.94835815955315,0.0,57.433312143303766,0.04694408083354587,8,0.03677049404219325,0.000735409880843865,4,0.037285856905135036,227,4-9-18_Schnable_49-380-js29-51_2018-04-11_03-48-17_9978700,2.7118441711202084
0.34093630909893047,75.91533855852674,-69.48080690529123,0.0,198.39629508420592,0.0,62.056654216796794,0.1270288303043253,8,0.06420508686766005,0.001284101737353201,5,0.16431468720946033,166,4-9-18_Schnable_49-380-js29-51_2018-04-11_03-48-17_9978700,3.583436531254881
0.46679073929134984,68.54931176422824,-82.69551996511709,0.0,44.3896812898101,0.0,58.75714421841458,0.0,8,0.22810914168886337,0.004562182833777267,6,0.16431468720946033,211,4-9-18_Schnable_49-380-js29-51_2018-04-11_03-48-17_9978700,6.754393262001604
0.24537975005092597,83.10728667154973,-144.52129576076356,0.0,315.75126343345187,0.0,68.12598201682047,0.00998769003740696,8,0.03239929985407298,0.0006479859970814596,0,-0.2825517353708783,111,4-9-18_Schnable_49-381-js16-1-29_2018-04-11_03-50-31_9978800,2.5455569077933804
0.2559792949727234,65.93999696813907,-123.77665598205922,0.0,185.64749485609224,0.0,60.28312943125586,0.06194237296512292,8,0.012418288937875378,0.00024836577875750755,1,-0.22060936240575538,121,4-9-18_Schnable_49-381-js16-1-29_2018-04-11_03-50-31_9978800,1.5759624956118328
0.3163014074754974,68.15426127694707,-91.95785727327035,0.0,0.03765492942158534,0.0,64.50035980945809,0.040055542788537374,8,0.023156779995198218,0.00046313559990396433,2,-0.180553819617218,147,4-9-18_Schnable_49-381-js16-1-29_2018-04-11_03-50-31_9978800,2.152058549166273
0.38804526521781046,71.70185249452605,-175.7752078522973,0.0,185.83522393389313,0.0,65.27964435277116,0.052022048181137925,8,0.08492732064081183,0.0016985464128162367,3,-0.12853177143608008,189,4-9-18_Schnable_49-381-js16-1-29_2018-04-11_03-50-31_9978800,4.121342515268825
0.4504674421277002,74.86178412340008,-223.11939837645693,0.0,14.021933731384388,0.0,61.9822553011398,0.058040868332967385,8,0.042485345632468356,0.0008497069126493671,4,-0.07049090310311269,216,4-9-18_Schnable_49-381-js16-1-29_2018-04-11_03-50-31_9978800,2.9149732634269
0.4771127464198771,75.30456702525777,-144.23416308551774,0.0,180.8097728209435,0.0,66.75987670642154,0.028047850352812542,8,0.06416979461861408,0.0012833958923722816,5,-0.04244305275030015,230,4-9-18_Schnable_49-381-js16-1-29_2018-04-11_03-50-31_9978800,3.5824515242669808
0.04153800010111117,0.5,-300.0,0.0,197.64619996444185,0.0,-57.17279721860029,0.11892047587388589,8,0.032339338588773095,0.0006467867717754619,6,0.07647742312358574,12,4-9-18_Schnable_49-381-js16-1-29_2018-04-11_03-50-31_9978800,2.5432002905305393
0.001999999999999999,44.71580849443485,80.00000365575855,0.0,350.55646464244114,0.0,44.71578702827445,0.0,8,0.009364739396086636,0.00018729478792173273,7,0.07647742312358574,2,4-9-18_Schnable_49-381-js16-1-29_2018-04-11_03-50-31_9978800,1.368556860060015
0.16822165124749763,71.69820777605939,-79.66403086042162,0.0,203.40707642776687,0.0,62.73491645737136,0.09723830229984631,8,0.009911048096249035,0.0001982209619249807,8,0.17371572542343205,72,4-9-18_Schnable_49-381-js16-1-29_2018-04-11_03-50-31_9978800,1.407909663028778
0.38876954466659436,62.62353926295297,-105.75202870645444,0.0,154.61965120368816,0.0,63.70693488828126,0.0,8,0.08333536227676991,0.0016667072455353981,9,0.17371572542343205,171,4-9-18_Schnable_49-381-js16-1-29_2018-04-11_03-50-31_9978800,4.0825326030974916
0.34760305738580866,64.97735881889105,-105.58154176844833,0.0,9.384708506100942,0.0,55.16700169354426,0.032098221707948627,8,0.021356304614330864,0.00042712609228661726,10,0.20581394713138068,166,4-9-18_Schnable_49-381-js16-1-29_2018-04-11_03-50-31_9978800,2.0667029111282957
0.31733320135617804,54.89972986074649,-119.82960177396399,0.0,32.51886054347192,0.0,58.62248972731676,0.0,8,0.021524043732532104,0.00043048087465064207,11,0.20581394713138068,129,4-9-18_Schnable_49-381-js16-1-29_2018-04-11_03-50-31_9978800,2.0748033030883724
0.23995566264575005,81.27808005925827,-166.39386583129578,0.0,185.73915787130213,0.0,71.99516223343217,0.038309512768978815,8,0.029839009107354025,0.0005967801821470805,0,-0.1900046643469117,114,4-9-18_Schnable_49-382-js16-2-29_2018-04-11_03-52-44_9978900,2.4429084758686326
0.2665331994105904,66.82253892754154,-101.63549897703818,0.0,349.96870058199573,0.0,62.5920834160771,0.03956489404884431,8,0.015229512908419451,0.00030459025816838905,1,-0.1504397702980674,118,4-9-18_Schnable_49-382-js16-2-29_2018-04-11_03-52-44_9978900,1.74525143795497
0.37071405923285145,72.70434921676681,-139.18813205429439,0.0,181.93296835593605,0.0,65.71546747731809,0.05242787154119026,8,0.016874138032653575,0.0003374827606530715,2,-0.09801189875687714,171,4-9-18_Schnable_49-382-js16-2-29_2018-04-11_03-52-44_9978900,1.8370703869287957
0.3401173366221689,62.691046336574175,-108.90614991982227,0.0,354.1289352960655,0.0,60.41558579828765,0.029518333020086343,8,0.017538897853290505,0.0003507779570658101,3,-0.0684935657367908,155,4-9-18_Schnable_49-382-js16-2-29_2018-04-11_03-52-44_9978900,1.8729067170198577
0.4306881916170594,66.66156942233236,-51.92212772502798,0.0,1.5271232590619064,0.0,65.78320031290949,0.10218493645884565,8,0.01789626754086524,0.00035792535081730477,4,0.033691370722054845,192,4-9-18_Schnable_49-382-js16-2-29_2018-04-11_03-52-44_9978900,1.8918915159630714
0.40780552266342385,69.30507049691286,-147.48115073693972,0.0,170.98409909311812,0.0,64.61493987703473,0.0023397950620102498,8,0.020128820209501328,0.0004025764041900266,5,0.036031165784065095,183,4-9-18_Schnable_49-382-js16-2-29_2018-04-11_03-52-44_9978900,2.006430672089187
0.5423527291849873,66.24283468913579,-129.21710299057372,0.0,7.8853199287453775,0.0,58.877237675281485,0.09701604842307013,8,0.043099323805842284,0.0008619864761168456,6,0.13304721420713522,234,4-9-18_Schnable_49-382-js16-2-29_2018-04-11_03-52-44_9978900,2.9359606198258956
0.24587961815781906,73.04965612612983,-108.7693265432246,0.0,196.48438046713116,0.0,61.71476430806062,0.09545676167829484,8,0.009427156513538613,0.00018854313027077228,7,0.22850397588543006,112,4-9-18_Schnable_49-382-js16-2-29_2018-04-11_03-52-44_9978900,1.3731100839727755
0.40651765382926314,61.25557136318406,-95.06344380122991,0.0,163.27760198985757,0.0,68.77658662882816,0.0,8,0.024352822309312922,0.00048705644618625844,8,0.22850397588543006,185,4-9-18_Schnable_49-382-js16-2-29_2018-04-11_03-52-44_9978900,2.20693553640848
0.21022235697059427,76.66221309262698,-132.72200888067655,0.0,213.30612004330314,0.0,71.91644974665235,0.06002976605851443,8,0.0017731393903152076,3.5462787806304154e-05,0,-0.10369216699196193,93,4-9-18_Schnable_49-383-js113-168_2018-04-11_03-54-58_9979000,0.5955064047204207
0.2649074472222733,58.57663725136939,-105.24418001532351,0.0,24.571138530269565,0.0,56.827645546213496,0.01992322223935332,8,0.007740144749471881,0.00015480289498943762,1,-0.08376894475260861,115,4-9-18_Schnable_49-383-js113-168_2018-04-11_03-54-58_9979000,1.2441981152109083
0.3245899943250038,65.61504091726229,-106.46877692011056,0.0,173.82491232253605,0.0,64.46232798901526,0.0339898065320773,8,0.030356786659670544,0.0006071357331934109,2,-0.04977913822053131,136,4-9-18_Schnable_49-383-js113-168_2018-04-11_03-54-58_9979000,2.4640124455720813
0.3561794291332366,59.20611014810513,-102.66392412668199,0.0,22.36912888782937,0.0,57.247461356277135,0.02799217217531361,8,0.028652239186411722,0.0005730447837282344,3,-0.0217869660452177,166,4-9-18_Schnable_49-383-js113-168_2018-04-11_03-54-58_9979000,2.393835382243805
0.3513729440690191,68.66439870544097,-70.21653221681672,0.0,184.2297358661762,0.0,65.54825058547058,0.034096898982023505,8,0.08704665306519081,0.0017409330613038163,4,0.01230993293680581,168,4-9-18_Schnable_49-383-js113-168_2018-04-11_03-54-58_9979000,4.17244899465987
0.4410662333081705,65.76108706731895,-48.9348675155015,0.0,11.409482233213659,0.0,70.18752211405183,0.03991037463982957,8,0.03609792283079855,0.000721958456615971,5,0.05222030757663538,186,4-9-18_Schnable_49-383-js113-168_2018-04-11_03-54-58_9979000,2.686928463163787
0.3659094067602358,68.29992382651452,-22.67863978394337,0.0,240.10327164056625,0.0,76.28971085420643,0.11209767463101483,8,0.06663094327746685,0.001332618865549337,6,0.1643179822076502,171,4-9-18_Schnable_49-383-js113-168_2018-04-11_03-54-58_9979000,3.6505052603021095
0.3665262962486743,69.01869758704038,-56.63690987695782,0.0,353.47613525455245,0.0,71.35070063772812,0.0,8,0.05876439088438286,0.001175287817687657,7,0.1643179822076502,161,4-9-18_Schnable_49-383-js113-168_2018-04-11_03-54-58_9979000,3.428247099740124
0.21389706246218604,73.29352343622116,-173.62723090821493,0.0,272.66887270088455,0.0,58.084675426508035,0.036505549747758964,8,0.08635232800999267,0.0017270465601998534,0,-0.12978006379549042,97,4-9-18_Schnable_49-384-js81-1-113_2018-04-11_03-57-11_9979100,4.155774970086631
0.2996002650797874,72.3417582960904,-167.90494537302712,0.0,89.33767443978063,0.0,62.66869524701704,0.03144931709481125,8,0.10524587070334926,0.002104917414066985,1,-0.09833074670067918,136,4-9-18_Schnable_49-384-js81-1-113_2018-04-11_03-57-11_9979100,4.587937896339689
0.35022306770517186,80.33349797205497,-177.52476483978714,0.0,306.90585127091975,0.0,61.448207191341844,0.02884276481790557,8,0.22753736087046683,0.004550747217409337,2,-0.06948798188277361,157,4-9-18_Schnable_49-384-js81-1-113_2018-04-11_03-57-11_9979100,6.745922633272143
0.4074968657984197,62.96381923122023,-55.32458309531264,0.0,110.2447284112642,0.0,62.91822203129832,0.0421337888497952,8,0.11337682710421704,0.0022675365420843406,3,-0.027354193032978414,178,4-9-18_Schnable_49-384-js81-1-113_2018-04-11_03-57-11_9979100,4.761865749981136
0.44911220424754095,67.12844536365874,-28.038432349350323,0.0,312.1128961731461,0.0,67.01559837866837,0.0373713661687022,8,0.15307460247353924,0.003061492049470785,4,0.010017173135723785,204,4-9-18_Schnable_49-384-js81-1-113_2018-04-11_03-57-11_9979100,5.533075139080243
0.4632002046557489,69.25747017587099,-37.24123155790783,0.0,119.73914516598423,0.0,70.06857941334214,0.0765340310252673,8,0.08454304080100708,0.0016908608160201416,5,0.08655120416099109,193,4-9-18_Schnable_49-384-js81-1-113_2018-04-11_03-57-11_9979100,4.112007801573511
0.23920363312268153,89.5,-12.546877811768848,0.0,219.85962769942654,0.0,78.62721965130204,0.07879023018326607,8,0.07208144488684846,0.0014416288977369693,6,0.16534143434425716,124,4-9-18_Schnable_49-384-js81-1-113_2018-04-11_03-57-11_9979100,3.796878846812167
0.41316922713981175,80.95424742990565,-72.91348034244884,0.0,297.38850094817485,0.0,76.70247266393886,0.0,8,0.101611113632601,0.00203222227265202,7,0.16534143434425716,191,4-9-18_Schnable_49-384-js81-1-113_2018-04-11_03-57-11_9979100,4.5080176049478995
0.3056594622240354,67.28768048460864,-136.4368615943823,0.0,145.40798416930323,0.0,64.0874964658231,0.003929387707377802,8,0.009381683742457899,0.00018763367484915798,0,-0.1631388533194425,138,4-9-18_Schnable_49-385-js205-320_2018-04-11_03-59-24_9979200,1.3697944183312982
0.38237194753477693,54.52806565392021,-141.5988450281537,0.0,10.53309581457498,0.0,51.149819747686315,0.06843779095937874,8,0.01529530303496725,0.00030590606069934496,1,-0.09470106236006376,180,4-9-18_Schnable_49-385-js205-320_2018-04-11_03-59-24_9979200,1.7490170402238652
0.36176272672207216,59.582096108320826,-125.50208913141614,0.0,154.75932995465755,0.0,57.97260786465203,0.03164675699256783,8,0.018420762328590884,0.0003684152465718177,2,-0.06305430536749593,168,4-9-18_Schnable_49-385-js205-320_2018-04-11_03-59-24_9979200,1.9194146153757858
0.4261006209230457,59.714559523072474,-99.57131295435376,0.0,5.300379862948211,0.0,56.52402696644955,0.03245897661774499,8,0.03986179321025603,0.0007972358642051205,3,-0.03059532874975094,202,4-9-18_Schnable_49-385-js205-320_2018-04-11_03-59-24_9979200,2.8235365487365676
0.492453056943466,68.47125672922,-108.21795895424565,0.0,183.10188753094633,0.0,64.14519972126315,0.039696546715466074,8,0.067055630828969,0.00134111261657938,4,0.009101217965715131,224,4-9-18_Schnable_49-385-js205-320_2018-04-11_03-59-24_9979200,3.662120446652977
0.4570626608503181,73.294516369229,-63.983334339041605,0.0,354.9244549295616,0.0,70.9069946417184,0.06065415421700558,8,0.09157632758149087,0.0018315265516298173,5,0.06975537218272071,214,4-9-18_Schnable_49-385-js205-320_2018-04-11_03-59-24_9979200,4.279633806331819
0.1102183695435391,84.8448085405476,24.45390021941563,0.0,84.98021862101686,0.0,74.65167594849714,0.0,8,0.0028010404275107454,5.602080855021491e-05,6,0.06975537218272071,56,4-9-18_Schnable_49-385-js205-320_2018-04-11_03-59-24_9979200,0.7484704974159965
0.5185335901702787,66.32820747798951,-96.39041310898382,0.0,195.93061020091795,0.0,53.522843708188205,0.09159768687835554,8,0.07250673637671426,0.0014501347275342853,7,0.16135305906107625,237,4-9-18_Schnable_49-385-js205-320_2018-04-11_03-59-24_9979200,3.8080634547421672
0.38786299686890713,70.98484052662376,-55.98944750173385,0.0,316.27479562782196,0.0,60.85771075085802,0.0,8,0.10168408505320253,0.002033681701064051,8,0.16135305906107625,183,4-9-18_Schnable_49-385-js205-320_2018-04-11_03-59-24_9979200,4.509636017534066
0.2645302755848833,48.55493862755053,-72.86702324472452,0.0,338.06093473861046,0.0,49.3738531160378,0.07190086381045258,8,0.015986709934025373,0.00031973419868050744,0,-0.07640715747227664,122,4-9-18_Schnable_49-386-JS176-257_2018-04-11_04-01-37_9979300,1.788111290385773
0.3093423941896039,40.60365041695585,-123.21542412574848,0.0,178.86697097200917,0.0,40.17033127127558,0.0166457785453177,8,0.01048883948672789,0.0002097767897345578,1,-0.05976137892695894,133,4-9-18_Schnable_49-386-JS176-257_2018-04-11_04-01-37_9979300,1.4483673212778512
0.3504797268289994,47.30660017421918,-91.01904156770144,0.0,0.9612527399894011,0.0,47.15964418156428,0.027160738234022083,8,0.04560146287642963,0.0009120292575285926,2,-0.032600640692936854,153,4-9-18_Schnable_49-386-JS176-257_2018-04-11_04-01-37_9979300,3.01998221439894
0.37470390230428596,53.1102639140095,-86.89184228012302,0.0,172.11466427120703,0.0,54.705854041533875,0.028851345761657023,8,0.03641058676108125,0.000728211735221625,3,-0.003749294931279832,167,4-9-18_Schnable_49-386-JS176-257_2018-04-11_04-01-37_9979300,2.6985398555915845
0.46892589682500657,64.70590708046801,-11.84121863802501,0.0,359.8638664514511,0.0,65.33051745301428,0.05728715322372767,8,0.10272825657698292,0.0020545651315396585,4,0.05353785829244784,220,4-9-18_Schnable_49-386-JS176-257_2018-04-11_04-01-37_9979300,4.532731109981772
0.34981214616281153,74.18145105022903,-67.59928177093953,0.0,165.5450961172758,0.0,78.27699554650027,0.09607027048479647,8,0.03275899558041909,0.0006551799116083818,5,0.1496081287772443,156,4-9-18_Schnable_49-386-JS176-257_2018-04-11_04-01-37_9979300,2.5596482406932046
0.23667717209669334,79.0882017195899,-29.832955242443703,0.0,41.99424577612324,0.0,70.70937338624023,0.0,8,0.01768619782007419,0.0003537239564014838,6,0.1496081287772443,121,4-9-18_Schnable_49-386-JS176-257_2018-04-11_04-01-37_9979300,1.88075505157233
0.3270929689877817,63.85113286058061,-66.21013298001075,0.0,91.36726824422826,0.0,61.05137428407682,0.12801985803231208,8,0.03496768494854622,0.0006993536989709244,0,-0.05795606735657065,139,4-9-18_Schnable_49-387-js261-419_2018-04-11_04-03-51_9979400,2.6445296348706786
0.3768654946129758,57.82354805056001,-103.66375823129628,0.0,260.63022700211604,0.0,53.29359767417224,0.02782060363092592,8,0.032501158571359275,0.0006500231714271855,1,-0.03013546372564473,179,4-9-18_Schnable_49-387-js261-419_2018-04-11_04-03-51_9979400,2.5495551992988608
0.42894711016208936,64.4936300560598,-69.95474055287883,0.0,96.07055583136594,0.0,62.644811434668384,0.0381887391264432,8,0.05557935574545669,0.001111587114909134,2,0.008053275400798476,186,4-9-18_Schnable_49-387-js261-419_2018-04-11_04-03-51_9979400,3.334047262576123
0.2806542828199508,67.19815150409693,-24.36870631580685,0.0,254.02602409538406,0.0,62.269165075185626,0.03179074181601545,8,0.019435558740956163,0.0003887111748191233,3,0.03984401721681392,131,4-9-18_Schnable_49-387-js261-419_2018-04-11_04-03-51_9979400,1.971575955470961
0.356337722178043,78.72984388450345,-9.617579508607106,0.0,109.50295211136128,0.0,60.42217322586059,0.14613779711406594,8,0.04095431927384523,0.0008190863854769045,4,0.18598181433087987,183,4-9-18_Schnable_49-387-js261-419_2018-04-11_04-03-51_9979400,2.861968527913793
0.3566442741575021,75.78436879637947,-37.09676802445647,0.0,247.76825353416623,0.0,76.124481964985,0.0,8,0.050718559184106185,0.0010143711836821238,5,0.18598181433087987,169,4-9-18_Schnable_49-387-js261-419_2018-04-11_04-03-51_9979400,3.1849194396124427
0.3481080262756807,43.83660429985796,-129.52807229018066,0.0,20.255747880789134,0.0,42.42564658636187,0.10152007354002872,8,0.03284263584198283,0.0006568527168396566,0,-0.03266634480419105,156,4-9-18_Schnable_49-388-js203-316_2018-04-11_04-06-05_9979500,2.5629138043243995
0.16339775583534288,62.6636542516065,-56.09914904598436,0.0,18.086750013017568,0.0,55.18572620485042,0.0155099516398888,8,0.006541205173177832,0.00013082410346355663,1,-0.017156393164302248,69,4-9-18_Schnable_49-388-js203-316_2018-04-11_04-06-05_9979500,1.1437836485260515
0.2729412788046155,62.47713947007284,-61.542742885037015,0.0,207.86615662614992,0.0,58.64177307402263,0.04586814407893321,8,0.010539984003314816,0.0002107996800662963,2,0.028711750914630955,119,4-9-18_Schnable_49-388-js203-316_2018-04-11_04-06-05_9979500,1.4518942112505866
0.3989402950079995,67.71426387926415,-115.91273506361097,0.0,39.93179616607156,0.0,67.0587471534132,0.07755797028682412,8,0.16866483944995195,0.003373296788999039,3,0.10626972120145509,186,4-9-18_Schnable_49-388-js203-316_2018-04-11_04-06-05_9979500,5.808008943690633
0.2993466846156464,71.12185810368453,-53.16898704945408,0.0,194.01000885041043,0.0,67.69757110289645,0.026894970141373264,8,0.20545605014652818,0.004109121002930563,4,0.13316469134282835,129,4-9-18_Schnable_49-388-js203-316_2018-04-11_04-06-05_9979500,6.410242587399141
0.11511923428000395,85.81255493626176,-42.763951396352724,0.0,266.22838059949316,0.0,70.37471343349026,0.0,8,0.003414087230595235,6.828174461190469e-05,5,0.13316469134282835,54,4-9-18_Schnable_49-388-js203-316_2018-04-11_04-06-05_9979500,0.8263276868888315
0.3188335660819226,53.52556033891975,-107.27197715816722,0.0,145.69337424105842,0.0,50.84037618395041,0.0699070932853437,8,0.011011223614278448,0.00022022447228556895,0,-0.1508313618682339,140,4-9-18_Schnable_49-389-js140-203_2018-04-11_04-08-18_9979600,1.483996200418212
0.3687352136913762,56.33908538846747,-101.92571483416127,0.0,15.813884922605634,0.0,54.391066592097815,0.038060456672490375,8,0.023891290497862296,0.0004778258099572459,1,-0.11277090519574352,174,4-9-18_Schnable_49-389-js140-203_2018-04-11_04-08-18_9979600,2.1859227112531814
0.4281060806047858,51.07845560543459,-101.5348805867905,0.0,175.6339858507448,0.0,47.585709866358314,0.032953185202626606,8,0.08203714496255561,0.0016407428992511123,2,-0.07981771999311692,193,4-9-18_Schnable_49-389-js140-203_2018-04-11_04-08-18_9979600,4.050608471885567
0.5341001477792066,45.499467638757004,-46.751871760153655,0.0,167.71830642708628,0.0,48.860953004066374,0.06875502591122394,8,0.10711023156467461,0.0021422046312934923,3,-0.01106269408189298,223,4-9-18_Schnable_49-389-js140-203_2018-04-11_04-08-18_9979600,4.628395652160144
0.5335660764120996,61.786484360973304,-51.75114390072914,0.0,343.571145358834,0.0,67.12210109391513,0.08301410586096138,8,0.09805435980143823,0.0019610871960287646,4,0.0719514117790684,251,4-9-18_Schnable_49-389-js140-203_2018-04-11_04-08-18_9979600,4.428416416766567
0.27912257703567095,37.767227333183854,-68.91900836625898,0.0,0.6459796653430847,0.0,33.27070427659151,0.03231390989542497,8,0.030042532146534195,0.000600850642930684,5,0.10426532167449337,144,4-9-18_Schnable_49-389-js140-203_2018-04-11_04-08-18_9979600,2.451225495401604
0.1571744283478242,0.7381185656432526,205.20125246144664,0.0,65.63426738347304,0.0,7.025661187494185,0.0,8,0.10104897258353954,0.0020209794516707906,6,0.10426532167449337,80,4-9-18_Schnable_49-389-js140-203_2018-04-11_04-08-18_9979600,4.495530504479745
0.5568557126963021,66.53355259836368,-31.3391509226991,0.0,92.66419664744824,0.0,64.17452371935865,0.07252313379458444,8,0.22993895562281597,0.004598779112456319,7,0.17678845546907782,249,4-9-18_Schnable_49-389-js140-203_2018-04-11_04-08-18_9979600,6.781429873158255
0.17828894457723238,74.83886799151583,-41.33262062370415,0.0,223.0412339129187,0.0,63.4286150246219,0.01833162866978283,8,0.012248634330662818,0.00024497268661325636,8,0.19512008413886064,85,4-9-18_Schnable_49-389-js140-203_2018-04-11_04-08-18_9979600,1.5651603324044996
0.4337973257190671,66.6804642043059,-51.943053243862515,0.0,41.016273617218836,0.0,59.851761404460895,0.0,8,0.09903405030277664,0.0019806810060555326,9,0.19512008413886064,201,4-9-18_Schnable_49-389-js140-203_2018-04-11_04-08-18_9979600,4.450484250118781
0.1495440663253793,66.24186508806015,-38.83580770369876,0.0,167.58093942879532,0.0,64.44570119327449,0.11413333464980993,8,0.003576868230358393,7.153736460716785e-05,0,-0.009083296844827117,66,4-9-18_Schnable_49-390-js179-269_2018-04-11_04-10-32_9979700,0.8457976389608088
0.23278697915284402,65.00342474923963,-68.88872335418269,0.0,9.780880780492334,0.0,62.986309297329775,0.006231856130225175,8,0.009270417958907299,0.00018540835917814596,1,-0.0028514407146019416,103,4-9-18_Schnable_49-390-js179-269_2018-04-11_04-10-32_9979700,1.3616473815865324
0.24457576915621218,72.65613964845123,-53.81299472249256,0.0,344.12662318642367,0.0,68.94277160048222,0.020074888934030276,8,0.01732810326230652,0.0003465620652461304,2,0.017223448219428335,108,4-9-18_Schnable_49-390-js179-269_2018-04-11_04-10-32_9979700,1.861617751435913
0.22185794624798894,78.97884137836986,-41.059040997573405,0.0,345.85324752444353,0.0,72.59552427473922,0.10564343926819066,8,0.02136109294442241,0.0004272218588884482,3,0.122866887487619,106,4-9-18_Schnable_49-390-js179-269_2018-04-11_04-10-32_9979700,2.0669345874711373
0.28754737804635716,61.48325371927054,-82.01732739105671,0.0,179.43437082479437,0.0,58.51138455254751,0.0,8,0.033482940274892486,0.0006696588054978497,4,0.122866887487619,118,4-9-18_Schnable_49-390-js179-269_2018-04-11_04-10-32_9979700,2.5877766624997793
0.3382602493361794,26.22143548163414,-25.79937379316169,0.0,164.82437136501045,0.0,7.196145052503403,0.252224876863907,8,0.06900452010661601,0.0013800904021323201,0,0.09262626658052757,146,4-9-18_Schnable_49-393-js154-223_2018-04-11_04-17-11_9980000,3.7149567993885477
0.12860915035478698,0.5,-300.0,0.0,20.99649434358847,0.0,-67.5210069153675,0.0,8,0.1799731128969887,0.003599462257939774,1,0.06829620392194218,55,4-9-18_Schnable_49-393-js154-223_2018-04-11_04-17-11_9980000,5.999551864881054
0.30592133995476956,0.5,-64.78930456981762,0.0,171.58980877644217,0.0,-17.062193595174826,0.025092114667779886,8,0.08978908233904603,0.0017957816467809207,2,0.09338831858972206,148,4-9-18_Schnable_49-393-js154-223_2018-04-11_04-17-11_9980000,4.237666394114715
0.2811369602723607,0.5,-300.0,0.0,218.04949906515463,0.0,-72.21108656331597,0.0,8,0.7916347319271497,0.015832694638542994,3,0.028186251982380787,132,4-9-18_Schnable_49-393-js154-223_2018-04-11_04-17-11_9980000,12.582803597983636
0.19471363886737766,0.5,-124.00427235804531,0.0,169.60873141446095,0.0,-32.41341626358593,0.0,8,0.024155630342864744,0.0004831126068572949,4,0.028186251982380787,98,4-9-18_Schnable_49-393-js154-223_2018-04-11_04-17-11_9980000,2.1979822721243565
0.09919478639106212,84.1488367334974,-71.08843330560845,0.0,307.2975425257623,0.0,71.05670123616254,0.05210792596967978,8,0.0007309770270327823,1.4619540540655647e-05,0,-0.12542667157431836,47,4-9-18_Schnable_49-394-js112-165_2018-04-11_04-19-26_9980100,0.3823550776523786
0.25288400160440805,70.97938332795944,-68.74767692160604,0.0,146.77454620578112,0.0,67.70431117296417,0.034476129112197176,8,0.014865526414727789,0.0002973105282945558,1,-0.09095054246212118,118,4-9-18_Schnable_49-394-js112-165_2018-04-11_04-19-26_9980100,1.7242694925520077
0.29256217149908464,72.59431145303594,-79.79245199475113,0.0,304.0306219418391,0.0,69.48159221129416,0.029581093303065145,8,0.03215745403322681,0.0006431490806645362,2,-0.06136944915905604,131,4-9-18_Schnable_49-394-js112-165_2018-04-11_04-19-26_9980100,2.5360384079594223
0.08765305327652592,89.5,-16.84470769295293,0.0,249.9179368512672,0.0,68.28152214201774,0.004770506911114351,8,0.005731550997822753,0.00011463101995645508,3,-0.05659894224794169,36,4-9-18_Schnable_49-394-js112-165_2018-04-11_04-19-26_9980100,1.070658768966355
0.41854233660192386,71.49548948671004,-50.79571888546433,0.0,319.36491600598407,0.0,71.69157323480636,0.07079678416984692,8,0.05564008752335008,0.0011128017504670018,4,0.014197841921905232,193,4-9-18_Schnable_49-394-js112-165_2018-04-11_04-19-26_9980100,3.335868328437143
0.3943690630215264,79.8981737094096,-129.6152467072455,0.0,138.30639625072988,0.0,72.47851639932054,0.004770506911114351,8,0.04218857674977469,0.0008437715349954939,5,0.018968348833019583,177,4-9-18_Schnable_49-394-js112-165_2018-04-11_04-19-26_9980100,2.904774578165221
0.4412931207730794,72.24165066386054,-33.8911102633506,0.0,273.3290507489087,0.0,77.71474280098515,0.15814663919642333,8,0.09941159096579634,0.0019882318193159268,6,0.17711498802944292,194,4-9-18_Schnable_49-394-js112-165_2018-04-11_04-19-26_9980100,4.4589593172801285
0.3976499899325361,70.34884013149978,-8.707560992087256,0.0,145.03729076055907,0.0,56.992914000832435,0.0,8,0.055123948136144574,0.0011024789627228915,7,0.17711498802944292,180,4-9-18_Schnable_49-394-js112-165_2018-04-11_04-19-26_9980100,3.320359864115472
0.22615527159870658,72.97052687199849,-118.90908033081425,0.0,9.695337217524024,0.0,66.29011053661485,0.07993322647153574,8,0.007722950244378909,0.00015445900488757818,0,-0.05521228435829843,96,4-9-18_Schnable_49-395-js106-154_2018-04-11_04-21-39_9980200,1.242815371998505
0.320010895979628,69.1606051830991,-116.08407405705198,0.0,157.40705010530647,0.0,66.52247600625549,0.03705078302717158,8,0.05032964258105237,0.0010065928516210473,1,-0.01816150133112685,155,4-9-18_Schnable_49-395-js106-154_2018-04-11_04-21-39_9980200,3.1726847489485106
0.3747386872503178,74.34602026147716,-162.85180916479908,0.0,12.616844639038359,0.0,67.2574676252416,0.016273323274414327,8,0.1028670624289257,0.002057341248578514,2,-0.0018881780567125233,162,4-9-18_Schnable_49-395-js106-154_2018-04-11_04-21-39_9980200,4.535792376838377
0.3171676053166583,75.37773346319659,-78.31808003354321,0.0,190.44048427915746,0.0,75.75798022712732,0.052871790559974124,8,0.025017670685364927,0.0005003534137072985,3,0.050983612503261604,156,4-9-18_Schnable_49-395-js106-154_2018-04-11_04-21-39_9980200,2.2368580949789783
0.13833381842062512,76.0109951534138,-21.56883095536311,0.0,222.94572189045365,0.0,54.15187594443649,0.04617770512941768,8,0.0032120282027223064,6.424056405444613e-05,4,0.09716131763267928,64,4-9-18_Schnable_49-395-js106-154_2018-04-11_04-21-39_9980200,0.801502115121639
0.37863407457149156,80.85480906977173,-78.56774972868453,0.0,181.45340963886343,0.0,65.52256892445853,0.04337774216433603,8,0.14049342343019797,0.0028098684686039595,5,0.1405390597970153,188,4-9-18_Schnable_49-395-js106-154_2018-04-11_04-21-39_9980200,5.30081924668627
0.32711567565118405,72.9398328507831,-14.616808725602265,0.0,323.640010274289,0.0,60.75131381568783,0.0,8,0.025847215184541184,0.0005169443036908237,6,0.1405390597970153,146,4-9-18_Schnable_49-395-js106-154_2018-04-11_04-21-39_9980200,2.273640920837817
0.26317683337897646,44.65602350113294,-72.49677788447913,0.0,180.11453790140132,0.0,43.051503237580924,0.06431839915372561,8,0.015122589251373273,0.00030245178502746547,0,-0.055698795505300006,128,4-9-18_Schnable_49-396-js239-382_2018-04-11_04-23-53_9980300,1.7391140992685485
0.18712761341810313,56.91570969567311,-72.09557687607978,0.0,350.50776847565703,0.0,51.1059720966893,0.06251667841532635,8,0.009726415253889292,0.00019452830507778583,1,0.006817882910026348,87,4-9-18_Schnable_49-396-js239-382_2018-04-11_04-23-53_9980300,1.394734043026791
0.35319796756011407,50.979795129188616,-91.02879426772338,0.0,189.07649226064834,0.0,52.07288494748364,0.03995611528829153,8,0.031771516693985216,0.0006354303338797044,2,0.04677399819831788,171,4-9-18_Schnable_49-396-js239-382_2018-04-11_04-23-53_9980300,2.5207743530108053
0.3521920963741622,69.72712746963751,-99.08011388268494,0.0,31.514934255987274,0.0,65.50376663928454,0.06804036675446035,8,0.028834279052498614,0.0005766855810499723,3,0.11481436495277822,160,4-9-18_Schnable_49-396-js239-382_2018-04-11_04-23-53_9980300,2.40142786910199
0.19028966999254224,69.6698213301765,104.25536127242589,0.0,176.80106091131057,0.0,63.75963060242234,0.0,8,0.007889700049434768,0.00015779400098869537,4,0.11481436495277822,87,4-9-18_Schnable_49-396-js239-382_2018-04-11_04-23-53_9980300,1.2561608216653446
0.281646588180472,70.42677622708528,11.664769333730728,0.0,4.691890892858887,0.0,69.09916071076147,0.11391161822484523,8,0.05349370590555594,0.0010698741181111187,0,-0.04734270800695896,139,4-9-18_Schnable_49-398-js264-422_2018-04-11_04-28-19_9980500,3.2708930250179673
0.31398372545923414,65.16042940826068,-72.64849066142364,0.0,171.47132121446336,0.0,63.007636650657616,0.02257141429938686,8,0.02124637888771801,0.0004249275777543602,1,-0.024771293707572098,135,4-9-18_Schnable_49-398-js264-422_2018-04-11_04-28-19_9980500,2.061377155579154
0.42600301354611664,73.95492495984398,-30.374766143538082,0.0,10.313932316191282,0.0,70.90976311435419,0.055460322397436965,8,0.052516659359522974,0.0010503331871904594,2,0.03068902868986487,211,4-9-18_Schnable_49-398-js264-422_2018-04-11_04-28-19_9980500,3.2408844274217175
0.39838193594708404,73.4242896009364,-43.90244320784185,0.0,162.40462675031932,0.0,73.15235429304266,0.05483615421349594,8,0.05077646540448857,0.0010155293080897714,3,0.08552518290336081,173,4-9-18_Schnable_49-398-js264-422_2018-04-11_04-28-19_9980500,3.1867370586381476
0.45872026543879507,72.02080923318691,-10.766560897255738,0.0,324.94057682525306,0.0,71.3106680875387,0.07542435017331728,8,0.06582298357763378,0.0013164596715526755,4,0.1609495330766781,219,4-9-18_Schnable_49-398-js264-422_2018-04-11_04-28-19_9980500,3.6283049369542733
0.43680739228639115,77.75637417713541,-54.58156354063083,0.0,165.71862896663112,0.0,74.36027576959307,0.0,8,0.03337670056140799,0.0006675340112281598,5,0.1609495330766781,196,4-9-18_Schnable_49-398-js264-422_2018-04-11_04-28-19_9980500,2.58366795704897
0.05858732616575088,89.5,-36.48664532427993,0.0,74.0402580931474,0.0,68.93154979636047,0.040513195202209584,8,0.002854683639775648,5.709367279551296e-05,0,-0.05286203188777315,27,4-9-18_Schnable_49-399-JS179-269_2018-04-11_04-30-33_9980600,0.7556035521059503
0.2762063142849088,74.06864158485429,-121.66529992232367,0.0,166.0537653456447,0.0,69.55583482386258,0.0714256036053126,8,0.006769474662171229,0.00013538949324342457,1,0.018563571717539442,124,4-9-18_Schnable_49-399-JS179-269_2018-04-11_04-30-33_9980600,1.1635699087009108
0.2540995685645444,62.59631675874703,-29.40827751858748,0.0,192.1023877108075,0.0,61.44943685751771,0.050153275565913424,8,0.012808198641558948,0.00025616397283117896,2,0.06871684728345287,116,4-9-18_Schnable_49-399-JS179-269_2018-04-11_04-30-33_9980600,1.6005123330708169
0.3059026101123752,33.811085226906364,-66.23120768697633,0.0,16.56462404662763,0.0,42.76635911939595,0.010833568475274197,8,0.013856411337544606,0.0002771282267508921,3,0.07955041575872707,140,4-9-18_Schnable_49-399-JS179-269_2018-04-11_04-30-33_9980600,1.6647168730774975
0.16177129621338213,89.5,-25.0935457551559,0.0,4.295401739625804,0.0,81.69260944909044,0.014671693286067017,8,0.012553709492875174,0.00025107418985750347,4,0.09422210904479408,79,4-9-18_Schnable_49-399-JS179-269_2018-04-11_04-30-33_9980600,1.5845320755904675
0.15504503218913404,67.98932058058917,1.716376652168651,0.0,355.8169068890786,0.0,63.40366791169522,0.0,8,0.00355963988274761,7.11927976549522e-05,5,0.09422210904479408,73,4-9-18_Schnable_49-399-JS179-269_2018-04-11_04-30-33_9980600,0.8437582453223921
0.21619559592125226,65.35928214243513,-119.67622713902688,0.0,146.8790061307994,0.0,60.617864152380285,0.05017425672475763,8,0.007666914648713419,0.0001533382929742684,0,-0.028263373805660543,93,4-9-18_Schnable_49-400-js31-3-53_2018-04-11_04-32-46_9980700,1.2382984009287439
0.266712535194404,66.0259365281904,-144.9916278559465,0.0,350.43747666798214,0.0,58.62949203929712,0.018647382909934354,8,0.03151736808463113,0.0006303473616926226,1,-0.009615990895726189,115,4-9-18_Schnable_49-400-js31-3-53_2018-04-11_04-32-46_9980700,2.51067194530194
0.25252252208479087,71.56525279381833,-69.5615185196764,0.0,171.21872903748152,0.0,64.20926186197593,0.027309940533535054,8,0.017140160528734308,0.00034280321057468614,2,0.017693949637808865,111,4-9-18_Schnable_49-400-js31-3-53_2018-04-11_04-32-46_9980700,1.851494560010064
0.1995153668235077,73.55104128342359,-30.756289396939867,0.0,358.86121513842596,0.0,67.76663032589175,0.020878601543593115,8,0.010848296591632991,0.00021696593183265982,3,0.03857255118140198,90,4-9-18_Schnable_49-400-js31-3-53_2018-04-11_04-32-46_9980700,1.4729763468320183
0.2588981265370639,85.79662583978602,-20.920086746720767,0.0,348.34823583879637,0.0,86.59772647055067,0.03938462684809043,8,0.02377530332957626,0.0004755060665915252,4,0.07795717802949241,133,4-9-18_Schnable_49-400-js31-3-53_2018-04-11_04-32-46_9980700,2.180610159087417
0.1844556740676416,76.10412292434472,-29.5660549889621,0.0,159.47028883711832,0.0,74.46236577749137,0.0,8,0.008691670318377125,0.0001738334063675425,5,0.07795717802949241,93,4-9-18_Schnable_49-400-js31-3-53_2018-04-11_04-32-46_9980700,1.3184589730725127
0.20168760275290404,74.79850736366072,-96.93052878510586,0.0,12.371300255728983,0.0,68.03679269017549,0.037937711618851525,8,0.0017062007191858514,3.412401438371703e-05,0,-0.09426128993225681,94,4-9-18_Schnable_49-401-js182-272_2018-04-11_04-35-03_9980800,0.5841576361198836
0.2967061036237553,71.4197386901129,-117.89326484438853,0.0,183.09093658082557,0.0,66.92869588239378,0.04219003490261034,8,0.01451034331969181,0.00029020686639383617,1,-0.05207125502964647,133,4-9-18_Schnable_49-401-js182-272_2018-04-11_04-35-03_9980800,1.7035459089611766
0.34222370124829404,68.37933101308592,-90.09246009868151,0.0,5.061840396162247,0.0,64.18085517141444,0.003811451353751022,8,0.016240249545332,0.00032480499090664,2,-0.04825980367589545,158,4-9-18_Schnable_49-401-js182-272_2018-04-11_04-35-03_9980800,1.802234698663412
0.06725913776724449,89.5,-16.10763246680356,0.0,314.49337727695513,0.0,56.6934798672939,0.0,8,0.0022736267252499447,4.54725345049989e-05,3,-0.04825980367589545,33,4-9-18_Schnable_49-401-js182-272_2018-04-11_04-35-03_9980800,0.6743332596350183
0.10489728596182477,55.58312337446349,167.7320651480532,0.0,221.83352042868407,0.0,50.74510381094368,0.05210699198119145,8,0.018129850109645063,0.0003625970021929013,4,0.003847188305296002,45,4-9-18_Schnable_49-401-js182-272_2018-04-11_04-35-03_9980800,1.9041979996652167
0.3725908200861905,79.84521416929647,-191.83532261238463,0.0,194.4926245954603,0.0,62.09682255818831,0.019939637321166704,8,0.09403483369943051,0.0018806966739886102,5,0.023786825626462706,184,4-9-18_Schnable_49-401-js182-272_2018-04-11_04-35-03_9980800,4.336699982692612
0.18672984214646068,72.03480491155905,-38.41506606700995,0.0,3.6387240428174263,0.0,50.68429778024756,0.025906644795992438,8,0.02042099832710822,0.00040841996654216443,6,0.049693470422455144,86,4-9-18_Schnable_49-401-js182-272_2018-04-11_04-35-03_9980800,2.020940292394024
0.47287471158791783,67.48210065259245,-86.40041834801359,0.0,211.65865433364672,0.0,68.69083197106978,0.08216763480294323,8,0.08038708255571544,0.001607741651114309,7,0.13186110522539837,225,4-9-18_Schnable_49-401-js182-272_2018-04-11_04-35-03_9980800,4.0096653864310285
0.12681911358756584,38.102932326038044,132.43609826523374,0.0,356.55616380958645,0.0,38.20775244108288,0.003983361382151163,8,0.006039497035475638,0.00012078994070951275,8,0.13584446660754954,61,4-9-18_Schnable_49-401-js182-272_2018-04-11_04-35-03_9980800,1.099044770286965
0.5437337811634517,67.70167013702883,-81.83653415394213,0.0,353.53953990901897,0.0,55.64921801401806,0.0,8,0.06031534554599603,0.0012063069109199207,9,0.13584446660754954,262,4-9-18_Schnable_49-401-js182-272_2018-04-11_04-35-03_9980800,3.473192927149197
0.23211963690958884,41.811312143950325,-117.78044681855495,0.0,240.7434798961518,0.0,47.80182836417569,0.08882196829637296,8,0.007480379533504233,0.00014960759067008465,0,-0.06881232522398623,96,4-9-18_Schnable_49-402-js41-3-68_2018-04-11_04-37-15_9980900,1.223141817902097
0.18726386239693768,54.77941009245564,-94.83545513619879,0.0,81.2115130176853,0.0,45.52265749582242,0.025163117926694907,8,0.017587089456142124,0.00035174178912284246,1,-0.04364920729729132,88,4-9-18_Schnable_49-402-js41-3-68_2018-04-11_04-37-15_9980900,1.8754780433874518
0.25664078920864986,47.32351227099202,-91.51702354498754,0.0,256.70760088202576,0.0,42.22214296129811,0.02566382162865543,8,0.009226379024630011,0.00018452758049260023,2,-0.01798538566863589,116,4-9-18_Schnable_49-402-js41-3-68_2018-04-11_04-37-15_9980900,1.3584092921229605
0.1999659869211427,67.93241103289995,-69.16054087368698,0.0,55.48379819689592,0.0,64.56114068951402,0.0,8,0.022222180215471746,0.0004444436043094349,3,-0.01798538566863589,87,4-9-18_Schnable_49-402-js41-3-68_2018-04-11_04-37-15_9980900,2.108183114222849
0.10242330562196941,78.29988291399414,-300.0,0.0,9.848406675967988,0.0,57.301969658769586,0.0001837226186785293,8,0.035062135289177246,0.0007012427057835449,4,-0.01780166304995736,43,4-9-18_Schnable_49-402-js41-3-68_2018-04-11_04-37-15_9980900,2.6480987628552395
0.3170161241574158,48.556111252925696,-76.1664739241197,0.0,253.79631313728157,0.0,47.70885320141704,0.08243356427549237,8,0.07350994764415686,0.0014701989528831372,5,0.064631901225535,150,4-9-18_Schnable_49-402-js41-3-68_2018-04-11_04-37-15_9980900,3.834317348476958
0.2918044363346733,64.23221745711173,-59.13144267897014,0.0,75.81052883409286,0.0,58.34000060549186,0.06286421850390589,8,0.006765036651720579,0.00013530073303441158,6,0.1274961197294409,128,4-9-18_Schnable_49-402-js41-3-68_2018-04-11_04-37-15_9980900,1.163188432862069
0.12405164821593441,89.5,-6.871513548223028,0.0,355.6785161158131,0.0,72.49392663155567,0.031335749475800756,8,0.019308259747485915,0.0003861651949497183,7,0.15883186920524164,63,4-9-18_Schnable_49-402-js41-3-68_2018-04-11_04-37-15_9980900,1.9651086355459293
0.26511540975976877,60.42211356275491,-33.706817818363305,0.0,260.72872581901504,0.0,54.487809609644856,0.0,8,0.008363070727436379,0.00016726141454872758,8,0.15883186920524164,111,4-9-18_Schnable_49-402-js41-3-68_2018-04-11_04-37-15_9980900,1.2932958460798039
0.2171303862733285,73.71405493943234,-174.9255506310057,0.0,218.00866432824498,0.0,57.308617474908004,0.04567451666632956,8,0.020791669309007457,0.00041583338618014917,0,-0.0773623142352231,101,4-9-18_Schnable_49-403-js69-1-98_2018-04-11_04-39-28_9981000,2.0391993188017428
0.27020877180826497,50.99796992480654,-98.05930926238653,0.0,43.82087558826696,0.0,47.34144913081165,0.03443483354374317,8,0.02529656265841002,0.0005059312531682004,1,-0.04292748069147994,111,4-9-18_Schnable_49-403-js69-1-98_2018-04-11_04-39-28_9981000,2.2492915621773015
0.07800768642157094,89.5,-45.00050055760366,0.0,99.40147600493864,0.0,63.286449748858736,0.015708573376323535,8,0.004968098984719741,9.936197969439482e-05,2,-0.027218907315156405,36,4-9-18_Schnable_49-403-js69-1-98_2018-04-11_04-39-28_9981000,0.996804793800646
0.16635711760240599,69.35113174865396,-68.83447151511876,0.0,231.26061353287443,0.0,57.45259949017546,0.00596318914734769,8,0.003290323780525321,6.580647561050642e-05,3,-0.021255718167808715,72,4-9-18_Schnable_49-403-js69-1-98_2018-04-11_04-39-28_9981000,0.8112119057959296
0.37283658133133935,57.32365401697363,-56.908060258200884,0.0,56.35725801282866,0.0,54.688854609956536,0.03244255844755856,8,0.08397835794925698,0.0016795671589851396,4,0.01118684027974985,155,4-9-18_Schnable_49-403-js69-1-98_2018-04-11_04-39-28_9981000,4.0982522603972775
0.3801265014196217,61.010114665743124,-51.867148991062514,0.0,225.33440659222407,0.0,57.265566228953745,0.02999102856506724,8,0.02594918725812513,0.0005189837451625027,5,0.04117786884481709,167,4-9-18_Schnable_49-403-js69-1-98_2018-04-11_04-39-28_9981000,2.2781214742908307
0.32364846331248714,78.14443860412419,-6.229744788148495,0.0,61.968476839826764,0.0,75.69572583169771,0.08480786785696323,8,0.08344957917796145,0.001668991583559229,6,0.12598573670178032,159,4-9-18_Schnable_49-403-js69-1-98_2018-04-11_04-39-28_9981000,4.085329342365471
0.30661398016444674,76.52410207995993,-33.02793017371879,0.0,221.7176945529111,0.0,75.9241039125317,0.0,8,0.027991184623123902,0.0005598236924624781,7,0.12598573670178032,151,4-9-18_Schnable_49-403-js69-1-98_2018-04-11_04-39-28_9981000,2.3660593662511475
0.17077033892309712,81.7648985883437,-168.68951402538264,0.0,168.99548342234158,0.0,52.11659041454062,0.04184935067878251,8,0.04280834100876891,0.0008561668201753781,0,-0.1081472434894519,62,4-9-18_Schnable_49-404-js189-296_2018-04-11_04-41-42_9981100,2.926032843587676
0.2340315777814892,81.21015222862943,-120.82944247143872,0.0,322.9472980904761,0.0,74.55128684299629,0.04621657278767076,8,0.031409327555233985,0.0006281865511046797,1,-0.06193067070178114,109,4-9-18_Schnable_49-404-js189-296_2018-04-11_04-41-42_9981100,2.5063649995654655
0.17818673321179887,80.2844481087467,-43.535583565980396,0.0,177.0292124906213,0.0,73.23869719757747,0.011733246098976732,8,0.007708088697456726,0.00015416177394913453,2,-0.05019742460280441,86,4-9-18_Schnable_49-404-js189-296_2018-04-11_04-41-42_9981100,1.24161899932763
0.20163958961344736,80.46423121795208,-47.29205912577721,0.0,311.72142358655884,0.0,73.77320771794784,0.030301446017468956,8,0.014679581314484609,0.0002935916262896922,3,-0.019895978585335452,95,4-9-18_Schnable_49-404-js189-296_2018-04-11_04-41-42_9981100,1.7134515642109414
0.20964971333399202,80.75895185216244,-38.04080173512053,0.0,152.37836136625603,0.0,75.88702405881422,0.03361543266504724,8,0.014242618085525257,0.0002848523617105051,4,0.013719454079711792,104,4-9-18_Schnable_49-404-js189-296_2018-04-11_04-41-42_9981100,1.6877569780940178
0.3140081624337836,71.0056973541346,-19.594306709131153,0.0,172.4593942388922,0.0,77.8768706202413,0.1362097357068592,8,0.06492056920242603,0.0012984113840485206,5,0.149929189786571,149,4-9-18_Schnable_49-404-js189-296_2018-04-11_04-41-42_9981100,3.603347588074901
0.2999973114711256,70.101122347095,-6.785564125790385,0.0,319.15461622748717,0.0,63.67255136671753,0.0,8,0.015056181173322029,0.00030112362346644057,6,0.149929189786571,149,4-9-18_Schnable_49-404-js189-296_2018-04-11_04-41-42_9981100,1.735291397623006
0.09787517010836883,0.5,-116.34063283593967,0.0,359.3330386089719,0.0,-14.04830141639882,0.03998811935389893,8,0.006927942837385674,0.0001385588567477135,0,-0.1264960277705698,41,4-9-18_Schnable_49-405-js229-361_2018-04-11_04-43-55_9981200,1.177110261393186
0.27233447721965015,68.17828264451532,-123.71569553548709,0.0,121.78204402400753,0.0,62.01483164431022,0.02982394951540894,8,0.025453411657656827,0.0005090682331531366,1,-0.09667207825516087,130,4-9-18_Schnable_49-405-js229-361_2018-04-11_04-43-55_9981200,2.2562540485351743
0.31624551302402815,76.14425873217462,-141.76031546958595,0.0,334.697534408886,0.0,62.08719433088966,0.032431289865359425,8,0.18675415116784838,0.0037350830233569676,2,-0.06424078838980145,143,4-9-18_Schnable_49-405-js229-361_2018-04-11_04-43-55_9981200,6.111532560133315
0.3471021136552389,68.1209376702643,-121.19154668942335,0.0,145.92534617408523,0.0,62.52474144140014,0.03995088589440987,8,0.021348059449633586,0.0004269611889926717,3,-0.02428990249539158,158,4-9-18_Schnable_49-405-js229-361_2018-04-11_04-43-55_9981200,2.06630392002888
0.3054278461266942,66.31936548447126,-33.9882970557485,0.0,314.55760770173794,0.0,68.54023759418351,0.09438948270558635,8,0.07924166052115204,0.0015848332104230409,4,0.07009958021019477,136,4-9-18_Schnable_49-405-js229-361_2018-04-11_04-43-55_9981200,3.9809963707883997
0.4132820679383946,65.14247332902318,-117.58863169567643,0.0,308.6941770257456,0.0,60.60441262461124,0.06024199211190076,8,0.06710048117579345,0.001342009623515869,5,0.13034157232209553,197,4-9-18_Schnable_49-405-js229-361_2018-04-11_04-43-55_9981200,3.663344951701749
0.12519716857243682,89.5,53.42738335968496,0.0,82.66721918482945,0.0,59.300967810705735,0.0,8,0.002910165273905186,5.820330547810372e-05,6,0.13034157232209553,61,4-9-18_Schnable_49-405-js229-361_2018-04-11_04-43-55_9981200,0.7629109088098277
0.3252793875485225,74.64233322078887,-281.3929699251553,0.0,222.58722386664428,0.0,62.88632928269018,0.02982637443812361,8,0.12551684368493868,0.0025103368736987736,7,0.16016794676021914,150,4-9-18_Schnable_49-405-js229-361_2018-04-11_04-43-55_9981200,5.010326210636164
0.40853780110873683,66.93621701389934,-161.74558859826274,0.0,138.21831724348417,0.0,62.74726480383578,0.0,8,0.01789852387117882,0.0003579704774235764,8,0.16016794676021914,189,4-9-18_Schnable_49-405-js229-361_2018-04-11_04-43-55_9981200,1.8920107754016
0.20011493332547786,72.05924577709634,-122.07640949826535,0.0,188.8378062586405,0.0,68.26632635572265,0.05200122767110206,8,0.03167322484475274,0.0006334644968950548,0,-0.07841081151227029,90,4-9-18_Schnable_49-407-JS225-357_2018-04-11_04-48-23_9981400,2.516872060504973
0.2548886327886792,70.24149847798684,-124.80726021267431,0.0,49.06718607479159,0.0,65.12204143632906,0.03068248042247536,8,0.020236726275393836,0.0004047345255078767,1,-0.047728331089794934,123,4-9-18_Schnable_49-407-JS225-357_2018-04-11_04-48-23_9981400,2.0118014949489345
0.0669595684459759,89.5,32.79612308336294,0.0,308.3636232280488,0.0,71.4564987577286,0.015802279350499437,8,0.010095544381642351,0.00020191088763284702,2,-0.0319260517392955,33,4-9-18_Schnable_49-407-JS225-357_2018-04-11_04-48-23_9981400,1.4209535095591517
0.3449888146739461,69.56011472926356,-134.38114973832333,0.0,220.21323067481714,0.0,62.29761372633983,0.005668787066187762,8,0.077606590524048,0.0015521318104809601,3,-0.026257264673107735,167,4-9-18_Schnable_49-407-JS225-357_2018-04-11_04-48-23_9981400,3.9397104087495567
0.42225871546791377,65.4283690257759,-96.99147524494995,0.0,12.740593936654182,0.0,60.57790191154303,0.042649136647850944,8,0.08527318138252313,0.0017054636276504626,4,0.01639187197474321,186,4-9-18_Schnable_49-407-JS225-357_2018-04-11_04-48-23_9981400,4.129725932371859
0.4643552567945349,63.865440350413124,2.684384654387812,0.0,194.62692617561711,0.0,66.18280021201454,0.08358598095134284,8,0.1486338155719698,0.002972676311439396,5,0.09997785292608605,219,4-9-18_Schnable_49-407-JS225-357_2018-04-11_04-48-23_9981400,5.452225519399758
0.4264950577752095,71.00380192383176,-94.55088941745998,0.0,17.02074737619756,0.0,73.18066703258934,0.030848946319648768,8,0.07518729638144919,0.001503745927628984,6,0.13082679924573482,210,4-9-18_Schnable_49-407-JS225-357_2018-04-11_04-48-23_9981400,3.877816302545782
0.1905928994787093,78.18481000022112,-58.05749373389553,0.0,195.28879194752318,0.0,70.23882845101103,0.0,8,0.01190451697028392,0.00023809033940567839,7,0.13082679924573482,91,4-9-18_Schnable_49-407-JS225-357_2018-04-11_04-48-23_9981400,1.5430176259708712
0.1921611375664093,77.48443497563716,-111.12998578391458,0.0,162.72301482987325,0.0,68.76396432624223,0.03835228314972769,8,0.026572139456376615,0.0005314427891275323,0,-0.1302566293630469,85,4-9-18_Schnable_49-408-js19-32_2018-04-11_04-50-37_9981500,2.3053042947245217
0.32086233470348674,69.85768878157593,-80.43370991280912,0.0,193.38102246985946,0.0,69.76794051823273,0.0899921194598049,8,0.017848974133423574,0.0003569794826684715,1,-0.040264509903242006,140,4-9-18_Schnable_49-408-js19-32_2018-04-11_04-50-37_9981500,1.8893900673721968
0.19047986809772757,61.07368453031673,-73.74462776521528,0.0,19.284457123202163,0.0,55.61908997340303,0.0538298302163594,8,0.029885482940071217,0.0005977096588014243,4,0.013565320313117392,89,4-9-18_Schnable_49-408-js19-32_2018-04-11_04-50-37_9981500,2.444810133326153
0.35227109955330677,64.22174743660078,-44.55898193585047,0.0,354.6778457254136,0.0,60.67725403037501,0.0,8,0.02666356493335986,0.0005332712986671972,5,0.013565320313117392,149,4-9-18_Schnable_49-408-js19-32_2018-04-11_04-50-37_9981500,2.3092667638607653
0.46110884542514463,72.61719809095057,-67.43179411880739,0.0,190.21899877077846,0.0,72.33099138143707,0.036486354535608286,8,0.1891721164391001,0.0037834423287820018,6,0.05005167484872568,211,4-9-18_Schnable_49-408-js19-32_2018-04-11_04-50-37_9981500,6.150969296608463
0.41926522873737904,74.99321754382535,-8.93555020845819,0.0,343.57011509576813,0.0,75.72916951249616,0.05813100867578162,8,0.1426537872681449,0.002853075745362898,7,0.1081826835245073,203,4-9-18_Schnable_49-408-js19-32_2018-04-11_04-50-37_9981500,5.3414190486825674
0.3942575819576348,75.93309532624953,-80.30021949857779,0.0,151.12292744159964,0.0,70.7740471672853,0.07633326697268458,8,0.027455814287664984,0.0005491162857532997,8,0.18451595049719188,189,4-9-18_Schnable_49-408-js19-32_2018-04-11_04-50-37_9981500,2.343323037383663
0.25472655485208623,76.23041080993212,-15.085591689386922,0.0,60.314403332377566,0.0,59.74900183257589,0.0,8,0.03069157436223651,0.0006138314872447303,9,0.18451595049719188,128,4-9-18_Schnable_49-408-js19-32_2018-04-11_04-50-37_9981500,2.477562284272043
0.16629983974924925,24.10070110718552,-92.86036914811521,0.0,342.0869404272289,0.0,22.86519439452486,0.07047278278992225,8,0.007665315442744052,0.00015330630885488104,0,-0.05961394362763497,77,4-9-18_Schnable_49-409-js67-96_2018-04-11_04-52-51_9981600,1.2381692487494633
0.313667474226324,24.513831556052278,-124.86587130257799,0.0,168.78193569584485,0.0,20.498558230091003,0.027331285398632485,8,0.031444494210154536,0.0006288898842030907,1,-0.03228265822900248,137,4-9-18_Schnable_49-409-js67-96_2018-04-11_04-52-51_9981600,2.507767700970508
0.3401717900780339,50.66296968179126,-100.83703194771556,0.0,355.08281808063896,0.0,49.14293902938892,0.01621564311236408,8,0.01799719897882839,0.0003599439795765678,2,-0.0160670151166384,135,4-9-18_Schnable_49-409-js67-96_2018-04-11_04-52-51_9981600,1.8972189635795014
0.4319194756557806,62.21508161225761,9.825634600514029,0.0,163.13458703428003,0.0,56.664519798795254,0.03743467898639869,8,0.23612994395273015,0.004722598879054603,3,0.02136766386976029,205,4-9-18_Schnable_49-409-js67-96_2018-04-11_04-52-51_9981600,6.872116761998884
0.13070412866133269,79.73090548266785,-36.73148868482029,0.0,113.75465881794631,0.0,72.13300911508048,0.10979963344541883,8,0.0034949105137622814,6.989821027524562e-05,4,0.13116729731517912,67,4-9-18_Schnable_49-409-js67-96_2018-04-11_04-52-51_9981600,0.8360514952755339
0.31729498546638935,76.99885254294998,-134.041799925054,0.0,8.584685874572132,0.0,66.43132368438086,0.0,8,0.016889433264746498,0.00033778866529492993,5,0.13116729731517912,135,4-9-18_Schnable_49-409-js67-96_2018-04-11_04-52-51_9981600,1.837902786588371
0.20167426549055364,56.51753328986628,-135.18165059066632,0.0,33.81578112396225,0.0,52.17530444060803,0.05728935664405256,8,0.011618326155438334,0.0002323665231087667,0,-0.08259187615622278,77,4-9-18_Schnable_49-410-js209-328_2018-04-11_04-55-04_9981700,1.5243573173923715
0.3038630352271351,71.533817073303,-208.10004601556474,0.0,220.1598762653744,0.0,61.96314659984718,0.03200281240537526,8,0.015155398733258874,0.0003031079746651775,1,-0.05058906375084752,129,4-9-18_Schnable_49-410-js209-328_2018-04-11_04-55-04_9981700,1.740999640049295
0.24929827057008228,70.79680755330965,-66.82699045646001,0.0,63.962564128212286,0.0,66.69945505092795,0.04760786707751181,8,0.014840545617961717,0.00029681091235923433,2,-0.002981196673335715,119,4-9-18_Schnable_49-410-js209-328_2018-04-11_04-55-04_9981700,1.7228201077281236
0.33547361954439014,71.43965162362252,-103.27838736024746,0.0,227.38200572692702,0.0,68.2805079584536,0.040708303731075854,8,0.035573965358282326,0.0007114793071656465,3,0.03772710705774014,155,4-9-18_Schnable_49-410-js209-328_2018-04-11_04-55-04_9981700,2.6673569449281556
0.42358512192423925,89.5,-153.50359637874618,0.0,95.7734800388253,0.0,67.9515309977346,0.10183003819071788,8,0.5303062932853547,0.010606125865707094,4,0.13955714524845803,195,4-9-18_Schnable_49-410-js209-328_2018-04-11_04-55-04_9981700,10.29860469466961
0.3987514221650304,77.76126673099478,-110.65202090657117,0.0,217.8752493459508,0.0,60.96508704783727,0.0,8,0.03505242640137432,0.0007010485280274864,5,0.13955714524845803,182,4-9-18_Schnable_49-410-js209-328_2018-04-11_04-55-04_9981700,2.647732101303843
0.0097566303550217,28.28786129854035,25.00000462373157,0.0,311.8036029161365,0.0,-28.28783817780083,0.05746764645664178,8,0.010321210022048284,0.0002064242004409657,0,-0.11936840698092417,4,4-9-18_Schnable_49-411-JS225-357_2018-04-11_04-57-23_9981800,1.4367470217159515
0.24281603327020573,72.16171568451288,-174.54052784409666,0.0,171.78467592683623,0.0,61.44125082094762,0.03110335643128176,8,0.0063136550138932854,0.0001262731002778657,1,-0.08826505054964241,110,4-9-18_Schnable_49-411-JS225-357_2018-04-11_04-57-23_9981800,1.1237130428978108
0.2950344743208535,83.86859937474416,-80.01489083514652,0.0,9.900924448183318,0.0,77.5607736257334,0.03527985427885542,8,0.04886267301438415,0.000977253460287683,2,-0.052985196270786995,140,4-9-18_Schnable_49-411-JS225-357_2018-04-11_04-57-23_9981800,3.1261053409757054
0.43010507853374946,78.60919488381893,-230.29479718123147,0.0,186.12390434614554,0.0,65.18356182693829,0.03820830956193499,8,0.040473153012330274,0.0008094630602466055,3,-0.014776886708852008,207,4-9-18_Schnable_49-411-JS225-357_2018-04-11_04-57-23_9981800,2.8451064307800604
0.4863303093321002,76.21134433904047,-71.13191857404452,0.0,189.31615700855596,0.0,63.500440838351444,0.05920391341113904,8,0.17378166572602635,0.003475633314520527,4,0.044427026702287035,229,4-9-18_Schnable_49-411-JS225-357_2018-04-11_04-57-23_9981800,5.8954502071686825
0.2239072336095138,89.5,-56.60695792644403,0.0,334.88612750552517,0.0,76.43348536001326,0.1510470038742775,8,0.009023408118594596,0.00018046816237189193,5,0.19547403057656454,101,4-9-18_Schnable_49-411-JS225-357_2018-04-11_04-57-23_9981800,1.3433843916463073
0.15032186015696844,79.07256056866177,-30.461709885220618,0.0,340.2347616383745,0.0,71.25815549537258,0.0,8,0.006953907067731996,0.0001390781413546399,6,0.19547403057656454,67,4-9-18_Schnable_49-411-JS225-357_2018-04-11_04-57-23_9981800,1.1793139588533663
0.18864554147792723,61.650818853062276,-92.46292723621296,0.0,192.60700396412668,0.0,55.45016746671555,0.04031509894436093,8,0.004032595800287591,8.065191600575182e-05,0,-0.09233556547198495,81,4-9-18_Schnable_49-412-JS225-357_2018-04-11_04-59-31_9981900,0.8980641180102444
0.252690554660182,52.84735361166151,-121.22215606096846,0.0,10.760401042925443,0.0,49.382665810372266,0.0330804208844875,8,0.025315210603876363,0.0005063042120775273,1,-0.05925514458749744,119,4-9-18_Schnable_49-412-JS225-357_2018-04-11_04-59-31_9981900,2.250120468058382
0.28668268376455147,54.971908173092125,-105.78435516440531,0.0,221.53815306401683,0.0,49.78189502696001,0.02559768723741699,8,0.022646351436014935,0.0004529270287202987,2,-0.03365745735008045,133,4-9-18_Schnable_49-412-JS225-357_2018-04-11_04-59-31_9981900,2.128208233985337
0.37015956057003824,61.89130679056217,-99.30306536617346,0.0,25.466716042080886,0.0,59.16882461007589,0.05496668439176707,8,0.053992255736424515,0.0010798451147284902,3,0.02130922704168662,168,4-9-18_Schnable_49-412-JS225-357_2018-04-11_04-59-31_9981900,3.286099686145401
0.2568868026617772,59.52245438838301,76.62293218076515,0.0,203.19776190454633,0.0,65.86445772626463,0.03051392361976686,8,0.013748197357021732,0.00027496394714043463,4,0.05182315066145348,122,4-9-18_Schnable_49-412-JS225-357_2018-04-11_04-59-31_9981900,1.6582036881530406
0.2072778011955339,74.97856551235654,-18.042162303091477,0.0,191.00085435119476,0.0,70.2932324517642,0.08140215485880559,8,0.011493540399248527,0.00022987080798497054,5,0.13322530552025907,107,4-9-18_Schnable_49-412-JS225-357_2018-04-11_04-59-31_9981900,1.5161490955211843
0.1744285906041267,89.5,59.341163989369875,0.0,41.632293807990614,0.0,89.27300578270113,0.0,8,0.01137055430072223,0.0002274110860144446,6,0.13322530552025907,87,4-9-18_Schnable_49-412-JS225-357_2018-04-11_04-59-31_9981900,1.5080155371031314
0.2981219973749878,54.67905436735498,-141.32759922397838,0.0,343.74733756750834,0.0,48.44945334682304,0.06453110940398653,8,0.013508199476773664,0.0002701639895354733,0,-0.07181916489816527,128,4-9-18_Schnable_49-413-js146-212_2018-04-11_05-01-45_9982000,1.6436666010340213
0.31341768139542836,65.20506217453178,-87.48545449015654,0.0,211.00632897527285,0.0,60.17728506976082,0.04171323841233811,8,0.020713237039646847,0.00041426474079293694,1,-0.030105926485827158,149,4-9-18_Schnable_49-413-js146-212_2018-04-11_05-01-45_9982000,2.0353494559729466
0.42859016121109667,71.93463414148006,-119.50839772500922,0.0,350.80565304311824,0.0,56.34697413388549,0.03737591780879847,8,0.6060313669593083,0.012120627339186165,2,0.00726999132297131,199,4-9-18_Schnable_49-413-js146-212_2018-04-11_05-01-45_9982000,11.009372070734173
0.405394612736364,70.38767071511367,42.8256249698881,0.0,45.07030210388056,0.0,69.40856048592028,0.06512400239720834,8,0.4028647834053078,0.008057295668106156,3,0.07239399372017964,192,4-9-18_Schnable_49-413-js146-212_2018-04-11_05-01-45_9982000,8.976244018578235
0.21558075528585396,89.5,-66.66052011203344,0.0,212.59592300408832,0.0,79.63950869764497,0.06573553240625536,8,0.0178877643839997,0.000357755287679994,4,0.138129526126435,95,4-9-18_Schnable_49-413-js146-212_2018-04-11_05-01-45_9982000,1.8914420098961375
0.3537844500007423,70.10037604755216,-90.92626480278646,0.0,177.2695303882833,0.0,64.2737734555727,0.0,8,0.030901345531127104,0.000618026910622542,5,0.138129526126435,156,4-9-18_Schnable_49-413-js146-212_2018-04-11_05-01-45_9982000,2.4860147035416786
0.12516755721621695,4.627505276848942,-300.0,0.0,10.413786689865098,0.0,47.02074097162048,0.05206064182976644,8,0.06437223800992864,0.0012874447601985727,0,-0.04393026944352424,56,4-9-18_Schnable_49-415-js92-129_2018-04-11_05-06-13_9982200,3.5880980479894533
0.3144892502310169,58.995364348021,-125.1171399491188,0.0,181.1274800079247,0.0,54.90636856853253,0.046142999091187464,8,0.008316447885395616,0.0001663289577079123,1,0.0022127296476632217,140,4-9-18_Schnable_49-415-js92-129_2018-04-11_05-06-13_9982200,1.2896858443354036
0.3469234251507283,57.43677312491218,-129.06695674206196,0.0,7.592723280081764,0.0,56.59138157205689,0.02792205767896098,8,0.017432793573760378,0.00034865587147520755,2,0.030134787326624203,147,4-9-18_Schnable_49-415-js92-129_2018-04-11_05-06-13_9982200,1.8672329031891217
0.16575028768563277,68.71700669891396,-46.570844119127905,0.0,173.44920997431706,0.0,62.43116211787572,0.026212617710965135,8,0.005650966819091845,0.0001130193363818369,3,0.05634740503758934,66,4-9-18_Schnable_49-415-js92-129_2018-04-11_05-06-13_9982200,1.0631055280725281
0.1418865591337609,89.5,50.51413397570937,0.0,162.533293345633,0.0,79.96658431829256,0.04165299094598318,8,0.005519628973050956,0.00011039257946101912,4,0.09800039598357252,63,4-9-18_Schnable_49-415-js92-129_2018-04-11_05-06-13_9982200,1.050678730445321
0.2556191686223637,72.34261348615033,-19.964271184882634,0.0,8.301539309655224,0.0,67.32957421646672,0.0,8,0.02039683745247123,0.0004079367490494246,5,0.09800039598357252,121,4-9-18_Schnable_49-415-js92-129_2018-04-11_05-06-13_9982200,2.019744412170571
0.24127554189798034,77.20228639867788,-107.53256211374381,0.0,350.92435094512484,0.0,73.61385159278228,0.038424828553286466,8,0.03020639648554888,0.0006041279297109776,0,-0.19456309349582446,114,4-9-18_Schnable_49-416-js230-367_2018-04-11_05-08-26_9982300,2.457901401014649
0.33670476602110216,77.68320516716598,-129.49708883453826,0.0,208.27395735320584,0.0,68.24727272734081,0.04100164189849062,8,0.09599904209695409,0.0019199808419390818,1,-0.15356145159733384,151,4-9-18_Schnable_49-416-js230-367_2018-04-11_05-08-26_9982300,4.3817585989407055
0.387387403015716,72.35127133680373,-101.61758939707235,0.0,11.372632953093497,0.0,69.56690189642686,0.07469054452245152,8,0.023387480099227517,0.00046774960198455037,2,-0.07887090707488231,168,4-9-18_Schnable_49-416-js230-367_2018-04-11_05-08-26_9982300,2.162751955228686
0.1446085694651455,89.5,-29.752774396331063,0.0,311.6928695872471,0.0,71.69479165193047,0.0,8,0.006669864001500358,0.00013339728003000715,3,-0.07887090707488231,52,4-9-18_Schnable_49-416-js230-367_2018-04-11_05-08-26_9982300,1.1549774025062445
0.4025017784775903,71.77043014305032,-82.90216682629453,0.0,211.52090383097527,0.0,68.65266911402338,0.034001567919463065,8,0.08268001553308867,0.0016536003106617733,4,-0.04486933915541925,194,4-9-18_Schnable_49-416-js230-367_2018-04-11_05-08-26_9982300,4.066448463538882
0.5182621420341598,71.14619080043646,-96.99245598060133,0.0,8.061002910812146,0.0,71.82170520546602,0.0542617113402829,8,0.10148673913593001,0.0020297347827186,5,0.009392372184863652,228,4-9-18_Schnable_49-416-js230-367_2018-04-11_05-08-26_9982300,4.5052577980828135
0.046756407202461485,14.42257810076826,300.0,0.0,2.9013230254019944,0.0,-12.86668880838857,0.03308937906179127,8,0.01340790655942352,0.0002681581311884704,6,0.04248175124665492,19,4-9-18_Schnable_49-416-js230-367_2018-04-11_05-08-26_9982300,1.6375534531381575
0.5304960767314153,67.9089762621955,-59.7348133512378,0.0,229.14380324225925,0.0,68.45963182345564,0.07527693504488314,8,0.12831452402514426,0.002566290480502885,7,0.11775868629153806,238,4-9-18_Schnable_49-416-js230-367_2018-04-11_05-08-26_9982300,5.065856769099265
0.2307147625748944,72.82879859927938,-25.244517170678517,0.0,219.21308803803706,0.0,60.74572151472723,0.030730683932326766,8,0.013356468870115469,0.0002671293774023094,8,0.14848937022386482,108,4-9-18_Schnable_49-416-js230-367_2018-04-11_05-08-26_9982300,1.634409304312446
0.1424999280802501,89.5,20.923347243468736,0.0,120.6414226015364,0.0,76.46026555904248,0.08437511196618377,8,0.028190824291571447,0.000563816485831429,9,0.2328644821900486,73,4-9-18_Schnable_49-416-js230-367_2018-04-11_05-08-26_9982300,2.374482018949457
0.44923066829940633,65.86296701723363,-41.03917822226562,0.0,323.97598828840756,0.0,72.48867760697843,0.0,8,0.05756668441530251,0.0011513336883060502,10,0.2328644821900486,195,4-9-18_Schnable_49-416-js230-367_2018-04-11_05-08-26_9982300,3.3931308378930076
0.11602915848874232,89.5,60.75629093684615,0.0,327.68903173493806,0.0,81.00799809531237,0.03444828376613476,8,0.011196386729052283,0.00022392773458104566,0,-0.16421790519665172,56,4-9-18_Schnable_49-417-JS225-357_2018-04-11_05-10-42_9982400,1.4964215134147385
0.20434905247328894,41.695924425126016,-128.96876513746722,0.0,349.67997420218694,0.0,36.438633170951974,0.030934821483588476,8,0.007032024294967393,0.00014064048589934787,1,-0.13328308371306324,96,4-9-18_Schnable_49-417-JS225-357_2018-04-11_05-10-42_9982400,1.1859194150503982
0.28993368718041357,44.92718708907795,-73.74279186808369,0.0,1.7430011457318464,0.0,41.389545896403995,0.11328411625855483,8,0.004956344996079467,9.912689992158934e-05,2,-0.019998967454508403,131,4-9-18_Schnable_49-417-JS225-357_2018-04-11_05-10-42_9982400,0.9956249289847525
0.254175682957948,89.5,35.96975444002774,0.0,2.91298791454523,0.0,84.22240495293528,0.03563176118185521,8,0.03232619105810635,0.000646523821162127,3,0.015632793727346807,125,4-9-18_Schnable_49-417-JS225-357_2018-04-11_05-10-42_9982400,2.5426832700163953
0.12285518069164363,89.5,-8.437493444316896,0.0,3.779071083903201,0.0,71.20472169795933,0.051374490253048265,8,0.009799681324310538,0.00019599362648621075,4,0.06700728398039507,64,4-9-18_Schnable_49-417-JS225-357_2018-04-11_05-10-42_9982400,1.3999772372657018
0.371944330609624,55.91764785543481,-108.87582531013156,0.0,7.5100256311551,0.0,48.3129454117627,0.0,8,0.018121734668521315,0.0003624346933704263,5,0.06700728398039507,160,4-9-18_Schnable_49-417-JS225-357_2018-04-11_05-10-42_9982400,1.9037717651294923
0.0028284271247461827,21.598597965400273,25.00000220656808,0.0,194.91854006665662,0.0,21.598585907164917,0.11483376755751526,8,0.00804233631395497,0.0001608467262790994,6,0.18184105153791033,2,4-9-18_Schnable_49-417-JS225-357_2018-04-11_05-10-42_9982400,1.268253627154677
0.0019999999999999996,2.0815391319122645,-80.0,0.0,284.094068651317,0.0,-2.0815391319122645,0.0,8,0.007758326896846265,0.0001551665379369253,7,0.18184105153791033,2,4-9-18_Schnable_49-417-JS225-357_2018-04-11_05-10-42_9982400,1.2456586126901916
0.18871379791670886,48.96471219854908,-123.45132032912167,0.0,214.86803316168715,0.0,42.363525879773675,0.06937211286714741,8,0.002406549869513397,4.813099739026794e-05,0,-0.01386272880237222,88,4-9-18_Schnable_49-418-js33-3-57_2018-04-11_05-12-56_9982500,0.6937650711175068
0.2601640076648924,49.87263571211828,-115.27458251238028,0.0,2.374135918520934,0.0,45.4645186255248,0.02009617247160664,8,0.024148704939038573,0.00048297409878077143,1,0.006233443669234421,119,4-9-18_Schnable_49-418-js33-3-57_2018-04-11_05-12-56_9982500,2.1976671694794265
0.27731013785347985,47.842805578142084,-81.79227539589465,0.0,175.28356691247802,0.0,45.14670566883246,0.035717901622882804,8,0.01537361171467958,0.0003074722342935916,2,0.04195134529211723,122,4-9-18_Schnable_49-418-js33-3-57_2018-04-11_05-12-56_9982500,1.753488620703287
0.3618643228185534,74.81879917221926,-109.07244959107224,0.0,327.1132989579778,0.0,70.57072891399216,0.04165793649850585,8,0.025036050940042853,0.0005007210188008571,3,0.08360928179062307,163,4-9-18_Schnable_49-418-js33-3-57_2018-04-11_05-12-56_9982500,2.2376796437400444
0.38430261605678556,86.42325965340731,-52.46586188370925,0.0,185.4868797958491,0.0,83.2221840282138,0.0,8,0.1601248602279649,0.003202497204559298,4,0.08360928179062307,185,4-9-18_Schnable_49-418-js33-3-57_2018-04-11_05-12-56_9982500,5.659061056888588
0.17165705657740868,70.02737275941217,-117.21955351067508,0.0,204.34381530262237,0.0,60.08056835850371,0.06991327146044796,8,0.0033986040173159954,6.797208034631991e-05,0,-0.07942374988345399,72,4-9-18_Schnable_49-419-js220-345_2018-04-11_05-15-09_9982600,0.8244518199768857
0.23439818511084304,69.06415170741616,-123.47425494596078,0.0,327.2606291788979,0.0,62.440049475032964,0.04259526832429152,8,0.005981180428712661,0.00011962360857425322,1,-0.03682848155916247,109,4-9-18_Schnable_49-419-js220-345_2018-04-11_05-15-09_9982600,1.0937257817856048
0.3401043321298247,64.45198651816499,-110.05025703769402,0.0,178.98754548276702,0.0,58.67077249548162,0.025518841106838566,8,0.024773948141777878,0.0004954789628355575,2,-0.011309640452323905,153,4-9-18_Schnable_49-419-js220-345_2018-04-11_05-15-09_9982600,2.2259356748018515
0.37549003756998744,71.67223596603534,-92.06420726659078,0.0,4.3403991291768635,0.0,68.219145359265,0.05673153778770323,8,0.049653979093532905,0.000993079581870658,3,0.045421897335379324,177,4-9-18_Schnable_49-419-js220-345_2018-04-11_05-15-09_9982600,3.151316521504398
0.2870866695989983,63.513643074658596,65.7757754334947,0.0,168.14495985128818,0.0,66.68593643777851,0.06545364157817343,8,0.0214249980148506,0.000428499960297012,4,0.11087553891355276,143,4-9-18_Schnable_49-419-js220-345_2018-04-11_05-15-09_9982600,2.0700240585486247
0.24825881392753976,78.92807461288899,78.68538815689651,0.0,355.20405567617627,0.0,73.47753601593047,0.03833835095149288,8,0.017023788563244033,0.00034047577126488065,5,0.14921388986504563,129,4-9-18_Schnable_49-419-js220-345_2018-04-11_05-15-09_9982600,1.8451985564293092
0.1296855102341813,89.5,-7.4089638318761635,0.0,129.8044518078519,0.0,72.68310047568443,0.0,8,0.019008524128194405,0.0003801704825638881,6,0.14921388986504563,68,4-9-18_Schnable_49-419-js220-345_2018-04-11_05-15-09_9982600,1.949796098477705
0.16724341848795057,49.74741996085997,-185.8625260804441,0.0,206.87543496623255,0.0,38.73369301250623,0.06784134040987189,8,0.003933758633548922,7.867517267097844e-05,0,-0.08212582114697112,71,4-9-18_Schnable_49-420-js49-1-78_2018-04-11_05-17-23_9982700,0.8869902630298623
0.22196156605807196,39.884493379851044,-153.33784292736547,0.0,294.9703724150492,0.0,36.22532673765276,0.026143110542566163,8,0.006950529039777284,0.00013901058079554568,1,-0.055982710604404955,91,4-9-18_Schnable_49-420-js49-1-78_2018-04-11_05-17-23_9982700,1.179027483969503
0.23716604643023173,41.10490400659072,-158.80114600078855,0.0,180.13309048729838,0.0,35.9407109487563,0.037714874692234154,8,0.0054013525673016,0.00010802705134603199,2,-0.018267835912170804,94,4-9-18_Schnable_49-420-js49-1-78_2018-04-11_05-17-23_9982700,1.0393606272417288
0.27145265778694844,50.56439463358371,-125.2610484084654,0.0,306.75317661585467,0.0,45.123536292426344,0.02231636127565422,8,0.02511846053573188,0.0005023692107146376,3,0.004048525363483416,131,4-9-18_Schnable_49-420-js49-1-78_2018-04-11_05-17-23_9982700,2.2413594328323105
0.28787944865343146,60.541091108069246,-113.85112202041346,0.0,173.13578667959908,0.0,57.71181633477037,0.03580370229125356,8,0.011586325333346874,0.0002317265066669375,4,0.03985222765473698,129,4-9-18_Schnable_49-420-js49-1-78_2018-04-11_05-17-23_9982700,1.5222565705784865
0.24041667374632156,64.47408650309903,-29.771671447015585,0.0,148.3540412467361,0.0,67.95390736468704,0.1105805084200028,8,0.012605468360465735,0.0002521093672093147,5,0.15043273607473978,111,4-9-18_Schnable_49-420-js49-1-78_2018-04-11_05-17-23_9982700,1.5877952236019437
0.34271170730186185,61.3869000682852,-219.6121835531851,0.0,331.08981797193405,0.0,52.798622579556096,0.0,8,0.023372398857891497,0.0004674479771578299,6,0.15043273607473978,165,4-9-18_Schnable_49-420-js49-1-78_2018-04-11_05-17-23_9982700,2.162054525579385
0.2926513441729129,49.667443758151215,-125.04669713501625,0.0,178.99750203438757,0.0,44.553189227057786,0.12072943747008295,8,0.02091062705539775,0.000418212541107955,0,-0.012193128941476932,119,4-9-18_Schnable_49-421-js80-112_2018-04-11_05-19-37_9982800,2.045024550238835
0.4138961784236195,54.50550593359749,-122.63654813263472,0.0,9.444848865466293,0.0,51.5638689131565,0.05646370798851649,8,0.051442479228965374,0.0010288495845793076,1,0.04427057904703956,186,4-9-18_Schnable_49-421-js80-112_2018-04-11_05-19-37_9982800,3.207568525502312
0.49202243903623516,59.4286375080755,-55.25950671864836,0.0,182.89206880043494,0.0,58.78752599203183,0.038588221241858525,8,0.12051211365158104,0.0024102422730316207,2,0.08285880028889808,224,4-9-18_Schnable_49-421-js80-112_2018-04-11_05-19-37_9982800,4.909421832590494
0.44664407703483316,72.44230502819478,-96.03861601070732,0.0,357.5466173158737,0.0,69.8068577895061,0.05051148336222086,8,0.04489427150016686,0.0008978854300033372,3,0.13337028365111894,200,4-9-18_Schnable_49-421-js80-112_2018-04-11_05-19-37_9982800,2.9964736441412883
0.5122555065920592,87.72852157183455,-71.09920285646628,0.0,178.28777618835517,0.0,81.7883434858084,0.0,8,0.4398975372491053,0.008797950744982106,4,0.13337028365111894,238,4-9-18_Schnable_49-421-js80-112_2018-04-11_05-19-37_9982800,9.37973919945651
0.18576956735505296,71.45142184537785,-114.72973641034322,0.0,111.14935369726466,0.0,66.67909017931709,0.05854925137425801,8,0.019165385919389512,0.0003833077183877903,0,-0.09690056932625449,89,4-9-18_Schnable_49-422-js158-227_2018-04-11_05-21-52_9982900,1.9578246049832715
0.30811992100010993,64.57567408899855,-37.681413903399665,0.0,0.10749749313930408,0.0,63.54588397557559,0.03144771625375488,8,0.0885021555672808,0.0017700431113456161,1,-0.06545285307249961,142,4-9-18_Schnable_49-422-js158-227_2018-04-11_05-21-52_9982900,4.207188029249009
0.2913337807708857,68.87563105214345,-76.01220078246565,0.0,171.75387081071207,0.0,67.94039217813148,0.022358704420182625,8,0.0352725326046735,0.00070545065209347,2,-0.043094148652316984,138,4-9-18_Schnable_49-422-js158-227_2018-04-11_05-21-52_9982900,2.6560321008855863
0.30614702685630174,63.55926617345723,-55.850764981979566,0.0,4.7714087925795186,0.0,62.75503084611485,0.027604414190352894,8,0.027420980902649925,0.0005484196180529985,3,-0.015489734461964088,143,4-9-18_Schnable_49-422-js158-227_2018-04-11_05-21-52_9982900,2.3418360703793906
0.4387629819777014,67.2197365004187,-44.248705805331866,0.0,183.15599708173323,0.0,67.49724949514405,0.038357001928884575,8,0.10385694417628263,0.002077138883525653,4,0.022867267466920485,211,4-9-18_Schnable_49-422-js158-227_2018-04-11_05-21-52_9982900,4.557563914555289
0.377449721395469,65.08628158214832,-93.2790143786379,0.0,2.7577431026721726,0.0,53.5002602883658,0.13392069376162097,8,0.15111985008742754,0.0030223970017485505,5,0.15678796122854144,180,4-9-18_Schnable_49-422-js158-227_2018-04-11_05-21-52_9982900,5.497633128673239
0.29812378042651866,67.45541957916053,-126.26204565460924,0.0,267.48324235812186,0.0,64.59761633601558,0.0,8,0.06404271355043152,0.0012808542710086304,6,0.15678796122854144,117,4-9-18_Schnable_49-422-js158-227_2018-04-11_05-21-52_9982900,3.578902444896522
0.24988081897333536,72.3361575103854,-167.539603228615,0.0,3.25889094990622,0.0,62.08640571180599,0.07388975063298006,8,0.012752212570603001,0.00025504425141206,0,-0.07020651919361318,106,4-9-18_Schnable_49-423-js174-3-252_2018-04-11_05-24-06_9983000,1.597010492802286
0.2720158597300481,56.97505575265096,-96.79739293845162,0.0,183.93525869112395,0.0,52.53764845694292,0.026281861963993174,8,0.006574843438745887,0.00013149686877491775,1,-0.04392465722962,123,4-9-18_Schnable_49-423-js174-3-252_2018-04-11_05-24-06_9983000,1.1467208412465422
0.31964052236377183,71.4232758631993,-139.0406734775232,0.0,9.442031178937357,0.0,64.55667100259362,0.023811426517887837,8,0.016198117999317117,0.00032396235998634234,2,-0.020113230711732166,141,4-9-18_Schnable_49-423-js174-3-252_2018-04-11_05-24-06_9983000,1.799895441369699
0.2611616860479247,62.998204500835364,-43.31268296035213,0.0,184.5982069279361,0.0,62.30873081630133,0.002140130601728657,8,0.005940004036807559,0.00011880008073615118,3,-0.01797310011000351,109,4-9-18_Schnable_49-423-js174-3-252_2018-04-11_05-24-06_9983000,1.089954497839938
0.3949413280299399,72.22183656935341,-80.81235875513043,0.0,26.32752295721993,0.0,65.804025316608,0.05989281315812692,8,0.1185072416648507,0.002370144833297014,4,0.04191971304812341,179,4-9-18_Schnable_49-423-js174-3-252_2018-04-11_05-24-06_9983000,4.868413328074162
0.35704830164177387,67.28597876160624,-66.3120660717816,0.0,175.28881316921678,0.0,57.317561427013125,0.10226283681288248,8,0.10198260678334327,0.002039652135666865,5,0.1441825498610059,152,4-9-18_Schnable_49-423-js174-3-252_2018-04-11_05-24-06_9983000,4.516250807546969
0.20486515679807032,72.77975869571809,-78.31739151525555,0.0,21.093120866775184,0.0,64.79481812342377,0.0,8,0.022611389583569404,0.0004522277916713881,6,0.1441825498610059,89,4-9-18_Schnable_49-423-js174-3-252_2018-04-11_05-24-06_9983000,2.1265648160152284
0.2452709874937609,69.31598794491163,-73.68801869340497,0.0,192.31848189437497,0.0,66.03099444484336,0.09007647334171481,8,0.01067397595862667,0.0002134795191725334,0,-0.037161848536081954,114,4-9-18_Schnable_49-424-js256-410_2018-04-11_05-26-20_9983100,1.4610938339905943
0.29110370879235364,67.9409258226738,-64.53776409643966,0.0,14.553972742668556,0.0,65.06781498123813,0.03427739496836654,8,0.01568137813742504,0.00031362756274850076,1,-0.0028844535677154098,134,4-9-18_Schnable_49-424-js256-410_2018-04-11_05-26-20_9983100,1.7709533103628132
0.3271932203406224,69.56222145297636,-67.0891332865159,0.0,188.81704457409995,0.0,65.71385225974895,0.02786914386516895,8,0.031006701489802328,0.0006201340297960465,2,0.024984690297453538,148,4-9-18_Schnable_49-424-js256-410_2018-04-11_05-26-20_9983100,2.4902490433610183
0.3117063018730497,71.70176546428414,-57.158221354091026,0.0,37.03356410477671,0.0,65.70930323848495,0.030385054437276085,8,0.05398622598249458,0.0010797245196498915,3,0.05536974473472962,149,4-9-18_Schnable_49-424-js256-410_2018-04-11_05-26-20_9983100,3.2859161882949657
0.2850212291681664,74.20613429276136,-15.615743750882492,0.0,199.35572899608178,0.0,72.51732671532812,0.043683692251685266,8,0.03752391536608235,0.000750478307321647,4,0.09905343698641489,140,4-9-18_Schnable_49-424-js256-410_2018-04-11_05-26-20_9983100,2.7394859140387036
0.11052418174375622,56.53467214862459,59.779786921264986,0.0,63.54089151663442,0.0,53.982054179639576,0.015894928013825804,8,0.004454896920523869,8.909793841047738e-05,5,0.1149483650002407,54,4-9-18_Schnable_49-424-js256-410_2018-04-11_05-26-20_9983100,0.9439170430206109
0.2429391966020288,72.83491042879749,-72.86360283529167,0.0,33.48691006422963,0.0,74.60220979496313,0.012186983101879406,8,0.05615660566324736,0.0011231321132649471,6,0.1271353481021201,106,4-9-18_Schnable_49-424-js256-410_2018-04-11_05-26-20_9983100,3.3513163283476346
0.11509034174286446,89.5,-21.456933449615143,0.0,148.1338249631517,0.0,69.08351586162048,0.0,8,0.0048132485666340825,9.626497133268164e-05,7,0.1271353481021201,57,4-9-18_Schnable_49-424-js256-410_2018-04-11_05-26-20_9983100,0.9811471415271087
0.21055061663371988,62.549392327822545,-140.03381939508364,0.0,189.1179516466478,0.0,53.031148578054214,0.019981569023953594,8,0.011621710459969853,0.00023243420919939704,0,-0.12503281866688853,84,4-9-18_Schnable_49-425-JS233-371_2018-04-11_05-28-33_9983200,1.5245793163997636
0.2834687012836642,45.264461767209255,-186.19424695801672,0.0,4.282903799937102,0.0,40.387046977367504,0.04004385964989371,8,0.028013956818904943,0.0005602791363780988,1,-0.08498895901699483,123,4-9-18_Schnable_49-425-JS233-371_2018-04-11_05-28-33_9983200,2.36702162300664
0.3353695981326256,53.167216852309984,-125.70680851213501,0.0,183.14254197766653,0.0,47.68653102254564,0.04598083981510211,8,0.03618107571956844,0.0007236215143913688,2,-0.03900811920189271,139,4-9-18_Schnable_49-425-JS233-371_2018-04-11_05-28-33_9983200,2.6900214021293003
0.39612426529348216,60.94737603984406,-110.68451148471921,0.0,8.47437698693379,0.0,58.05767092315736,0.06203438197147874,8,0.07218308106915819,0.0014436616213831638,3,0.023026262769586026,185,4-9-18_Schnable_49-425-JS233-371_2018-04-11_05-28-33_9983200,3.7995547388913398
0.3661695303843504,66.390837100371,-42.36787277407261,0.0,159.45384541117352,0.0,68.88279267411815,0.07994412829376549,8,0.032299049357152776,0.0006459809871430555,4,0.10297039106335151,169,4-9-18_Schnable_49-425-JS233-371_2018-04-11_05-28-33_9983200,2.5416156026099928
0.29377519616879577,88.00011598016411,-126.81855320138098,0.0,39.23936162478672,0.0,73.99901736825602,0.04204831122691674,8,0.07534962026532685,0.001506992405306537,5,0.14501870229026825,132,4-9-18_Schnable_49-425-JS233-371_2018-04-11_05-28-33_9983200,3.882000006834798
0.14092956008494598,82.03544115798975,-35.34555737481788,0.0,201.26967034326455,0.0,68.78381865164515,0.0,8,0.016777449739734787,0.00033554899479469575,6,0.14501870229026825,68,4-9-18_Schnable_49-425-JS233-371_2018-04-11_05-28-33_9983200,1.8317996473269007
0.20321450008182365,80.43071033187844,-82.27566741453097,0.0,98.52077295488378,0.0,69.53609347946269,0.044121625099279416,8,0.010025183199291424,0.00020050366398582847,0,-0.1450924354387953,98,4-9-18_Schnable_49-426-js15-28_2018-04-11_05-30-47_9983300,1.415993163775265
0.2597379471736617,68.64542465608356,-95.06061902842546,0.0,34.16829289523294,0.0,64.97760663766081,0.05084325030578954,8,0.010752448254243888,0.00021504896508487775,1,-0.09424918513300576,126,4-9-18_Schnable_49-426-js15-28_2018-04-11_05-30-47_9983300,1.4664547899095892
0.34482324536493236,79.84436412443773,-129.11273634333332,0.0,153.28433204502383,0.0,72.53848556548304,0.049241628269512554,8,0.027151220677653097,0.0005430244135530619,2,-0.045007556863493205,153,4-9-18_Schnable_49-426-js15-28_2018-04-11_05-30-47_9983300,2.3302884232494954
0.3396138313717086,71.42846960734444,-160.29796631797555,0.0,349.38047334089424,0.0,61.465993752184694,0.08220501034631619,8,0.021623608802030007,0.00043247217604060016,3,0.03719745348282299,157,4-9-18_Schnable_49-426-js15-28_2018-04-11_05-30-47_9983300,2.0795965378904633
0.5715554032404472,81.59651796506951,-165.49808853738506,0.0,339.15841575288823,0.0,69.73516674702799,0.041035978271211145,8,0.11682517394790212,0.0023365034789580423,4,0.07823343175403413,278,4-9-18_Schnable_49-426-js15-28_2018-04-11_05-30-47_9983300,4.833739214064038
0.5111132152265638,85.22102521760317,-183.63916586007377,0.0,222.53038374290531,0.0,75.94335516663438,0.10930450754868132,8,0.0370538170739752,0.000741076341479504,5,0.18753793930271545,228,4-9-18_Schnable_49-426-js15-28_2018-04-11_05-30-47_9983300,2.7222717378680326
0.3146849034877521,66.25373691585072,-84.62085453782854,0.0,174.8580570193228,0.0,65.04989887186326,0.0,8,0.07851967364170767,0.0015703934728341533,6,0.18753793930271545,148,4-9-18_Schnable_49-426-js15-28_2018-04-11_05-30-47_9983300,3.9628190380512622
0.16428569497215828,71.10177057398826,-68.54761964172108,0.0,347.4799952201678,0.0,61.22766041688153,0.04336486966637104,8,0.004244150830169926,8.488301660339853e-05,0,-0.14618404984932779,76,4-9-18_Schnable_49-427-js5-13_2018-04-11_05-33-01_9983400,0.9213197957462899
0.3382137748852355,64.85239721042444,-113.18149493512531,0.0,342.9506713552095,0.0,56.59966763901291,0.020078559728275353,8,0.014228088622202293,0.00028456177244404586,1,-0.12610549012105243,164,4-9-18_Schnable_49-427-js5-13_2018-04-11_05-33-01_9983400,1.686895884291754
0.2254929825801635,79.56595469128398,-117.40752493704606,0.0,233.81369582900066,0.0,70.03943472915422,0.016633171424523946,8,0.0441019946929171,0.000882039893858342,2,-0.10947231869652849,99,4-9-18_Schnable_49-427-js5-13_2018-04-11_05-33-01_9983400,2.9699156450282254
0.442411096212904,80.43283391494973,-181.7639711174238,0.0,336.8943966080389,0.0,65.91408226871107,0.032236590747898086,8,0.12542813466780828,0.0025085626933561657,3,-0.0772357279486304,213,4-9-18_Schnable_49-427-js5-13_2018-04-11_05-33-01_9983400,5.008555373913885
0.33932466331254135,86.81273589222363,-166.07636106224584,0.0,211.6703062174371,0.0,70.17665926718719,0.03769888252990309,8,0.2838096535449844,0.0056761930708996875,4,-0.03953684541872731,160,4-9-18_Schnable_49-427-js5-13_2018-04-11_05-33-01_9983400,7.534051414013371
0.42552536070143665,68.7641510043128,-192.67621916202648,0.0,355.69920276470884,0.0,64.2225378359112,0.1375172330269249,8,0.021053247114908934,0.0004210649422981787,5,0.09798038760819758,206,4-9-18_Schnable_49-427-js5-13_2018-04-11_05-33-01_9983400,2.051986701463191
0.16463675833733943,73.87490917375018,-44.88815509828153,0.0,25.334190055080068,0.0,66.32820690283032,0.0,8,0.005885394401467556,0.00011770788802935112,6,0.09798038760819758,79,4-9-18_Schnable_49-427-js5-13_2018-04-11_05-33-01_9983400,1.084932661640118
0.28324094442810815,70.96372804508151,-172.1986554506352,0.0,118.86886418959539,0.0,72.69995540413625,0.06560806835845082,8,0.00722426405205031,0.0001444852810410062,7,0.1635884559666484,130,4-9-18_Schnable_49-427-js5-13_2018-04-11_05-33-01_9983400,1.2020203036596602
0.3157145874073658,69.52293937653265,-177.76538955422402,0.0,139.36405861851173,0.0,58.569305775933586,0.0,8,0.024711464672059452,0.000494229293441189,8,0.1635884559666484,146,4-9-18_Schnable_49-427-js5-13_2018-04-11_05-33-01_9983400,2.223126837229916
0.320478732898267,70.21076757636351,-187.56706310176577,0.0,152.74036510822916,0.0,67.11536034205342,0.017855242810334973,8,0.014358879531617116,0.0002871775906323423,0,-0.11935468885189769,147,4-9-18_Schnable_49-428-js293-385_2018-04-11_05-35-14_9983500,1.6946314957309812
0.3563035561995652,63.95336394479804,-127.80268694222553,0.0,302.59621421920565,0.0,61.3403860826403,0.06613919125762197,8,0.03453373361619626,0.0006906746723239251,1,-0.053215497594275726,157,4-9-18_Schnable_49-428-js293-385_2018-04-11_05-35-14_9983500,2.628069010364692
0.37212911932417136,63.75601143561833,-84.32495880846056,0.0,162.034761213835,0.0,61.89607188263092,0.0354904997899953,8,0.0283539555645727,0.000567079111291454,2,-0.01772499780428043,172,4-9-18_Schnable_49-428-js293-385_2018-04-11_05-35-14_9983500,2.38134229226177
0.21767015816055726,72.04775947264321,-26.16937503232392,0.0,168.39374445723243,0.0,65.79695702730668,0.038152142601440495,8,0.013871107095267657,0.0002774221419053531,3,0.02042714479716006,107,4-9-18_Schnable_49-428-js293-385_2018-04-11_05-35-14_9983500,1.6655994173430573
0.3390870075631889,70.42842930726692,-44.617060526556706,0.0,348.2231355258564,0.0,69.28004328580629,0.05688732873447407,8,0.11667665866469575,0.002333533173293915,4,0.07731447353163413,148,4-9-18_Schnable_49-428-js293-385_2018-04-11_05-35-14_9983500,4.830665764978897
0.2162644926005807,77.32661295252099,-8.52113292032708,0.0,351.62296458376846,0.0,70.22567595103688,0.05999966001748043,8,0.01992625779635151,0.0003985251559270302,5,0.13731413354911456,109,4-9-18_Schnable_49-428-js293-385_2018-04-11_05-35-14_9983500,1.9963094848420428
0.13204604097659237,86.70760025105557,-11.187603482316721,0.0,118.16147243139852,0.0,75.41563601717968,0.0,8,0.0034083078679222664,6.816615735844532e-05,6,0.13731413354911456,69,4-9-18_Schnable_49-428-js293-385_2018-04-11_05-35-14_9983500,0.8256279874038024
0.21720764366242382,75.91858432853132,-144.45882578156753,0.0,66.7893782484149,0.0,65.58548576401894,0.04315835307409807,8,0.03258922821282309,0.0006517845642564618,0,-0.11115932478487231,97,4-9-18_Schnable_49-429-JS233-371_2018-04-11_05-37-28_9983600,2.553007176363713
0.26725997362584664,60.67860805263513,-99.54740402451552,0.0,124.17058160792074,0.0,58.32678730137115,0.030259245305815738,8,0.009215748439987272,0.00018431496879974543,1,-0.08090007947905657,121,4-9-18_Schnable_49-429-JS233-371_2018-04-11_05-37-28_9983600,1.3576264906068436
0.34549943641891795,70.80314006108837,-102.68187723854629,0.0,346.2633634371409,0.0,60.92417530043837,0.03754035643397926,8,0.0943981449476153,0.0018879628989523058,2,-0.04335972304507731,158,4-9-18_Schnable_49-429-JS233-371_2018-04-11_05-37-28_9983600,4.345069503416839
0.33864312628419846,67.19369984927589,-81.79059836413927,0.0,163.86592502428326,0.0,66.44808027901733,0.039167854686576756,8,0.02361122273847849,0.0004722244547695698,3,-0.004191868358500554,155,4-9-18_Schnable_49-429-JS233-371_2018-04-11_05-37-28_9983600,2.1730726052517664
0.4040479640291051,70.10445526807827,-8.548043516112356,0.0,326.70155202938747,0.0,67.84217020542435,0.04212238769785484,8,0.07709287016942806,0.0015418574033885613,4,0.037930519339354284,196,4-9-18_Schnable_49-429-JS233-371_2018-04-11_05-37-28_9983600,3.926649211972673
0.12198461544169259,72.88036702107648,51.84847303706849,0.0,47.127945336090974,0.0,77.71863459009738,0.03469417619322603,8,0.0014831829264876164,2.966365852975233e-05,5,0.07262469553258032,62,4-9-18_Schnable_49-429-JS233-371_2018-04-11_05-37-28_9983600,0.5446435396638092
0.43909647529399504,76.47838120064587,-82.0618685976946,0.0,174.46098134977981,0.0,67.38518001360742,0.08334163436552199,8,0.052532005269798496,0.00105064010539597,6,0.1559663298981023,193,4-9-18_Schnable_49-429-JS233-371_2018-04-11_05-37-28_9983600,3.241357902786994
0.34877935636160606,69.26568868410611,11.971833062849322,0.0,304.35158016359014,0.0,57.26419263516824,0.0,8,0.05935249824345898,0.0011870499648691795,7,0.1559663298981023,164,4-9-18_Schnable_49-429-JS233-371_2018-04-11_05-37-28_9983600,3.445359146546524
0.2735369197132542,56.34817101418209,-72.92036057621023,0.0,17.448157796590603,0.0,46.789226852991,0.0910386980199394,8,0.006650254710285888,0.00013300509420571775,0,-0.03882518699055619,117,4-9-18_Schnable_49-430-js32-54_2018-04-11_05-39-43_9983700,1.1532783454384192
0.22302449261047616,65.35233383514515,-13.438203337363865,0.0,6.236652443122457,0.0,64.58028422992763,0.059618924979230825,8,0.010135259987990865,0.0002027051997598173,1,0.02079373798867463,113,4-9-18_Schnable_49-430-js32-54_2018-04-11_05-39-43_9983700,1.4237457629781285
0.15536572604376286,36.28184356124903,-61.46538371597599,0.0,172.83104743212638,0.0,32.06592025996691,0.06680916088194538,8,0.007731129024603832,0.00015462258049207665,2,0.08760289887062002,74,4-9-18_Schnable_49-430-js32-54_2018-04-11_05-39-43_9983700,1.243473282753098
0.006828427124746187,1.9568798889136714,80.00000482921298,0.0,111.1743081406193,0.0,1.9568663496570675,0.0,8,0.007701161201683505,0.0001540232240336701,3,0.08760289887062002,4,4-9-18_Schnable_49-430-js32-54_2018-04-11_05-39-43_9983700,1.2410609333697926
0.1744461001411253,89.5,-4.45032357154172,0.0,148.01733495858534,0.0,86.29251557071372,0.009799708110002206,8,0.016887029643950793,0.00033774059287901585,4,0.09740260698062222,91,4-9-18_Schnable_49-430-js32-54_2018-04-11_05-39-43_9983700,1.8377720013076047
0.16781081523936428,83.61029372301151,-16.722419044681395,0.0,321.5763743463844,0.0,71.23584523209018,0.0,8,0.019061009601790368,0.0003812201920358074,5,0.09740260698062222,89,4-9-18_Schnable_49-430-js32-54_2018-04-11_05-39-43_9983700,1.9524860871099885
0.2389783813784639,65.698985767647,-118.51032651754396,0.0,54.84282492857862,0.0,58.86882515055214,0.08380224251339537,8,0.021274282909756595,0.0004254856581951319,0,-0.05452192099694862,106,4-9-18_Schnable_49-431-js118-173_2018-04-11_05-41-56_9983800,2.0627303706377424
0.2887525913735058,75.85369590838583,-102.4124881095859,0.0,299.6438530405708,0.0,68.42575549808247,0.047283904340171365,8,0.044744617894921526,0.0008948923578984305,1,-0.007238016656777255,144,4-9-18_Schnable_49-431-js118-173_2018-04-11_05-41-56_9983800,2.9914751509889403
0.002828427124746196,5.928768022886944,-80.0,0.0,263.6488995783557,0.0,-5.928768022886944,0.0,8,0.009037240821836495,0.0001807448164367299,3,-0.015339601524813649,2,4-9-18_Schnable_49-431-js118-173_2018-04-11_05-41-56_9983800,1.3444136879574304
0.34345894264917387,67.79333675490882,-91.83555977664687,0.0,89.97441022646757,0.0,63.57512988289109,0.04338904123272936,8,0.026869565280755417,0.0005373913056151083,4,0.02804943970791571,155,4-9-18_Schnable_49-431-js118-173_2018-04-11_05-41-56_9983800,2.3181701956825953
0.4841046399494788,80.84518949528811,-143.35294235246192,0.0,274.0168235320252,0.0,69.39772535007114,0.05362907235550629,8,0.22949352106531784,0.004589870421306357,5,0.081678512063422,218,4-9-18_Schnable_49-431-js118-173_2018-04-11_05-41-56_9983800,6.774858243023509
0.4331153779654049,74.53344919431831,-95.9037657972832,0.0,70.01325800689432,0.0,70.54992566890243,0.05330512881489541,8,0.04453274080989372,0.0008906548161978744,6,0.1349836408783174,211,4-9-18_Schnable_49-431-js118-173_2018-04-11_05-41-56_9983800,2.9843840506842856
0.14473368477168772,79.9354928688198,-75.22378632624861,0.0,116.27102851698248,0.0,59.43545342524607,0.05977412274025101,8,0.04030992667287795,0.000806198533457559,7,0.19475776361856842,63,4-9-18_Schnable_49-431-js118-173_2018-04-11_05-41-56_9983800,2.8393635439259253
0.4071290880570506,68.81676437979645,66.30599036141892,0.0,212.2571753067949,0.0,76.91468486929901,0.0,8,0.2867890694277181,0.005735781388554362,8,0.19475776361856842,196,4-9-18_Schnable_49-431-js118-173_2018-04-11_05-41-56_9983800,7.573494166205162
0.27541444856357455,46.12125210767438,-150.1571860128872,0.0,199.49333249033697,0.0,39.105115577144325,0.054289392204351195,8,0.011070480655689345,0.00022140961311378692,0,-0.1759139368128034,127,4-9-18_Schnable_49-432-js232-370_2018-04-11_05-44-09_9983900,1.4879839149459477
0.38833135884296616,31.683276394507608,-110.46066970655068,0.0,36.280311374802146,0.0,30.45046346631985,0.04669050430877911,8,0.029554719192177573,0.0005910943838435515,1,-0.1292234325040243,182,4-9-18_Schnable_49-432-js232-370_2018-04-11_05-44-09_9983900,2.4312432701059583
0.42587104108561863,35.46593552430443,-105.80574491136466,0.0,226.8118439824526,0.0,31.78588249717422,0.033910957137903916,8,0.07064397842955875,0.001412879568591175,2,-0.09531247536612038,200,4-9-18_Schnable_49-432-js232-370_2018-04-11_05-44-09_9983900,3.7588290312159387
0.4430381493597946,39.66075385910587,-69.97538751961136,0.0,27.564696467687366,0.0,40.32661709122502,0.03511986392237837,8,0.06463816541796397,0.0012927633083592792,3,-0.06019261144374201,215,4-9-18_Schnable_49-432-js232-370_2018-04-11_05-44-09_9983900,3.5955017846738437
0.564580433134413,66.33737542347288,-84.52425577010476,0.0,220.32109419436156,0.0,63.29680138433477,0.057642294566727544,8,0.3146125587902556,0.006292251175805112,4,-0.002550316877014467,262,4-9-18_Schnable_49-432-js232-370_2018-04-11_05-44-09_9983900,7.93237113088206
0.5205524161706003,71.31067044833979,-80.57574451143667,0.0,57.93013029054823,0.0,66.78057303526134,0.13324159630491902,8,0.0994539375556687,0.0019890787511133738,5,0.13069127942790457,235,4-9-18_Schnable_49-432-js232-370_2018-04-11_05-44-09_9983900,4.459908912874089
0.17527653662106366,27.205366412923624,184.61098721486243,0.0,137.6140889941741,0.0,37.626330326544704,0.1013046581337303,8,0.025049611413440965,0.0005009922282688193,6,0.23199593756163486,78,4-9-18_Schnable_49-432-js232-370_2018-04-11_05-44-09_9983900,2.2382855677254843
0.37300091389518103,66.58518747573643,-188.05628872936467,0.0,141.06864785409138,0.0,60.65476026676476,0.0,8,0.049690345794615495,0.00099380691589231,7,0.23199593756163486,157,4-9-18_Schnable_49-432-js232-370_2018-04-11_05-44-09_9983900,3.152470326414366
0.297526910995914,53.276920979633886,-104.37342905931858,0.0,41.74661186233615,0.0,52.02898882776184,0.08253189984187072,8,0.013879723382152822,0.0002775944676430564,0,-0.09513972942448294,133,4-9-18_Schnable_49-435-js231-368_2018-04-11_05-50-50_9984200,1.6661166455055194
0.4442920210586763,54.85548255261578,-56.61775536696149,0.0,198.54428854202416,0.0,54.10619556082875,0.010197854274836132,8,0.12071388453613191,0.002414277690722638,1,-0.08494187514964681,190,4-9-18_Schnable_49-435-js231-368_2018-04-11_05-50-50_9984200,4.913529984362198
0.40590434003580356,63.16707299406384,-120.02798502916129,0.0,36.488157029129695,0.0,56.58040071151385,0.012189109447260094,8,0.04763352455169658,0.0009526704910339316,2,-0.07275276570238672,188,4-9-18_Schnable_49-435-js231-368_2018-04-11_05-50-50_9984200,3.0865360698263866
0.23328106795440257,56.58833453513759,-38.11344476530392,0.0,197.17683747586364,0.0,58.80877174176067,0.03845208491220372,8,0.008169014953283961,0.00016338029906567923,3,-0.034300680790182995,97,4-9-18_Schnable_49-435-js231-368_2018-04-11_05-50-50_9984200,1.2782030318602724
0.49808937744096027,63.1424738216712,-97.04591437357132,0.0,44.14938271087702,0.0,61.59728724221431,0.023342153910002564,8,0.11776550025547547,0.0023553100051095094,4,-0.010958526880180433,239,4-9-18_Schnable_49-435-js231-368_2018-04-11_05-50-50_9984200,4.853153619152715
0.5063072934190755,70.78791793548076,-26.167862684554997,0.0,206.88864194346627,0.0,69.27404993442563,0.05099131288908888,8,0.15812962671945963,0.0031625925343891927,5,0.04003278600890845,235,4-9-18_Schnable_49-435-js231-368_2018-04-11_05-50-50_9984200,5.62369321210643
0.11608677015616939,63.441238877505185,61.80396330655548,0.0,147.1051494422318,0.0,53.11268011767685,0.029782744133441237,8,0.0013741309842911053,2.7482619685822105e-05,6,0.06981553014234969,59,4-9-18_Schnable_49-435-js231-368_2018-04-11_05-50-50_9984200,0.5242386830998081
0.5077151539539063,73.20888085974998,-108.00909027506245,0.0,350.4103127276247,0.0,72.31143770918717,0.10399746324108276,8,0.3426573063520393,0.006853146127040786,7,0.17381299338343245,241,4-9-18_Schnable_49-435-js231-368_2018-04-11_05-50-50_9984200,8.27837310529115
0.24887922252088138,76.07755728211227,-35.96362464661091,0.0,95.28333921063471,0.0,57.97768467008656,0.0022246675255073733,8,0.014494493826818134,0.0002898898765363627,8,0.17603766090893982,116,4-9-18_Schnable_49-435-js231-368_2018-04-11_05-50-50_9984200,1.702615272268996
0.2828071770090161,68.2401077130835,-29.756101885366522,0.0,208.0580508379071,0.0,60.37873373779285,0.0,8,0.016856429642267252,0.00033712859284534504,9,0.17603766090893982,133,4-9-18_Schnable_49-435-js231-368_2018-04-11_05-50-50_9984200,1.836106186595277
0.16464975611398225,62.45666747624377,-155.29545081379143,0.0,83.08787452005376,0.0,48.13563913782674,0.018044608493979958,8,0.005976693370056395,0.0001195338674011279,0,-0.12702116120317414,74,4-9-18_Schnable_49-436-js69-3-98_2018-04-11_05-53-05_9984300,1.093315450367038
0.25427314167006954,63.563391640745145,-146.01303710578046,0.0,18.173771285099797,0.0,53.42963179118915,0.03545379348801697,8,0.05810460266280688,0.0011620920532561376,1,-0.09156736771515717,116,4-9-18_Schnable_49-436-js69-3-98_2018-04-11_05-53-05_9984300,3.4089471296224847
0.29491210799128514,45.634134563112845,-111.0262434512532,0.0,149.13749031859578,0.0,42.653604189698044,0.0273570433087081,8,0.01472103348062368,0.0002944206696124736,2,-0.06421032440644907,135,4-9-18_Schnable_49-436-js69-3-98_2018-04-11_05-53-05_9984300,1.7158690789581634
0.3838165845715116,57.48986222925754,-86.74023762878882,0.0,10.808108276472767,0.0,52.73248019081776,0.035132750166156496,8,0.06077153887110449,0.0012154307774220898,3,-0.029077574240292576,181,4-9-18_Schnable_49-436-js69-3-98_2018-04-11_05-53-05_9984300,3.4863028804481258
0.3973145013582451,58.80756491405013,-72.26890109893682,0.0,186.01806368699366,0.0,56.20307930821295,0.03822728475243713,8,0.05046088543799629,0.0010092177087599257,4,0.009149710512144549,175,4-9-18_Schnable_49-436-js69-3-98_2018-04-11_05-53-05_9984300,3.17681870549757
0.362861753985253,65.38357136141659,-22.424654191217204,0.0,23.89952472076767,0.0,65.07441329983618,0.04225916261591235,8,0.05528543755796331,0.0011057087511592662,5,0.0514088731280569,177,4-9-18_Schnable_49-436-js69-3-98_2018-04-11_05-53-05_9984300,3.3252199192824317
0.197464524462213,72.98783375666942,-10.050626605429935,0.0,344.3574514852131,0.0,69.80775709013643,0.09402148920814604,8,0.007788547543428257,0.00015577095086856515,6,0.14543036233620293,102,4-9-18_Schnable_49-436-js69-3-98_2018-04-11_05-53-05_9984300,1.2480823324947965
0.3991217921380177,71.49113660915874,-56.92334257885124,0.0,212.9680156717283,0.0,68.3820671516052,0.0,8,0.052419278900444226,0.0010483855780088844,7,0.14543036233620293,167,4-9-18_Schnable_49-436-js69-3-98_2018-04-11_05-53-05_9984300,3.2378782837050633
0.18126175857749602,64.90480603808099,-71.56607645746554,0.0,150.61013241705857,0.0,56.5487519697443,0.0360321895553766,8,0.029296867284963723,0.0005859373456992745,0,-0.17446521578201732,80,4-9-18_Schnable_49-437-js107-157_2018-04-11_05-55-18_9984400,2.4206142726574065
0.23542693349629962,66.93896199482866,-129.5766201158786,0.0,319.22960250344465,0.0,59.430364761137795,0.0499580721973398,8,0.027975533255165795,0.0005595106651033159,1,-0.12450714358467752,106,4-9-18_Schnable_49-437-js107-157_2018-04-11_05-55-18_9984400,2.36539777860578
0.3070162615272552,65.5267716378753,-92.66724528604716,0.0,139.8904103092576,0.0,62.04152387496684,0.010150155347464843,8,0.016886631940897248,0.000337732638817945,2,-0.11435698823721267,136,4-9-18_Schnable_49-437-js107-157_2018-04-11_05-55-18_9984400,1.8377503606799943
0.25513635401767104,73.79347731243176,-38.88426015056472,0.0,153.22735479503524,0.0,71.0643795469496,0.07860254202125057,8,0.01745949340107956,0.0003491898680215912,3,-0.035754446215962105,113,4-9-18_Schnable_49-437-js107-157_2018-04-11_05-55-18_9984400,1.8686622702393048
0.48639340223466954,72.21413481901274,-46.06782972427847,0.0,334.8123306611336,0.0,73.29184407950015,0.08397284275405768,8,0.09658836342827931,0.0019317672685655863,4,0.04821839653809558,223,4-9-18_Schnable_49-437-js107-157_2018-04-11_05-55-18_9984400,4.395187446020461
0.29686187885147713,71.48579770843729,28.13956117920612,0.0,241.60951617498574,0.0,70.37655734651766,0.15977729151061143,8,0.12383552999677382,0.0024767105999354763,5,0.207995688048707,136,4-9-18_Schnable_49-437-js107-157_2018-04-11_05-55-18_9984400,4.976656106197691
0.1852475021625813,81.20441413187989,-17.18865705440728,0.0,347.22743568855867,0.0,76.11276037391782,0.0,8,0.025073246905512703,0.000501464938110254,6,0.207995688048707,97,4-9-18_Schnable_49-437-js107-157_2018-04-11_05-55-18_9984400,2.2393412828558628
0.24211814082886687,71.63639555827014,-152.45674740001346,0.0,236.21349501136453,0.0,61.66637039377092,0.09279988946220337,8,0.015821498117583814,0.0003164299623516763,0,-0.0302715249112982,102,4-9-18_Schnable_49-438-JS234-375_2018-04-11_05-57-32_9984500,1.7788478359648312
0.2902301308088,59.02147361407213,-107.47613234231738,0.0,87.6561063014987,0.0,54.948398291187374,0.04251469632286929,8,0.010747992768227951,0.00021495985536455902,1,0.012243171411571089,131,4-9-18_Schnable_49-438-JS234-375_2018-04-11_05-57-32_9984500,1.4661509314001715
0.3384977395732749,71.423094584378,-95.52166900107507,0.0,219.00367155880315,0.0,67.13033784594106,0.033384025621788584,8,0.022527687802000512,0.00045055375604001024,2,0.04562719703335967,140,4-9-18_Schnable_49-438-JS234-375_2018-04-11_05-57-32_9984500,2.1226251577704676
0.21476644563301503,86.54958440016904,-8.483428613416711,0.0,236.22868993396028,0.0,75.2057219629111,0.07748940096618333,8,0.012265496101867186,0.0002453099220373437,3,0.123116597999543,113,4-9-18_Schnable_49-438-JS234-375_2018-04-11_05-57-32_9984500,1.5662372809933485
0.19704876844375405,76.16106647559062,-11.010620616157754,0.0,76.1479570185698,0.0,70.32265004220342,0.0,8,0.006805876340925705,0.0001361175268185141,4,0.123116597999543,97,4-9-18_Schnable_49-438-JS234-375_2018-04-11_05-57-32_9984500,1.166694162231534
0.08829017256830267,86.79341406187332,-121.1514075670658,0.0,215.6229191198652,0.0,45.694217238450726,0.023571650021357894,8,0.00824087378699193,0.00016481747573983857,0,-0.005155951165301471,41,4-9-18_Schnable_49-439-js30-52_2018-04-11_05-59-46_9984600,1.2838125865555243
0.09795399019559609,74.16851231663271,-77.2739624852799,0.0,114.66583189615646,0.0,57.565282032556695,0.010199045537758442,8,0.004031403756052047,8.062807512104094e-05,1,0.005043094372456972,46,4-9-18_Schnable_49-439-js30-52_2018-04-11_05-59-46_9984600,0.897931373330061
0.14859517899664865,74.57922289126837,-60.91385372027308,0.0,127.95963368615325,0.0,68.33030083869166,0.031062926089716385,8,0.01459339550094925,0.000291867910018985,2,0.03610602046217336,70,4-9-18_Schnable_49-439-js30-52_2018-04-11_05-59-46_9984600,1.7084142062713743
0.1669088139660871,86.71771217082114,35.00260519882634,0.0,203.7724368715711,0.0,73.9089104976904,0.0,8,0.018311972036958977,0.00036623944073917956,3,0.03610602046217336,82,4-9-18_Schnable_49-439-js30-52_2018-04-11_05-59-46_9984600,1.9137383330517774
0.3328043469431737,76.8014381200336,-129.712108032563,0.0,335.98691520079916,0.0,70.91256783629656,0.07682450225750732,8,0.041036530047590475,0.0008207306009518095,0,-0.008409658141403356,157,4-9-18_Schnable_49-440-JS234-375_2018-04-11_06-02-00_9984700,2.864839613227605
0.34156709545590075,68.08771578622853,-102.91969773832197,0.0,156.80322473493047,0.0,64.90211328371117,0.047334549950523996,8,0.03693642313988262,0.0007387284627976524,1,0.03892489180912064,147,4-9-18_Schnable_49-440-JS234-375_2018-04-11_06-02-00_9984700,2.7179559650547183
0.36191140044821085,65.55728591013812,-84.54725659045174,0.0,335.02544593999716,0.0,66.9136664281448,0.043894290742711624,8,0.1179160177718126,0.002358320355436252,2,0.08281918255183227,163,4-9-18_Schnable_49-440-JS234-375_2018-04-11_06-02-00_9984700,4.856254066084529
0.21491235173512246,89.5,-6.162587565011306,0.0,350.7733055439832,0.0,81.56186126203681,0.001642012098769699,8,0.03553438119152624,0.0007106876238305249,3,0.08446119465060196,102,4-9-18_Schnable_49-440-JS234-375_2018-04-11_06-02-00_9984700,2.6658725097620946
0.1018118210988999,89.5,-40.699869241793756,0.0,11.046299887886494,0.0,67.8577773063994,0.0,8,0.0039914752999416,7.9829505998832e-05,4,0.08446119465060196,49,4-9-18_Schnable_49-440-JS234-375_2018-04-11_06-02-00_9984700,0.8934735922165356
0.2352766868918811,54.16101656230764,-106.24816802159414,0.0,201.5427936364839,0.0,49.40500037976434,0.06189393751846668,8,0.007107452318925662,0.00014214904637851325,0,-0.11656339926128827,106,4-9-18_Schnable_49-441-js253-406_2018-04-11_06-04-14_9984800,1.1922627494747677
0.2867967145321075,62.47204234191675,-132.19528185616767,0.0,35.318169696464,0.0,56.697045444578826,0.03269866607892777,8,0.024487357084039804,0.0004897471416807961,1,-0.0838647331823605,132,4-9-18_Schnable_49-441-js253-406_2018-04-11_06-04-14_9984800,2.2130231396910336
0.3426030521835086,60.294956494673094,-105.33911577683891,0.0,214.3357986993037,0.0,55.46888849266479,0.047605974311970604,8,0.02000985892500759,0.0004001971785001518,2,-0.036258758870389894,155,4-9-18_Schnable_49-441-js253-406_2018-04-11_06-04-14_9984800,2.0004928855163464
0.25886517690184024,66.64515637272959,-27.617329149374974,0.0,39.8015109171348,0.0,67.6653198322471,0.03264026652328594,8,0.01335044184311179,0.0002670088368622358,3,-0.00361849234710395,116,4-9-18_Schnable_49-441-js253-406_2018-04-11_06-04-14_9984800,1.6340405039723949
0.38438136274121937,72.75277729000757,-32.04626504582747,0.0,232.1856876529617,0.0,72.33803713713401,0.11137780749214796,8,0.03222022829923263,0.0006444045659846526,4,0.10775931514504401,181,4-9-18_Schnable_49-441-js253-406_2018-04-11_06-04-14_9984800,2.5385124895982933
0.40672129078863817,73.92464100998517,-92.82464692874096,0.0,38.478408962679445,0.0,74.63800463730814,0.07124806635689172,8,0.026160779009127874,0.0005232155801825574,5,0.17900738150193574,198,4-9-18_Schnable_49-441-js253-406_2018-04-11_06-04-14_9984800,2.2873906098053247
0.24890726023528842,77.49582001880285,-38.26161405185027,0.0,159.33324681942577,0.0,67.86172106744495,0.0,8,0.020238656412165715,0.00040477312824331433,6,0.17900738150193574,115,4-9-18_Schnable_49-441-js253-406_2018-04-11_06-04-14_9984800,2.0118974333780395
0.29809086691024045,37.891105469701486,-173.4446817172074,0.0,122.50534986164739,0.0,31.574843175954378,0.07809270377560179,8,0.008824899326583521,0.00017649798653167042,0,-0.056185471725360946,132,4-9-18_Schnable_49-442-js251-404_2018-04-11_06-06-27_9984900,1.3285254477490087
0.31620119431163896,34.803790773007016,-153.40870776277222,0.0,285.0617719981467,0.0,31.753798091926882,0.022347069305645527,8,0.009412054311140911,0.00018824108622281823,1,-0.03383840241971542,141,4-9-18_Schnable_49-442-js251-404_2018-04-11_06-06-27_9984900,1.372009789406833
0.3237860694366275,42.76045904004162,-127.05052903197921,0.0,119.06369170557625,0.0,38.30955163731067,0.025683340493342692,8,0.013495432910218694,0.0002699086582043739,2,-0.008155061926372728,138,4-9-18_Schnable_49-442-js251-404_2018-04-11_06-06-27_9984900,1.6428897047713638
0.3701362064614285,46.76997182674924,-108.94688940395778,0.0,295.2961199429983,0.0,45.0323320650036,0.026326889102099404,8,0.03137191500902024,0.0006274383001804049,3,0.018171827175726674,161,4-9-18_Schnable_49-442-js251-404_2018-04-11_06-06-27_9984900,2.5048718533697585
0.43673219356109966,69.9587793530933,-127.11421612590438,0.0,124.67705966321891,0.0,66.41170785972548,0.04764753176412494,8,0.05809497678695913,0.0011618995357391825,4,0.06581935893985161,198,4-9-18_Schnable_49-442-js251-404_2018-04-11_06-06-27_9984900,3.408664746992849
0.347490491385304,72.58830906014275,-83.31679222676803,0.0,303.14689415126173,0.0,70.44087033748971,0.06851587253685931,8,0.0360555125831448,0.000721110251662896,5,0.13433523147671092,155,4-9-18_Schnable_49-442-js251-404_2018-04-11_06-06-27_9984900,2.6853496078963275
0.28755662620259037,75.99663175661874,-70.43351052686457,0.0,91.6486802655362,0.0,68.12543086638502,0.0,8,0.05053700372433397,0.0010107400744866794,6,0.13433523147671092,136,4-9-18_Schnable_49-442-js251-404_2018-04-11_06-06-27_9984900,3.1792138564221806
0.22782882082621134,53.68270513245969,-170.48599887344568,0.0,184.53635758404684,0.0,48.59446431225435,0.07887783411199056,8,0.004777253372316591,9.554506744633183e-05,0,-0.23297983637216885,104,4-9-18_Schnable_49-443-js1-6_2018-04-11_06-08-41_9985000,0.9774715722021373
0.29273860615452885,88.76332343652257,-104.07186085655829,0.0,47.83483985674308,0.0,84.85323714688171,0.03195649992712876,8,0.025798072007387447,0.000515961440147749,1,-0.20102333644504009,134,4-9-18_Schnable_49-443-js1-6_2018-04-11_06-08-41_9985000,2.271478461592249
0.4283321967047457,56.68797702431108,-168.79831249761202,0.0,184.64597597095752,0.0,49.53087990239585,0.017308039835417593,8,0.06071923490306226,0.0012143846980612453,2,-0.1837152966096225,204,4-9-18_Schnable_49-443-js1-6_2018-04-11_06-08-41_9985000,3.484802287162423
0.3524483422967605,89.5,-9.276251523082111,0.0,303.13316492849725,0.0,85.42597698900089,0.04078043741694323,8,0.15574583000099024,0.003114916600019805,3,-0.14293485919267926,162,4-9-18_Schnable_49-443-js1-6_2018-04-11_06-08-41_9985000,5.581143789600663
0.4887581461978264,49.1141310828408,-88.40900277188966,0.0,185.61985601699945,0.0,50.869217014786955,0.036402136688556797,8,0.03604860473956427,0.0007209720947912853,4,-0.10653272250412246,234,4-9-18_Schnable_49-443-js1-6_2018-04-11_06-08-41_9985000,2.6850923537027276
0.48258081016298493,49.346860822987885,-80.52000527069524,0.0,189.61896292551606,0.0,48.38842750262946,0.14401985050148342,8,0.05692289847778627,0.0011384579695557255,5,0.03748712799736096,236,4-9-18_Schnable_49-443-js1-6_2018-04-11_06-08-41_9985000,3.3741042804805623
0.3453842040775327,89.5,-66.69708066986398,0.0,332.29367043062496,0.0,87.5613160405288,0.0,8,0.03299032671881922,0.0006598065343763844,6,0.03748712799736096,155,4-9-18_Schnable_49-443-js1-6_2018-04-11_06-08-41_9985000,2.568669956176512
0.042498861236153596,89.5,-300.0,0.0,297.1700436383886,0.0,42.18821371266881,0.30136726258021884,8,0.004116092518339271,8.232185036678541e-05,7,0.3388543905775798,19,4-9-18_Schnable_49-443-js1-6_2018-04-11_06-08-41_9985000,0.9073138947838582
0.15228371825697057,52.57918213439223,-61.10097582175611,0.0,11.09196669010336,0.0,42.32122510092403,0.0,8,0.013407234692642205,0.0002681446938528441,8,0.3388543905775798,78,4-9-18_Schnable_49-443-js1-6_2018-04-11_06-08-41_9985000,1.6375124239310188
0.25158023255728396,77.15765420235864,-62.66003581963509,0.0,212.83745973363125,0.0,73.01687797050265,0.02663946333976208,8,0.04120151296289172,0.0008240302592578344,0,-0.09360419088517331,102,4-9-18_Schnable_49-444-js98-140_2018-04-11_06-10-55_9985100,2.870592724957399
0.26109935818326196,68.68826974865918,-79.10004926138132,0.0,349.3479936714695,0.0,64.18101040182904,0.07105122067389115,8,0.05134416132401024,0.0010268832264802047,1,-0.02255297021128216,125,4-9-18_Schnable_49-444-js98-140_2018-04-11_06-10-55_9985100,3.2045018746760077
0.3267953139202346,66.95036137075064,-103.02242825974419,0.0,209.41582290189035,0.0,59.488173505769126,0.016479376332616612,8,0.02330869307146357,0.0004661738614292714,2,-0.0060735938786655504,147,4-9-18_Schnable_49-444-js98-140_2018-04-11_06-10-55_9985100,2.159105975697514
0.4178658783452568,76.9593534321812,-44.16081151473167,0.0,357.6835373330276,0.0,70.63886328461707,0.041462044809337704,8,0.26128688798063315,0.005225737759612663,3,0.03538845093067215,194,4-9-18_Schnable_49-444-js98-140_2018-04-11_06-10-55_9985100,7.228926448382681
0.12394401099458678,85.48516973179468,-10.327277407129849,0.0,56.194953378525234,0.0,75.54889242913937,0.052487446219451867,8,0.008113485014336059,0.00016226970028672118,4,0.08787589715012402,63,4-9-18_Schnable_49-444-js98-140_2018-04-11_06-10-55_9985100,1.27385124832816
0.36916709487484056,80.86499995567303,-34.21874122989781,0.0,320.7931752625467,0.0,72.72169607368792,0.03273225056160764,8,0.25131744395520267,0.005026348879104053,5,0.12060814771173166,164,4-9-18_Schnable_49-444-js98-140_2018-04-11_06-10-55_9985100,7.089674801501161
0.37003826677068946,75.27223938693585,-91.27403325650053,0.0,201.62021173675194,0.0,69.47162939861495,0.0,8,0.034514679860327954,0.0006902935972065591,6,0.12060814771173166,173,4-9-18_Schnable_49-444-js98-140_2018-04-11_06-10-55_9985100,2.627343900608672
0.11567045417495066,74.2281451348884,-91.20721679967583,0.0,167.36913971491265,0.0,56.89510686097959,0.03069452821371614,8,0.010869072304670633,0.00021738144609341267,0,-0.0085337083933877,37,4-9-18_Schnable_49-445-js253-406_2018-04-11_06-13-09_9985200,1.4743861302027115
0.1429157592373822,81.7229485527678,-91.20271645322416,0.0,336.91873773864046,0.0,66.93689267305896,0.03198969828804079,8,0.0038513705774680333,7.702741154936066e-05,1,0.02345598989465309,67,4-9-18_Schnable_49-445-js253-406_2018-04-11_06-13-09_9985200,0.8776526166391841
0.12233319540377788,89.5,-42.412818729983265,0.0,120.38242808132739,0.0,82.99156086418141,0.0,8,0.006162331428268929,0.00012324662856537857,2,0.02345598989465309,60,4-9-18_Schnable_49-445-js253-406_2018-04-11_06-13-09_9985200,1.110164981277011
0.14758531053541485,74.24908191517424,-36.42130227291581,0.0,0.7237737820501663,0.0,64.88290177506592,0.07644186139774181,8,0.005721818229270741,0.00011443636458541482,0,0.03830936409002231,66,4-9-18_Schnable_49-446-js95-132_2018-04-11_06-15-23_9985300,1.0697493378610468
0.09413710000883446,89.5,-10.325696327919019,0.0,210.14213617264627,0.0,78.94670396757381,0.0,8,0.006630828454888519,0.00013261656909777038,1,0.03830936409002231,48,4-9-18_Schnable_49-446-js95-132_2018-04-11_06-15-23_9985300,1.1515926758093347
0.1600247745604331,72.65415967101318,-157.989129013526,0.0,153.8435078920029,0.0,51.76989669747208,0.0019305010886206259,8,0.03146352749989896,0.0006292705499979793,0,-0.09515255872075372,55,4-9-18_Schnable_49-447-js284-177_2018-04-11_06-17-37_9985400,2.5085265595523984
0.2188795540292358,65.03435127976502,-132.3872972245672,0.0,16.200385633378712,0.0,58.73186383334181,0.04555994159778539,8,0.03869509073226107,0.0007739018146452214,1,-0.04959261712296833,108,4-9-18_Schnable_49-447-js284-177_2018-04-11_06-17-37_9985400,2.7819090830672764
0.2662751055296064,62.52351231930607,-113.57405910315448,0.0,162.96796526585257,0.0,57.718063327928796,0.0468017281656444,8,0.007947659457574032,0.00015895318915148065,2,-0.0027908889573239263,127,4-9-18_Schnable_49-447-js284-177_2018-04-11_06-17-37_9985400,1.2607663905398203
0.3107702211326312,66.89336936580905,-91.635224742036,0.0,359.592865813168,0.0,63.66845127209705,0.045289193961265906,8,0.019249806208864413,0.00038499612417728827,3,0.04249830500394198,148,4-9-18_Schnable_49-447-js284-177_2018-04-11_06-17-37_9985400,1.9621318104992034
0.11140199808545803,81.8237198913439,-11.828641055446289,0.0,153.94069098371963,0.0,70.58808069216622,0.05921960541095649,8,0.0014177161474693443,2.8354322949386885e-05,4,0.10171791041489847,57,4-9-18_Schnable_49-447-js284-177_2018-04-11_06-17-37_9985400,0.5324877740322953
0.17823306699989996,80.06226802195376,1.4627887372885455,0.0,12.485634664017775,0.0,75.645334054205,0.0,8,0.012692587747532015,0.0002538517549506403,5,0.10171791041489847,92,4-9-18_Schnable_49-447-js284-177_2018-04-11_06-17-37_9985400,1.593272591086159
0.16423841276194703,66.41901890330396,-172.60104866459088,0.0,187.2261139069042,0.0,60.28786825088141,0.041219452805603934,8,0.005582742632561793,0.00011165485265123586,0,-0.07140603084339073,68,4-9-18_Schnable_49-448-js284-177_2018-04-11_06-19-51_9985500,1.0566685982427786
0.21234935572439265,53.54456330341103,-110.66713798095448,0.0,351.38607946221924,0.0,48.43262691961553,0.023327521467043644,8,0.02173602872212164,0.00043472057444243284,1,-0.048078509376347084,95,4-9-18_Schnable_49-448-js284-177_2018-04-11_06-19-51_9985500,2.084995382350841
0.28191984092547445,53.16740380098089,-126.295594425802,0.0,204.19524255543786,0.0,50.9666489136496,0.03054181812074944,8,0.028505380559669433,0.0005701076111933887,2,-0.017536691255597644,123,4-9-18_Schnable_49-448-js284-177_2018-04-11_06-19-51_9985500,2.3876926334714623
0.29220823815321284,65.61380208514842,-94.34740312261044,0.0,352.1798282490203,0.0,64.31671912311913,0.02038836178286022,8,0.05293715143561574,0.0010587430287123149,3,0.0028516705272625758,141,4-9-18_Schnable_49-448-js284-177_2018-04-11_06-19-51_9985500,3.2538331682990673
0.1735146981250458,89.5,-111.6304306920371,0.0,36.09686293139318,0.0,67.05323054295413,0.04342368739868773,8,0.07970875203062995,0.001594175040612599,4,0.046275357925950306,84,4-9-18_Schnable_49-448-js284-177_2018-04-11_06-19-51_9985500,3.992712161692349
0.23587656162823797,71.26722604502609,9.36953510337152,0.0,358.8850628018837,0.0,62.88837613073161,0.06502814043616813,8,0.018057236792781213,0.00036114473585562425,5,0.11130349836211843,112,4-9-18_Schnable_49-448-js284-177_2018-04-11_06-19-51_9985500,1.9003808456612696
0.22145515857668693,80.59098061609609,-42.054424615212874,0.0,158.69993099759847,0.0,55.45742849187795,0.0,8,0.014893710128756541,0.0002978742025751308,6,0.11130349836211843,112,4-9-18_Schnable_49-448-js284-177_2018-04-11_06-19-51_9985500,1.72590324924409
0.39985436425579796,78.18057408829826,-146.83554856084692,0.0,155.97370401385774,0.0,74.66581589188185,0.07590831722759561,8,0.09508105163621101,0.0019016210327242203,0,-0.3222499547445048,170,4-9-18_Schnable_49-449-js162-232_2018-04-11_06-22-05_9985600,4.36075799916049
0.45036750754407395,0.5,-132.48076394839697,0.0,341.61051018349815,0.0,6.077155637200213,0.023688740710958056,8,0.08681051753913974,0.0017362103507827947,1,-0.29856121403354674,223,4-9-18_Schnable_49-449-js162-232_2018-04-11_06-22-05_9985600,4.166785752570912
0.6162810981151905,85.5377087878558,-213.90513828354332,0.0,149.24120833200786,0.0,75.61777517776814,0.02979301618383523,8,0.46494762362270203,0.00929895247245404,2,-0.2687681978497115,289,4-9-18_Schnable_49-449-js162-232_2018-04-11_06-22-05_9985600,9.643107627966225
0.571168484949846,14.682024360706354,-125.95706839150247,0.0,355.1257750069606,0.0,18.103293021223674,0.03536038875557468,8,0.04118891793468847,0.0008237783586937694,3,-0.23340780909413683,270,4-9-18_Schnable_49-449-js162-232_2018-04-11_06-22-05_9985600,2.8701539308785677
0.5384125255169606,88.98114212067472,70.99109522957134,0.0,58.53440267619055,0.0,86.92041767804689,0.0762070816364821,8,0.5571549042953323,0.011143098085906647,4,-0.15720072745765473,238,4-9-18_Schnable_49-449-js162-232_2018-04-11_06-22-05_9985600,10.556087384020014
0.5807765631556884,24.768827043683654,-132.16454886994345,0.0,18.413750544584307,0.0,28.458781384675767,0.03080710528646588,8,0.22639478986215278,0.004527895797243056,5,-0.12639362217118885,268,4-9-18_Schnable_49-449-js162-232_2018-04-11_06-22-05_9985600,6.7289641084219305
0.17886613204343627,70.6616562156512,19.897209005939576,0.0,4.4407193551790805,0.0,59.38768797735257,0.08733820611320608,8,0.01660001889915861,0.0003320003779831722,6,-0.03905541605798276,81,4-9-18_Schnable_49-449-js162-232_2018-04-11_06-22-05_9985600,1.8220877530546444
0.37128974024274375,33.9807212467384,-12.116931178069638,0.0,6.222249653704995,0.0,25.608421251825828,0.0,8,0.06443856563539864,0.0012887713127079728,7,-0.03905541605798276,187,4-9-18_Schnable_49-449-js162-232_2018-04-11_06-22-05_9985600,3.5899461175733163
0.004828427124746196,16.056148106454142,80.00000665752593,0.0,37.648168983689736,0.0,16.05611711562181,0.33494427220610057,8,0.009752548941111116,0.00019505097882222233,8,0.29588885614811783,3,4-9-18_Schnable_49-449-js162-232_2018-04-11_06-22-05_9985600,1.396606525912801
0.029070338854006436,0.5,-300.0,0.0,201.61978262117805,0.0,-2.831891999554777,0.0,8,0.009367486410448041,0.00018734972820896084,9,0.29588885614811783,12,4-9-18_Schnable_49-449-js162-232_2018-04-11_06-22-05_9985600,1.3687575687789304
0.33795122016633844,51.615902239750284,-97.4027171295266,0.0,332.61930176361085,0.0,48.651056556634174,0.08225552002417352,8,0.0167873652026584,0.00033574730405316796,0,-0.0887323115683119,154,4-9-18_Schnable_49-450-js61-90_2018-04-11_06-24-22_9985700,1.8323408636309129
0.4766427924152015,64.03740943421103,-115.27931058253526,0.0,330.89029640195,0.0,57.047751390778664,0.024128138267300564,8,0.08857521739632768,0.0017715043479265536,1,-0.06460417330101134,211,4-9-18_Schnable_49-450-js61-90_2018-04-11_06-24-22_9985700,4.208924266278206
0.5009172365760741,71.91261909788844,-44.338033517049,0.0,161.78974110525948,0.0,68.21708182080904,0.09592361957486426,8,0.1206306859959588,0.002412613719919176,2,0.03131944627385291,227,4-9-18_Schnable_49-450-js61-90_2018-04-11_06-24-22_9985700,4.911836438562644
0.3089519742615716,62.40492837957689,-26.08653077869258,0.0,170.29765595025478,0.0,63.975103275631454,0.0,8,0.035626614916575816,0.0007125322983315163,3,0.03131944627385291,138,4-9-18_Schnable_49-450-js61-90_2018-04-11_06-24-22_9985700,2.6693300626402805
0.5595040595224996,63.60539984838567,-68.87802232732267,0.0,335.8070260198915,0.0,63.28389747037714,0.024024595384581925,8,0.23355251665633303,0.00467105033312666,4,0.05534404165843484,260,4-9-18_Schnable_49-450-js61-90_2018-04-11_06-24-22_9985700,6.834508272821579
0.5880635989174745,73.0761218764592,-56.07098573226773,0.0,118.89753003960087,0.0,73.6651640039295,0.07473270316866196,8,0.08214453358301421,0.0016428906716602842,5,0.1300767448270968,275,4-9-18_Schnable_49-450-js61-90_2018-04-11_06-24-22_9985700,4.053258777404033
0.4140628336498443,68.64971342386869,-57.027554140453475,0.0,13.868489601558078,0.0,68.45932110538621,0.03967856632701108,8,0.06384900154447792,0.0012769800308895585,6,0.16975531115410789,196,4-9-18_Schnable_49-450-js61-90_2018-04-11_06-24-22_9985700,3.573485736489735
0.2371520069038915,83.17882559043963,7.439083873469447,0.0,184.90772324564128,0.0,80.77895078439543,0.0,8,0.028763346919395503,0.0005752669383879101,7,0.16975531115410789,116,4-9-18_Schnable_49-450-js61-90_2018-04-11_06-24-22_9985700,2.3984723020871224
0.09683010603161504,60.002786217659875,-110.03823589034893,0.0,291.4767585478253,0.0,55.666696922550656,0.016109479261849968,8,0.0012048965245407407,2.4097930490814814e-05,0,-0.1391098012566648,40,4-9-18_Schnable_49-451-js284-177_2018-04-11_06-26-32_9985800,0.4908964299199457
0.10563013797835219,75.86570048155258,-117.51596139706564,0.0,205.63867479462388,0.0,61.296585293021586,0.02004119321276665,8,0.0009371310677727363,1.8742621355454727e-05,1,-0.11906860804389816,43,4-9-18_Schnable_49-451-js284-177_2018-04-11_06-26-32_9985800,0.4329274922600172
0.16754338869251706,67.11325211394373,-115.43419373616254,0.0,337.16319740108446,0.0,61.995484414611006,0.014494993720127719,8,0.0025426012708888446,5.085202541777689e-05,2,-0.10457361432377044,77,4-9-18_Schnable_49-451-js284-177_2018-04-11_06-26-32_9985800,0.713106060959917
0.23818427550314566,58.99832022576131,-168.33194812050712,0.0,177.1897204420331,0.0,54.9548473415156,0.04434672059551795,8,0.03858398880975015,0.000771679776195003,3,-0.06022689372825249,111,4-9-18_Schnable_49-451-js284-177_2018-04-11_06-26-32_9985800,2.777912482773716
0.2752591965977621,69.28192724376244,-130.00898407072938,0.0,1.4113149967915866,0.0,62.1206256983731,0.04180799156976686,8,0.023995751043290013,0.0004799150208658003,4,-0.018418902158485625,119,4-9-18_Schnable_49-451-js284-177_2018-04-11_06-26-32_9985800,2.190696283983246
0.3616772911383058,71.8918938114948,-102.03214038426323,0.0,150.21007493726148,0.0,65.42170915249238,0.041376752557966495,8,0.2220591260716152,0.004441182521432305,5,0.02295785039948087,164,4-9-18_Schnable_49-451-js284-177_2018-04-11_06-26-32_9985800,6.664219775361782
0.2939104326633952,71.76413483274467,-32.26069191900017,0.0,326.991457145616,0.0,72.88914822475188,0.0697876175430398,8,0.030885292996953084,0.0006177058599390617,6,0.09274546794252067,134,4-9-18_Schnable_49-451-js284-177_2018-04-11_06-26-32_9985800,2.48536890609636
0.13180842509018098,83.29862362611357,-28.39176784654273,0.0,27.925873576610094,0.0,66.20834064420296,0.014087368642386966,8,0.004295631575212563,8.591263150425125e-05,7,0.10683283658490764,59,4-9-18_Schnable_49-451-js284-177_2018-04-11_06-26-32_9985800,0.9268906704905991
0.34165958877979025,70.53976743365841,-21.90143741526807,0.0,107.222152131742,0.0,71.37574788839281,0.04766319734741409,8,0.018266407819896198,0.00036532815639792396,8,0.15449603393232172,153,4-9-18_Schnable_49-451-js284-177_2018-04-11_06-26-32_9985800,1.9113559490527243
0.22965116941942024,70.53779829510412,-41.64042401145324,0.0,351.50076651550825,0.0,68.12882878730338,0.0,8,0.038730886592616184,0.0007746177318523237,9,0.15449603393232172,93,4-9-18_Schnable_49-451-js284-177_2018-04-11_06-26-32_9985800,2.7831955228699323
0.1751020351656382,54.547872679130585,-145.15867335939114,0.0,355.87719910865115,0.0,48.12471832073338,0.019761456979777672,8,0.011813990422815756,0.00023627980845631512,0,-0.11426168950194639,72,4-9-18_Schnable_49-452-js234-375_2018-04-11_06-28-45_9985900,1.5371395787511137
0.2891827569239765,62.233941258455864,-204.61630644130275,0.0,130.582838458814,0.0,55.505957834537,0.0221511079246616,8,0.01314557169530609,0.0002629114339061218,1,-0.09211058157728479,129,4-9-18_Schnable_49-452-js234-375_2018-04-11_06-28-45_9985900,1.6214543900650482
0.3575975162522636,76.10475301203655,-187.09777659457956,0.0,320.471665877491,0.0,59.10255088914067,0.06157393327066039,8,0.23912034027639698,0.00478240680552794,2,-0.0305366483066244,159,4-9-18_Schnable_49-452-js234-375_2018-04-11_06-28-45_9985900,6.915494780222121
0.3812816826648177,68.40037671058866,-121.43654157818473,0.0,131.59687931727765,0.0,65.17689883818474,0.06894306333242528,8,0.020520310899080893,0.0004104062179816179,3,0.038406415025800875,173,4-9-18_Schnable_49-452-js234-375_2018-04-11_06-28-45_9985900,2.025848508604772
0.42794766226324843,72.97937689001652,-158.69465941401634,0.0,285.53798251096043,0.0,64.910702214218,0.0941385498941577,8,0.18930161904793635,0.003786032380958727,4,0.13254496491995857,194,4-9-18_Schnable_49-452-js234-375_2018-04-11_06-28-45_9985900,6.153074338051448
0.4272944453377814,69.12325204260634,-184.34246892674878,0.0,135.78934475897802,0.0,63.71628616491203,0.002216574306727781,8,0.04295610229813339,0.0008591220459626677,5,0.13476153922668635,197,4-9-18_Schnable_49-452-js234-375_2018-04-11_06-28-45_9985900,2.9310783782810512
0.2325607752233808,81.43392519028824,-55.070991663892286,0.0,323.1703747321455,0.0,67.20653207684046,0.0,8,0.07802306516926101,0.0015604613033852201,6,0.13476153922668635,109,4-9-18_Schnable_49-452-js234-375_2018-04-11_06-28-45_9985900,3.9502674635842316
0.25744788366904564,57.76540910526728,-113.66482869466034,0.0,342.35311726946225,0.0,53.16851200938919,0.026062895956392357,8,0.008873516106023792,0.00017747032212047585,0,-0.15728501502588796,119,4-9-18_Schnable_49-453-js155-3-224_2018-04-11_06-30-59_9986000,1.332179875694254
0.2980115241471096,56.313949523817996,-102.98039286633077,0.0,154.19027834971516,0.0,54.0535875611196,0.04436592052073915,8,0.017645545974162784,0.00035291091948325566,1,-0.11291909450514881,144,4-9-18_Schnable_49-453-js155-3-224_2018-04-11_06-30-59_9986000,1.8785923439726238
0.3577393374092076,51.19785568390963,-88.24506446783612,0.0,6.898670391982158,0.0,49.474644975520185,0.011942062706640777,8,0.03460027209086386,0.0006920054418172772,2,-0.10097703179850803,170,4-9-18_Schnable_49-453-js155-3-224_2018-04-11_06-30-59_9986000,2.6305996309155013
0.3859806467571342,51.94312287693215,-89.2689951788012,0.0,162.02082522637136,0.0,50.311981046026965,0.03271690046912261,8,0.0812366103776225,0.00162473220755245,3,-0.06826013132938542,183,4-9-18_Schnable_49-453-js155-3-224_2018-04-11_06-30-59_9986000,4.030796704812152
0.4482228741890219,48.229862843532636,-85.24935563522068,0.0,344.1378204794829,0.0,46.63006328499885,0.028076124468159845,8,0.07717898625935288,0.0015435797251870575,4,-0.04018400686122558,210,4-9-18_Schnable_49-453-js155-3-224_2018-04-11_06-30-59_9986000,3.9288417188620075
0.4973622765714953,50.0707879408482,-46.48300930301019,0.0,169.52261083518167,0.0,50.182452465047824,0.06246417209260997,8,0.12439002392686382,0.0024878004785372763,5,0.02228016523138439,224,4-9-18_Schnable_49-453-js155-3-224_2018-04-11_06-30-59_9986000,4.987785559281069
0.5861645987981373,61.47943805465466,-74.22992246034927,0.0,335.1895059929728,0.0,58.513515750235015,0.04845122398597293,8,0.319184187040975,0.006383683740819501,6,0.07073138921735732,261,4-9-18_Schnable_49-453-js155-3-224_2018-04-11_06-30-59_9986000,7.989795830194598
0.3233838767957995,71.10113344608585,-50.365279243447226,0.0,298.57538275995364,0.0,70.48577291316828,0.11328913187388655,8,0.051440676419628316,0.0010288135283925664,7,0.18402052109124387,146,4-9-18_Schnable_49-453-js155-3-224_2018-04-11_06-30-59_9986000,3.2075123201518125
0.4221101991272676,75.54067728663031,-45.987693764500456,0.0,194.33337195495557,0.0,66.5637585150741,0.0,8,0.084992327330453,0.0016998465466090602,8,0.18402052109124387,199,4-9-18_Schnable_49-453-js155-3-224_2018-04-11_06-30-59_9986000,4.122919531847621
0.3514085178749341,72.79385709722962,-100.36651032695262,0.0,202.76270682263637,0.0,67.0142014555916,0.05924493452263466,8,0.08968189960161069,0.0017936379920322138,0,0.0020945564360411663,147,4-9-18_Schnable_49-454-js101-145_2018-04-11_06-33-13_9986100,4.23513635203427
0.20990581081205953,73.80966484446705,-52.819243532052454,0.0,340.7598847023528,0.0,68.42654591643479,0.0542484853659574,8,0.011430080135642371,0.00022860160271284742,1,0.05634304180199857,81,4-9-18_Schnable_49-454-js101-145_2018-04-11_06-33-13_9986100,1.5119576803364816
0.14445360474293786,76.44288953095929,10.027932856128185,0.0,171.00038197344682,0.0,48.40620563495231,0.0,8,0.0021446221549421126,4.2892443098842254e-05,2,0.05634304180199857,72,4-9-18_Schnable_49-454-js101-145_2018-04-11_06-33-13_9986100,0.654923225262643
0.2928386832587267,61.378524186887454,-119.42664639272427,0.0,341.33345483139425,0.0,56.150807347717986,0.08175373315867257,8,0.009701321321117395,0.0001940264264223479,0,-0.061270484750270186,131,4-9-18_Schnable_49-455-js185-288_2018-04-11_06-35-28_9986200,1.3929336898156635
0.2920252247468977,64.84121658420558,-116.62481846958663,0.0,171.68530442083036,0.0,59.56532012261205,0.03265656813716185,8,0.011712137619409963,0.00023424275238819928,1,-0.028613916613108335,121,4-9-18_Schnable_49-455-js185-288_2018-04-11_06-35-28_9986200,1.530499109402548
0.08550066442589346,78.81805961543543,-117.08798402922415,0.0,348.25033229337737,0.0,51.59734081013095,0.019704968923842707,8,0.0014465877365583955,2.893175473116791e-05,2,-0.008908947689265628,39,4-9-18_Schnable_49-455-js185-288_2018-04-11_06-35-28_9986200,0.5378824660757023
0.32318388673980375,61.23880044624903,-117.1677289709572,0.0,164.8448598690391,0.0,58.77278262043741,0.01700324887856571,8,0.01769043396365387,0.0003538086792730774,3,0.00809430118930008,144,4-9-18_Schnable_49-455-js185-288_2018-04-11_06-35-28_9986200,1.8809802744129918
0.1959994826084271,65.7441370669084,-39.64751868076145,0.0,343.58903358906286,0.0,57.25492160486491,0.05853682095283181,8,0.003327346368003704,6.654692736007408e-05,4,0.06663112214213189,96,4-9-18_Schnable_49-455-js185-288_2018-04-11_06-35-28_9986200,0.815763000877547
0.19831651809889547,89.5,3.196636531758779,0.0,145.579783477848,0.0,81.13612691090393,0.07079333523577332,8,0.012168652652214743,0.00024337305304429486,5,0.1374244573779052,96,4-9-18_Schnable_49-455-js185-288_2018-04-11_06-35-28_9986200,1.5600418361194512
0.4140996709346814,74.42959974853812,-15.631188759419844,0.0,352.8613043435489,0.0,71.12748349671895,0.007113616407254775,8,0.07813680910443484,0.0015627361820886967,6,0.14453807378515998,209,4-9-18_Schnable_49-455-js185-288_2018-04-11_06-35-28_9986200,3.953145813258976
0.33442267393575165,69.07262191783437,-30.740664603750467,0.0,174.77978678008319,0.0,73.26849588684442,0.0,8,0.021618377804564777,0.00043236755609129553,7,0.14453807378515998,134,4-9-18_Schnable_49-455-js185-288_2018-04-11_06-35-28_9986200,2.079344983621755
0.014777810114122512,89.5,249.59775239501124,0.0,355.1080454033688,0.0,36.17575378851114,0.0536045713646352,8,0.0032002501024752453,6.40050020495049e-05,0,-0.08012642874551065,6,4-9-18_Schnable_49-456-js76-2-108_2018-04-11_06-37-41_9986300,0.8000312621985775
0.2893521992761022,52.069217186366416,-191.5377507200958,0.0,176.05464491186345,0.0,51.86136674244751,0.0256175957757091,8,0.013051345847680139,0.00026102691695360276,1,-0.05450883296980155,125,4-9-18_Schnable_49-456-js76-2-108_2018-04-11_06-37-41_9986300,1.615632745872659
0.2691474851685087,54.26262614338546,-103.82344231159959,0.0,351.13161900847047,0.0,52.9928224887568,0.027129300395853394,8,0.009009583530495559,0.00018019167060991117,2,-0.027379532573948158,115,4-9-18_Schnable_49-456-js76-2-108_2018-04-11_06-37-41_9986300,1.342354910632472
0.21039656510367308,64.55761711845977,-46.530977699718605,0.0,170.30262141933653,0.0,63.89044627736965,0.03153981975099203,8,0.009704531858835396,0.00019409063717670791,3,0.004160287177043868,96,4-9-18_Schnable_49-456-js76-2-108_2018-04-11_06-37-41_9986300,1.3931641582265455
0.29480532182708125,63.78205878332231,-29.680340834272705,0.0,348.17272164223016,0.0,64.30318362457044,0.051122751884073975,8,0.02084500894409595,0.000416900178881919,4,0.05528303906111784,140,4-9-18_Schnable_49-456-js76-2-108_2018-04-11_06-37-41_9986300,2.041813357978439
0.2294262634254426,83.69721795569039,-17.832409363872785,0.0,345.3439255514833,0.0,80.82116553042567,0.07897360312144935,8,0.024553693836420108,0.0004910738767284022,5,0.1342566421825672,121,4-9-18_Schnable_49-456-js76-2-108_2018-04-11_06-37-41_9986300,2.2160186748500164
0.39252319458148965,66.79761377766097,-73.62464651599028,0.0,167.91234846563418,0.0,65.1572698481092,0.0,8,0.054705384106836966,0.0010941076821367392,6,0.1342566421825672,189,4-9-18_Schnable_49-456-js76-2-108_2018-04-11_06-37-41_9986300,3.307729859188533
0.26217918064002876,31.05692547065416,-164.7976235347902,0.0,344.441247118641,0.0,23.619418185865513,0.0537293889008503,8,0.04948265456153395,0.000989653091230679,0,-0.11915820824884896,118,4-9-18_Schnable_49-457-js170-243_2018-04-11_06-39-55_9986400,3.145875221986211
0.36692971419635634,29.739668361888466,-67.2807486175972,0.0,341.57281243453906,0.0,31.677204120030993,0.016375402031401934,8,0.03421385135576141,0.0006842770271152282,1,-0.10278280621744702,169,4-9-18_Schnable_49-457-js170-243_2018-04-11_06-39-55_9986400,2.615868932334394
0.4548225727026236,69.18823959080187,121.25672107788266,0.0,8.139856349491561,0.0,65.39139969788594,0.0438662199721447,8,0.15530898603001705,0.0031061797206003413,2,-0.05891658624530232,194,4-9-18_Schnable_49-457-js170-243_2018-04-11_06-39-55_9986400,5.573311152807047
0.3603353305331196,27.014371717797488,-48.94672913671142,0.0,344.72929907705355,0.0,29.586195091186468,0.013237019115543765,8,0.010057578643265968,0.00020115157286531936,3,-0.045679567129758555,167,4-9-18_Schnable_49-457-js170-243_2018-04-11_06-39-55_9986400,1.418279143417541
0.002828427124746198,13.659920793159442,80.00000282118256,0.0,137.04901594812944,0.0,-13.659910051752567,0.24752369767653265,8,0.008262451319798804,0.00016524902639597608,5,0.2018441305467741,2,4-9-18_Schnable_49-457-js170-243_2018-04-11_06-39-55_9986400,1.2854922263319062
0.3386532092562006,61.056523831688104,149.3498293190095,0.0,20.203310652037533,0.0,80.61103783080752,0.0,8,0.19092742634394333,0.0038185485268788667,6,0.06066323396723997,152,4-9-18_Schnable_49-457-js170-243_2018-04-11_06-39-55_9986400,6.1794405304031095
0.1322776606158615,89.5,-31.46577546819246,0.0,285.3014163552629,0.0,70.69733847408986,0.0,8,0.021611605917372458,0.00043223211834744914,7,0.06066323396723997,63,4-9-18_Schnable_49-457-js170-243_2018-04-11_06-39-55_9986400,2.0790192840554633
0.22300960571404652,38.6120072368937,-104.83897053931562,0.0,124.59040957224985,0.0,35.03681136798111,0.06299961980840302,8,0.007153480482902442,0.00014306960965804885,0,-0.06786031624580066,103,4-9-18_Schnable_49-458-js251-404_2018-04-11_06-42-10_9986500,1.196117091500865
0.3275389495567042,47.57222095981793,-153.60319770462743,0.0,337.9329971998942,0.0,43.69433804481981,0.028821642734312897,8,0.010083862680115685,0.0002016772536023137,1,-0.039038673511487765,137,4-9-18_Schnable_49-458-js251-404_2018-04-11_06-42-10_9986500,1.4201311685978648
0.3174923961383869,48.91500336266045,-90.45505986689857,0.0,145.2594401463816,0.0,47.638175268109315,0.03353658719168472,8,0.02916304486036264,0.0005832608972072529,2,-0.005502086319803042,138,4-9-18_Schnable_49-458-js251-404_2018-04-11_06-42-10_9986500,2.4150794960150956
0.43318312725052227,57.148829262853894,-121.03610722850193,0.0,328.67379741535575,0.0,52.61312539949599,0.029249235989249823,8,0.02903911217563515,0.000580782243512703,3,0.02374714966944678,186,4-9-18_Schnable_49-458-js251-404_2018-04-11_06-42-10_9986500,2.4099424132387544
0.4158131526833895,70.13410714610319,-115.05565593185278,0.0,138.22257238214377,0.0,65.48893561682061,0.06623601604377484,8,0.04377906137353607,0.0008755812274707215,4,0.08998316571322162,179,4-9-18_Schnable_49-458-js251-404_2018-04-11_06-42-10_9986500,2.959022182192492
0.3457864379364374,79.45994187921934,-81.39527918418315,0.0,320.0839437551025,0.0,78.07216642744135,0.04194630912435157,8,0.0348105047056248,0.0006962100941124961,5,0.1319294748375732,174,4-9-18_Schnable_49-458-js251-404_2018-04-11_06-42-10_9986500,2.638579341449667
0.1713868014717879,80.76641173463676,-39.93509991139694,0.0,187.42760012640682,0.0,74.54774007914219,0.0,8,0.011992358747753673,0.00023984717495507347,6,0.1319294748375732,79,4-9-18_Schnable_49-458-js251-404_2018-04-11_06-42-10_9986500,1.5487000192260394
0.32032326784632104,79.23510068622313,-155.6022398817499,0.0,15.522357858070952,0.0,65.26184364258138,0.08204313074250234,8,0.18598448992552863,0.0037196897985105727,0,-0.07253546798171424,155,4-9-18_Schnable_49-459-js151-218_2018-04-11_06-44-23_9986600,6.098925969800399
0.28415836633232633,63.34521859369299,-115.99725082341251,0.0,193.53188216918923,0.0,57.91688337098191,0.07617590072132137,8,0.012018534178108902,0.00024037068356217803,1,0.0036404327396071185,123,4-9-18_Schnable_49-459-js151-218_2018-04-11_06-44-23_9986600,1.550389252936752
0.15684634972120376,44.97841572554267,-150.84056547960333,0.0,214.38605578397372,0.0,37.98884901567656,0.0,8,0.0015517324202543978,3.103464840508796e-05,2,0.0036404327396071185,68,4-9-18_Schnable_49-459-js151-218_2018-04-11_06-44-23_9986600,0.557087501251715
0.33772317839475796,89.5,-133.00223886530853,0.0,327.17540657684236,0.0,70.53975814161876,0.09873523253647282,8,0.16705853684670624,0.003341170736934125,3,0.10237566527607994,157,4-9-18_Schnable_49-459-js151-218_2018-04-11_06-44-23_9986600,5.780286097533689
0.3304292059694671,56.1432638669263,96.8497546126088,0.0,277.74582827242654,0.0,66.86729854852518,0.0,8,0.2499553480282505,0.00499910696056501,4,0.10237566527607994,154,4-9-18_Schnable_49-459-js151-218_2018-04-11_06-44-23_9986600,7.0704363094260385
0.3491436421796597,57.49200625201281,-99.87158960504912,0.0,177.93379774771773,0.0,50.819379488447005,0.01935969590412058,8,0.014564919143094813,0.00029129838286189627,5,0.12173536118020052,148,4-9-18_Schnable_49-459-js151-218_2018-04-11_06-44-23_9986600,1.7067465625039246
0.14444007923301902,86.62014453521236,-104.05725388192236,0.0,204.63434768781704,0.0,68.76985304253432,0.0,8,0.006712509601494108,0.00013425019202988216,6,0.12173536118020052,61,4-9-18_Schnable_49-459-js151-218_2018-04-11_06-44-23_9986600,1.1586638512954572
0.24841939496125393,56.590333309440844,-147.33777346590418,0.0,267.01110798842905,0.0,53.984107039011626,0.0369521546657892,8,0.01296663891303787,0.0002593327782607574,0,-0.10238641239583375,108,4-9-18_Schnable_49-460-js23-2-38_2018-04-11_06-46-38_9986700,1.6103812538053135
0.2866549828904734,57.55018346109055,-93.59849570006219,0.0,151.70493665629948,0.0,54.527467222232616,0.010346728728912985,8,0.023218555586165215,0.0004643711117233043,1,-0.09203968366692077,131,4-9-18_Schnable_49-460-js23-2-38_2018-04-11_06-46-38_9986700,2.1549271721413334
0.32953293648310955,57.74428526723023,-62.91648774015176,0.0,283.05363488220166,0.0,56.05449674140499,0.02612013063431355,8,0.05482045884256494,0.0010964091768512988,2,-0.06591955303260721,149,4-9-18_Schnable_49-460-js23-2-38_2018-04-11_06-46-38_9986700,3.3112069957211956
0.3666748638797926,59.35973893899234,-99.63512535680343,0.0,132.37822211799886,0.0,54.918885331520364,0.01782964405470333,8,0.030533855635270682,0.0006106771127054136,3,-0.048089908977903884,173,4-9-18_Schnable_49-460-js23-2-38_2018-04-11_06-46-38_9986700,2.4711882014638498
0.2500748372654582,63.281594438300715,-38.32346274532946,0.0,293.2250739676541,0.0,62.95988028379364,0.013208660756358695,8,0.013977301754104892,0.00027954603508209785,4,-0.03488124822154519,107,4-9-18_Schnable_49-460-js23-2-38_2018-04-11_06-46-38_9986700,1.6719630231619893
0.1100320466093854,80.64096709580248,-51.45822373749123,0.0,250.0605683925997,0.0,53.34084145910949,0.009345408923903627,8,0.003760569301233438,7.521138602466876e-05,5,-0.025535839297641562,36,4-9-18_Schnable_49-460-js23-2-38_2018-04-11_06-46-38_9986700,0.8672449828316606
0.011120955864630137,89.5,211.7132275573387,0.0,218.63249405659994,0.0,54.27045715395711,0.0,8,0.006495406200527578,0.00012990812401055156,6,-0.025535839297641562,5,4-9-18_Schnable_49-460-js23-2-38_2018-04-11_06-46-38_9986700,1.1397724510206042
0.02361303681557272,0.5,-300.0,0.0,263.7866975685302,0.0,-26.89822487802232,0.027040881451508608,8,0.00867143980680944,0.0001734287961361888,7,0.0015050421538670442,8,4-9-18_Schnable_49-460-js23-2-38_2018-04-11_06-46-38_9986700,1.3169236733242697
0.43942947143290795,66.20307601375019,-58.66647968627541,0.0,128.64822398575856,0.0,67.26495238520204,0.0,8,0.08774017789406877,0.0017548035578813753,8,0.0015050421538670442,202,4-9-18_Schnable_49-460-js23-2-38_2018-04-11_06-46-38_9986700,4.189037548031021
0.09548111234781304,78.22521489297216,15.088783128493201,0.0,186.94715721316763,0.0,53.45798269380531,0.012316757763370774,8,0.0028470861385607883,5.6941722771215764e-05,9,0.013821799917237818,45,4-9-18_Schnable_49-460-js23-2-38_2018-04-11_06-46-38_9986700,0.7545973944509468
0.38595947350130577,63.30707647192038,-68.96777226440327,0.0,285.6038936947397,0.0,64.22214336837828,0.08689634819734755,8,0.05664406119241944,0.0011328812238483887,10,0.10071814811458538,164,4-9-18_Schnable_49-460-js23-2-38_2018-04-11_06-46-38_9986700,3.3658300964968344
0.310174701982145,73.17533853010931,-57.068353138464424,0.0,89.6517482962644,0.0,72.92422860700161,0.037711767507355665,8,0.018778489487340712,0.00037556978974681425,11,0.13842991562194104,140,4-9-18_Schnable_49-460-js23-2-38_2018-04-11_06-46-38_9986700,1.9379623054817507
0.27091581446107804,68.41600028588535,-12.63427896614839,0.0,288.98264566511045,0.0,66.8358268907526,0.0,8,0.009910571353187802,0.00019821142706375603,12,0.13842991562194104,123,4-9-18_Schnable_49-460-js23-2-38_2018-04-11_06-46-38_9986700,1.4078758008565813
0.24157741148636172,74.59133841701966,-120.46251949489276,0.0,191.9369431667984,0.0,64.97239040285031,0.09122394349605265,8,0.02357778000811102,0.00047155560016222034,0,-0.014378180956632043,112,4-9-18_Schnable_49-463-js159-2-228_2018-04-11_06-53-18_9987000,2.1715330993614175
0.27444612440232863,76.8073508673408,-28.665021998566438,0.0,315.5309774348902,0.0,69.68940118780239,0.11351740759056655,8,0.06951705047764425,0.0013903410095528852,1,0.09913922663393451,130,4-9-18_Schnable_49-463-js159-2-228_2018-04-11_06-53-18_9987000,3.728727677845199
0.21653529885803985,82.3368739856869,-30.19917355633463,0.0,157.30791678137354,0.0,75.3103134835374,0.007711677166377065,8,0.01829425985257578,0.0003658851970515156,2,0.10685090380031158,105,4-9-18_Schnable_49-463-js159-2-228_2018-04-11_06-53-18_9987000,1.9128125811263257
0.1287431167484213,73.78914430718784,-56.8954801902303,0.0,104.41401446435408,0.0,40.9510592105842,0.0,8,0.014985130946823888,0.00029970261893647775,3,0.10685090380031158,57,4-9-18_Schnable_49-463-js159-2-228_2018-04-11_06-53-18_9987000,1.7311921295352453
0.28340065112876556,48.86235673930467,-172.2557518907641,0.0,246.1525792819632,0.0,44.376355640762945,0.062088684405994105,8,0.008333767815348801,0.00016667535630697603,0,-0.13006162085248563,124,4-9-18_Schnable_49-464-js278-105_2018-04-11_06-55-32_9987100,1.2910281031293471
0.3377852367849577,46.394991426352206,-116.84626551050165,0.0,67.21983908277747,0.0,45.59072694853484,0.02217569907649404,8,0.03722056590358647,0.0007444113180717294,1,-0.10788592177599159,145,4-9-18_Schnable_49-464-js278-105_2018-04-11_06-55-32_9987100,2.7283902178239265
0.3871477075161612,43.80201344931307,-131.94441270541822,0.0,254.11267873430916,0.0,42.31446143896984,0.033310492148893006,8,0.027607495816836955,0.0005521499163367391,2,-0.07457542962709858,176,4-9-18_Schnable_49-464-js278-105_2018-04-11_06-55-32_9987100,2.34978704638684
0.5043287784035182,56.73665650171873,-102.14164914004088,0.0,71.4428327735519,0.0,52.37351841970625,0.02770930265691588,8,0.36250064604900983,0.007250012920980197,3,-0.0468661269701827,228,4-9-18_Schnable_49-464-js278-105_2018-04-11_06-55-32_9987100,8.514700770420646
0.5348000215555331,55.42175634453956,-111.40309029970281,0.0,252.48681143045653,0.0,51.91496323451512,0.02413674240632951,8,0.13078333635465492,0.0026156667270930984,4,-0.022729384563853188,253,4-9-18_Schnable_49-464-js278-105_2018-04-11_06-55-32_9987100,5.1143589305924735
0.5108756889040713,64.59035939171564,-46.44857373539859,0.0,88.85559046571207,0.0,58.25429374859195,0.07643267002007657,8,0.14488293845118838,0.0028976587690237674,5,0.05370328545622339,231,4-9-18_Schnable_49-464-js278-105_2018-04-11_06-55-32_9987100,5.382990589833654
0.3876876956339379,72.69615379047751,-124.33422121257149,0.0,174.62860144887327,0.0,65.41041439408977,0.14093342260464778,8,0.1608995340297371,0.0032179906805947425,6,0.19463670806087116,186,4-9-18_Schnable_49-464-js278-105_2018-04-11_06-55-32_9987100,5.672733627268904
0.22897861387143778,69.92308484909273,-82.63661624290377,0.0,117.58528663106961,0.0,58.068256136543184,0.0,8,0.08470379576937477,0.0016940759153874954,7,0.19463670806087116,103,4-9-18_Schnable_49-464-js278-105_2018-04-11_06-55-32_9987100,4.115915348239678
0.276703626440421,66.70248436283224,-164.1551469331397,0.0,114.37595753791172,0.0,57.501217548292196,0.03283907439395099,8,0.056276779222821496,0.0011255355844564299,0,-0.11391125071346701,123,4-9-18_Schnable_49-466-js110-162_2018-04-11_07-00-04_9987300,3.354900273415634
0.2943831568072891,69.94691201600175,-107.6949102481823,0.0,14.501568687978803,0.0,59.486766100513634,0.04538321382147022,8,0.02264906361244088,0.0004529812722488176,1,-0.0685280368919968,136,4-9-18_Schnable_49-466-js110-162_2018-04-11_07-00-04_9987300,2.128335669599177
0.3611655351024324,71.96513880888223,-59.81770277331158,0.0,18.375028771291294,0.0,68.07734714552937,0.021396768934733454,8,0.07415289543199294,0.0014830579086398587,2,-0.04713126795726334,159,4-9-18_Schnable_49-466-js110-162_2018-04-11_07-00-04_9987300,3.8510490890663274
0.13302195231859035,71.46972835751079,-88.66468193470378,0.0,198.7363718306159,0.0,53.84932984724839,0.02930532267306139,8,0.013546211102321511,0.0002709242220464302,3,-0.017825945284201953,60,4-9-18_Schnable_49-466-js110-162_2018-04-11_07-00-04_9987300,1.6459775880808043
0.33548845514111025,60.88562761394588,-60.464264090018496,0.0,200.9487390212939,0.0,62.70902189525257,0.034871507068336687,8,0.022881264304607605,0.0004576252860921521,4,0.017045561784134734,157,4-9-18_Schnable_49-466-js110-162_2018-04-11_07-00-04_9987300,2.1392178152122616
0.5380940115588231,65.73917665958896,-70.72238873305479,0.0,38.41727471544894,0.0,69.0291846244618,0.03621589239129391,8,0.062465831135215234,0.0012493166227043047,5,0.05326145417542865,245,4-9-18_Schnable_49-466-js110-162_2018-04-11_07-00-04_9987300,3.5345673323680007
0.28633815000748253,74.28826263388089,-63.928662671688954,0.0,346.5206872587145,0.0,77.2629949102961,0.09465530247519899,8,0.028066878701197992,0.0005613375740239598,6,0.14791675665062765,134,4-9-18_Schnable_49-466-js110-162_2018-04-11_07-00-04_9987300,2.3692563686185584
0.46026207842520517,66.01359269027738,-62.21727096691986,0.0,253.59461820365533,0.0,58.049329693849295,0.0,8,0.2879300587223507,0.0057586011744470145,7,0.14791675665062765,223,4-9-18_Schnable_49-466-js110-162_2018-04-11_07-00-04_9987300,7.588544771197581
0.19984199680344517,50.455079942988704,-141.06470250005265,0.0,210.55735138379436,0.0,42.06366805761099,0.04496115568919942,8,0.010790557445479814,0.00021581114890959627,0,-0.19096569616096298,72,4-9-18_Schnable_49-467-js96-133_2018-04-11_07-02-18_9987400,1.4690512207189927
0.2634073432399238,45.55207129682968,-148.79389854745978,0.0,14.3550124737433,0.0,43.348707899092325,0.05133743215680461,8,0.007919865608963596,0.00015839731217927192,1,-0.13962826400415837,112,4-9-18_Schnable_49-467-js96-133_2018-04-11_07-02-18_9987400,1.2585599396900884
0.30775136981482876,33.770716886233664,-96.7784303708288,0.0,198.0828163337255,0.0,34.03697879244676,0.03858791694772809,8,0.007369713250651331,0.00014739426501302662,2,-0.10104034705643028,123,4-9-18_Schnable_49-467-js96-133_2018-04-11_07-02-18_9987400,1.2140603980569773
0.39663180050103214,38.58168560145553,-132.71711348035714,0.0,42.6211096264061,0.0,38.94151041721606,0.033872744775074376,8,0.03618118843689923,0.0007236237687379846,3,-0.0671676022813559,180,4-9-18_Schnable_49-467-js96-133_2018-04-11_07-02-18_9987400,2.6900255923280443
0.4810636605655843,49.699076810647206,-121.05977074762626,0.0,210.70932887595688,0.0,48.771574479288624,0.05559741092150371,8,0.03550318372088262,0.0007100636744176524,4,-0.011570191359852195,197,4-9-18_Schnable_49-467-js96-133_2018-04-11_07-02-18_9987400,2.6647019991317085
0.5899222131986119,49.78263344557311,-120.1011036185264,0.0,34.78052537969079,0.0,49.23900848300173,0.05294430076408921,8,0.0668652642664167,0.001337305285328334,5,0.04137410940423701,254,4-9-18_Schnable_49-467-js96-133_2018-04-11_07-02-18_9987400,3.656918491473845
0.5793285508246139,62.595891303488514,-116.05714010805801,0.0,200.46333797132337,0.0,65.0961429730986,0.06663462387409567,8,0.06583263660409583,0.0013166527320819165,6,0.10800873327833269,248,4-9-18_Schnable_49-467-js96-133_2018-04-11_07-02-18_9987400,3.628570975028484
0.25491912351293555,79.36141354834787,-24.95964598881785,0.0,213.33262325327124,0.0,76.03751636999871,0.12708862803647583,8,0.02505193192042672,0.0005010386384085345,7,0.23509736131480852,120,4-9-18_Schnable_49-467-js96-133_2018-04-11_07-02-18_9987400,2.2383892387351545
0.39180347998218273,76.73507185577482,-67.08981770419713,0.0,341.4955977844138,0.0,73.33695018928901,0.0,8,0.058793577694706625,0.0011758715538941326,8,0.23509736131480852,187,4-9-18_Schnable_49-467-js96-133_2018-04-11_07-02-18_9987400,3.4290983565569135
0.14734917108667295,68.50135329389002,-56.06231727418552,0.0,34.99563405084605,0.0,62.55286235440071,0.0723112215590657,8,0.003160555735522878,6.321111471045757e-05,0,-0.08564477138612019,73,4-9-18_Schnable_49-469-js37-1-63_2018-04-11_07-06-46_9987600,0.7950541787227934
0.2528394351335596,56.94608336756314,-25.691589811759105,0.0,172.58494024645023,0.0,60.21978960792758,0.0505544170750053,8,0.00626435769391118,0.0001252871538782236,1,-0.03509035431111489,108,4-9-18_Schnable_49-469-js37-1-63_2018-04-11_07-06-46_9987600,1.1193174432582724
0.40158998244297933,65.56647843955021,-38.23222187631396,0.0,188.42025651009067,0.0,67.10768011560995,0.11231913547330717,8,0.09548881255530073,0.0019097762511060146,2,0.07722878116219228,186,4-9-18_Schnable_49-469-js37-1-63_2018-04-11_07-06-46_9987600,4.370098684361732
0.14525049427586204,81.66943086565966,-8.759653748715882,0.0,69.40706629501604,0.0,65.14565207801849,0.0,8,0.004737154716097846,9.474309432195693e-05,3,0.07722878116219228,70,4-9-18_Schnable_49-469-js37-1-63_2018-04-11_07-06-46_9987600,0.9733606439647996
0.17858611589292755,83.74074395566909,-31.110137084773452,0.0,319.39019167906844,0.0,64.43573834218583,0.0,8,0.010324075585502432,0.00020648151171004863,4,0.07435173503581355,89,4-9-18_Schnable_49-469-js37-1-63_2018-04-11_07-06-46_9987600,1.4369464558919676
0.08919750954368606,72.90928291906536,-42.001828186392274,0.0,13.935154774531792,0.0,58.593926427654644,0.0,8,0.00044168524979182604,8.833704995836522e-06,5,0.07435173503581355,45,4-9-18_Schnable_49-469-js37-1-63_2018-04-11_07-06-46_9987600,0.2972154941424912
0.1803586172390558,89.09318861601808,-97.35201214212834,0.0,206.52472787177186,0.0,55.908092739971366,0.05988060821915955,8,0.06453571544744419,0.0012907143089488837,6,0.1342323432549731,79,4-9-18_Schnable_49-469-js37-1-63_2018-04-11_07-06-46_9987600,3.5926512618801225
0.33394734309253815,76.69450042034428,-132.84065338447692,0.0,295.3268567714935,0.0,72.29039860385174,0.0,8,0.06702205922603255,0.0013404411845206509,7,0.1342323432549731,149,4-9-18_Schnable_49-469-js37-1-63_2018-04-11_07-06-46_9987600,3.6612036060845496
0.27135544616579504,57.567041652761404,-110.36399226923608,0.0,164.2870069493843,0.0,54.66464520880729,0.06178326746802445,8,0.007101803856140525,0.0001420360771228105,0,-0.03227486372027246,112,4-9-18_Schnable_49-470-js154-223_2018-04-11_07-09-00_9987700,1.1917888954123146
0.30128571810186683,65.48348272553919,-65.01679066870948,0.0,335.1668581774654,0.0,63.401519584691556,0.028510764024848725,8,0.04147324669883123,0.0008294649339766246,1,-0.003764099695423735,128,4-9-18_Schnable_49-470-js154-223_2018-04-11_07-09-00_9987700,2.8800432878285434
0.34520423237151987,64.48967469557864,-58.482289961983774,0.0,178.2350632592548,0.0,63.54018514783802,0.04162797032820507,8,0.019715284315953235,0.0003943056863190647,2,0.037863870632781335,150,4-9-18_Schnable_49-470-js154-223_2018-04-11_07-09-00_9987700,1.9857131875451315
0.27303249228759174,82.80529448872181,4.196670061372509,0.0,156.91182484593418,0.0,83.91394017709568,0.05447066334124888,8,0.038661450334677355,0.0007732290066935471,3,0.09233453397403021,139,4-9-18_Schnable_49-470-js154-223_2018-04-11_07-09-00_9987700,2.7806995643067
0.3287215798621526,68.20621046177206,-13.523407697519675,0.0,332.14803924641063,0.0,65.1651165525966,0.0,8,0.10682291669352681,0.002136458333870536,4,0.09233453397403021,146,4-9-18_Schnable_49-470-js154-223_2018-04-11_07-09-00_9987700,4.622183827878914
0.21612377229775562,61.666448119495165,-98.05264189933132,0.0,147.70285531911776,0.0,56.182998341536425,0.057402083600708184,8,0.0073100181662285124,0.00014620036332457025,0,-0.058288202435833936,91,4-9-18_Schnable_49-471-js154-223_2018-04-11_07-11-14_9987800,1.2091334224334809
0.2937759847113893,68.2859729870118,-114.2918824727374,0.0,338.55604336619245,0.0,62.426421514653484,0.01992725045844309,8,0.010651833808138611,0.00021303667616277223,1,-0.038360951977390846,124,4-9-18_Schnable_49-471-js154-223_2018-04-11_07-11-14_9987800,1.4595775969874718
0.3169510927217959,63.95682063380463,-61.37293430913694,0.0,139.02174352329527,0.0,61.75498940566801,0.032554194300911554,8,0.023707926124975836,0.0004741585224995167,2,-0.005806757676479292,136,4-9-18_Schnable_49-471-js154-223_2018-04-11_07-11-14_9987800,2.1775181342517373
0.3122028922513394,66.1683354180194,-49.6180520225167,0.0,316.42973414127016,0.0,62.38548696098457,0.045586980528032686,8,0.013272473633198171,0.00026544947266396343,3,0.039780222851553394,147,4-9-18_Schnable_49-471-js154-223_2018-04-11_07-11-14_9987800,1.6292620190256797
0.3185278263344125,75.88396054442624,-14.832975942621143,0.0,287.8124789973068,0.0,79.90245314128744,0.07606716622971357,8,0.07454186668968034,0.0014908373337936068,4,0.11584738908126696,152,4-9-18_Schnable_49-471-js154-223_2018-04-11_07-11-14_9987800,3.8611362754940504
0.34931395658446607,67.785518364736,-38.31469517477472,0.0,144.55466295089988,0.0,67.96737303885865,0.0,8,0.04666908436871087,0.0009333816873742174,5,0.11584738908126696,151,4-9-18_Schnable_49-471-js154-223_2018-04-11_07-11-14_9987800,3.055129600154824
0.24979062329799234,62.646841449097316,-161.47323697421828,0.0,260.4376390308456,0.0,49.720745715694896,0.27165011925167093,8,0.19587810762347674,0.003917562152469535,0,0.009421513729324708,118,4-9-18_Schnable_49-472-js68-97_2018-04-11_07-13-27_9987900,6.259043179647776
0.3246599863828593,88.36082371351286,-148.31343941069767,0.0,212.7627055860837,0.0,75.27282435965256,0.01774944524404198,8,0.18188782116230962,0.0036377564232461922,1,0.027170958973366688,145,4-9-18_Schnable_49-472-js68-97_2018-04-11_07-13-27_9987900,6.031381618871577
0.3938970777100404,0.5,-148.92111782548756,0.0,358.05188517892395,0.0,-8.862457793208858,0.025339414767885038,8,0.048095863616675845,0.0009619172723335169,2,0.052510373741251726,173,4-9-18_Schnable_49-472-js68-97_2018-04-11_07-13-27_9987900,3.101479118636005
0.5212842543682763,83.62838608129488,-110.66699804616654,0.0,155.19291522871214,0.0,81.22685374089649,0.030959464564098607,8,0.07866674437964558,0.0015733348875929115,3,0.08346983830535033,249,4-9-18_Schnable_49-472-js68-97_2018-04-11_07-13-27_9987900,3.966528567391027
0.5125384487502674,16.21678290607389,-55.719255630355605,0.0,5.713451180125967,0.0,18.38092041825471,0.02502546215002148,8,0.08461892081054187,0.0016923784162108373,4,0.10849530045537181,226,4-9-18_Schnable_49-472-js68-97_2018-04-11_07-13-27_9987900,4.11385271516961
0.4734365328090046,58.28831502998362,-98.43227153079917,0.0,33.97046624833388,0.0,48.88854658092593,0.10317616163225529,8,0.39226013807606824,0.007845202761521364,5,0.2116714620876271,222,4-9-18_Schnable_49-472-js68-97_2018-04-11_07-13-27_9987900,8.85731492130734
0.2804451470314032,20.310412809277988,-37.24889948244151,0.0,3.237596010406777,0.0,22.712331813435497,0.0,8,0.004715746525932983,9.431493051865965e-05,6,0.2116714620876271,122,4-9-18_Schnable_49-472-js68-97_2018-04-11_07-13-27_9987900,0.9711587435566836
0.2169811477246603,51.891323957303655,-148.4165562168897,0.0,210.74905748700206,0.0,45.44493368391767,0.01779293762899166,8,0.018486369738824764,0.00036972739477649527,0,-0.094144797971669,97,4-9-18_Schnable_49-473-js233-371_2018-04-11_07-15-41_9988000,1.9228296720627525
0.28934106607086796,57.790648506586145,-145.23609156210645,0.0,21.18146925777623,0.0,50.79820596553102,0.03915233208221435,8,0.012487296449920329,0.0002497459289984066,1,-0.054992465889454646,132,4-9-18_Schnable_49-473-js233-371_2018-04-11_07-15-41_9988000,1.5803351827963794
0.3087090568412993,47.3342200837256,-130.27145017677265,0.0,181.97559784622666,0.0,44.47741805018396,0.02922598689405293,8,0.0139842603187805,0.00027968520637561,2,-0.025766478995401715,145,4-9-18_Schnable_49-473-js233-371_2018-04-11_07-15-41_9988000,1.672379162676963
0.36211098400929775,49.946396996401965,-78.76556321057147,0.0,15.987528584090798,0.0,48.432776108366006,0.029210015431536812,8,0.03355269329024172,0.0006710538658048344,3,0.0034435364361350956,163,4-9-18_Schnable_49-473-js233-371_2018-04-11_07-15-41_9988000,2.590470740627723
0.1482639906677077,41.75692168682413,5.929373408425377,0.0,177.87513132316744,0.0,33.36373415574162,0.013487882946649205,8,0.009406734005605308,0.00018813468011210616,4,0.0169314193827843,67,4-9-18_Schnable_49-473-js233-371_2018-04-11_07-15-41_9988000,1.3716219599879047
0.2796021130873602,55.29714644559009,115.66982650668768,0.0,179.4444676357485,0.0,54.33743104716246,0.09673296730930389,8,0.05490949476330186,0.0010981898952660372,5,0.1136643866920882,138,4-9-18_Schnable_49-473-js233-371_2018-04-11_07-15-41_9988000,3.313894831261302
0.34812316463244597,68.74900906427044,-4.427035296276162,0.0,15.31517064368856,0.0,58.24032466332349,0.0,8,0.024211154572034425,0.0004842230914406885,6,0.1136643866920882,146,4-9-18_Schnable_49-473-js233-371_2018-04-11_07-15-41_9988000,2.2005069675888067
0.04544948863443421,0.5,-300.0,0.0,127.13309866541933,0.0,-50.804227125316636,0.012449365211654906,8,0.01716805611764409,0.0003433611223528818,0,-0.2079784940373475,19,4-9-18_Schnable_49-474-js64-93_2018-04-11_07-17-55_9988100,1.8530005999806958
0.32875808706037074,46.81026618595682,-100.96597145887173,0.0,24.359182441459478,0.0,45.61595229989304,0.08878130747753733,8,0.02228774753330874,0.0004457549506661748,1,-0.11919718655981017,157,4-9-18_Schnable_49-474-js64-93_2018-04-11_07-17-55_9988100,2.1112909573674936
0.3886451381779806,54.79507242677091,-57.453365578400074,0.0,225.35234420895867,0.0,53.34828100534061,0.02117540728683813,8,0.12369163010317083,0.0024738326020634165,2,-0.09802177927297204,172,4-9-18_Schnable_49-474-js64-93_2018-04-11_07-17-55_9988100,4.973763768076863
0.4310328334740592,44.82599341528114,-43.015641065736396,0.0,45.36066110436837,0.0,48.839457146946586,0.018070911632965606,8,0.0606050761607749,0.001212101523215498,3,-0.07995086764000643,203,4-9-18_Schnable_49-474-js64-93_2018-04-11_07-17-55_9988100,3.481524842961052
0.48482732081386315,56.39047761961024,-70.68196087066977,0.0,229.29674859969288,0.0,54.379929805874724,0.05523356487661802,8,0.23765417945932235,0.004753083589186447,4,-0.02471730276338841,227,4-9-18_Schnable_49-474-js64-93_2018-04-11_07-17-55_9988100,6.8942610838192415
0.12583853454591287,63.25097837564356,54.53921471371226,0.0,114.12963401310688,0.0,43.16671744202806,0.04924259400508445,8,0.007257982768181752,0.00014515965536363503,5,0.024525291241696036,64,4-9-18_Schnable_49-474-js64-93_2018-04-11_07-17-55_9988100,1.2048222083097366
0.5256276814178709,63.78379759567625,-68.3443173319557,0.0,26.928568310585444,0.0,60.319283805053125,0.0,8,0.40539800421530514,0.008107960084306103,6,0.024525291241696036,236,4-9-18_Schnable_49-474-js64-93_2018-04-11_07-17-55_9988100,9.004421183122268
0.5286227734216228,63.05062726349503,-57.379855100386266,0.0,234.6016323027784,0.0,64.57497273891101,0.10651564983347611,8,0.38246558445660866,0.007649311689132173,7,0.13104094107517214,237,4-9-18_Schnable_49-474-js64-93_2018-04-11_07-17-55_9988100,8.746034352283424
0.4306701045138148,63.412190056903434,-57.521306042780665,0.0,313.70365315548617,0.0,63.43751818873006,0.05970656968724988,8,0.04074551406171811,0.0008149102812343623,8,0.19074751076242202,207,4-9-18_Schnable_49-474-js64-93_2018-04-11_07-17-55_9988100,2.8546633448348375
0.26697802120943265,61.00251174410338,-29.621314414931604,0.0,227.51738895347614,0.0,62.96779994474019,0.02387427110951809,8,0.05564591531142871,0.0011129183062285742,9,0.21462178187194011,115,4-9-18_Schnable_49-474-js64-93_2018-04-11_07-17-55_9988100,3.336043024645477
0.17850608144341906,73.06232524841496,10.41070293082234,0.0,133.48901470853406,0.0,54.6529675399063,0.0,8,0.0329611684415599,0.000659223368831198,10,0.21462178187194011,79,4-9-18_Schnable_49-474-js64-93_2018-04-11_07-17-55_9988100,2.5675345544533537
0.26567579448979817,53.51883786749423,-110.53175947522548,0.0,22.85811501343543,0.0,52.10610140758849,0.12053743204057983,8,0.011341955669205537,0.00022683911338411075,0,-0.0016187940112949595,127,4-9-18_Schnable_49-475-js159-1-228_2018-04-11_07-20-09_9988200,1.5061179017066053
0.29897605035864366,54.33682546223036,-132.55846251790214,0.0,198.01243591604697,0.0,56.54901003349773,0.00053618465622515,8,0.07378112846827282,0.0014756225693654565,1,-0.0010826093550698095,137,4-9-18_Schnable_49-475-js159-1-228_2018-04-11_07-20-09_9988200,3.841383304703472
0.2857941581018818,73.33819559020694,-71.63711240884612,0.0,194.28264857599123,0.0,74.39272820919142,0.0,8,0.010542301037023543,0.00021084602074047086,2,-0.0010826093550698095,125,4-9-18_Schnable_49-475-js159-1-228_2018-04-11_07-20-09_9988200,1.4520537894323022
0.31555894876966034,56.36833022036246,-157.34252691334734,0.0,43.87769987754687,0.0,51.20487694370166,0.05734109453405604,8,0.03750961864650633,0.0007501923729301266,3,0.056258485178986226,140,4-9-18_Schnable_49-475-js159-1-228_2018-04-11_07-20-09_9988200,2.7389639883177117
0.10618717197811964,83.64510445184261,-17.375873859425187,0.0,301.3804508915472,0.0,56.0531362056579,0.0,8,0.03769807110406818,0.0007539614220813635,4,0.056258485178986226,50,4-9-18_Schnable_49-475-js159-1-228_2018-04-11_07-20-09_9988200,2.745835796404008
0.3907978930043879,54.49502320137573,-16.519079628799734,0.0,37.91307049714982,0.0,52.8636094780347,0.05468846008378564,8,0.030344100086935707,0.0006068820017387142,5,0.11094694526277186,155,4-9-18_Schnable_49-475-js159-1-228_2018-04-11_07-20-09_9988200,2.4634975172277205
0.4521059800278362,58.71613444289847,-127.77954083173861,0.0,176.1043994844388,0.0,51.22589234221848,0.0,8,0.3769724383959101,0.007539448767918202,6,0.11094694526277186,216,4-9-18_Schnable_49-475-js159-1-228_2018-04-11_07-20-09_9988200,8.682999923942301
0.4196220407085304,73.99485125080707,-143.0791545072482,0.0,56.25094590488105,0.0,68.66363939805666,0.0,8,0.17263912967900055,0.0034527825935800113,7,0.11094694526277186,186,4-9-18_Schnable_49-475-js159-1-228_2018-04-11_07-20-09_9988200,5.876038285767045
0.23876002587429404,76.43354150308802,-77.38284597902066,0.0,214.39975197861224,0.0,72.77044307614909,0.06142930147156525,8,0.025283291432859956,0.0005056658286571992,0,-0.0288984140950848,112,4-9-18_Schnable_49-477-js45-73_2018-04-11_07-24-37_9988400,2.2487014667518657
0.14723019617313524,57.41395014747409,-79.83983708982262,0.0,6.853492325573465,0.0,42.950333478405184,0.0065547477220463425,8,0.00855499186831631,0.0001710998373663262,1,-0.022343666373038456,63,4-9-18_Schnable_49-477-js45-73_2018-04-11_07-24-37_9988400,1.308051365070677
0.3943615371410271,73.50178362053245,-61.2920543121227,0.0,13.401378140742874,0.0,68.69066143856121,0.04560138239455026,8,0.028613392425618764,0.0005722678485123753,2,0.023257716021511804,185,4-9-18_Schnable_49-477-js45-73_2018-04-11_07-24-37_9988400,2.3922120485282554
0.21915664373371083,60.26343880502312,-71.5930265727407,0.0,4.3247040530416,0.0,59.547165416128934,0.0,8,0.005756423115594628,0.00011512846231189256,3,0.023257716021511804,100,4-9-18_Schnable_49-477-js45-73_2018-04-11_07-24-37_9988400,1.0729793209185932
0.16281498273367195,86.32757225393375,-62.99821335107765,0.0,158.20558676528975,0.0,80.86702243839521,0.06547519250138208,8,0.0073872279070775464,0.00014774455814155094,4,0.08873290852289388,72,4-9-18_Schnable_49-477-js45-73_2018-04-11_07-24-37_9988400,1.2155021930936651
0.21640647648111255,61.868065060464225,-9.01692156518845,0.0,202.9796141007847,0.0,65.07006647518142,0.0,8,0.006990546130540607,0.00013981092261081213,5,0.08873290852289388,98,4-9-18_Schnable_49-477-js45-73_2018-04-11_07-24-37_9988400,1.1824166888656982
0.12562187626076018,83.17641472584285,-74.36056602675592,0.0,333.32979571354804,0.0,70.4095510742156,0.07794186164703103,8,0.005577754057584906,0.00011155508115169813,0,-0.004395896344716621,59,4-9-18_Schnable_49-479-js271-27_2018-04-11_07-29-04_9988600,1.0561963887066559
0.23186582011696563,76.67631301860804,-159.27707824239198,0.0,184.84815781057216,0.0,68.05265375522691,0.0192943132091896,8,0.01781725960362712,0.0003563451920725424,1,0.014898416864472979,96,4-9-18_Schnable_49-479-js271-27_2018-04-11_07-29-04_9988600,1.8877107619350544
0.21927720370966008,78.41755643854347,-50.783408641662135,0.0,198.51025360382204,0.0,73.75783574518911,0.06776076918742585,8,0.0110076917565428,0.00022015383513085602,2,0.08265918605189883,101,4-9-18_Schnable_49-479-js271-27_2018-04-11_07-29-04_9988600,1.4837581849171246
0.1996845567016722,89.5,52.203654691315236,0.0,28.324093554980056,0.0,87.47125399289224,0.0,8,0.01585495089123353,0.0003170990178246706,3,0.08265918605189883,102,4-9-18_Schnable_49-479-js271-27_2018-04-11_07-29-04_9988600,1.7807274295205053
0.3324487520554427,44.55901314325374,-96.29335624483709,0.0,8.219396253391077,0.0,49.46028379870939,0.05845229935731901,8,0.04088078254035525,0.000817615650807105,0,-0.09926678856387554,156,4-9-18_Schnable_49-480-js236-377_2018-04-11_07-31-19_9988700,2.8593979275489185
0.3353582416287604,45.24962187420524,-147.739476562008,0.0,197.39702385281703,0.0,41.82743268925154,0.017973154988067758,8,0.05236256283468533,0.0010472512566937066,1,-0.08129363357580778,145,4-9-18_Schnable_49-480-js236-377_2018-04-11_07-31-19_9988700,3.2361261667211103
0.44315312921445577,56.2308043279949,-84.75341241993218,0.0,9.08297192524582,0.0,57.319171564933534,0.016624711106418055,8,0.12020650544927883,0.0024041301089855766,2,-0.06466892246938973,214,4-9-18_Schnable_49-480-js236-377_2018-04-11_07-31-19_9988700,4.903192948462845
0.5061038194394095,49.64674034019361,-127.11763551118116,0.0,208.031460681466,0.0,44.425791755826026,0.03792707084760256,8,0.4168483373304504,0.008336966746609008,3,-0.026741851621787167,230,4-9-18_Schnable_49-480-js236-377_2018-04-11_07-31-19_9988700,9.130699177285937
0.5311327273781583,63.25365062129223,-76.73828368988423,0.0,18.97877198222391,0.0,61.13942402420609,0.0477739206095676,8,0.30804407465816974,0.006160881493163395,4,0.02103206898778043,254,4-9-18_Schnable_49-480-js236-377_2018-04-11_07-31-19_9988700,7.849128291194758
0.46011774980934866,61.969453378271425,-107.01389150472461,0.0,168.33043997180414,0.0,64.7672036430453,0.10744199883968195,8,0.2144319368300389,0.004288638736600778,5,0.12847406782746237,223,4-9-18_Schnable_49-480-js236-377_2018-04-11_07-31-19_9988700,6.548769912434531
0.37387141895431214,61.61986546299612,-49.916154394891095,0.0,80.38470036418465,0.0,59.45912750317768,0.02685378588325929,8,0.0702232897057794,0.001404465794115588,6,0.15532785371072166,161,4-9-18_Schnable_49-480-js236-377_2018-04-11_07-31-19_9988700,3.747620303760225
0.17728702256139728,74.00398278204749,-5.228350221716834,0.0,162.40891432262643,0.0,59.04651719984547,0.0,8,0.01282529464538262,0.0002565058929076524,7,0.15532785371072166,85,4-9-18_Schnable_49-480-js236-377_2018-04-11_07-31-19_9988700,1.6015801350780186
0.24177061002871947,43.81450037773267,-121.24870918734067,0.0,146.66819828022392,0.0,39.58093479071749,0.08761870850694335,8,0.007960084988630418,0.00015920169977260836,0,-0.02987041665757156,106,4-9-18_Schnable_49-481-js290-299_2018-04-11_07-33-33_9988800,1.261751559430811
0.27356461993254644,50.64368515007178,-128.0676993669589,0.0,8.828855399611815,0.0,41.763089769892204,0.02063662019706505,8,0.06450857048653579,0.0012901714097307156,1,-0.00923379646050651,111,4-9-18_Schnable_49-481-js290-299_2018-04-11_07-33-33_9988800,3.591895613364503
0.3136344577517828,67.36077429924327,-149.7335949313852,0.0,163.40899431746655,0.0,59.730221172206114,0.023810309579810826,8,0.09223543537805307,0.0018447087075610614,2,0.014576513119304314,144,4-9-18_Schnable_49-481-js290-299_2018-04-11_07-33-33_9988800,4.295007226491081
0.35816446168807875,84.94812563975073,-19.622854018131058,0.0,163.69533637830713,0.0,80.2408641018975,0.04279657597636102,8,0.12998163398974671,0.0025996326797949345,3,0.05737308909566534,179,4-9-18_Schnable_49-481-js290-299_2018-04-11_07-33-33_9988800,5.09865931377547
0.2175891931694155,85.91736201366744,-30.270472561931328,0.0,37.03132191945878,0.0,64.29064822776381,0.05925799079727215,8,0.011116467303360002,0.00022232934606720002,4,0.11663107989293749,107,4-9-18_Schnable_49-481-js290-299_2018-04-11_07-33-33_9988800,1.4910712460080504
0.23810631368430038,71.83869774612961,-22.457727851767785,0.0,319.518740993722,0.0,67.30907071350543,0.0,8,0.02543240065791192,0.0005086480131582384,5,0.11663107989293749,116,4-9-18_Schnable_49-481-js290-299_2018-04-11_07-33-33_9988800,2.255322622504901
0.3076200268503092,58.3626273985867,-89.74976817305891,0.0,178.5025922200689,0.0,56.26014495534938,0.10043083855227271,8,0.03045059701272099,0.0006090119402544198,0,-0.08278371158465762,135,4-9-18_Schnable_49-482-js37-2-63_2018-04-11_07-35-47_9988900,2.4678167279083345
0.31042787638430014,61.68461601312509,-49.18081483030915,0.0,8.508201129714728,0.0,61.06858805207938,0.035328262422558696,8,0.023656617998740227,0.00047313235997480454,1,-0.04745544916209893,136,4-9-18_Schnable_49-482-js37-2-63_2018-04-11_07-35-47_9988900,2.175160591714562
0.4031362787036797,60.55788921297873,-69.12698299661834,0.0,193.26951990350184,0.0,57.76890582515255,0.04675073266813753,8,0.08459365793003386,0.001691873158600677,2,-0.000704716493961399,190,4-9-18_Schnable_49-482-js37-2-63_2018-04-11_07-35-47_9988900,4.113238576354011
0.49918681674692755,62.40659521116514,-101.58558806949198,0.0,336.7188404495603,0.0,65.58907014747821,0.03741172566113905,8,0.043893209869416284,0.0008778641973883256,3,0.03670700916717765,235,4-9-18_Schnable_49-482-js37-2-63_2018-04-11_07-35-47_9988900,2.962877313336355
0.12840132244878258,54.40587219414293,121.02482126329059,0.0,281.4499366136068,0.0,50.82834706588029,0.05256953352665839,8,0.003984410474785159,7.968820949570317e-05,4,0.08927654269383604,64,4-9-18_Schnable_49-482-js37-2-63_2018-04-11_07-35-47_9988900,0.8926825275298221
0.3949827233833214,67.44900094855095,-15.412153810569807,0.0,205.3106640629689,0.0,72.47024044214226,0.01854787439968368,8,0.04330024451860506,0.0008660048903721012,5,0.10782441709351973,182,4-9-18_Schnable_49-482-js37-2-63_2018-04-11_07-35-47_9988900,2.942796102981145
0.2520313077910037,89.5,-220.70994957462733,0.0,208.89975847211215,0.0,60.45332153185455,0.07539701651773492,8,0.04210727147923097,0.0008421454295846194,6,0.18322143361125465,108,4-9-18_Schnable_49-482-js37-2-63_2018-04-11_07-35-47_9988900,2.901974206612835
0.40665776008470156,64.40757030104447,-84.35922214735484,0.0,304.5595845555517,0.0,63.433410675324204,0.0,8,0.025553859698288765,0.0005110771939657753,7,0.18322143361125465,193,4-9-18_Schnable_49-482-js37-2-63_2018-04-11_07-35-47_9988900,2.2607016476434376
0.2433385136633152,58.160334325060745,-113.81559251781344,0.0,210.04502782718205,0.0,51.72974804724812,0.031101823431090553,8,0.03420349329955752,0.0006840698659911504,0,-0.09754290929797871,121,4-9-18_Schnable_49-484-js167-239_2018-04-11_07-40-14_9989100,2.615472932360705
0.07805132714486003,80.27349954682994,-103.34366693337834,0.0,179.99846869286915,0.0,55.51287386976435,0.044502389384996274,8,0.0017867247549811336,3.573449509962267e-05,1,-0.053040519912982434,30,4-9-18_Schnable_49-484-js167-239_2018-04-11_07-40-14_9989100,0.59778336460312
0.3365319095485047,59.949447740329376,-82.08870782724378,0.0,351.6276611729293,0.0,56.67801375517028,0.05093193360658225,8,0.04304603133114428,0.0008609206266228856,2,-0.0021085863064001856,155,4-9-18_Schnable_49-484-js167-239_2018-04-11_07-40-14_9989100,2.9341448952341898
0.39572027925723624,60.29219978473728,-163.15876384944076,0.0,289.4721520481143,0.0,59.24192572033702,0.10563472351884509,8,0.08811620066995977,0.0017623240133991954,3,0.10352613721244491,160,4-9-18_Schnable_49-484-js167-239_2018-04-11_07-40-14_9989100,4.1980043037128905
0.12046850113092947,89.5,-29.57654807830709,0.0,116.49373218789384,0.0,72.15810468851464,0.029429731405207438,8,0.01758038659953587,0.00035160773199071737,4,0.13295586861765235,63,4-9-18_Schnable_49-484-js167-239_2018-04-11_07-40-14_9989100,1.8751206147624675
0.2319103467707032,69.94359182681494,-68.37825982687681,0.0,207.2105920226151,0.0,68.41879656749772,0.0,8,0.01267734238715355,0.000253546847743071,5,0.13295586861765235,110,4-9-18_Schnable_49-484-js167-239_2018-04-11_07-40-14_9989100,1.5923154453281894
0.37262106194323386,50.51999802453202,-131.34139711068138,0.0,203.15575880660802,0.0,42.319247590011386,0.06715377840177467,8,0.2102749711560713,0.004205499423121426,0,-0.12805581937815655,179,4-9-18_Schnable_49-485-js151-218_2018-04-11_07-42-28_9989200,6.4849822074709085
0.086984946090997,45.50781289431844,83.70025646201948,0.0,147.4923672716804,0.0,26.237170017384788,0.005600144330525886,8,0.01369402051836351,0.00027388041036727017,1,-0.12245567504763066,45,4-9-18_Schnable_49-485-js151-218_2018-04-11_07-42-28_9989200,1.6549332626038735
0.2909070871362817,55.43782769235366,-125.61296507534134,0.0,106.03444412113407,0.0,51.71117030042862,0.021960531069811454,8,0.09437630732292941,0.0018875261464585881,2,-0.10049514397781921,133,4-9-18_Schnable_49-485-js151-218_2018-04-11_07-42-28_9989200,4.344566890333936
0.3761781300198418,71.96187836179706,-39.7434576019975,0.0,71.97265739268397,0.0,66.52788165969059,0.0,8,0.216029079453938,0.00432058158907876,3,-0.10049514397781921,176,4-9-18_Schnable_49-485-js151-218_2018-04-11_07-42-28_9989200,6.573113104974507
0.4290013572681553,51.39791297370219,-61.4631211889895,0.0,212.2424548242781,0.0,48.885506584289466,0.017948217782219472,8,0.3392863716313325,0.006785727432626651,4,-0.08254692619559974,207,4-9-18_Schnable_49-485-js151-218_2018-04-11_07-42-28_9989200,8.237552690348421
0.1473690285720121,71.2266815259016,42.245777743975985,0.0,163.88620742679356,0.0,65.16398013347788,0.058100140385394565,8,0.012317381798002049,0.000246347635960041,5,-0.024446785810205172,74,4-9-18_Schnable_49-485-js151-218_2018-04-11_07-42-28_9989200,1.5695465458534226
0.48005722365829934,54.42574885157076,-96.2617572073129,0.0,216.26385772977795,0.0,48.44145818869897,0.032951485492612925,8,0.3624540126804247,0.007249080253608494,6,0.008504699682407753,230,4-9-18_Schnable_49-485-js151-218_2018-04-11_07-42-28_9989200,8.514153072154913
0.1502957426758078,76.93926315123831,-71.21529356287593,0.0,285.2431173527077,0.0,50.55040148063868,0.04177975773521839,8,0.011790876922233757,0.00023581753844467514,7,0.05028445741762614,60,4-9-18_Schnable_49-485-js151-218_2018-04-11_07-42-28_9989200,1.5356351729648392
0.12147789451994433,43.746119788235,137.1808837086745,0.0,326.35543329028513,0.0,65.06625081820042,0.007992571961501056,8,0.018314885143077005,0.0003662977028615401,8,0.058277029379127196,57,4-9-18_Schnable_49-485-js151-218_2018-04-11_07-42-28_9989200,1.9138905477104486
0.3225367274155709,45.84034989729967,-9.14399117224884,0.0,236.4900132168657,0.0,39.35828923999569,0.039976427877818715,8,0.04572769304764918,0.0009145538609529836,9,0.09825345725694591,138,4-9-18_Schnable_49-485-js151-218_2018-04-11_07-42-28_9989200,3.024159157440269
0.1582525249962444,75.45221253753148,-95.72366352645196,0.0,37.06741979662782,0.0,40.766629203091725,0.0,8,0.08986149424584021,0.0017972298849168041,10,0.09825345725694591,70,4-9-18_Schnable_49-485-js151-218_2018-04-11_07-42-28_9989200,4.2393748181976125
0.2589131363153479,51.1624812245539,-108.93516134827931,0.0,316.30801362817414,0.0,46.060988823708634,0.11287324474046424,8,0.03227653934312652,0.0006455307868625304,11,0.21112670199741015,118,4-9-18_Schnable_49-485-js151-218_2018-04-11_07-42-28_9989200,2.5407297905572923
0.34615852647625434,81.32470050924167,-163.16522275770654,0.0,324.56553713135,0.0,69.11340964385646,0.0,8,0.08842604316449676,0.0017685208632899352,12,0.21112670199741015,147,4-9-18_Schnable_49-485-js151-218_2018-04-11_07-42-28_9989200,4.205378536219938
0.28549247086774926,64.20587449642142,-134.02275973694492,0.0,312.80213603970697,0.0,53.46237587946643,0.04794317712920254,8,0.08380774884375185,0.001676154976875037,0,-0.03513835778629587,133,4-9-18_Schnable_49-486-js97-138_2018-04-11_07-44-41_9989300,4.094087171611075
0.38300900287940526,64.17926564366142,-143.89113521017967,0.0,313.77895135161117,0.0,57.80052367790794,0.042317543506463225,8,0.06631134677582365,0.001326226935516473,1,0.007179185720167355,180,4-9-18_Schnable_49-486-js97-138_2018-04-11_07-44-41_9989300,3.641739880217247
0.29103088229751145,56.45697104619283,-98.27857062500902,0.0,132.7182866099575,0.0,54.06547848005408,0.0020251754381958786,8,0.007941690292952483,0.00015883380585904967,2,0.009204361158363233,134,4-9-18_Schnable_49-486-js97-138_2018-04-11_07-44-41_9989300,1.2602928463617082
0.24657304635688762,67.4082297771199,-62.56140274456922,0.0,338.05407071477066,0.0,63.695183020903805,0.07364435456195924,8,0.012830049608218892,0.00025660099216437784,3,0.08284871572032247,109,4-9-18_Schnable_49-486-js97-138_2018-04-11_07-44-41_9989300,1.601876999536412
0.13173788664847091,73.30243008127383,-37.963866206889385,0.0,162.8601521212839,0.0,58.927524602781084,0.0,8,0.016825575760678488,0.0003365115152135698,4,0.08284871572032247,58,4-9-18_Schnable_49-486-js97-138_2018-04-11_07-44-41_9989300,1.8344250194913112
0.3258348953988054,44.42692887871207,-45.04871613125825,0.0,289.59099489384585,0.0,41.948789559455214,0.09857204365730488,8,0.08761008143659102,0.0017522016287318204,0,-0.044979111850578575,161,4-9-18_Schnable_49-487-js155-2-224_2018-04-11_07-46-56_9989400,4.185930755198681
0.438742826445453,21.08005846543239,-55.026887896827944,0.0,22.01272697942503,0.0,22.011340551915076,0.02355591870967228,8,0.20026437162932054,0.004005287432586411,1,-0.021423193140906294,189,4-9-18_Schnable_49-487-js155-2-224_2018-04-11_07-46-56_9989400,6.328734022366883
0.4090200239818792,53.348007369971626,-67.40624120485215,0.0,270.9300069243864,0.0,49.81112829465446,0.019377543418166245,8,0.16566743233428222,0.0033133486466856445,2,-0.0020456497227400497,193,4-9-18_Schnable_49-487-js155-2-224_2018-04-11_07-46-56_9989400,5.7561694265245915
0.5658344782160107,22.365957485205325,-51.608869464526556,0.0,35.074555904580095,0.0,22.3925393065132,0.04065671766131182,8,0.4030915484859888,0.008061830969719776,3,0.03861106793857177,269,4-9-18_Schnable_49-487-js155-2-224_2018-04-11_07-46-56_9989400,8.978769943438676
0.5338265668266109,59.83697990095243,-22.082218528176778,0.0,304.8761765064407,0.0,57.33804905421699,0.05463744773586134,8,0.6404069372334664,0.012808138744669328,4,0.09324851567443311,245,4-9-18_Schnable_49-487-js155-2-224_2018-04-11_07-46-56_9989400,11.317304778377812
0.5388500490653825,39.40304372423829,-81.11081879553075,0.0,22.376084808515895,0.0,39.49698093929965,0.06899923936903303,8,0.25938582793537895,0.005187716558707579,5,0.16224775504346614,262,4-9-18_Schnable_49-487-js155-2-224_2018-04-11_07-46-56_9989400,7.202580481124511
0.3719361726997008,71.20965489924693,39.89594827249237,0.0,311.0769228124876,0.0,67.92630039227977,0.060960769422385264,8,0.046162770476263396,0.0009232554095252679,6,0.2232085244658514,169,4-9-18_Schnable_49-487-js155-2-224_2018-04-11_07-46-56_9989400,3.038511822463865
0.19041175890471135,59.849219860883125,-6.3579697184454504,0.0,46.931949065260646,0.0,48.65941281688458,0.0,8,0.0029275737814761327,5.8551475629522654e-05,7,0.2232085244658514,92,4-9-18_Schnable_49-487-js155-2-224_2018-04-11_07-46-56_9989400,0.7651893597634682
0.148185396012594,62.503376818761105,-111.5240484113035,0.0,205.58216399793722,0.0,58.80957185106529,0.020648975503676198,8,0.0016195374292363787,3.239074858472758e-05,0,-0.11016034882347092,71,4-9-18_Schnable_49-488-js44-71_2018-04-11_07-49-10_9989500,0.5691287076288419
0.04485515240590019,89.5,43.27653409358872,0.0,12.768794924720869,0.0,69.54355947793893,0.033998055374389546,8,0.011708215174474177,0.00023416430348948355,1,-0.07616229344908138,19,4-9-18_Schnable_49-488-js44-71_2018-04-11_07-49-10_9989500,1.5302428025953383
0.09060968443640621,40.675556669530856,53.77003457390783,0.0,0.5459137829351164,0.0,28.89102218291109,0.002704239553508042,8,0.006727788625962238,0.00013455577251924477,2,-0.07345805389557333,46,4-9-18_Schnable_49-488-js44-71_2018-04-11_07-49-10_9989500,1.159981777957071
0.25680791500498795,59.46250781606069,-60.777117524895665,0.0,181.91267311328835,0.0,60.4919540410463,0.0,8,0.010285805102931079,0.00020571610205862158,3,-0.07345805389557333,130,4-9-18_Schnable_49-488-js44-71_2018-04-11_07-49-10_9989500,1.4342806631152132
0.07687368163881664,89.5,-152.30157462613033,0.0,347.79310348545187,0.0,17.915005064244234,0.05493284822438608,8,0.006138761604929436,0.0001227752320985887,4,-0.018525205671187255,33,4-9-18_Schnable_49-488-js44-71_2018-04-11_07-49-10_9989500,1.1080398553237547
0.21885725103842177,48.697660209263155,-155.4090124968039,0.0,357.227951888185,0.0,25.432411954643317,0.0,8,0.08633428913827919,0.0017266857827655838,5,-0.018525205671187255,96,4-9-18_Schnable_49-488-js44-71_2018-04-11_07-49-10_9989500,4.15534087983836
0.20029259288529044,61.607323399027194,-49.89988352485297,0.0,172.952757318432,0.0,54.112382834627965,0.046131218398142104,8,0.0033755576751338797,6.75111535026776e-05,6,0.027606012726954853,102,4-9-18_Schnable_49-488-js44-71_2018-04-11_07-49-10_9989500,0.8216517115096735
0.31895398086462534,65.13876214365621,-49.79542111585748,0.0,3.8540888493386753,0.0,63.51827222458729,0.040949918400906726,8,0.019661218739447924,0.0003932243747889585,7,0.06855593112786158,163,4-9-18_Schnable_49-488-js44-71_2018-04-11_07-49-10_9989500,1.9829885899544617
0.3170992845768493,77.85097954691298,-103.51217333600502,0.0,12.04738871321263,0.0,74.1856685226847,0.06907090743437265,8,0.07251826316419262,0.0014503652632838523,8,0.13762683856223423,151,4-9-18_Schnable_49-488-js44-71_2018-04-11_07-49-10_9989500,3.808366136919942
0.32737724787432465,69.28543090358905,-59.529923280155074,0.0,198.84853148055737,0.0,59.940727235369756,0.0,8,0.11428547862835475,0.002285709572567095,9,0.13762683856223423,162,4-9-18_Schnable_49-488-js44-71_2018-04-11_07-49-10_9989500,4.780909508207717
0.3178291009866891,71.1106900710419,-104.104748684506,0.0,223.79072179374967,0.0,69.28133632144822,0.0884608727635298,8,0.017266706268458002,0.00034533412536916,0,-0.08977966704665406,154,4-9-18_Schnable_49-489-js285-207_2018-04-11_07-51-28_9989600,1.8583167796938176
0.31707685402939845,69.09566883926178,-36.52475723895922,0.0,217.58683999136437,0.0,71.84204684785207,0.06613880761480556,8,0.03131644274065441,0.0006263288548130883,1,-0.02364085943184851,157,4-9-18_Schnable_49-489-js285-207_2018-04-11_07-51-28_9989600,2.5026562984418943
0.32901266912588495,65.06102606389932,-10.886862632787631,0.0,18.09726377276736,0.0,72.20089227788948,0.006073547583919401,8,0.11289380265673395,0.0022578760531346788,2,-0.017567311847929108,143,4-9-18_Schnable_49-489-js285-207_2018-04-11_07-51-28_9989600,4.751711326600848
0.40321662691601334,70.47160227630492,-45.127991564014124,0.0,358.8911461738102,0.0,65.9524446560724,0.04881346288935707,8,0.10400168161109631,0.002080033632221926,3,0.03124615104142796,187,4-9-18_Schnable_49-489-js285-207_2018-04-11_07-51-28_9989600,4.560738572009939
0.3270231940997881,71.63282836188037,-22.156977595027865,0.0,190.55768193930814,0.0,70.70739684571858,0.015105805576816112,8,0.04341084568809015,0.000868216913761803,4,0.046351956618244074,166,4-9-18_Schnable_49-489-js285-207_2018-04-11_07-51-28_9989600,2.9465520761761583
0.1938137422103583,89.5,-243.56786364914595,0.0,330.0887419100033,0.0,38.670045944827834,0.10933806043378394,8,0.1033951249028118,0.002067902498056236,5,0.155690017052028,99,4-9-18_Schnable_49-489-js285-207_2018-04-11_07-51-28_9989600,4.547419595832604
0.3674794590072863,66.37763625156362,-12.77958960455091,0.0,353.1309439977535,0.0,61.90979096880708,0.014254060634174365,8,0.038525760639777265,0.0007705152127955453,6,0.16994407768620237,151,4-9-18_Schnable_49-489-js285-207_2018-04-11_07-51-28_9989600,2.7758155788804584
0.31003625842272375,63.892498678378786,-58.11819328325101,0.0,300.9964539351558,0.0,60.97386592541293,0.0,8,0.1307585144590644,0.002615170289181288,7,0.16994407768620237,139,4-9-18_Schnable_49-489-js285-207_2018-04-11_07-51-28_9989600,5.113873570182673
0.308403275220833,48.49488309023134,-107.09949562685881,0.0,184.00380068064246,0.0,46.83692685258081,0.07247078212423741,8,0.015529311809604457,0.0003105862361920891,0,-0.04590176932357815,142,4-9-18_Schnable_49-491-js262-420_2018-04-11_07-55-51_9989800,1.762345698755182
0.3868570013668137,63.49026118816454,-144.0596018122,0.0,77.36181374899668,0.0,60.82783176672031,0.02795651178871446,8,0.02378563711029815,0.000475712742205963,1,-0.01794525753486369,178,4-9-18_Schnable_49-491-js262-420_2018-04-11_07-55-51_9989800,2.1810840016055386
0.4069813772678809,50.12084840761918,-94.07973043981129,0.0,213.22642644619057,0.0,53.516411212177665,0.01218743909577831,8,0.031515920747140956,0.0006303184149428191,2,-0.00575781843908538,167,4-9-18_Schnable_49-491-js262-420_2018-04-11_07-55-51_9989800,2.510614297224524
0.23320388975391643,72.2209586543216,-29.863873667550642,0.0,229.5813326043219,0.0,57.747558264998304,0.020175639815672188,8,0.029383651207192638,0.0005876730241438528,3,0.014417821376586808,104,4-9-18_Schnable_49-491-js262-420_2018-04-11_07-55-51_9989800,2.4241968239890355
0.3379295179528941,63.04702589886297,-36.690462430979935,0.0,356.37955269692463,0.0,62.76099105151771,0.10337100816461608,8,0.040349483902140354,0.000806989678042807,4,0.1177888295412029,146,4-9-18_Schnable_49-491-js262-420_2018-04-11_07-55-51_9989800,2.840756374705172
0.3014211726190472,70.58989666306965,-32.807139776934534,0.0,225.13290991186048,0.0,68.8568202936767,0.0,8,0.01665034446131685,0.000333006889226337,5,0.1177888295412029,137,4-9-18_Schnable_49-491-js262-420_2018-04-11_07-55-51_9989800,1.8248476353557217
0.15237658577938706,86.74309668125242,-95.60071002021955,0.0,231.21314546932683,0.0,75.97669790014226,0.041716779389320724,8,0.004786340942522253,9.572681885044506e-05,0,-0.14994671291166634,59,4-9-18_Schnable_49-493-js254-408_2018-04-11_08-00-19_9990000,0.978400832228004
0.20482326320783437,83.08111630767067,-108.21295991860973,0.0,16.584845473937712,0.0,77.98842278795415,0.0490635763635867,8,0.006603745817390389,0.00013207491634780778,1,-0.10088313654807964,99,4-9-18_Schnable_49-493-js254-408_2018-04-11_08-00-19_9990000,1.1492385146165602
0.2790188177728237,86.6121233659202,-99.21029240371391,0.0,208.55215789995333,0.0,75.055765410532,0.05316705512514843,8,0.02451356482741867,0.0004902712965483734,2,-0.047716081422931204,124,4-9-18_Schnable_49-493-js254-408_2018-04-11_08-00-19_9990000,2.214207073758851
0.25330119576202587,78.45480958479531,-44.487968685588456,0.0,17.32423319824152,0.0,71.73895953047408,0.03807606704007032,8,0.01559201250729102,0.0003118402501458204,3,-0.009640014382860882,128,4-9-18_Schnable_49-493-js254-408_2018-04-11_08-00-19_9990000,1.7658999126389365
0.3198212807604452,73.60303630386942,-84.07714935567874,0.0,183.68877994579944,0.0,56.768674921234314,0.12207931666644291,8,0.015022801848944202,0.00030045603697888404,4,0.11243930228358202,149,4-9-18_Schnable_49-493-js254-408_2018-04-11_08-00-19_9990000,1.7333667730139632
0.4337174291792855,79.2933198066494,-108.10756151669611,0.0,196.69312948613828,0.0,63.959200166934664,0.0,8,0.10308198075129216,0.0020616396150258433,5,0.11243930228358202,195,4-9-18_Schnable_49-493-js254-408_2018-04-11_08-00-19_9990000,4.540528179656903
0.15289265579079958,81.91717531183522,-42.81475829503205,0.0,275.2337084427161,0.0,64.31069166381882,0.07576994182464115,8,0.0065955463775524345,0.0001319109275510487,6,0.18820924410822318,67,4-9-18_Schnable_49-493-js254-408_2018-04-11_08-00-19_9990000,1.1485248258137424
0.21301444032693156,77.73589643568879,-12.574620654180517,0.0,5.125825080019928,0.0,69.71217097317208,0.0,8,0.02178950345508154,0.0004357900691016308,7,0.18820924410822318,113,4-9-18_Schnable_49-493-js254-408_2018-04-11_08-00-19_9990000,2.0875585479253767
0.2780806362839811,47.303045309349436,-111.64940302990749,0.0,141.70343273604328,0.0,45.17291549505622,0.08391399882045092,8,0.0055917553643238084,0.00011183510728647617,0,-0.14374177633423443,124,4-9-18_Schnable_49-494-js59-2-88_2018-04-11_08-02-32_9990100,1.0575211926315056
0.402238584859452,52.39360148012586,-138.10334385999943,0.0,21.628764621310758,0.0,48.76748572460719,0.02390483742239502,8,0.019816467279103328,0.00039632934558206655,1,-0.11983693891183941,178,4-9-18_Schnable_49-494-js59-2-88_2018-04-11_08-02-32_9990100,1.99080221413898
0.46925999450800093,62.58078411393899,-86.25432515651663,0.0,19.37644622734159,0.0,58.99191169856816,0.06284968650305145,8,0.13542530512120854,0.002708506102424171,2,-0.056987252408787964,208,4-9-18_Schnable_49-494-js59-2-88_2018-04-11_08-02-32_9990100,5.204330987191506
0.4286515307661983,58.25448929965651,-167.27566898233118,0.0,184.27204234486368,0.0,50.80262869445202,0.01139301116019805,8,0.16398026473721988,0.003279605294744398,3,-0.04559424124858991,178,4-9-18_Schnable_49-494-js59-2-88_2018-04-11_08-02-32_9990100,5.726783822307594
0.19143002714020962,60.50777865469471,-8.976255074063026,0.0,121.79566238513327,0.0,50.82030409202467,0.0,8,0.008008006758746591,0.00016016013517493183,4,-0.04559424124858991,86,4-9-18_Schnable_49-494-js59-2-88_2018-04-11_08-02-32_9990100,1.2655438956232685
0.571015207047948,65.27368161065601,-8.348714988397186,0.0,187.75285038811387,0.0,62.90089560794902,0.03284571308283367,8,0.4655312635549138,0.009310625271098277,5,-0.01274852816575624,279,4-9-18_Schnable_49-494-js59-2-88_2018-04-11_08-02-32_9990100,9.649158134831389
0.2392875438665168,89.19639824839817,-22.64888531974031,0.0,205.676842969214,0.0,82.4806598146027,0.10774430066755122,8,0.05055530220797567,0.0010111060441595134,6,0.09499577250179499,123,4-9-18_Schnable_49-494-js59-2-88_2018-04-11_08-02-32_9990100,3.1797893706337113
0.4791740161379613,70.20495334503761,-56.70659181823386,0.0,26.11571172909744,0.0,65.8827425993809,0.0,8,0.10820098942735228,0.0021640197885470455,7,0.09499577250179499,219,4-9-18_Schnable_49-494-js59-2-88_2018-04-11_08-02-32_9990100,4.651902609198784
0.42225090962864986,60.65728506454736,-6.679784203147965,0.0,0.8652192440427362,0.0,60.51022704985385,0.09676454807282435,8,0.04352433994332691,0.0008704867988665382,8,0.19176032057461934,182,4-9-18_Schnable_49-494-js59-2-88_2018-04-11_08-02-32_9990100,2.9504013267122464
0.42928718039294905,71.00503622098059,-25.46247991042346,0.0,275.8439705385232,0.0,68.55145175613191,0.05080017039054491,8,0.14026904562316628,0.0028053809124633255,9,0.24256049096516424,192,4-9-18_Schnable_49-494-js59-2-88_2018-04-11_08-02-32_9990100,5.296584666049742
0.17559543645730266,83.62290034518304,-32.86205843617403,0.0,125.25038467070745,0.0,70.33895769749843,0.0,8,0.010080361438708156,0.00020160722877416313,10,0.24256049096516424,89,4-9-18_Schnable_49-494-js59-2-88_2018-04-11_08-02-32_9990100,1.4198846036708868
0.21001188855406083,43.55975673609606,-125.5173056087408,0.0,287.12979583045023,0.0,41.40014456067076,0.0,8,0.0017048396485718972,3.409679297143794e-05,0,-0.1401849376198223,99,4-9-18_Schnable_49-495-js28-2-48_2018-04-11_08-04-45_9990200,0.5839245924898003
0.24878436893667485,53.71705715116937,-77.56214908953757,0.0,337.7055206383215,0.0,51.98256177295185,0.03827104741289472,8,0.011115947020430887,0.00022231894040861775,1,-0.10191389020692757,112,4-9-18_Schnable_49-495-js28-2-48_2018-04-11_08-04-45_9990200,1.491036352369109
0.3287139911468645,45.4794138330394,-63.422410870955204,0.0,239.78466987218877,0.0,47.24584268793955,0.023432799994094713,8,0.04866662759865367,0.0009733325519730734,2,-0.07848109021283285,140,4-9-18_Schnable_49-495-js28-2-48_2018-04-11_08-04-45_9990200,3.1198278028972584
0.37720429733838207,53.52542644521722,-83.8127413038614,0.0,22.060202577999647,0.0,55.08826950440768,0.02262504747788839,8,0.022776297309382576,0.00045552594618765153,3,-0.05585604273494446,168,4-9-18_Schnable_49-495-js28-2-48_2018-04-11_08-04-45_9990200,2.1343053815882382
0.2963632327136091,49.501576812857124,-70.2829575246649,0.0,233.710700597021,0.0,46.32254357674743,0.015215340213751559,8,0.012408969824167773,0.00024817939648335543,4,-0.0406407025211929,127,4-9-18_Schnable_49-495-js28-2-48_2018-04-11_08-04-45_9990200,1.5753710562383565
0.09336970350465891,89.5,-85.76312249301168,0.0,276.29983258390587,0.0,71.50535484484283,0.001812002002513649,8,0.008660795719408806,0.00017321591438817613,5,-0.03882870051867925,37,4-9-18_Schnable_49-495-js28-2-48_2018-04-11_08-04-45_9990200,1.3161151712072015
0.02786954223404349,77.88952744456222,-23.32998705715461,0.0,341.28122805608024,0.0,25.746232837218994,0.03880703507713648,8,0.006468265518969008,0.00012936531037938018,6,-2.1665441542772448e-05,11,4-9-18_Schnable_49-495-js28-2-48_2018-04-11_08-04-45_9990200,1.1373887214992953
0.36356789399960654,55.034441863980966,-31.598848460840077,0.0,220.43552969553272,0.0,53.12170239288031,0.043531195250480444,8,0.02887310517616523,0.0005774621035233047,8,0.04350952980893767,166,4-9-18_Schnable_49-495-js28-2-48_2018-04-11_08-04-45_9990200,2.4030441184533102
0.3234479533527262,55.71886171917132,-41.67429392721339,0.0,234.26478118855812,0.0,57.23590445104674,0.07693702203609476,8,0.011255832222735962,0.00022511664445471925,9,0.12044655184503243,135,4-9-18_Schnable_49-495-js28-2-48_2018-04-11_08-04-45_9990200,1.500388764469793
0.3866377119409453,65.22793588117425,-71.03035336467951,0.0,42.9087836169767,0.0,74.1890942114259,0.029318234933174855,8,0.0216707691561808,0.000433415383123616,10,0.1497647867782073,168,4-9-18_Schnable_49-495-js28-2-48_2018-04-11_08-04-45_9990200,2.0818630673596568
0.18468806880832797,72.50277705770745,-52.107381648565955,0.0,67.60874769715409,0.0,61.45464090471035,0.0,8,0.01411322744328784,0.0002822645488657568,11,0.1497647867782073,81,4-9-18_Schnable_49-495-js28-2-48_2018-04-11_08-04-45_9990200,1.6800730605118244
0.20575103712171797,52.430611008802614,-116.39114068710283,0.0,151.2862625508899,0.0,51.85531837618057,0.04285135494285344,8,0.003050262972321284,6.100525944642568e-05,0,-0.09835268417562787,101,4-9-18_Schnable_49-496-js233-371_2018-04-11_08-06-59_9990300,0.7810586370204587
0.28442425259243853,50.443685770681824,-126.75218668179744,0.0,306.7424462097139,0.0,47.36597651899032,0.023271655074815975,8,0.006473757291321797,0.00012947514582643593,1,-0.0750810291008119,124,4-9-18_Schnable_49-496-js233-371_2018-04-11_08-06-59_9990300,1.1378714594647144
0.3208689111014405,53.97594149573892,-147.0372928484235,0.0,124.99284441494046,0.0,51.957188828116365,0.02793386132022866,8,0.013260277414919409,0.00026520554829838816,2,-0.047147167780583234,141,4-9-18_Schnable_49-496-js233-371_2018-04-11_08-06-59_9990300,1.6285132738126151
0.34333072135203735,39.3126804670629,-65.17169927034183,0.0,303.2613250588054,0.0,43.41546776054776,0.010180425328978948,8,0.018601790164339098,0.000372035803286782,3,-0.036966742451604286,150,4-9-18_Schnable_49-496-js233-371_2018-04-11_08-06-59_9990300,1.9288229656626914
0.4154485930053801,49.81730389713848,-118.5439982810986,0.0,123.27519941791923,0.0,48.82703849333119,0.0429229756404283,8,0.019574676210555694,0.0003914935242111139,4,0.005956233188824017,179,4-9-18_Schnable_49-496-js233-371_2018-04-11_08-06-59_9990300,1.978619529396983
0.4824590343560143,59.62426105522908,-86.34796615495743,0.0,323.6648230428861,0.0,56.44355207973197,0.04263380882489883,8,0.17372302787101268,0.0034744605574202536,5,0.04859004201372285,232,4-9-18_Schnable_49-496-js233-371_2018-04-11_08-06-59_9990300,5.894455494293136
0.3705762919875495,83.20032565067702,-140.99100392457072,0.0,18.737372892106613,0.0,70.09361160116137,0.08934931226339404,8,0.22803130359503548,0.004560626071900709,6,0.1379393542771169,178,4-9-18_Schnable_49-496-js233-371_2018-04-11_08-06-59_9990300,6.75324075677797
0.4424630171099749,57.42433386998773,-96.98536122294213,0.0,101.70356849965826,0.0,57.44471467097441,0.0,8,0.1792242167582216,0.0035844843351644316,7,0.1379393542771169,211,4-9-18_Schnable_49-496-js233-371_2018-04-11_08-06-59_9990300,5.987056317727796
0.28335890367023836,48.92798033513656,-139.0542604291363,0.0,135.08816268020013,0.0,45.9663118255949,0.07832301079354706,8,0.007432357346734554,0.00014864714693469107,0,-0.02694766187151596,120,4-9-18_Schnable_49-497-js243-388_2018-04-11_08-09-13_9990400,1.2192093623930678
0.2525922330334901,45.249864419539215,-114.35507243850813,0.0,348.66587526904055,0.0,37.67446766675586,0.014183509574160029,8,0.008601065186376674,0.00017202130372753348,1,-0.012764152297355932,122,4-9-18_Schnable_49-497-js243-388_2018-04-11_08-09-13_9990400,1.311568922045401
0.18252168609951253,50.069710284746975,-46.273156867789275,0.0,164.6922044639959,0.0,46.34149009595508,0.04383350664898461,8,0.004028963629429115,8.05792725885823e-05,2,0.031069354351628675,81,4-9-18_Schnable_49-497-js243-388_2018-04-11_08-09-13_9990400,0.8976595824062834
0.3271678277032492,72.99222123378665,-108.039381200445,0.0,132.42315052773873,0.0,64.37306629382536,0.07465064577119952,8,0.02766227716218435,0.000553245543243687,3,0.1057200001228282,148,4-9-18_Schnable_49-497-js243-388_2018-04-11_08-09-13_9990400,2.35211722336215
0.32127244010902223,54.30319035476859,-134.2824635239275,0.0,352.28700128143305,0.0,58.26064496075807,0.0,8,0.037107096596714004,0.00074214193193428,4,0.1057200001228282,158,4-9-18_Schnable_49-497-js243-388_2018-04-11_08-09-13_9990400,2.724228206179284
0.2470220302606616,30.136787543391428,-103.62455648716131,0.0,178.06055071283137,0.0,26.404348641019407,0.06458573102369036,8,0.01664140031116537,0.00033282800622330737,0,-0.0545944821533171,121,4-9-18_Schnable_49-498-js169-241_2018-04-11_08-11-26_9990500,1.824357438177364
0.2952447905255865,36.36162962101903,-136.64694395618554,0.0,325.15902242639066,0.0,33.55927609089568,0.026457331554434606,8,0.03982958930381712,0.0007965917860763425,1,-0.028137150598882495,131,4-9-18_Schnable_49-498-js169-241_2018-04-11_08-11-26_9990500,2.8223957661468075
0.3275616814103701,38.329168136803844,-105.90333012839523,0.0,173.262390935168,0.0,36.37897666965106,0.01388662044717308,8,0.016291788298526032,0.00032583576597052064,2,-0.014250530151709415,153,4-9-18_Schnable_49-498-js169-241_2018-04-11_08-11-26_9990500,1.8050921471507226
0.23944584138926095,50.508054612909206,-52.49637928049687,0.0,343.81398866622925,0.0,50.61347353535082,0.017912584162008558,8,0.005922512785008872,0.00011845025570017743,3,0.0036620540102991444,95,4-9-18_Schnable_49-498-js169-241_2018-04-11_08-11-26_9990500,1.0883485457342121
0.23190987195876614,74.55883047765501,-57.573027516196966,0.0,358.8011049906081,0.0,73.70821678101035,0.11290501574693733,8,0.011076610606055939,0.00022153221212111877,4,0.11656706975723648,106,4-9-18_Schnable_49-498-js169-241_2018-04-11_08-11-26_9990500,1.4883958214168662
0.17870655597289622,89.5,-9.204322772586657,0.0,112.34195150166006,0.0,79.34709987479106,0.0,8,0.025429004794290215,0.0005085800958858043,5,0.11656706975723648,91,4-9-18_Schnable_49-498-js169-241_2018-04-11_08-11-26_9990500,2.2551720463986875
0.1758080812187353,64.8742185481244,-164.35764563499265,0.0,15.433006203479056,0.0,56.4713766606437,0.0358008005421552,8,0.003333748844191963,6.667497688383926e-05,0,-0.09140565561891617,83,4-9-18_Schnable_49-500-js234-375_2018-04-11_08-15-54_9990700,0.8165474688212514
0.19248474827817957,67.65291740144687,-157.35185305427495,0.0,248.63374514784,0.0,60.13115715846219,0.04085709374676259,8,0.0046296152865463016,9.259230573092603e-05,1,-0.05054856187215358,74,4-9-18_Schnable_49-500-js234-375_2018-04-11_08-15-54_9990700,0.9622489580712781
0.2732474450925436,78.23851639294186,-132.9157485476441,0.0,35.628146480059826,0.0,63.4302686191505,0.010126344423020336,8,0.07570477178067228,0.0015140954356134455,2,-0.04042221744913324,133,4-9-18_Schnable_49-500-js234-375_2018-04-11_08-15-54_9990700,3.8911379256117944
0.2730526805454947,58.54894995116019,-112.75031732690137,0.0,218.38138797017677,0.0,55.37877562441183,0.09433821196975252,8,0.0122632013001838,0.00024526402600367597,3,0.05391599452061928,127,4-9-18_Schnable_49-500-js234-375_2018-04-11_08-15-54_9990700,1.5660907572796539
0.21362564311125629,75.9072006353122,-7.9468745746667935,0.0,36.697546911419614,0.0,73.60181741497995,0.07442556161312415,8,0.014924722509291038,0.00029849445018582076,4,0.12834155613374343,115,4-9-18_Schnable_49-500-js234-375_2018-04-11_08-15-54_9990700,1.7276991931057348
0.26908341715412204,64.6245914202038,-64.43819735776445,0.0,242.42180600702937,0.0,67.58086892518952,0.0,8,0.011165241237612932,0.00022330482475225864,5,0.12834155613374343,111,4-9-18_Schnable_49-500-js234-375_2018-04-11_08-15-54_9990700,1.4943387325243853
0.19529652489102023,80.69121683105982,-236.48563629137078,0.0,63.23174260562226,0.0,63.24902590954425,0.05451353507752943,8,0.10134576816305503,0.0020269153632611007,0,-0.1587507639375712,94,4-9-18_Schnable_49-501-js196-305_2018-04-11_08-18-10_9990800,4.502127678399515
0.25590022612522306,59.08146194022004,-132.3610297234645,0.0,19.11727433600608,0.0,51.33081552586151,0.016216928518733353,8,0.01787964932252763,0.0003575929864505526,1,-0.14253383541883785,122,4-9-18_Schnable_49-501-js196-305_2018-04-11_08-18-10_9990800,1.8910129202375976
0.06266665892453335,89.5,-46.333493467296634,0.0,319.78913426091225,0.0,71.12971530559773,0.0,8,0.008293056201726235,0.0001658611240345247,2,-0.14253383541883785,30,4-9-18_Schnable_49-501-js196-305_2018-04-11_08-18-10_9990800,1.2878708166369977
0.28858809860359685,86.44605676511753,-124.80358132654814,0.0,157.53724995711485,0.0,82.23138833256964,0.03267398122734845,8,0.054445497471854384,0.0010889099494370876,3,-0.1098598541914894,133,4-9-18_Schnable_49-501-js196-305_2018-04-11_08-18-10_9990800,3.2998635569324497
0.38902156554582057,59.30440476367822,-193.16869152693465,0.0,351.65656771587874,0.0,47.22360179961631,0.028652834760417162,8,0.061222785706742534,0.0012244557141348506,4,-0.08120701943107224,172,4-9-18_Schnable_49-501-js196-305_2018-04-11_08-18-10_9990800,3.4992223623754612
0.47897340850320963,74.37229139763147,-98.41306375945938,0.0,353.94988537571527,0.0,63.22717049898623,0.06301440880749264,8,0.7178779042817097,0.014357558085634194,5,-0.0181926106235796,232,4-9-18_Schnable_49-501-js196-305_2018-04-11_08-18-10_9990800,11.982302819422564
0.1850924540922622,89.5,18.163171207823172,0.0,328.1049314570468,0.0,80.06729083330276,0.01325831722042694,8,0.03165848981105389,0.0006331697962210777,6,-0.00493429340315266,93,4-9-18_Schnable_49-501-js196-305_2018-04-11_08-18-10_9990800,2.5162865421511076
0.40540439799868144,88.99881790574419,-158.26568229410842,0.0,238.16668607037013,0.0,79.19386457442953,0.14707683695906254,8,0.05378574064706433,0.0010757148129412865,7,0.14214254355590988,195,4-9-18_Schnable_49-501-js196-305_2018-04-11_08-18-10_9990800,3.2798091605172495
0.17935548087681824,43.2169181437946,-53.017120837467445,0.0,208.8988147095819,0.0,26.05077199956243,0.08587641246468228,8,0.006084790106909706,0.00012169580213819413,8,0.22801895602059216,94,4-9-18_Schnable_49-501-js196-305_2018-04-11_08-18-10_9990800,1.1031582032428264
0.18122008869757678,46.36262775790936,-84.68054339416864,0.0,227.88396724623013,0.0,40.32068227138975,0.0,8,0.020178795259287077,0.00040357590518574156,9,0.22801895602059216,92,4-9-18_Schnable_49-501-js196-305_2018-04-11_08-18-10_9990800,2.0089198719355177
0.33767774752830115,57.34531689565883,-138.24290703686236,0.0,18.556872806183843,0.0,51.53656850503791,0.06636422841586839,8,0.024852885312979717,0.0004970577062595943,0,-0.1085643948620437,158,4-9-18_Schnable_49-502-js8-16_2018-04-11_08-20-23_9990900,2.2294791011794532
0.36688754169784166,46.61203181371887,-92.31161348054489,0.0,163.07261369814515,0.0,45.136885229037375,0.03221112650037246,8,0.03915732569312362,0.0007831465138624724,1,-0.07635326836167124,167,4-9-18_Schnable_49-502-js8-16_2018-04-11_08-20-23_9990900,2.798475502595069
0.4730902619796746,53.365475228007284,-113.84450385757367,0.0,5.954172747422571,0.0,51.485956527837146,0.03276626529362004,8,0.02761389779206539,0.0005522779558413078,2,-0.043587003068051196,220,4-9-18_Schnable_49-502-js8-16_2018-04-11_08-20-23_9990900,2.350059479760689
0.4738664031108855,52.055735876444274,-77.14352058532604,0.0,152.86637971442886,0.0,55.26301655610471,0.0674845253693709,8,0.06412455381640335,0.0012824910763280669,3,0.023897522301319703,218,4-9-18_Schnable_49-502-js8-16_2018-04-11_08-20-23_9990900,3.5811884568227725
0.5995172006167904,68.05043077434283,-116.4448551347365,0.0,13.813471719745882,0.0,68.00802827651029,0.044505345249121135,8,0.05813602661150835,0.001162720532230167,4,0.06840286755044084,285,4-9-18_Schnable_49-502-js8-16_2018-04-11_08-20-23_9990900,3.409868813063293
0.521965300412449,64.74949460452197,-115.84545943841827,0.0,157.29255921265278,0.0,67.49253796737965,0.10656688222547236,8,0.023342225414183595,0.0004668445082836719,5,0.1749697497759132,218,4-9-18_Schnable_49-502-js8-16_2018-04-11_08-20-23_9990900,2.1606584836194545
0.39696284987267033,72.14048240057397,-232.99374234673147,0.0,346.2600392910647,0.0,61.789356802297384,0.0,8,0.15562380015733096,0.003112476003146619,6,0.1749697497759132,174,4-9-18_Schnable_49-502-js8-16_2018-04-11_08-20-23_9990900,5.578956894569647
0.14949446680583348,67.53388137769431,-74.7967597750762,0.0,320.20517629223184,0.0,62.598311441780226,0.05154588030701909,8,0.008693188603038866,0.00017386377206077733,0,-0.13976646720941885,64,4-9-18_Schnable_49-503-js261-419_2018-04-11_08-22-36_9991000,1.3185741240475537
0.2535261953841955,65.73762159486077,-89.63974189399958,0.0,199.9877461090284,0.0,59.29099496944291,0.042176568284390356,8,0.0054807760158350205,0.00010961552031670041,1,-0.09758989892502849,116,4-9-18_Schnable_49-503-js261-419_2018-04-11_08-22-36_9991000,1.0469743087425805
0.3694297952936164,67.22772525156624,-123.14417688921861,0.0,12.733661134234053,0.0,61.9106909558932,0.04410668524483062,8,0.03802075768307747,0.0007604151536615495,2,-0.05348321368019787,172,4-9-18_Schnable_49-503-js261-419_2018-04-11_08-22-36_9991000,2.757562607923072
0.3412630478707374,68.21716875568345,-37.736754175342824,0.0,203.11655770055089,0.0,66.27433978242814,0.03877274377697501,8,0.028592291853318765,0.0005718458370663753,3,-0.01471046990322286,153,4-9-18_Schnable_49-503-js261-419_2018-04-11_08-22-36_9991000,2.391329833097842
0.4482440808536338,70.02987309357552,-32.782122246284914,0.0,13.792461602401003,0.0,70.97925275993055,0.0821981291575102,8,0.08792276520407762,0.0017584553040815524,4,0.06748765925428733,203,4-9-18_Schnable_49-503-js261-419_2018-04-11_08-22-36_9991000,4.193393976341303
0.36242540005851903,76.1808717659485,-30.17784603132836,0.0,165.95489076202296,0.0,75.73722314017317,0.12234219782724283,8,0.051309476898025175,0.0010261895379605035,5,0.18982985708153016,183,4-9-18_Schnable_49-503-js261-419_2018-04-11_08-22-36_9991000,3.2034193262208173
0.2331017529787676,82.61771407858627,-29.364151602200746,0.0,80.12409779551723,0.0,73.1880008527511,0.0,8,0.016922561893680105,0.0003384512378736021,6,0.18982985708153016,121,4-9-18_Schnable_49-503-js261-419_2018-04-11_08-22-36_9991000,1.8397044270034306
0.0837294625245328,77.37429039836557,-74.57719833130349,0.0,179.42557065048402,0.0,49.75937856284308,0.0552277814334973,8,0.0030490530990664867,6.0981061981329734e-05,0,-0.031622945129663974,37,4-9-18_Schnable_49-505-js54-83_2018-04-11_08-27-04_9991200,0.7809037199381863
0.08220839473548859,83.30412103474407,-106.58598479597511,0.0,193.09204415056962,0.0,58.672868702733155,0.03623970570199756,8,0.002089375809506532,4.178751619013064e-05,1,0.004616760572333587,35,4-9-18_Schnable_49-505-js54-83_2018-04-11_08-27-04_9991200,0.646432642973192
0.2233286517853516,70.63571494199067,-62.89533373899281,0.0,192.6158329056023,0.0,63.40459683018105,0.08038317313177164,8,0.009383875820030134,0.00018767751640060267,2,0.08499993370410522,96,4-9-18_Schnable_49-505-js54-83_2018-04-11_08-27-04_9991200,1.3699544386606537
0.29763996426631006,71.26654926886458,-133.00904622436772,0.0,18.98177256141224,0.0,69.02878313047056,0.0,8,0.01775279271559761,0.0003550558543119522,3,0.08499993370410522,146,4-9-18_Schnable_49-505-js54-83_2018-04-11_08-27-04_9991200,1.8842925842659155
0.254492041439455,34.26377938031612,-120.29110097774394,0.0,215.20555217770894,0.0,26.314124707049384,0.0908926856407214,8,0.008516612549449805,0.0001703322509889961,0,-0.23880715833735844,112,4-9-18_Schnable_49-506-js58-87_2018-04-11_08-29-17_9991300,1.3051139834857186
0.09134532147429421,89.5,-46.01229461540038,0.0,55.82725715354766,0.0,40.42622193110601,0.006245069829324962,8,0.011295414816192258,0.00022590829632384516,1,-0.23256208850803348,40,4-9-18_Schnable_49-506-js58-87_2018-04-11_08-29-17_9991300,1.5030246050010132
0.4523276255418315,41.29305609561254,-145.14148491341334,0.0,219.0586488323719,0.0,36.66726817771606,0.03332375781270441,8,0.1043119916327209,0.002086239832654418,2,-0.19923833069532906,215,4-9-18_Schnable_49-506-js58-87_2018-04-11_08-29-17_9991300,4.567537446649363
0.5841010591447068,68.29129433292152,51.62402778293564,0.0,83.46183190325782,0.0,73.77298329342683,0.03969137884479257,8,0.8379458184393427,0.016758916368786854,3,-0.1595469518505365,269,4-9-18_Schnable_49-506-js58-87_2018-04-11_08-29-17_9991300,12.945623341031846
0.5516900522527681,46.81006950821962,-110.67729853607882,0.0,211.7999746778286,0.0,44.701039112260474,0.04671609110130458,8,0.22355648381447454,0.0044711296762894905,4,-0.11283086074923192,247,4-9-18_Schnable_49-506-js58-87_2018-04-11_08-29-17_9991300,6.686650638615338
0.1424995878572984,61.38847217213571,26.539990323460493,0.0,161.72364751262245,0.0,54.14040485380787,0.08031756398663714,8,0.008941267807255852,0.00017882535614511703,5,-0.032513296762594776,73,4-9-18_Schnable_49-506-js58-87_2018-04-11_08-29-17_9991300,1.3372559820210828
0.40268984195535296,55.69481669281756,-52.084193761628306,0.0,213.08664906524947,0.0,53.887567575572824,0.06069084415854897,8,0.2203811605073459,0.004407623210146918,6,0.0281775473959542,186,4-9-18_Schnable_49-506-js58-87_2018-04-11_08-29-17_9991300,6.638993304821837
0.3112980160920898,89.5,-11.085675666799752,0.0,335.913608157591,0.0,87.5239035749088,0.0,8,0.04086263155844998,0.0008172526311689995,7,0.0281775473959542,130,4-9-18_Schnable_49-506-js58-87_2018-04-11_08-29-17_9991300,2.8587630737243677
0.1569046484991193,57.55387013630243,-118.44791831275998,0.0,308.86680119847136,0.0,43.14725303659655,0.31776541971026884,8,0.04685508144982621,0.0009371016289965242,8,0.345942967106223,81,4-9-18_Schnable_49-506-js58-87_2018-04-11_08-29-17_9991300,3.0612115722316946
0.10586078205613136,65.89443291509355,-122.69638136735692,0.0,344.38792248584764,0.0,35.956813302884704,0.0,8,0.004585901554329247,9.171803108658494e-05,9,0.345942967106223,57,4-9-18_Schnable_49-506-js58-87_2018-04-11_08-29-17_9991300,0.9576953121248164
0.3308925093589702,54.67386603067049,-55.72408403434845,0.0,228.52574602901734,0.0,55.21822855378231,0.10165950049017847,8,0.02062755429626597,0.00041255108592531936,0,-0.11189964079274012,147,4-9-18_Schnable_49-507-js72-102_2018-04-11_08-31-31_9991400,2.0311353621197172
0.3817405288068119,54.49449096199516,-64.2679020964714,0.0,120.31875533451343,0.0,52.06565436830447,0.03417074298853261,8,0.050068380239605845,0.001001367604792117,1,-0.07772889780420751,172,4-9-18_Schnable_49-507-js72-102_2018-04-11_08-31-31_9991400,3.164439294396587
0.4580289454210356,50.32605757309401,-74.50036986199558,0.0,280.8031841253388,0.0,50.549821527253485,0.027442336529347675,8,0.01942047401028686,0.00038840948020573725,2,-0.05028656127485984,201,4-9-18_Schnable_49-507-js72-102_2018-04-11_08-31-31_9991400,1.9708106966569297
0.5388619359135332,58.24907303033657,-51.13364498623896,0.0,115.39781205200975,0.0,58.64869125286929,0.03813290060399141,8,0.09081609357526502,0.0018163218715053003,3,-0.012153660670868423,230,4-9-18_Schnable_49-507-js72-102_2018-04-11_08-31-31_9991400,4.2618327882558935
0.47424397372361327,64.013362661885,-21.463783106665563,0.0,289.47094376575865,0.0,64.23462519091558,0.02662105832648738,8,0.033256616901212954,0.0006651323380242591,4,0.014467397655618955,229,4-9-18_Schnable_49-507-js72-102_2018-04-11_08-31-31_9991400,2.5790159713042864
0.5545515361188007,66.58320670593531,-14.217970336044235,0.0,117.62116397084522,0.0,70.81536982050652,0.07115207065824244,8,0.09897979338313413,0.001979595867662683,5,0.0856194683138614,236,4-9-18_Schnable_49-507-js72-102_2018-04-11_08-31-31_9991400,4.449264959139524
0.5476123199488954,72.9090266728798,-20.390910932921255,0.0,297.7804648552626,0.0,71.88943562769467,0.058789808540422636,8,0.10386511829426828,0.0020773023658853655,6,0.14440927685428404,283,4-9-18_Schnable_49-507-js72-102_2018-04-11_08-31-31_9991400,4.55774326381529
0.37347541232655496,78.953671108849,6.463318302496947,0.0,110.33732989084012,0.0,76.35647973783155,0.07034955643166083,8,0.05146882028309538,0.0010293764056619075,7,0.21475883328594486,185,4-9-18_Schnable_49-507-js72-102_2018-04-11_08-31-31_9991400,3.2083896360353545
0.2258845807238186,89.5,0.6398110277434222,0.0,233.3427632169049,0.0,83.90462042535808,0.0,8,0.03169859395763808,0.0006339718791527615,8,0.21475883328594486,118,4-9-18_Schnable_49-507-js72-102_2018-04-11_08-31-31_9991400,2.5178798207078144
0.28276527571647053,77.461167117059,-224.49755273030112,0.0,61.78671822125464,0.0,42.186853201171004,0.23314991696410114,8,0.3211741014462035,0.00642348202892407,0,0.0626431604758106,142,4-9-18_Schnable_49-508-js75-107_2018-04-11_08-33-45_9991500,8.01466283066485
0.23154143966655819,0.5,-224.0824415342441,0.0,355.9348241636518,0.0,-32.463607220535344,0.000653183059866197,8,0.12366708925135346,0.0024733417850270694,1,0.0632963435356768,103,4-9-18_Schnable_49-508-js75-107_2018-04-11_08-33-45_9991500,4.973270337541555
0.25441181695858694,50.41433521127194,-1.0310042018551977,0.0,45.83002702617839,0.0,42.22819770559079,0.022272501181006266,8,0.10096023523172798,0.0020192047046345596,2,0.08556884471668307,126,4-9-18_Schnable_49-508-js75-107_2018-04-11_08-33-45_9991500,4.493556169265673
0.31384169564796194,30.794805969873416,151.97016564501234,0.0,2.078219244151643,0.0,39.59768185904309,0.013585498058271875,8,0.06182506083522876,0.0012365012167045752,3,0.09915434277495494,151,4-9-18_Schnable_49-508-js75-107_2018-04-11_08-33-45_9991500,3.5163919245507533
0.4119240731556858,0.5,-249.60917824096057,0.0,350.6080635994276,0.0,-10.570080115969953,0.0,8,0.06440353995794679,0.0012880707991589357,4,0.09915434277495494,184,4-9-18_Schnable_49-508-js75-107_2018-04-11_08-33-45_9991500,3.58897032470169
0.30521696720966623,62.21447667803403,-106.05602700379566,0.0,242.91345574025274,0.0,57.27134213551266,0.05811996139893391,8,0.010698152329478655,0.0002139630465895731,0,-0.06086430698216573,145,4-9-18_Schnable_49-509-js241-386_2018-04-11_08-35-58_9991600,1.4627475742231575
0.3164958767300256,55.69348657090918,-83.20233499397048,0.0,95.19281821612273,0.0,52.844957048780635,0.029782838783540967,8,0.01600437470697727,0.0003200874941395454,1,-0.031081468198624763,142,4-9-18_Schnable_49-509-js241-386_2018-04-11_08-35-58_9991600,1.7890989188402786
0.2762781580408133,63.99677141088281,-22.607789133857686,0.0,100.18878916558783,0.0,63.07018296996538,0.04830984758229398,8,0.05228069743626804,0.0010456139487253608,2,0.017228379383669216,130,4-9-18_Schnable_49-509-js241-386_2018-04-11_08-35-58_9991600,3.233595442731451
0.3780634026751152,61.72383514860488,-13.429274710038252,0.0,241.25577779035825,0.0,62.90342475353444,0.0038218646600277698,8,0.0630293909822204,0.0012605878196444082,3,0.021050244043696986,161,4-9-18_Schnable_49-509-js241-386_2018-04-11_08-35-58_9991600,3.5504757704347285
0.40934085812332116,74.65156307355308,-11.677683409692218,0.0,65.4956518832293,0.0,62.73472859102468,0.09832513199644537,8,0.06347539119565303,0.0012695078239130606,4,0.11937537604014235,197,4-9-18_Schnable_49-509-js241-386_2018-04-11_08-35-58_9991600,3.563015329623296
0.4117126253270768,75.8425596702217,-9.704062133813514,0.0,248.24135727189167,0.0,76.19880035781364,0.0,8,0.0967507189179462,0.0019350143783589241,5,0.11937537604014235,197,4-9-18_Schnable_49-509-js241-386_2018-04-11_08-35-58_9991600,4.398879832819856
0.14571974390233416,70.83082252377594,-49.84605978440668,0.0,297.0219024240183,0.0,67.65041958193518,0.046170053066469,8,0.0035614759248747234,7.122951849749447e-05,0,-0.049451807666998235,68,4-9-18_Schnable_49-510-js100-144_2018-04-11_08-38-12_9991700,0.8439758201364213
0.3550776599021361,66.57335793396663,-120.81767862789869,0.0,232.11698149743995,0.0,56.168823542658586,0.04435871438305337,8,0.1543318316530979,0.003086636633061958,1,-0.005093093283944865,157,4-9-18_Schnable_49-510-js100-144_2018-04-11_08-38-12_9991700,5.555750744104669
0.23104505685554855,56.15140412514694,-76.99680170133794,0.0,4.296031833829147,0.0,45.06837682742407,0.008035294369824048,8,0.023980780941051782,0.0004796156188210356,2,0.0029422010858791833,98,4-9-18_Schnable_49-510-js100-144_2018-04-11_08-38-12_9991700,2.190012828320957
0.11587756997693843,81.2978631260012,-60.87755612663574,0.0,323.6160740687205,0.0,70.83191879764378,0.011755127520494717,8,0.01583945389706847,0.00031678907794136944,3,0.014697328606373902,48,4-9-18_Schnable_49-510-js100-144_2018-04-11_08-38-12_9991700,1.779856954761729
0.2970322871077788,65.48038429632956,-39.75899385358781,0.0,46.56139546209608,0.0,63.53885712346289,0.06277683743728436,8,0.009321323498823298,0.00018642646997646595,4,0.07747416604365827,130,4-9-18_Schnable_49-510-js100-144_2018-04-11_08-38-12_9991700,1.365380789290907
0.3199644812557219,89.5,44.44394971569912,0.0,60.07280593884975,0.0,87.77792421699847,0.018450508315510802,8,0.05164253064843456,0.0010328506129686913,5,0.09592467435916907,167,4-9-18_Schnable_49-510-js100-144_2018-04-11_08-38-12_9991700,3.2137993294054485
0.46658706030017383,63.12857093661387,-65.86380568908625,0.0,231.90041861806236,0.0,65.89275735824408,0.0,8,0.0555287230890671,0.0011105744617813421,6,0.09592467435916907,202,4-9-18_Schnable_49-510-js100-144_2018-04-11_08-38-12_9991700,3.332528262117731
0.19432297474793161,0.5,300.0,0.0,182.05994664971738,0.0,-6.346415271047035,0.3327529068371335,8,0.09116600646039902,0.0018233201292079803,0,0.10073954727442606,105,4-9-18_Schnable_49-511-js26-45_2018-04-11_08-40-25_9991800,4.270035279957274
0.3867596781055059,48.309270523167704,120.6348747647514,0.0,3.3245210857374774,0.0,49.14547007917249,0.010452824536641828,8,0.12444399156057061,0.002488879831211412,1,0.11119237181106789,184,4-9-18_Schnable_49-511-js26-45_2018-04-11_08-40-25_9991800,4.988867437817337
0.40263695580178344,0.5,-204.51433202148516,0.0,4.669725341229749,0.0,-21.847748955322214,0.0017925141690782465,8,0.2245878544044164,0.004491757088088328,2,0.11298488598014614,188,4-9-18_Schnable_49-511-js26-45_2018-04-11_08-40-25_9991800,6.702057212594002
0.31322021552044593,0.5,-98.4381713283972,0.0,5.581126528033736,0.0,-13.67555425658022,0.005323953980248347,8,0.05107891368903292,0.0010215782737806583,3,0.11830883996039449,137,4-9-18_Schnable_49-511-js26-45_2018-04-11_08-40-25_9991800,3.1962138129052917
0.21595493338740077,0.5,-117.88472591533397,0.0,25.582224857507963,0.0,-20.241164979265324,0.03411657509524879,8,0.06407094927637734,0.0012814189855275468,4,0.15242541505564328,94,4-9-18_Schnable_49-511-js26-45_2018-04-11_08-40-25_9991800,3.5796913072603713
0.28317310822376157,34.074211598209,-19.415141708934684,0.0,10.77960225053412,0.0,19.19239157813726,0.0,8,0.04339480755599625,0.000867896151119925,5,0.15242541505564328,134,4-9-18_Schnable_49-511-js26-45_2018-04-11_08-40-25_9991800,2.946007724225999
0.2986394050735416,68.74394911961886,-102.06101048650669,0.0,171.73973340795547,0.0,67.72328557886529,0.10981744828628447,8,0.012763033081046843,0.00025526066162093685,0,0.0018296355853097792,130,4-9-18_Schnable_49-512-js271-27_2018-04-11_08-42-39_9991900,1.5976878969965844
0.3610775649040833,69.65310824063664,-123.26093310904156,0.0,337.86699566909533,0.0,66.09880210123275,0.03231469310690999,8,0.023211773235530538,0.0004642354647106108,1,0.03414432869221977,169,4-9-18_Schnable_49-512-js271-27_2018-04-11_08-42-39_9991900,2.154612412269573
0.18877643135483854,84.0069800415911,-27.602962286395563,0.0,323.8109503998892,0.0,72.5045795386682,0.07401421939973703,8,0.01787993319789581,0.00035759866395791625,2,0.1081585480919568,94,4-9-18_Schnable_49-512-js271-27_2018-04-11_08-42-39_9991900,1.8910279319933807
0.10994275190610527,89.5,5.26126761399506,0.0,137.44269455851835,0.0,74.35627339735137,0.0,8,0.0064778392865443915,0.00012955678573088784,3,0.1081585480919568,58,4-9-18_Schnable_49-512-js271-27_2018-04-11_08-42-39_9991900,1.138230142505846
0.2686025355526681,65.57390702864889,-144.25301094516425,0.0,336.55290989304467,0.0,58.858318680240195,0.039616572033911945,8,0.060367319318091,0.00120734638636182,0,-0.06626913162296262,124,4-9-18_Schnable_49-513-js151-218_2018-04-11_08-44-52_9992000,3.474689031211023
0.35312793246294855,73.66115550815852,-159.23089681686295,0.0,141.32005824060693,0.0,67.32487739996405,0.021200398539070506,8,0.0373672721551757,0.000747345443103514,1,-0.045068733083892115,155,4-9-18_Schnable_49-513-js151-218_2018-04-11_08-44-52_9992000,2.733761955810187
0.38024086039076344,74.95891655156977,-91.50372109627705,0.0,6.1745452683473445,0.0,65.4830389703915,0.020841172971544822,8,0.17801498723343942,0.0035602997446687883,2,-0.024227560112347293,176,4-9-18_Schnable_49-513-js151-218_2018-04-11_08-44-52_9992000,5.966824737386534
0.38885900059230266,78.24654006434751,-113.45939540974705,0.0,153.09991890459517,0.0,67.18611337104869,0.034176514079945666,8,0.36248979711360996,0.007249795942272199,3,0.009948953967598376,179,4-9-18_Schnable_49-513-js151-218_2018-04-11_08-44-52_9992000,8.514573355296317
0.4347318520328929,77.46428964897895,-106.5742291898625,0.0,16.419269736511485,0.0,66.37031098403975,0.04118559248866252,8,0.06095729741485699,0.0012191459482971399,4,0.0511345464562609,210,4-9-18_Schnable_49-513-js151-218_2018-04-11_08-44-52_9992000,3.491627053820525
0.11852134518616303,88.47069223179093,-21.219391539754096,0.0,64.71070529942826,0.0,64.70608373353899,0.00427934627210487,8,0.011362452877768412,0.00022724905755536825,5,0.05541389272836577,57,4-9-18_Schnable_49-513-js151-218_2018-04-11_08-44-52_9992000,1.507478217273365
0.2584338764444179,87.22972270030986,-105.83969606434364,0.0,49.45770525217765,0.0,83.74845158498354,0.04815099739426954,8,0.02489829271023735,0.000497965854204747,6,0.10356489012263531,126,4-9-18_Schnable_49-513-js151-218_2018-04-11_08-44-52_9992000,2.2315148536470626
0.3592870188533439,75.42660150372436,-111.20387379064917,0.0,159.7499537452109,0.0,68.29289461421466,0.0,8,0.16356947462357194,0.0032713894924714386,7,0.10356489012263531,160,4-9-18_Schnable_49-513-js151-218_2018-04-11_08-44-52_9992000,5.719606186156035
0.24714343177724654,54.89286781951444,-94.02664666231867,0.0,206.7804571226806,0.0,51.478712320723304,0.07421176824319199,8,0.01049449537877601,0.0002098899075755202,0,-0.0004902443023759705,118,4-9-18_Schnable_49-514-js83-120_2018-04-11_08-47-05_9992100,1.4487577698687941
0.2874830569727248,60.560367440445255,-117.12634183547226,0.0,21.743175799373407,0.0,56.4574195492748,0.029430112018476534,8,0.014682353123698685,0.0002936470624739737,1,0.028939867716100562,135,4-9-18_Schnable_49-514-js83-120_2018-04-11_08-47-05_9992100,1.7136133241603069
0.2605374968101818,54.673644296983035,-85.70879128161506,0.0,209.60144099980235,0.0,55.94726121971956,0.025040523407477186,8,0.009659473899086266,0.00019318947798172532,2,0.05398039112357775,127,4-9-18_Schnable_49-514-js83-120_2018-04-11_08-47-05_9992100,1.3899261778300505
0.23823145640833343,89.5,-0.46453021430208485,0.0,146.67439689930535,0.0,84.70046310180193,0.02151533404583386,8,0.019409797449670103,0.00038819594899340207,3,0.07549572516941161,126,4-9-18_Schnable_49-514-js83-120_2018-04-11_08-47-05_9992100,1.9702688877242163
0.2712348435783289,61.04780929308546,-59.597676006175305,0.0,25.178435725788574,0.0,57.365065047862664,0.0,8,0.015003811084271589,0.00030007622168543176,4,0.07549572516941161,129,4-9-18_Schnable_49-514-js83-120_2018-04-11_08-47-05_9992100,1.732270826647588
0.24665884365519997,25.648383636181542,-147.82112100702344,0.0,5.6240938192079275,0.0,24.3341398318308,0.045725609593769645,8,0.00589466948595892,0.0001178933897191784,0,-0.3036612364454829,108,4-9-18_Schnable_49-515-js234-375_2018-04-11_08-49-20_9992200,1.0857872246401612
0.29972421729167964,89.5,-133.22548553962594,0.0,162.39813318650388,0.0,84.58558286901066,0.02819825205030596,8,0.022632397313206317,0.00045264794626412633,1,-0.2754629843951769,141,4-9-18_Schnable_49-515-js234-375_2018-04-11_08-49-20_9992200,2.127552458258377
0.34193576005955123,33.29115445591646,-114.30464477624248,0.0,13.704637822164955,0.0,26.57989292573923,0.03978789167665031,8,0.2532250310054553,0.005064500620109106,2,-0.2356750927185266,156,4-9-18_Schnable_49-515-js234-375_2018-04-11_08-49-20_9992200,7.116530489015773
0.37629632884947284,89.5,-51.29410714179263,0.0,97.89526234117918,0.0,86.16714179820029,0.05701324131616259,8,0.41558261098257565,0.008311652219651513,3,-0.178661851402364,178,4-9-18_Schnable_49-515-js234-375_2018-04-11_08-49-20_9992200,9.11682632260345
0.4883255181001553,44.43918777856272,-191.44586522826373,0.0,18.39524462062596,0.0,32.65847307814092,0.02952038092451839,8,0.573423470905513,0.01146846941811026,4,-0.14914147047784562,245,4-9-18_Schnable_49-515-js234-375_2018-04-11_08-49-20_9992200,10.709093994409733
0.608019595788581,61.08519071534084,-246.0073649112344,0.0,43.218204126039204,0.0,37.642463659822646,0.1061480880341909,8,1.2448646274841548,0.024897292549683096,5,-0.04299338244365473,284,4-9-18_Schnable_49-515-js234-375_2018-04-11_08-49-20_9992200,15.778875926276593
0.3904878844716033,35.32961654927187,-211.2870185830175,0.0,13.932319360794244,0.0,24.67090445994927,0.03596811478602346,8,0.10992026937407345,0.0021984053874814693,6,-0.00702526765763127,169,4-9-18_Schnable_49-515-js234-375_2018-04-11_08-49-20_9992200,4.688715589030187
0.14005903679684906,0.5,-191.28955494328616,0.0,199.52461252016988,0.0,-30.739225209218475,0.2863433660901024,8,0.024611068708650027,0.0004922213741730006,7,0.27931809843247113,69,4-9-18_Schnable_49-515-js234-375_2018-04-11_08-49-20_9992200,2.218606261086001
0.10636525589390027,0.5,-279.8569130014318,0.0,156.3824209481862,0.0,-59.15184767107375,0.0,8,0.06388888827593062,0.0012777777655186124,8,0.27931809843247113,54,4-9-18_Schnable_49-515-js234-375_2018-04-11_08-49-20_9992200,3.5746017477736065
0.2544456330011634,89.5,-146.1496977350203,0.0,202.42451221673383,0.0,67.97537435053513,0.0,8,0.18943377767999744,0.003788675553599949,9,0.14334378041172283,121,4-9-18_Schnable_49-515-js234-375_2018-04-11_08-49-20_9992200,6.155221810463006
0.122367735329106,0.5,-300.0,0.0,86.26844764064106,0.0,-8.7213227481282,0.1383417461641885,8,0.027662597559382458,0.0005532519511876492,10,0.28168552657591134,51,4-9-18_Schnable_49-515-js234-375_2018-04-11_08-49-20_9992200,2.3521308449736575
0.33234667026474346,47.738768151420594,-137.87826064127938,0.0,168.09572364705065,0.0,45.87156410876619,0.07904887211602073,8,0.016901811890434857,0.00033803623780869716,0,-0.10654787208870693,142,4-9-18_Schnable_49-516-js157-226_2018-04-11_08-51-32_9992300,1.838576182290789
0.3901581083355262,61.328581718939326,-168.85572932206406,0.0,338.31571336253444,0.0,55.180894847950626,0.017479821898207265,8,0.18178860246706854,0.003635772049341371,1,-0.08906805019049967,185,4-9-18_Schnable_49-516-js157-226_2018-04-11_08-51-32_9992300,6.029736353557567
0.4169390295287883,51.10697453468619,-127.19572487389044,0.0,166.1187763289994,0.0,46.803134008933796,0.016183940088978332,8,0.09268333300918191,0.0018536666601836381,2,-0.07288411010152133,184,4-9-18_Schnable_49-516-js157-226_2018-04-11_08-51-32_9992300,4.305422929496751
0.43336878825523206,64.69273609148496,-136.39336749093167,0.0,344.03580790889123,0.0,54.79858382016627,0.03472535644228327,8,0.2431671905156223,0.004863343810312446,3,-0.038158753659238064,204,4-9-18_Schnable_49-516-js157-226_2018-04-11_08-51-32_9992300,6.9737678555515785
0.14851256408742575,42.646225882171365,300.0,0.0,8.568258190846702,0.0,70.84071377041413,0.0,8,0.08945984300595933,0.0017891968601191867,4,-0.038158753659238064,65,4-9-18_Schnable_49-516-js157-226_2018-04-11_08-51-32_9992300,4.229889904145481
0.499473268225194,59.193178083013336,-109.23625980137138,0.0,157.1141512304903,0.0,56.24985620954885,0.03396493435788883,8,0.15505955522397424,0.003101191104479485,5,-0.004193819301349233,222,4-9-18_Schnable_49-516-js157-226_2018-04-11_08-51-32_9992300,5.568833903502137
0.4197789685351031,68.22196099339959,-101.4661996956938,0.0,27.742863042730896,0.0,70.66073152242004,0.1314320348636274,8,0.22989374477817803,0.004597874895563561,6,0.12723821556227816,188,4-9-18_Schnable_49-516-js157-226_2018-04-11_08-51-32_9992300,6.780763154368069
0.13948067805785644,89.5,80.10834800693493,0.0,196.35759611937422,0.0,75.00915440213542,0.0,8,0.013573244590453008,0.00027146489180906015,7,0.12723821556227816,68,4-9-18_Schnable_49-516-js157-226_2018-04-11_08-51-32_9992300,1.6476191665826792
0.41428803981390194,69.88788633464415,-102.17783877191106,0.0,120.19626538997197,0.0,68.39491303691464,0.03054928188383385,8,0.03071010754454723,0.0006142021508909446,8,0.157787497446112,189,4-9-18_Schnable_49-516-js157-226_2018-04-11_08-51-32_9992300,2.4783102124047036
0.27275725935735434,71.09650579798944,-11.742777270290626,0.0,28.075934817866038,0.0,70.12652133053986,0.0,8,0.009677380346599289,0.00019354760693198576,9,0.157787497446112,129,4-9-18_Schnable_49-516-js157-226_2018-04-11_08-51-32_9992300,1.3912138833838086
0.20520094610874062,59.63546834995786,-170.76316944515477,0.0,187.65489154676348,0.0,46.23523877566654,0.05092983417000707,8,0.015990567676319668,0.00031981135352639336,0,-0.11775763540673467,98,4-9-18_Schnable_49-517-js192-301_2018-04-11_08-53-46_9992400,1.7883270213425544
0.2550169277425341,67.39714035145897,-126.69357810622685,0.0,190.08897149950863,0.0,64.51765173669996,0.0,8,0.015485982516509143,0.00030971965033018285,1,-0.11775763540673467,109,4-9-18_Schnable_49-517-js192-301_2018-04-11_08-53-46_9992400,1.7598853665230099
0.22534870732728643,69.11225977558189,-52.87525923934787,0.0,182.78734284348243,0.0,64.9786745073387,0.07106645798216393,8,0.005906544190135542,0.00011813088380271085,2,-0.04669117742457075,102,4-9-18_Schnable_49-517-js192-301_2018-04-11_08-53-46_9992400,1.0868803236912095
0.4443253268464653,54.540667254724376,-121.2987119312092,0.0,338.2133851114255,0.0,60.51730390543548,0.05217700748161577,8,0.11704521566064319,0.0023409043132128636,3,0.005485830057045027,217,4-9-18_Schnable_49-517-js192-301_2018-04-11_08-53-46_9992400,4.838289277433567
0.30153424051710803,56.16553642320413,-78.26268955478662,0.0,171.04705797629703,0.0,62.89192700559435,0.1161882328314753,8,0.027960996730417048,0.0005592199346083409,4,0.12167406288852033,154,4-9-18_Schnable_49-517-js192-301_2018-04-11_08-53-46_9992400,2.3647831499068594
0.369803352966571,71.13766784921967,-184.8636953227609,0.0,226.4289923662568,0.0,47.29621587381716,0.0534692581579166,8,0.25414979804028737,0.005082995960805747,5,0.17514332104643693,165,4-9-18_Schnable_49-517-js192-301_2018-04-11_08-53-46_9992400,7.129513279885064
0.22805005357627553,62.11499415209721,-73.44391921551208,0.0,107.91830592047158,0.0,54.64387815296347,0.0,8,0.01756311044158395,0.00035126220883167897,6,0.17514332104643693,98,4-9-18_Schnable_49-517-js192-301_2018-04-11_08-53-46_9992400,1.8741990524799628
0.27245733427967367,67.87874391878594,-84.96223273324257,0.0,356.1317008621635,0.0,62.2101292392259,0.05173762099461699,8,0.010714737956009399,0.00021429475912018798,0,-0.01622688324131292,127,4-9-18_Schnable_49-519-js228-360_2018-04-11_08-58-14_9992600,1.4638810030879832
0.11899463146775041,89.5,-13.650564158281604,0.0,357.0564232809674,0.0,78.47200562732091,0.08477565397433412,8,0.003876338419935283,7.752676839870567e-05,1,0.06854877073302121,59,4-9-18_Schnable_49-519-js228-360_2018-04-11_08-58-14_9992600,0.8804928642453934
0.12491438683942076,70.08930620743766,-62.43562709777564,0.0,175.5413227314496,0.0,58.743075185039324,0.0,8,0.0029153670402617474,5.830734080523495e-05,2,0.06854877073302121,56,4-9-18_Schnable_49-519-js228-360_2018-04-11_08-58-14_9992600,0.7635924358270906
0.45853068122308027,61.96531215279831,-162.47645075948222,0.0,187.97057834880374,0.0,53.025475097728346,0.12154873561047431,8,0.02350390396269767,0.0004700780792539534,0,-0.07959654090079156,197,4-9-18_Schnable_49-520-js294-413_2018-04-11_09-00-27_9992700,2.168128407760835
0.4499132381431106,79.02718225321946,-106.31462652959443,0.0,23.186368788846497,0.0,74.00038262003335,0.04200598115965733,8,0.0809388944058721,0.0016187778881174418,1,-0.03759055974113423,217,4-9-18_Schnable_49-520-js294-413_2018-04-11_09-00-27_9992700,4.0234038923745175
0.47857525760125463,61.78998432059638,-85.46536438816676,0.0,184.15978458214263,0.0,59.35774804478207,0.04527003413603697,8,0.069686038460652,0.0013937207692130398,2,0.007679474394902737,221,4-9-18_Schnable_49-520-js294-413_2018-04-11_09-00-27_9992700,3.7332569817962438
0.5883754551512663,69.95671014969771,-75.04013613475752,0.0,202.82405306928783,0.0,66.1781737664972,0.03246272753667901,8,0.07799012088182977,0.0015598024176365953,3,0.040142201931581745,272,4-9-18_Schnable_49-520-js294-413_2018-04-11_09-00-27_9992700,3.9494333994088255
0.2169653604401418,89.5,15.250964670511904,0.0,280.94794470303475,0.0,78.5552203281428,0.15742917513843793,8,0.033588662636422635,0.0006717732527284527,4,0.19757137707001968,111,4-9-18_Schnable_49-520-js294-413_2018-04-11_09-00-27_9992700,2.5918588941693037
0.41674904946626146,74.43357918111504,2.518811930951915,0.0,346.89102273296885,0.0,69.01904940628691,0.0,8,0.1634685795885949,0.003269371591771898,5,0.19757137707001968,179,4-9-18_Schnable_49-520-js294-413_2018-04-11_09-00-27_9992700,5.717841893382413
0.3098327562892439,70.67756822786117,-118.84799126965966,0.0,131.48516150873408,0.0,64.52838841041087,0.072079757721499,8,0.028812071751194726,0.0005762414350238945,0,-0.07503686582889071,139,4-9-18_Schnable_49-521-js76-1-108_2018-04-11_09-02-41_9992800,2.4005029369361215
0.24140593929127624,58.92633427414574,-79.2569417098933,0.0,347.5264269613362,0.0,55.70967413597635,0.05011276377064068,8,0.012413861541602945,0.0002482772308320589,1,-0.024924102058250033,117,4-9-18_Schnable_49-521-js76-1-108_2018-04-11_09-02-41_9992800,1.5756815377228321
0.09729518931392167,80.59735905053276,-17.252598661027886,0.0,353.07842783632617,0.0,67.92806983354514,0.027958303151263547,8,0.00194850515195465,3.8970103039093e-05,2,0.0030342010930135143,46,4-9-18_Schnable_49-521-js76-1-108_2018-04-11_09-02-41_9992800,0.6242603866904659
0.23945303260222095,72.64786262301115,-31.162562424527994,0.0,171.61366269265955,0.0,73.66545540852947,0.0659496760461773,8,0.012435235530742068,0.00024870471061484137,3,0.06898387713919081,113,4-9-18_Schnable_49-521-js76-1-108_2018-04-11_09-02-41_9992800,1.5770374460197238
0.3300222491991529,66.961801322493,-53.098212013079035,0.0,16.455504792733493,0.0,65.31192925411308,0.07818731982649217,8,0.060116903659699,0.00120233807319398,4,0.14717119696568298,153,4-9-18_Schnable_49-521-js76-1-108_2018-04-11_09-02-41_9992800,3.4674746908866982
0.2249877137443356,81.06841087956967,-16.43151113677813,0.0,128.5937554875614,0.0,76.8458961018377,0.0,8,0.02239261155153352,0.0004478522310306704,5,0.14717119696568298,118,4-9-18_Schnable_49-521-js76-1-108_2018-04-11_09-02-41_9992800,2.1162519486834985
0.24639524551488687,78.53068690877632,-131.4206774004057,0.0,335.3660761109951,0.0,65.65460992565679,0.07457255881474834,8,0.08734860856602675,0.0017469721713205349,0,-0.07076045946768,114,4-9-18_Schnable_49-522-js269-428_2018-04-11_09-04-56_9992900,4.179679618488162
0.28924572511339414,64.9441093661415,-188.96726521036857,0.0,180.0900972548654,0.0,59.63982222311542,0.027023748483346835,8,0.017723140316976298,0.00035446280633952596,1,-0.04373671098433317,139,4-9-18_Schnable_49-522-js269-428_2018-04-11_09-04-56_9992900,1.8827182644769926
0.12020093954062679,64.24299524398425,-59.62358076998338,0.0,21.576843876015047,0.0,54.60519047771469,0.0,8,0.0012408394941488393,2.4816789882976786e-05,2,-0.04373671098433317,51,4-9-18_Schnable_49-522-js269-428_2018-04-11_09-04-56_9992900,0.4981645298792035
0.21322763687183013,67.70030361717288,-8.540945344202687,0.0,190.0423756044817,0.0,66.75498769779166,0.06826156019524214,8,0.007023403549804329,0.00014046807099608657,3,0.02452484921090897,107,4-9-18_Schnable_49-522-js269-428_2018-04-11_09-04-56_9992900,1.1851922670861743
0.3523804904588164,72.90292507308101,-41.113901977135555,0.0,212.99506406136388,0.0,73.2331049566187,0.07645668628888826,8,0.07195328950398383,0.0014390657900796766,4,0.10098153549979723,160,4-9-18_Schnable_49-522-js269-428_2018-04-11_09-04-56_9992900,3.793502062843352
0.23872658308881883,61.52763196314282,-51.887082499758016,0.0,350.4705658806691,0.0,58.8581322740819,0.052827313808193374,8,0.01665283348981312,0.0003330566697962624,5,0.1538088493079906,103,4-9-18_Schnable_49-522-js269-428_2018-04-11_09-04-56_9992900,1.8249840267691726
0.22160729292566375,79.03220595420473,-40.826914481928355,0.0,2.072817967977114,0.0,69.15546978955666,0.0,8,0.009091659443509197,0.00018183318887018393,6,0.1538088493079906,98,4-9-18_Schnable_49-522-js269-428_2018-04-11_09-04-56_9992900,1.3484553714164362
0.2587666193702847,64.94425863833098,-59.78413281525194,0.0,348.39930657710966,0.0,60.215664433903,0.09832922899984987,8,0.010579253972400908,0.00021158507944801818,0,-0.004645358729979745,111,4-9-18_Schnable_49-523-js261-419_2018-04-11_09-07-11_9993000,1.4545964369818116
0.3794926346366013,63.07341539661216,-126.49861008185636,0.0,174.92451690582686,0.0,58.05213865078936,0.04339462721819099,8,0.05906131764573745,0.0011812263529147491,1,0.038749268488211246,156,4-9-18_Schnable_49-523-js261-419_2018-04-11_09-07-11_9993000,3.436897369597686
0.45734496138851455,67.29421361288523,-110.45125800056915,0.0,336.69491443339143,0.0,60.56145344169997,0.021380826997440136,8,0.06358585231452892,0.0012717170462905783,2,0.06013009548565138,213,4-9-18_Schnable_49-523-js261-419_2018-04-11_09-07-11_9993000,3.5661141965598606
0.4850290891311947,89.43538922160154,8.34404173114407,0.0,30.782738094843015,0.0,85.92818190832611,0.044036884395818564,8,0.12727292513238472,0.0025454585026476943,3,0.10416697988146995,250,4-9-18_Schnable_49-523-js261-419_2018-04-11_09-07-11_9993000,5.045253712795517
0.25245122652262825,71.44716390059331,-25.042901675329105,0.0,186.963279787847,0.0,69.10844135496738,0.0,8,0.022371605272549142,0.00044743210545098285,4,0.10416697988146995,114,4-9-18_Schnable_49-523-js261-419_2018-04-11_09-07-11_9993000,2.115259098670853
0.23592084428503338,59.1785509948419,-94.57577773401222,0.0,168.6144991546084,0.0,60.819413436566,0.056480842850516744,8,0.007277796815824954,0.0001455559363164991,0,-0.10737922729526997,114,4-9-18_Schnable_49-524-js21-35_2018-04-11_09-09-26_9993100,1.206465649392883
0.3024505711386192,77.2164751547799,-100.71905627521633,0.0,328.03595528719,0.0,75.59689994410545,0.014794739373343122,8,0.015361515840675178,0.00030723031681350357,1,-0.09258448792192685,139,4-9-18_Schnable_49-524-js21-35_2018-04-11_09-09-26_9993100,1.7527986673132303
0.06504465807866021,89.5,29.523362882197194,0.0,287.6858838718581,0.0,56.29007680852333,0.009464186113019885,8,0.00394309664623329,7.88619329246658e-05,2,-0.08312030180890696,31,4-9-18_Schnable_49-524-js21-35_2018-04-11_09-09-26_9993100,0.8880424141034358
0.29117884016285445,52.98129384455521,-50.349940339842384,0.0,170.83947493722692,0.0,57.15827592767354,0.014127340097383687,8,0.01179420505961699,0.0002358841011923398,3,-0.06899296171152328,133,4-9-18_Schnable_49-524-js21-35_2018-04-11_09-09-26_9993100,1.5358518847608313
0.09680354892885576,61.08036830418127,124.55119513790387,0.0,149.52405398510888,0.0,3.9134607143293416,0.05565545018970489,8,0.009810158192613537,0.00019620316385227075,4,-0.013337511521818383,45,4-9-18_Schnable_49-524-js21-35_2018-04-11_09-09-26_9993100,1.4007253972576879
0.5744394629690283,76.78947074659142,-153.07526458632447,0.0,167.22702269315758,0.0,70.90059997706538,0.02250226918978019,8,0.3291494996183899,0.006582989992367798,5,0.009164757667961805,299,4-9-18_Schnable_49-524-js21-35_2018-04-11_09-09-26_9993100,8.113562714595728
0.3932890791477366,53.29863457830589,-87.34855085857669,0.0,171.5238857660933,0.0,39.59652142364146,0.0,8,0.07445926819037699,0.0014891853638075397,6,0.009164757667961805,176,4-9-18_Schnable_49-524-js21-35_2018-04-11_09-09-26_9993100,3.8589964547891715
0.25197999593866016,54.36458249539551,-20.841762497137474,0.0,336.1854596496331,0.0,46.96252646893794,0.09320121573399519,8,0.010914807072840368,0.00021829614145680735,7,0.102365973401957,108,4-9-18_Schnable_49-524-js21-35_2018-04-11_09-09-26_9993100,1.4774848271870928
0.39384425563236924,89.5,-74.89758443441697,0.0,307.1244164105834,0.0,82.04226801027822,0.08126928946854689,8,0.09388196694597198,0.0018776393389194396,8,0.18363526287050388,174,4-9-18_Schnable_49-524-js21-35_2018-04-11_09-09-26_9993100,4.33317359324484
0.21138536782402076,74.6282004744862,-2.0181622100666776,0.0,327.50925497464874,0.0,63.906701555472466,0.0,8,0.017791530555800565,0.0003558306111160113,9,0.18363526287050388,93,4-9-18_Schnable_49-524-js21-35_2018-04-11_09-09-26_9993100,1.886347293358281
0.23101914045880373,35.8382188840843,-103.2257539596476,0.0,90.1886656306777,0.0,33.33715505444041,0.06785229155078881,8,0.03231822709643316,0.0006463645419286632,0,-0.14674497508023515,107,4-9-18_Schnable_49-525-js121-176_2018-04-11_09-11-40_9993200,2.542370039802749
0.2970971776529872,25.214086938013555,-135.17071637665597,0.0,20.708906522872255,0.0,21.321649795184783,0.04203104251731275,8,0.01568064917886873,0.0003136129835773746,1,-0.1047139325629224,132,4-9-18_Schnable_49-525-js121-176_2018-04-11_09-11-40_9993200,1.7709121479547612
0.3664963619094592,49.88861590151651,-118.8836497146671,0.0,138.01283719935185,0.0,45.2445397465384,0.02954503242480286,8,0.053954291046245856,0.001079085820924917,2,-0.07516890013811954,157,4-9-18_Schnable_49-525-js121-176_2018-04-11_09-11-40_9993200,3.2849441714052268
0.4758150898107243,18.110907758908944,-144.4490735538077,0.0,354.8919351727695,0.0,20.581805845557398,0.03830725912598594,8,0.05101215051523693,0.0010202430103047385,3,-0.0368616410121336,225,4-9-18_Schnable_49-525-js121-176_2018-04-11_09-11-40_9993200,3.1941243092665292
0.4580442979287292,46.18402628844289,-126.72118424221229,0.0,355.7833461220928,0.0,49.50628923962496,0.14136247151617334,8,0.038561705472235495,0.0007712341094447099,4,0.10450083050403974,225,4-9-18_Schnable_49-525-js121-176_2018-04-11_09-11-40_9993200,2.7771102056719137
0.19877489657502545,81.54427029885733,-57.4968465283311,0.0,212.228456179242,0.0,62.19205483687501,0.0,8,0.028735915217258053,0.000574718304345161,5,0.10450083050403974,93,4-9-18_Schnable_49-525-js121-176_2018-04-11_09-11-40_9993200,2.3973283136549344
0.2587048760398113,51.71894057951151,-300.0,0.0,218.38162161738876,0.0,69.9074069136355,0.0939726122146067,8,0.3264608058698173,0.006529216117396346,6,0.19847344271864645,112,4-9-18_Schnable_49-525-js121-176_2018-04-11_09-11-40_9993200,8.08035650042518
0.31308566058965137,62.629648793425154,-30.504482359522715,0.0,206.7538266009008,0.0,61.755885421714375,0.0,8,0.047952421279056225,0.0009590484255811245,7,0.19847344271864645,141,4-9-18_Schnable_49-525-js121-176_2018-04-11_09-11-40_9993200,3.096850699632006
0.31649860549518677,58.58575541805119,-157.93826113814245,0.0,10.893413693868943,0.0,53.02140809879074,0.07174558134790257,8,0.10123975169204501,0.0020247950338409,0,-0.051822616051942653,151,4-9-18_Schnable_49-526-js79-1-111_2018-04-11_09-13-55_9993300,4.499772254060088
0.3652411758752143,63.668083355532744,-136.17876615904575,0.0,141.88514805459323,0.0,60.91510272414684,0.010638074235462862,8,0.09765168002032497,0.0019530336004064993,1,-0.04118454181647979,170,4-9-18_Schnable_49-526-js79-1-111_2018-04-11_09-13-55_9993300,4.4193139743703425
0.091090458029976,81.49869759904182,-29.72140055456118,0.0,319.73014001602854,0.0,62.018178590393525,0.01871295690904046,8,0.015270954220007332,0.0003054190844001466,2,-0.02247158490743933,44,4-9-18_Schnable_49-526-js79-1-111_2018-04-11_09-13-55_9993300,1.7476243429299863
0.10375773974192429,66.8927292560476,-53.73224112172491,0.0,44.39919348232018,0.0,36.45733491727575,0.011417139716740233,8,0.003954480404167264,7.908960808334527e-05,3,-0.011054445190699098,45,4-9-18_Schnable_49-526-js79-1-111_2018-04-11_09-13-55_9993300,0.889323383721272
0.2647815316160838,64.226117923435,-11.537001706952838,0.0,321.0017225660229,0.0,62.5563441004425,0.06669763649651986,8,0.02339685615242341,0.0004679371230484682,4,0.05564319130582076,127,4-9-18_Schnable_49-526-js79-1-111_2018-04-11_09-13-55_9993300,2.1631854359912563
0.4593023754925414,83.02340362047707,-50.53025813435576,0.0,200.4302739217097,0.0,79.29760469132196,0.06883717112796595,8,0.7889509006613173,0.015779018013226346,5,0.12448036243378671,221,4-9-18_Schnable_49-526-js79-1-111_2018-04-11_09-13-55_9993300,12.561456131048798
0.4667629986142916,76.4424775584164,-97.9216229974509,0.0,11.616634544393426,0.0,72.25701452499064,0.0,8,0.13825300901497573,0.0027650601802995146,6,0.12448036243378671,228,4-9-18_Schnable_49-526-js79-1-111_2018-04-11_09-13-55_9993300,5.25838395355409
0.2720658065470012,76.12408193875257,-90.15190301923404,0.0,280.5515049134211,0.0,72.93278797093306,0.08254740967463114,8,0.06623155750457731,0.0013246311500915461,0,-0.06226094684608344,133,4-9-18_Schnable_49-527-js38-64_2018-04-11_09-16-10_9993400,3.6395482550607103
0.30124508289149865,61.64814814162824,-77.83106557104526,0.0,99.18865670468011,0.0,63.52628187207211,0.03636797383601591,8,0.020459039710560296,0.00040918079421120595,1,-0.025892973010067533,138,4-9-18_Schnable_49-527-js38-64_2018-04-11_09-16-10_9993400,2.0228217771499444
0.33734039876702954,68.92096551692532,-93.764070898884,0.0,65.66835426782116,0.0,63.049250864058244,0.026364481574377277,8,0.12541926583612073,0.0025083853167224145,2,0.00047150856430974416,145,4-9-18_Schnable_49-527-js38-64_2018-04-11_09-16-10_9993400,5.008378297136124
0.5133193116391696,75.07357261919385,-93.78785896300909,0.0,89.66100487300416,0.0,61.31082439737577,0.0,8,0.04479949468625888,0.0008959898937251776,3,0.00047150856430974416,228,4-9-18_Schnable_49-527-js38-64_2018-04-11_09-16-10_9993400,2.9933090280242993
0.12026367280220092,75.8279441516489,-20.780927156558093,0.0,144.44241345814794,0.0,44.68845307268256,0.026124443750578166,8,0.021160988312648652,0.00042321976625297303,4,0.02659595231488791,52,4-9-18_Schnable_49-527-js38-64_2018-04-11_09-16-10_9993400,2.057230580788097
0.29539123553056673,77.567585335158,-77.84117381585315,0.0,239.2431189294889,0.0,66.46651247664283,0.0,8,0.044700865201194845,0.0008940173040238969,5,0.02659595231488791,130,4-9-18_Schnable_49-527-js38-64_2018-04-11_09-16-10_9993400,2.990012214061837
0.1620828511536043,89.5,-30.256498702894987,0.0,205.8189619550472,0.0,77.73834408895797,0.07851985166823319,8,0.05943743734343693,0.0011887487468687386,6,0.1051158039831211,77,4-9-18_Schnable_49-527-js38-64_2018-04-11_09-16-10_9993400,3.447823584333657
0.3062070703069412,81.67780639934846,-59.166036492391484,0.0,218.83128549983866,0.0,68.46676858252869,0.0,8,0.06925016058191302,0.0013850032116382604,7,0.1051158039831211,139,4-9-18_Schnable_49-527-js38-64_2018-04-11_09-16-10_9993400,3.721563128093168
0.12390136072478179,78.171514404116,-94.38665125827649,0.0,83.4906491225227,0.0,58.72020092563902,0.012114121995163138,8,0.010289926294828644,0.00020579852589657288,8,0.11722992597828424,55,4-9-18_Schnable_49-527-js38-64_2018-04-11_09-16-10_9993400,1.4345679694478504
0.35837138952709663,81.69676862143132,-35.749478596540186,0.0,201.1197191133991,0.0,81.28551446167825,0.0,8,0.21177196838524814,0.0042354393677049625,9,0.11722992597828424,170,4-9-18_Schnable_49-527-js38-64_2018-04-11_09-16-10_9993400,6.508025328550099
0.3281227359051508,58.317791320002335,-92.68440351029358,0.0,61.12582386962254,0.0,55.49006294646573,0.08242579548720722,8,0.0251438573115441,0.000502877146230882,0,-0.07121329594243908,151,4-9-18_Schnable_49-528-js131-1-190_2018-04-11_09-18-26_9993500,2.2424922435337025
0.3742907531903357,40.209127973403454,-129.5899824197574,0.0,198.10855128292755,0.0,39.070124466001694,0.02506181848317876,8,0.019781271990841686,0.0003956254398168337,1,-0.04615147745926032,155,4-9-18_Schnable_49-528-js131-1-190_2018-04-11_09-18-26_9993500,1.9890335336962865
0.3195467332565905,64.41395929063926,-65.74975703015922,0.0,34.55120784260002,0.0,62.25493382047814,0.01930282094191524,8,0.02272506647625512,0.0004545013295251024,2,-0.026848656517345082,135,4-9-18_Schnable_49-528-js131-1-190_2018-04-11_09-18-26_9993500,2.131903678699163
0.4209391373968625,45.515615888695024,-64.10862763606488,0.0,195.14917212706746,0.0,45.31339742072976,0.026632873754266217,8,0.03940217588152832,0.0007880435176305664,3,-0.00021578276307886648,174,4-9-18_Schnable_49-528-js131-1-190_2018-04-11_09-18-26_9993500,2.8072112810235117
0.4642188990906269,61.374089732333225,-70.56144752918485,0.0,50.605703145644185,0.0,58.79855720184365,0.04017265570361179,8,0.07083137587876748,0.0014166275175753495,4,0.03995687294053292,199,4-9-18_Schnable_49-528-js131-1-190_2018-04-11_09-18-26_9993500,3.7638112566590656
0.5432721763251861,57.721859058835605,-86.49704746704404,0.0,203.0424441057411,0.0,58.21528735397187,0.045694736999956714,8,0.06382201449707603,0.0012764402899415207,5,0.08565160994048963,236,4-9-18_Schnable_49-528-js131-1-190_2018-04-11_09-18-26_9993500,3.5727304543465364
0.2843277938407498,82.39859888670577,-26.691447646028923,0.0,185.45084651492567,0.0,80.23429121995159,0.09393995195425904,8,0.025361114591812166,0.0005072222918362433,6,0.17959156189474867,147,4-9-18_Schnable_49-528-js131-1-190_2018-04-11_09-18-26_9993500,2.2521596120973384
0.4494965540189058,79.77430278173478,-85.36870946893653,0.0,32.40761870460245,0.0,80.0542077674434,0.0,8,0.11019306245584229,0.0022038612491168457,7,0.17959156189474867,208,4-9-18_Schnable_49-528-js131-1-190_2018-04-11_09-18-26_9993500,4.694530060737545
0.15817218532283078,64.60462783113611,-40.61290026054492,0.0,345.652578840143,0.0,57.74016336453503,0.07487770197964441,8,0.004760791649902948,9.521583299805896e-05,0,-0.08733592815038621,64,4-9-18_Schnable_49-529-js90-127_2018-04-11_09-20-46_9993600,0.9757860062434743
0.3094242086947734,64.21735586666051,-45.727336051829504,0.0,201.1773749705034,0.0,64.49743718275421,0.04002346148531371,8,0.02788300975367606,0.0005576601950735212,1,-0.0473124666650725,134,4-9-18_Schnable_49-529-js90-127_2018-04-11_09-20-46_9993600,2.3614829981888947
0.15120267148496255,65.48769002360004,-47.782147004044354,0.0,29.54686729446615,0.0,59.049202441422736,0.016291761426608545,8,0.006227916952868779,0.00012455833905737558,2,-0.031020705238463956,63,4-9-18_Schnable_49-529-js90-127_2018-04-11_09-20-46_9993600,1.116057073170434
0.3844378396507107,68.35580042522022,-34.87807012339562,0.0,195.86090917602763,0.0,68.33050312946172,0.04247898165265259,8,0.032852801392117624,0.0006570560278423525,3,0.011458276414188633,172,4-9-18_Schnable_49-529-js90-127_2018-04-11_09-20-46_9993600,2.5633104139810152
0.4322257085221041,75.94180581009486,-44.01167251944788,0.0,23.670743118230202,0.0,75.9130476689079,0.08777512499185249,8,0.04918393821152451,0.0009836787642304903,4,0.09923340140604112,203,4-9-18_Schnable_49-529-js90-127_2018-04-11_09-20-46_9993600,3.1363653553603896
0.4345494033934309,74.98377292130827,-50.41946096994784,0.0,184.53650863019917,0.0,76.69096695174814,0.06234009209073332,8,0.05045798089577018,0.0010091596179154037,5,0.16157349349677444,205,4-9-18_Schnable_49-529-js90-127_2018-04-11_09-20-46_9993600,3.1767272749095152
0.2140910814767672,83.08092552287539,-22.98356392358615,0.0,59.60839692356589,0.0,65.03105382380787,0.0,8,0.05321770862321953,0.0010643541724643906,6,0.16157349349677444,100,4-9-18_Schnable_49-529-js90-127_2018-04-11_09-20-46_9993600,3.26244413356672
0.3879963430035065,72.43589189220064,-95.8032238786179,0.0,58.82097141172479,0.0,66.43524440182046,0.08442346005931009,8,0.14155991901544035,0.002831198380308807,0,-0.2472578635565947,170,4-9-18_Schnable_49-530-js52-81_2018-04-11_09-22-57_9993700,5.32090065713391
0.5599355787249766,81.82254902337188,-105.08426056544832,0.0,50.71515920847008,0.0,77.5131720224172,0.04634094638228553,8,0.3544307575373279,0.007088615150746558,1,-0.20091691717430918,260,4-9-18_Schnable_49-530-js52-81_2018-04-11_09-22-57_9993700,8.419391397688171
0.5242875488715728,7.613363468449524,-93.5852742784074,0.0,186.73094185964504,0.0,9.374947136769475,0.011297166355195787,8,0.049131329824049205,0.000982626596480984,2,-0.1896197508191134,262,4-9-18_Schnable_49-530-js52-81_2018-04-11_09-22-57_9993700,3.134687538624837
0.5401396657620355,83.42771936640541,-69.63352227707847,0.0,347.85837694124575,0.0,83.56540742943126,0.03340531553569162,8,0.15873492069896022,0.0031746984139792043,3,-0.15621443528342177,272,4-9-18_Schnable_49-530-js52-81_2018-04-11_09-22-57_9993700,5.6344462141183005
0.16675684807820884,52.141350928934905,65.48556067106398,0.0,121.63692574493537,0.0,49.87370608551585,0.005390703599572083,8,0.015060620615330133,0.0003012124123066026,4,-0.1508237316838497,74,4-9-18_Schnable_49-530-js52-81_2018-04-11_09-22-57_9993700,1.7355472114195067
0.5394755491761876,24.81736465045498,-54.000052598758415,0.0,177.90317186968264,0.0,28.314692258423825,0.01758716777033076,8,0.11219834488589692,0.002243966897717938,5,-0.13323656391351893,248,4-9-18_Schnable_49-530-js52-81_2018-04-11_09-22-57_9993700,4.73705277331585
0.11824903636286101,0.6471586324414138,-253.48502888215023,0.0,128.55175476167068,0.0,-23.02709762879258,0.0,8,0.06006148871951367,0.0012012297743902733,6,-0.2116342528315898,59,4-9-18_Schnable_49-530-js52-81_2018-04-11_09-22-57_9993700,3.4658761870417027
0.2488418951038355,0.5,-185.60185254431556,0.0,187.09968279482374,0.0,-30.70838675978421,0.0,8,0.06584879769462776,0.0013169759538925552,7,-0.2116342528315898,106,4-9-18_Schnable_49-530-js52-81_2018-04-11_09-22-57_9993700,3.6290163321381663
0.5165136339681516,56.06402469055132,26.55853332414954,0.0,158.39355428454974,0.0,52.73000502169916,0.30124958033242927,8,0.5846837523124406,0.011693675046248813,8,0.08961532750083948,240,4-9-18_Schnable_49-530-js52-81_2018-04-11_09-22-57_9993700,10.813729720243987
0.36956336011110236,88.15143733805307,-27.266495530119098,0.0,139.02516117252694,0.0,76.2081209795656,0.0,8,0.0912143589461636,0.001824287178923272,9,0.08961532750083948,192,4-9-18_Schnable_49-530-js52-81_2018-04-11_09-22-57_9993700,4.271167497211122
0.10194987678682395,67.01993236509445,-133.59235963796607,0.0,40.951444698356205,0.0,34.319709918437745,0.3538022532175309,8,0.010167644529944831,0.00020335289059889662,10,0.4434175807183704,51,4-9-18_Schnable_49-530-js52-81_2018-04-11_09-22-57_9993700,1.426018550366357
0.06552485341273057,66.65066257260011,-90.94681665589283,0.0,333.3108989640457,0.0,32.815375576285916,0.0,8,0.0030475572323241853,6.095114464648371e-05,11,0.4434175807183704,34,4-9-18_Schnable_49-530-js52-81_2018-04-11_09-22-57_9993700,0.780712140590139
0.2668608851088675,39.76690410720199,-115.5318546861552,0.0,162.84023325839743,0.0,38.15357576442843,0.056895688073423795,8,0.005025179290880119,0.00010050358581760238,0,-0.19179088370078767,119,4-9-18_Schnable_49-531-js85-122_2018-04-11_09-25-13_9993800,1.0025147670613255
0.3331424657117639,59.29552584786882,-100.7502269719543,0.0,44.658427150531054,0.0,54.016648586335535,0.023133133744062256,8,0.11909983496459967,0.002381996699291993,1,-0.16865774995672542,153,4-9-18_Schnable_49-531-js85-122_2018-04-11_09-25-13_9993800,4.880570355288399
0.38712305623413007,46.138877702601576,-126.86090268607333,0.0,186.17341416928852,0.0,39.50764776709291,0.02668354010881452,8,0.048437307627503964,0.0009687461525500793,2,-0.1419742098479109,168,4-9-18_Schnable_49-531-js85-122_2018-04-11_09-25-13_9993800,3.1124687187987594
0.39858578471533745,71.9687918028457,-104.03400057888837,0.0,15.588011755019572,0.0,67.86309944646719,0.032652651825207143,8,0.09380315652950354,0.0018760631305900707,3,-0.10932155802270375,176,4-9-18_Schnable_49-531-js85-122_2018-04-11_09-25-13_9993800,4.331354442423375
0.511175774571978,69.96215941759576,-87.76990282805035,0.0,198.17464358255776,0.0,55.881862984086595,0.028594009106691645,8,0.6684168231086804,0.013368336462173608,4,-0.08072754891601211,238,4-9-18_Schnable_49-531-js85-122_2018-04-11_09-25-13_9993800,11.562152248683462
0.15246894172121608,89.5,-21.583915819656973,0.0,63.7070631065068,0.0,75.80011438580001,0.12848351052799128,8,0.06844325541078639,0.0013688651082157278,5,0.04775596161197919,69,4-9-18_Schnable_49-531-js85-122_2018-04-11_09-25-13_9993800,3.699817709314511
0.41804878972121357,74.53940775844478,-91.14174305452758,0.0,241.06629824768447,0.0,68.87634784112075,0.03840848528281225,8,0.5947952136252368,0.011895904272504736,6,0.08616444689479144,191,4-9-18_Schnable_49-531-js85-122_2018-04-11_09-25-13_9993800,10.906834679458902
0.14453568595872898,53.67136248645974,-111.87633580738917,0.0,155.25028954056162,0.0,43.82115380338766,0.0,8,0.0024990838443418994,4.998167688683799e-05,7,0.08616444689479144,66,4-9-18_Schnable_49-531-js85-122_2018-04-11_09-25-13_9993800,0.7069772053386021
0.19602261169047977,57.23252550398378,-113.4351759999073,0.0,306.62828075618773,0.0,43.90295304463323,0.16507741208265939,8,0.017247948731336497,0.00034495897462672993,8,0.2512418589774508,94,4-9-18_Schnable_49-531-js85-122_2018-04-11_09-25-13_9993800,1.8573071222248894
0.16334637172850008,35.273662888146255,-152.9136015631803,0.0,11.773271647774926,0.0,25.375035554579743,0.0,8,0.0031235906787011893,6.247181357402379e-05,9,0.2512418589774508,65,4-9-18_Schnable_49-531-js85-122_2018-04-11_09-25-13_9993800,0.790391128328398
0.26616057270430754,49.287417249818816,-125.5156575620058,0.0,153.80641927983794,0.0,44.857826551510676,0.08307524570758404,8,0.0078106762736220945,0.0001562135254724419,0,-0.08807355549575765,107,4-9-18_Schnable_49-532-js245-393_2018-04-11_09-27-28_9993900,1.2498540933742701
0.3426919295798688,40.58161753819072,-107.55965814111163,0.0,300.19896077771045,0.0,39.662592749211115,0.017009160732090384,8,0.0399155276506683,0.0007983105530133661,1,-0.07106439476366727,166,4-9-18_Schnable_49-532-js245-393_2018-04-11_09-27-28_9993900,2.8254389977724985
0.3927012414141176,46.8810433864668,-101.12643264847732,0.0,129.3721291179362,0.0,46.03060406677696,0.021149073011503858,8,0.024832850453371857,0.0004966570090674372,2,-0.049915321752163413,173,4-9-18_Schnable_49-532-js245-393_2018-04-11_09-27-28_9993900,2.228580285893773
0.4249574164743542,48.38750622175468,-93.87189951129906,0.0,310.07378757906986,0.0,48.86102874552053,0.019394492593168885,8,0.018740720398115376,0.00037481440796230755,3,-0.03052082915899453,190,4-9-18_Schnable_49-532-js245-393_2018-04-11_09-27-28_9993900,1.9360124172182045
0.4761594688409522,55.96941244430442,-67.39631200095111,0.0,123.66931328077303,0.0,55.399986296558744,0.03107648641691862,8,0.06183624001163579,0.0012367248002327158,4,0.0005556572579240941,225,4-9-18_Schnable_49-532-js245-393_2018-04-11_09-27-28_9993900,3.5167098262903576
0.5002982571243316,65.59981031103821,-38.35796015684565,0.0,320.88390507470865,0.0,65.6319789893908,0.05111488953860895,8,0.19522573273527455,0.0039045146547054908,5,0.051670546796533046,231,4-9-18_Schnable_49-532-js245-393_2018-04-11_09-27-28_9993900,6.248611569545262
0.48358995286658285,70.34916953487176,-54.8251916696585,0.0,121.13841468918832,0.0,72.78652405218267,0.09398912297720968,8,0.06572329435407069,0.0013144658870814139,6,0.14565966977374273,220,4-9-18_Schnable_49-532-js245-393_2018-04-11_09-27-28_9993900,3.6255563532807122
0.4200387227186384,72.89086818843735,-25.552960236395666,0.0,325.03993330616197,0.0,74.66671381433758,0.02566661842434792,8,0.0881843723792346,0.001763687447584692,7,0.17132628819809065,206,4-9-18_Schnable_49-532-js245-393_2018-04-11_09-27-28_9993900,4.199627897307918
0.22259161017177545,89.5,-18.97005116268367,0.0,44.22092561432516,0.0,76.91875554604805,0.0,8,0.04923747568942534,0.0009847495137885068,8,0.17132628819809065,113,4-9-18_Schnable_49-532-js245-393_2018-04-11_09-27-28_9993900,3.1380718822049105
0.18728395174285015,72.63942790718606,-130.83538789929935,0.0,187.27834325505094,0.0,64.03074287145355,0.03173320673866026,8,0.021672442266760995,0.0004334488453352199,0,-0.13423081305510762,87,4-9-18_Schnable_49-533-js218-341_2018-04-11_09-29-43_9994000,2.081943431832911
0.24885624445708734,74.7733053006452,2.2984105326899784,0.0,41.56082667749188,0.0,73.03898925325595,0.03732501771436028,8,0.017392405752486212,0.00034784811504972424,1,-0.09690579534074734,123,4-9-18_Schnable_49-533-js218-341_2018-04-11_09-29-43_9994000,1.8650686717912675
0.07194778395844892,89.5,2.1317923740792803,0.0,333.1382652500303,0.0,62.77550699042022,0.0,8,0.004085673472389724,8.171346944779449e-05,2,-0.09690579534074734,36,4-9-18_Schnable_49-533-js218-341_2018-04-11_09-29-43_9994000,0.9039550290130283
0.3626955971791687,69.78694142517398,-125.80112653380182,0.0,222.74727173426314,0.0,63.34521141170965,0.004693749611426587,8,0.02282651867143161,0.00045653037342863217,3,-0.09221204572932075,168,4-9-18_Schnable_49-533-js218-341_2018-04-11_09-29-43_9994000,2.1366571400873657
0.36964644775713257,73.50144426276493,-74.2418737432871,0.0,31.27964805328819,0.0,67.52659261022633,0.10386142819036026,8,0.1584457640159958,0.003168915280319916,4,0.011649382461039514,167,4-9-18_Schnable_49-533-js218-341_2018-04-11_09-29-43_9994000,5.6293119298187015
0.49489426425886485,74.20126064255369,-81.74846271869615,0.0,204.82264267231304,0.0,65.44871296571011,0.04887336290199539,8,0.1530297797096583,0.003060595594193166,5,0.060522745363034904,245,4-9-18_Schnable_49-533-js218-341_2018-04-11_09-29-43_9994000,5.532264992020146
0.2891118904453712,69.50998158751374,-46.79675630872543,0.0,186.0467206160617,0.0,61.35045469648267,0.11113453947903185,8,0.010923805468488167,0.00021847610936976333,6,0.17165728484206674,138,4-9-18_Schnable_49-533-js218-341_2018-04-11_09-29-43_9994000,1.4780937364381304
0.35127141035868675,75.67365554229174,13.77383259950558,0.0,47.68422218779653,0.0,76.25462926771617,0.0,8,0.07235598657287375,0.0014471197314574749,7,0.17165728484206674,175,4-9-18_Schnable_49-533-js218-341_2018-04-11_09-29-43_9994000,3.8041026950615766
0.07378062356601325,56.69489997717809,-99.869426158837,0.0,261.57243909977046,0.0,67.164945731414,0.0020335315139095797,8,0.0038813541413698204,7.762708282739641e-05,0,-0.04798576273368381,31,4-9-18_Schnable_49-534-js202-315_2018-04-11_09-31-58_9994100,0.8810623293921743
0.1215126181090308,72.24841988505453,-108.38046703649958,0.0,194.0610690775572,0.0,55.794235930113636,0.014041676874391444,8,0.016250633475988676,0.0003250126695197735,1,-0.033944085859292365,43,4-9-18_Schnable_49-534-js202-315_2018-04-11_09-31-58_9994100,1.8028107763150674
0.16755848304767162,64.42031961267207,-140.35847859930072,0.0,319.9900755779502,0.0,59.95007980997427,0.03182188163399989,8,0.003927229595080695,7.854459190161389e-05,2,-0.002122204225292472,80,4-9-18_Schnable_49-534-js202-315_2018-04-11_09-31-58_9994100,0.8862538682658252
0.2471214579988919,66.81942346402741,-129.38566206153467,0.0,160.4109779685203,0.0,57.20575307331402,0.028282018508662233,8,0.02927227956804738,0.0005854455913609476,3,0.02615981428336976,112,4-9-18_Schnable_49-534-js202-315_2018-04-11_09-31-58_9994100,2.4195982959180387
0.18958525695537629,69.8984430818178,-61.527067801677894,0.0,312.89239831643425,0.0,65.38494971624738,0.023859741521252913,8,0.005805988528201358,0.00011611977056402717,4,0.050019555804622674,87,4-9-18_Schnable_49-534-js202-315_2018-04-11_09-31-58_9994100,1.0775888388621475
0.20029974032725165,89.5,28.380413611792655,0.0,158.29193158387505,0.0,81.96338192896161,0.0,8,0.025831625049001064,0.0005166325009800213,5,0.050019555804622674,102,4-9-18_Schnable_49-534-js202-315_2018-04-11_09-31-58_9994100,2.272955127097808
0.4026535121171633,52.32835184816051,-135.34439767059996,0.0,124.07977622664546,0.0,49.551596145584895,0.12881225018426484,8,0.018583336643635272,0.00037166673287270544,0,-0.10223986226706275,162,4-9-18_Schnable_49-535-js84-121_2018-04-11_09-34-13_9994200,1.9278660038309339
0.5166210858804383,54.23455915057161,-125.33486247936884,0.0,300.53715354173613,0.0,52.09243977605533,0.04092766043759491,8,0.048489513995154374,0.0009697902799030875,1,-0.06131220182946784,235,4-9-18_Schnable_49-535-js84-121_2018-04-11_09-34-13_9994200,3.1141455969544642
0.5523873485172184,45.790479187004486,-116.29486765399196,0.0,140.21580652941967,0.0,45.3043009398898,0.04958465103411663,8,0.11749203983365666,0.0023498407966731335,2,-0.01172755079535121,251,4-9-18_Schnable_49-535-js84-121_2018-04-11_09-34-13_9994200,4.847515648941355
0.4922817060889312,63.59265238880686,-64.48382317434422,0.0,294.27284854238457,0.0,64.86784196918461,0.07197033800118531,8,0.049690917989467495,0.0009938183597893498,3,0.060242787205834106,231,4-9-18_Schnable_49-535-js84-121_2018-04-11_09-34-13_9994200,3.15248847704373
0.5067792756658731,66.0027561587345,-92.0463136322759,0.0,176.31373156507115,0.0,63.96267184612071,0.13826831377640786,8,0.2739386013191083,0.005478772026382166,4,0.19851110098224198,222,4-9-18_Schnable_49-535-js84-121_2018-04-11_09-34-13_9994200,7.401872753825323
0.41585863596742123,58.08406812683985,-60.857571995995634,0.0,255.25979030887063,0.0,55.258262591923426,0.030478022629598644,8,0.03891180935992504,0.0007782361871985008,5,0.22898912361184062,196,4-9-18_Schnable_49-535-js84-121_2018-04-11_09-34-13_9994200,2.789688490133801
0.280424963685025,75.4510160978821,-37.44448143041504,0.0,168.263437631899,0.0,66.48527505049364,0.0,8,0.06718118080198801,0.0013436236160397602,6,0.22898912361184062,127,4-9-18_Schnable_49-535-js84-121_2018-04-11_09-34-13_9994200,3.665547184309268
0.2645100926752574,70.01733842680032,-163.72154888136765,0.0,350.54855441498927,0.0,62.81016697362713,0.10339717441003017,8,0.012070696312552474,0.0002414139262510495,0,-0.04814345870203145,114,4-9-18_Schnable_49-536-js159-3-228_2018-04-11_09-36-30_9994300,1.5537500643637943
0.10555228621812907,83.01637886689217,-59.06388726719723,0.0,346.3559920255662,0.0,67.81311024832807,0.046983772371012505,8,0.0036096700244054748,7.219340048810949e-05,1,-0.0011596863310189421,44,4-9-18_Schnable_49-536-js159-3-228_2018-04-11_09-36-30_9994300,0.8496669964645532
0.2527060647273597,49.52450442343162,-197.470671800441,0.0,174.7168427483853,0.0,40.491459357265,0.032697566947688855,8,0.011678101415750234,0.00023356202831500468,2,0.031537880616669914,102,4-9-18_Schnable_49-536-js159-3-228_2018-04-11_09-36-30_9994300,1.5282736283630778
0.3831357544789991,74.18983414054368,6.006201453741161,0.0,106.16785443198174,0.0,78.92451220740463,0.09366703865991051,8,0.08781621291665306,0.0017563242583330612,3,0.12520491927658042,187,4-9-18_Schnable_49-536-js159-3-228_2018-04-11_09-36-30_9994300,4.19085225023868
0.19632087728863762,69.52363271922546,25.055718902635977,0.0,295.9140444837796,0.0,65.63908044764403,0.027923335041025343,8,0.016651553934682067,0.00033303107869364136,4,0.15312825431760577,85,4-9-18_Schnable_49-536-js159-3-228_2018-04-11_09-36-30_9994300,1.8249139121987132
0.2532142797389111,57.34930055956483,-28.237273607808238,0.0,357.9669838432188,0.0,54.24010297486603,0.0,8,0.012519342100469063,0.0002503868420093813,5,0.15312825431760577,101,4-9-18_Schnable_49-536-js159-3-228_2018-04-11_09-36-30_9994300,1.5823616590696996
0.27930432781965786,47.02146804854874,-173.44778846406763,0.0,146.9651310079768,0.0,44.06430828650604,0.06796580772301156,8,0.006172016044076106,0.00012344032088152212,0,-0.11521596469922316,133,4-9-18_Schnable_49-537-js250-402_2018-04-11_09-38-46_9994400,1.1110369970506029
0.30225237191596693,39.27248970819852,-112.95280042619491,0.0,8.707391444234753,0.0,36.66533545873066,0.02386393041429867,8,0.0368034416204655,0.00073606883240931,1,-0.09135203428492449,128,4-9-18_Schnable_49-537-js250-402_2018-04-11_09-38-46_9994400,2.7130588500976347
0.331069464062656,35.59349090448632,-126.99907152058836,0.0,150.61330148735001,0.0,33.70183009279221,0.034237657063786446,8,0.025769430932107158,0.0005153886186421431,2,-0.05711437722113804,159,4-9-18_Schnable_49-537-js250-402_2018-04-11_09-38-46_9994400,2.270217211286495
0.5053981547721336,46.33775057585507,-172.09720683079792,0.0,348.75651151301963,0.0,37.90432796354289,0.013594171217485886,8,0.1570851437948203,0.003141702875896406,3,-0.043520206003652154,214,4-9-18_Schnable_49-537-js250-402_2018-04-11_09-38-46_9994400,5.6050895406731955
0.45685502127122424,44.92339125693085,-78.59479209711624,0.0,155.95377734455187,0.0,42.3505747074585,0.04651468655250255,8,0.05572965764297963,0.0011145931528595927,4,0.002994480548850397,213,4-9-18_Schnable_49-537-js250-402_2018-04-11_09-38-46_9994400,3.338552310297972
0.5401765822881136,64.52017677265165,-137.11678931295583,0.0,353.02235126866003,0.0,57.525656827666836,0.03576778102228374,8,0.11971447076548994,0.0023942894153097987,5,0.03876226157113414,234,4-9-18_Schnable_49-537-js250-402_2018-04-11_09-38-46_9994400,4.893147673338501
0.4477754498477944,67.59197772536038,-71.91037101834758,0.0,141.64677678081992,0.0,57.50282464113642,0.1451006587633982,8,0.09938399129257104,0.0019876798258514207,6,0.18386292033453233,207,4-9-18_Schnable_49-537-js250-402_2018-04-11_09-38-46_9994400,4.458340303130102
0.3998521406301093,81.11925205871695,-169.56392302411916,0.0,353.4143945325995,0.0,63.457728786886285,0.0,8,0.02334396536879602,0.0004668793073759204,7,0.18386292033453233,173,4-9-18_Schnable_49-537-js250-402_2018-04-11_09-38-46_9994400,2.1607390110235905
0.19508647157447662,81.89479698179835,-116.45734974108792,0.0,70.7438683204786,0.0,73.79694427635792,0.007952921146118244,8,0.0070044878597415915,0.00014008975719483183,0,-0.10996194483976969,82,4-9-18_Schnable_49-538-js284-177_2018-04-11_09-41-02_9994500,1.1835951892215169
0.20820384868743433,52.42574609411148,-114.69951239367752,0.0,233.71807167362786,0.0,48.64624630532114,0.05581042157741749,8,0.006625880013409267,0.00013251760026818536,1,-0.0541515232623522,98,4-9-18_Schnable_49-538-js284-177_2018-04-11_09-41-02_9994500,1.1511628914631733
0.30125318301208626,61.21422764422278,-99.38781733536335,0.0,87.22383046305526,0.0,59.06535582437522,0.017902816989981148,8,0.024803043839395373,0.0004960608767879075,2,-0.036248706272371055,136,4-9-18_Schnable_49-538-js284-177_2018-04-11_09-41-02_9994500,2.2272424133621094
0.19769757246818903,58.414888643232324,-36.63067144554313,0.0,252.53208049745,0.0,56.82848957675713,0.017949474841511083,8,0.006946248023666348,0.00013892496047332697,3,-0.018299231430859972,82,4-9-18_Schnable_49-538-js284-177_2018-04-11_09-41-02_9994500,1.1786643308140234
0.0998923667311652,89.5,-23.04059920487293,0.0,276.90984036039976,0.0,64.1264669022062,0.008197701684992955,8,0.004399504920338186,8.799009840676372e-05,4,-0.010101529745867017,48,4-9-18_Schnable_49-538-js284-177_2018-04-11_09-41-02_9994500,0.9380303748107719
0.1454433309291953,83.81158218723766,-10.094585084243501,0.0,71.68968646124262,0.0,68.05209180964086,0.12816771136063573,8,0.006075621554902027,0.00012151243109804054,5,0.11806618161476873,75,4-9-18_Schnable_49-538-js284-177_2018-04-11_09-41-02_9994500,1.1023267714159923
0.20163817635520562,82.89436813738281,9.369494957353897,0.0,199.68468548429564,0.0,75.02244300587358,0.0,8,0.017456334191237044,0.00034912668382474087,6,0.11806618161476873,106,4-9-18_Schnable_49-538-js284-177_2018-04-11_09-41-02_9994500,1.8684931999467937
0.25084822190296535,60.72260659758737,-83.9570091351135,0.0,69.30363639444867,0.0,57.147792934700874,0.08765909304054173,8,0.010353828875933465,0.0002070765775186693,0,-0.08989958594650485,115,4-9-18_Schnable_49-539-js37-3-63_2018-04-11_09-43-16_9994600,1.4390155576597123
0.29768699652789454,65.527513885269,-82.87303775112733,0.0,286.81029888548676,0.0,65.33915994188233,0.03627141453137663,8,0.00898989898613968,0.0001797979797227936,1,-0.05362817141512822,127,4-9-18_Schnable_49-539-js37-3-63_2018-04-11_09-43-16_9994600,1.3408876900128273
0.3917403548773969,65.85129851379804,-143.89035536866106,0.0,81.12805946632355,0.0,55.438823500147656,0.02964530585960863,8,0.09868735329184422,0.001973747065836884,2,-0.023982865555519588,170,4-9-18_Schnable_49-539-js37-3-63_2018-04-11_09-43-16_9994600,4.442687323948068
0.45165461005822394,62.061084972415365,-50.549967253976035,0.0,271.00217712323536,0.0,62.46044940449861,0.04454973968904447,8,0.05803010099446086,0.0011606020198892172,3,0.020566874133524884,198,4-9-18_Schnable_49-539-js37-3-63_2018-04-11_09-43-16_9994600,3.4067609541751196
0.10992038347625367,66.03738626281833,63.688951481176645,0.0,324.0304562748161,0.0,52.29621531293053,0.03729521002787651,8,0.001184384782371102,2.368769564742204e-05,4,0.05786208416140139,57,4-9-18_Schnable_49-539-js37-3-63_2018-04-11_09-43-16_9994600,0.4867000682907497
0.5319647077524029,67.32001477681067,-129.40338748302491,0.0,80.42546014675722,0.0,63.061696634905466,0.0,8,0.11987477242997911,0.0023974954485995823,5,0.05786208416140139,234,4-9-18_Schnable_49-539-js37-3-63_2018-04-11_09-43-16_9994600,4.896422621260936
0.10873167227964034,53.065775218030204,169.605448556775,0.0,110.60976716536955,0.0,63.79826511765678,0.01903992155575953,8,0.012767182945529764,0.0002553436589105953,6,0.07690200571716092,55,4-9-18_Schnable_49-539-js37-3-63_2018-04-11_09-43-16_9994600,1.5979476177603424
0.48471460922012566,66.56208822430781,-103.88800829205479,0.0,262.0100940406811,0.0,67.74136855881433,0.09557328918939977,8,0.07619713464447149,0.0015239426928894298,7,0.1724752949065607,229,4-9-18_Schnable_49-539-js37-3-63_2018-04-11_09-43-16_9994600,3.903770860193295
0.406942089790831,71.61217308782628,-134.5770007843197,0.0,115.59377162118656,0.0,63.18238212051973,0.0,8,0.14172875815063168,0.0028345751630126335,8,0.1724752949065607,199,4-9-18_Schnable_49-539-js37-3-63_2018-04-11_09-43-16_9994600,5.324072842300933
0.2483334952572922,50.823478479653055,-93.7086609931427,0.0,350.18764356722727,0.0,48.24901181519355,0.03739926241915028,8,0.0054674663584394385,0.00010934932716878876,0,-0.05199291015122986,114,4-9-18_Schnable_49-540-js23-3-38_2018-04-11_09-45-31_9994700,1.0457022863549108
0.31548125242900943,50.4312785146239,-152.7382506780639,0.0,350.0170592101202,0.0,43.15610494200776,0.036763801926070934,8,0.03449729060824737,0.0006899458121649474,1,-0.015229108225158923,143,4-9-18_Schnable_49-540-js23-3-38_2018-04-11_09-45-31_9994700,2.6266819605063483
0.44333357561680947,72.5445355510131,-53.25107537545842,0.0,184.6477679589151,0.0,72.39057966022393,0.02820129108249091,8,0.04738730676735578,0.0009477461353471156,2,0.012972182857331987,195,4-9-18_Schnable_49-540-js23-3-38_2018-04-11_09-45-31_9994700,3.0785485790338205
0.34103209762871894,58.38631068727275,-60.50904270664979,0.0,348.6570204201952,0.0,56.27351548198854,0.00845879868782646,8,0.025544862340391133,0.0005108972468078226,3,0.021430981545158448,144,4-9-18_Schnable_49-540-js23-3-38_2018-04-11_09-45-31_9994700,2.260303622984803
0.06779411616221741,38.29750968160148,174.31550673870274,0.0,63.07731087745281,0.0,24.071297851534183,0.0,8,0.013684482844645473,0.00027368965689290945,4,0.021430981545158448,30,4-9-18_Schnable_49-540-js23-3-38_2018-04-11_09-45-31_9994700,1.654356844495496
0.1880296924034616,46.64357980267021,-63.70466799993014,0.0,168.9972503593857,0.0,35.682953761693334,0.032798945591602284,8,0.019987377895626247,0.00039974755791252493,5,0.05422992713676073,94,4-9-18_Schnable_49-540-js23-3-38_2018-04-11_09-45-31_9994700,1.9993687951764298
0.12956674603582655,82.65410734913775,-110.01190455254508,0.0,133.6087976736095,0.0,53.60781336051337,0.0,8,0.02715678265643397,0.0005431356531286794,6,0.05422992713676073,56,4-9-18_Schnable_49-540-js23-3-38_2018-04-11_09-45-31_9994700,2.3305270930171127
0.3004074772751171,74.1887777713939,-84.70779009117324,0.0,350.98275225345344,0.0,72.36390364263774,0.024581474526322568,8,0.03159184360265023,0.0006318368720530046,7,0.0788114016630833,142,4-9-18_Schnable_49-540-js23-3-38_2018-04-11_09-45-31_9994700,2.5136365529905165
0.35488369100263656,79.03343071119481,-81.19784199736071,0.0,159.79609130490618,0.0,82.58756398690524,0.0,8,0.029406250473164627,0.0005881250094632926,8,0.0788114016630833,162,4-9-18_Schnable_49-540-js23-3-38_2018-04-11_09-45-31_9994700,2.4251288820664616
0.23499441112096728,67.28095757871557,-97.92879399143021,0.0,74.23112767245075,0.0,61.76955062449531,0.09826088710671578,8,0.0037650442479422825,7.530088495884565e-05,0,-0.08575498978068773,110,4-9-18_Schnable_49-541-js133-194_2018-04-11_09-47-47_9994800,0.8677608251058908
0.26611194228514423,59.05331335518836,-82.44075939369728,0.0,270.5154405949811,0.0,55.83219110843124,0.024861501001811136,8,0.01474606415146912,0.0002949212830293824,1,-0.06089348877887659,128,4-9-18_Schnable_49-541-js133-194_2018-04-11_09-47-47_9994800,1.717327234482067
0.1538381037441518,73.98838424803148,-34.22183441657179,0.0,48.73793383219418,0.0,72.3975469245339,0.04158150573486116,8,0.011056123154419839,0.0002211224630883968,2,-0.019311983044015428,74,4-9-18_Schnable_49-541-js133-194_2018-04-11_09-47-47_9994800,1.4870187056267878
0.34072430620115274,72.07113424147335,-101.04180982096231,0.0,229.13453601108355,0.0,65.04084160112774,0.016722820593339877,8,0.04262232300972259,0.0008524464601944517,3,-0.0025891624506755528,145,4-9-18_Schnable_49-541-js133-194_2018-04-11_09-47-47_9994800,2.919668577414998
0.365013834715576,71.86487768765375,-37.73280162076769,0.0,45.26909567133428,0.0,72.33441315804731,0.05185555103343463,8,0.04673407112910319,0.0009346814225820638,4,0.04926638858275908,176,4-9-18_Schnable_49-541-js133-194_2018-04-11_09-47-47_9994800,3.0572559961214627
0.5146049073923744,69.27341636449454,-64.63488887617115,0.0,244.96436615017404,0.0,69.90779497165471,0.04116114135165234,8,0.06512370394652332,0.0013024740789304664,5,0.09042752993441142,229,4-9-18_Schnable_49-541-js133-194_2018-04-11_09-47-47_9994800,3.608980574802899
0.3038554024455693,70.7737757888868,-53.438673496446334,0.0,209.8641002821168,0.0,62.67113214866356,0.09011106693179519,8,0.14078433615441355,0.002815686723088271,6,0.1805385968662066,131,4-9-18_Schnable_49-541-js133-194_2018-04-11_09-47-47_9994800,5.306304479662161
0.48355771813584786,69.45168782333512,-65.5128170532638,0.0,101.14704396903262,0.0,75.93193258267554,0.0,8,0.06506946655167364,0.0013013893310334728,7,0.1805385968662066,222,4-9-18_Schnable_49-541-js133-194_2018-04-11_09-47-47_9994800,3.6074774164691217
0.09723191279978474,68.1252183638654,-154.20285737436092,0.0,14.769177258264376,0.0,49.78610579155582,0.012064986655359766,8,0.009816528892351193,0.00019633057784702385,0,-0.11003945806160162,46,4-9-18_Schnable_49-542-js292-381_2018-04-11_09-50-02_9994900,1.401180137766104
0.1554593237272412,47.48895454099737,-105.61093248271735,0.0,164.75335406307119,0.0,41.455143283845004,0.03590141704143929,8,0.0035062860070003924,7.012572014000784e-05,1,-0.07413804102016233,70,4-9-18_Schnable_49-542-js292-381_2018-04-11_09-50-02_9994900,0.837411011033458
0.2342050599695601,37.23853883423831,-147.94652619904167,0.0,11.689028066262003,0.0,34.97752019507275,0.0342029987117904,8,0.018864750042605828,0.00037729500085211654,2,-0.03993504230837193,103,4-9-18_Schnable_49-542-js292-381_2018-04-11_09-50-02_9994900,1.942408301187257
0.265339527344658,51.114120933938096,-144.3071083280964,0.0,169.92507996684546,0.0,46.635175699174155,0.03582006463058596,8,0.012571707250708695,0.0002514341450141739,3,-0.004114977677785973,109,4-9-18_Schnable_49-542-js292-381_2018-04-11_09-50-02_9994900,1.585667509329033
0.30746788689842064,53.03638920967418,-121.63260943263705,0.0,5.284685573161153,0.0,48.197984053418345,0.04426965076910665,8,0.01266439185420689,0.0002532878370841378,4,0.040154673091320675,126,4-9-18_Schnable_49-542-js292-381_2018-04-11_09-50-02_9994900,1.5915019229775933
0.4255226721392375,52.930837630593246,-64.25907473281674,0.0,184.8379254595444,0.0,52.27951899917601,0.031748416367400265,8,0.09510182059640385,0.001902036411928077,5,0.07190308945872094,186,4-9-18_Schnable_49-542-js292-381_2018-04-11_09-50-02_9994900,4.3612342426520465
0.42556644444248015,84.36282628163515,-46.10803242708761,0.0,192.29191618358558,0.0,84.17705034427357,0.05027740125074655,8,0.1288294480929481,0.002576588961858962,6,0.12218049070946749,209,4-9-18_Schnable_49-542-js292-381_2018-04-11_09-50-02_9994900,5.076011191732109
0.38059599489469914,85.25979510014939,-158.23909838552362,0.0,34.009314223886804,0.0,69.25136166603782,0.0,8,0.09693038964690032,0.0019386077929380062,7,0.12218049070946749,184,4-9-18_Schnable_49-542-js292-381_2018-04-11_09-50-02_9994900,4.402962403811786
0.2511099150650207,58.226180301266524,-108.39536992643953,0.0,345.88935721731565,0.0,53.74483276009939,0.040630993050241065,8,0.01503879670857483,0.0003007759341714966,0,-0.10741263902833073,110,4-9-18_Schnable_49-543-js131-3-190_2018-04-11_09-52-18_9995000,1.734289290088296
0.3075828579199361,54.50128385228201,-100.51596865469534,0.0,212.57810716319784,0.0,53.40750977535614,0.012583334110916555,8,0.01464080242708139,0.0002928160485416278,1,-0.09482930491741418,141,4-9-18_Schnable_49-543-js131-3-190_2018-04-11_09-52-18_9995000,1.7111868645522843
0.37316063164525254,59.705997711738675,-85.56865954466312,0.0,358.0794690262217,0.0,57.23300141004788,0.0198754358410186,8,0.1271018981601732,0.002542037963203464,2,-0.07495386907639558,169,4-9-18_Schnable_49-543-js131-3-190_2018-04-11_09-52-18_9995000,5.0418627145167925
0.38954630281605335,60.73854219345327,-82.44709178285211,0.0,202.5812780735833,0.0,60.738274340343736,0.04097496791813258,8,0.051386679826860536,0.0010277335965372108,3,-0.033978901158263,175,4-9-18_Schnable_49-543-js131-3-190_2018-04-11_09-52-18_9995000,3.205828436671574
0.44581065923550894,54.20739384328943,-37.53220203542452,0.0,9.855695941742217,0.0,53.890278768096344,0.03207684427517596,8,0.07852317960084812,0.0015704635920169624,4,-0.0019020568830870428,182,4-9-18_Schnable_49-543-js131-3-190_2018-04-11_09-52-18_9995000,3.962907508404609
0.49324719409924256,65.55032040547454,-53.22102329604106,0.0,208.77557540901094,0.0,64.3470501668932,0.03097971938730116,8,0.09227361557927055,0.001845472311585411,5,0.029077662504214116,217,4-9-18_Schnable_49-543-js131-3-190_2018-04-11_09-52-18_9995000,4.295896078335009
0.34562263453436853,70.19946870365709,-34.38616335214496,0.0,330.9440286666947,0.0,65.80705336600101,0.11896091870274655,8,0.02478152131196084,0.0004956304262392168,6,0.14803858120696067,161,4-9-18_Schnable_49-543-js131-3-190_2018-04-11_09-52-18_9995000,2.226275872930435
0.370706660393309,80.57289975369132,-57.105071980039504,0.0,201.1499708726346,0.0,78.11192594662215,0.0,8,0.12545999286960083,0.0025091998573920165,7,0.14803858120696067,164,4-9-18_Schnable_49-543-js131-3-190_2018-04-11_09-52-18_9995000,5.009191409191724
0.20845901369990522,60.88558017460757,-163.59429867613485,0.0,142.40750584121773,0.0,55.09327050826647,0.04216338489805607,8,0.003302490870346617,6.604981740693235e-05,0,-0.13195790956899917,82,4-9-18_Schnable_49-544-js163-234_2018-04-11_09-54-34_9995100,0.8127103875731647
0.2586427463780422,64.83193581724673,-99.47557973511333,0.0,336.50451245436966,0.0,59.082006209261856,0.03537796108254364,8,0.0107921805326448,0.000215843610652896,1,-0.09657994848645553,111,4-9-18_Schnable_49-544-js163-234_2018-04-11_09-54-34_9995100,1.4691617019678127
0.40106167018401273,56.90648638995699,-191.46717574336589,0.0,157.3524274646803,0.0,50.90614954323011,0.0246140550852329,8,0.020547408718948355,0.0004109481743789671,2,-0.07196589340122263,180,4-9-18_Schnable_49-544-js163-234_2018-04-11_09-54-34_9995100,2.027185670773566
0.39033499508682745,70.60583172244705,-107.99023228731384,0.0,315.64170668003993,0.0,62.43809815256024,0.03737303993052121,8,0.05530076778196862,0.0011060153556393725,3,-0.034592853470701415,182,4-9-18_Schnable_49-544-js163-234_2018-04-11_09-54-34_9995100,3.3256809162025336
0.4457869226501374,69.99300269243619,-91.11007379251001,0.0,157.445643606377,0.0,68.81910879176064,0.050677158471019584,8,0.052874423790467556,0.0010574884758093512,4,0.016084305000318173,208,4-9-18_Schnable_49-544-js163-234_2018-04-11_09-54-34_9995100,3.251904789211011
0.5483790655343965,85.5512480624367,-97.6348402039492,0.0,327.8833436929833,0.0,77.0377686343046,0.06972582604987929,8,0.44559501538930657,0.008911900307786132,5,0.08581013105019746,272,4-9-18_Schnable_49-544-js163-234_2018-04-11_09-54-34_9995100,9.44028617563373
0.11138176014981532,67.78294663762492,30.786772639854316,0.0,110.31513302446452,0.0,37.45804149606257,0.004269459152852428,8,0.006938031891508817,0.00013876063783017635,6,0.09007959020304988,54,4-9-18_Schnable_49-544-js163-234_2018-04-11_09-54-34_9995100,1.177967053147822
0.45585128584167467,81.43050520506684,-113.44811188726169,0.0,303.9723562208778,0.0,69.52250603473838,0.08473314961508734,8,0.1720509736938984,0.003441019473877968,7,0.17481273981813722,227,4-9-18_Schnable_49-544-js163-234_2018-04-11_09-54-34_9995100,5.866020349332218
0.4981808619140887,70.85554270134485,-129.73989321650845,0.0,156.1402877524785,0.0,63.5150629032018,0.0,8,0.04299673554037714,0.0008599347108075428,8,0.17481273981813722,229,4-9-18_Schnable_49-544-js163-234_2018-04-11_09-54-34_9995100,2.9324643404610105
0.2507431695408448,38.04828085395382,-182.59443744231692,0.0,359.4890131485983,0.0,40.021030873733665,0.07601496382556583,8,0.016751343476587348,0.00033502686953174694,0,-0.18519596675863997,81,4-9-18_Schnable_49-545-js208-327_2018-04-11_09-56-50_9995200,1.8303739222676523
0.2996874291462061,64.59502973862978,-122.11805164163766,0.0,176.93268018965702,0.0,53.12337430819698,0.06420108824202649,8,0.09195545354551933,0.0018391090709103865,1,-0.12099487851661349,132,4-9-18_Schnable_49-545-js208-327_2018-04-11_09-56-50_9995200,4.288483497590246
0.4085044642135832,63.98313193283186,-122.86836564086292,0.0,337.3474629947573,0.0,62.02081292804038,0.1097984895237118,8,0.06661770276118625,0.0013323540552237251,2,-0.011196388992901688,182,4-9-18_Schnable_49-545-js208-327_2018-04-11_09-56-50_9995200,3.650142538619177
0.5522176720978982,66.80285442668857,-116.22242267079909,0.0,185.54730888859226,0.0,60.90500262844654,0.1023447834557944,8,0.35452488897842,0.0070904977795684,3,0.0911483944628927,257,4-9-18_Schnable_49-545-js208-327_2018-04-11_09-56-50_9995200,8.420509354883706
0.5974748775865502,65.49770931472385,-125.89411412713343,0.0,352.8884661288507,0.0,62.29652518661591,0.03170070017905867,8,0.10474783847947543,0.0020949567695895087,4,0.12284909464195137,255,4-9-18_Schnable_49-545-js208-327_2018-04-11_09-56-50_9995200,4.577069771796699
0.535175224361044,65.03528425573984,-81.10090755681972,0.0,174.84786632731368,0.0,61.989045733717745,0.06446999645959628,8,0.40641582979987495,0.0081283165959975,5,0.18731909110154765,245,4-9-18_Schnable_49-545-js208-327_2018-04-11_09-56-50_9995200,9.015717717407473
0.33675217501610677,75.7132132342917,-24.848170559732782,0.0,15.126575125543233,0.0,74.41739429328075,0.07384719341315549,8,0.029493591223418603,0.0005898718244683721,6,0.26116628451470314,168,4-9-18_Schnable_49-545-js208-327_2018-04-11_09-56-50_9995200,2.4287277008103896
0.17842146898445346,78.5136223496296,-21.96579475410819,0.0,200.92846895957913,0.0,69.81243502868601,0.0,8,0.006669997835093366,0.00013339995670186733,7,0.26116628451470314,87,4-9-18_Schnable_49-545-js208-327_2018-04-11_09-56-50_9995200,1.1549889899988974
0.27603811512723897,50.047314662521316,-159.32543196714195,0.0,89.28100205379076,0.0,41.04192465169905,0.05202641781937453,8,0.007976916698358046,0.00015953833396716092,0,-0.16330023289798992,103,4-9-18_Schnable_49-547-js135-196_2018-04-11_10-01-20_9995400,1.2630848505431491
0.26015816925328267,50.07860435309307,-101.00577017530215,0.0,284.84218170938004,0.0,45.512893273268,0.024544733299179722,8,0.008632003513740234,0.00017264007027480467,1,-0.1387554995988102,118,4-9-18_Schnable_49-547-js135-196_2018-04-11_10-01-20_9995400,1.313925683875632
0.3564676101463759,50.71229726783201,-59.133540125107366,0.0,121.77205590272064,0.0,50.98362320422478,0.02364981658754453,8,0.012130461416902659,0.00024260922833805318,2,-0.11510568301126567,161,4-9-18_Schnable_49-547-js135-196_2018-04-11_10-01-20_9995400,1.557591821813575
0.27554529913004844,59.49745540063584,-30.164605977437766,0.0,276.59441849134294,0.0,53.3466614159081,0.01024155768776927,8,0.0322218583115634,0.000644437166231268,3,-0.1048641253234964,107,4-9-18_Schnable_49-547-js135-196_2018-04-11_10-01-20_9995400,2.5385767001043478
0.37880706042125556,53.563412125909814,-52.25426273714773,0.0,89.36636181364017,0.0,55.75731408384872,0.02947529477168384,8,0.018505060086032452,0.00037010120172064904,4,-0.07538883055181256,166,4-9-18_Schnable_49-547-js135-196_2018-04-11_10-01-20_9995400,1.9238014495281186
0.33056277413932494,61.6053145939438,-24.226741447958435,0.0,275.0111741811524,0.0,57.47592113809737,0.016570292293223557,8,0.02136520172510805,0.000427304034502161,5,-0.058818538258589,141,4-9-18_Schnable_49-547-js135-196_2018-04-11_10-01-20_9995400,2.0671333641111813
0.5005501475261356,66.35101986883359,-40.583865450859925,0.0,100.94283774353586,0.0,68.60815712235635,0.0495667498569021,8,0.03247632690971777,0.0006495265381943555,6,-0.009251788401686906,228,4-9-18_Schnable_49-547-js135-196_2018-04-11_10-01-20_9995400,2.5485810526533297
0.5861006939087585,72.50163494984949,-54.87460369691898,0.0,266.43111029328196,0.0,69.4973007445812,0.09149573701127593,8,0.11075908463817896,0.0022151816927635792,7,0.08224394860958903,267,4-9-18_Schnable_49-547-js135-196_2018-04-11_10-01-20_9995400,4.706571674545687
0.3538036608096499,81.65519677938485,-25.01406749153643,0.0,199.9449412869412,0.0,79.77841342565522,0.13357188684976606,8,0.045210388747096875,0.0009042077749419375,8,0.2158158354593551,177,4-9-18_Schnable_49-547-js135-196_2018-04-11_10-01-20_9995400,3.007004780411793
0.21243302937560285,81.65344599464186,-66.42458823159964,0.0,304.0027575392163,0.0,72.51188757533646,0.0,8,0.011236065185850781,0.0002247213037170156,9,0.2158158354593551,102,4-9-18_Schnable_49-547-js135-196_2018-04-11_10-01-20_9995400,1.4990707245390913
0.36396996685656613,66.56848947468937,-121.97496925774526,0.0,246.10202730104544,0.0,64.80193951019706,0.0646109510958858,8,0.023110731148945372,0.00046221462297890746,0,-0.048554350200240015,160,4-9-18_Schnable_49-548-js150-217_2018-04-11_10-03-36_9995500,2.1499177262837463
0.30323930699037227,62.43807801533256,-166.4655721998035,0.0,290.1912481561463,0.0,53.800592379965636,0.01520170740370013,8,0.05048101590731019,0.0010096203181462037,1,-0.033352642796539884,127,4-9-18_Schnable_49-548-js150-217_2018-04-11_10-03-36_9995500,3.17745230986431
0.2528375789896466,64.03127119329687,-48.1865363181301,0.0,334.8817342585806,0.0,63.48112002420983,0.02425087855799039,8,0.011425717698373696,0.0002285143539674739,2,-0.009101764238549494,110,4-9-18_Schnable_49-548-js150-217_2018-04-11_10-03-36_9995500,1.5116691237419446
0.3858530745857168,62.27886584929214,-110.68232683868919,0.0,200.68316886023015,0.0,59.09767985939279,0.04442212393760667,8,0.052044099439871996,0.00104088198879744,3,0.035320359699057176,186,4-9-18_Schnable_49-548-js150-217_2018-04-11_10-03-36_9995500,3.2262702750969887
0.4525973151434144,67.19372345142347,-147.59021417956203,0.0,29.766914481169092,0.0,61.052300243945446,0.0,8,0.04458707765369328,0.0008917415530738656,4,0.035320359699057176,209,4-9-18_Schnable_49-548-js150-217_2018-04-11_10-03-36_9995500,2.986204201111949
0.3663895396479739,89.5,13.02965642967041,0.0,271.1119519778424,0.0,84.83449323917246,0.07827015330235365,8,0.07796817719921795,0.0015593635439843589,5,0.11359051300141083,185,4-9-18_Schnable_49-548-js150-217_2018-04-11_10-03-36_9995500,3.948877744352639
0.44965657846887536,65.61256769931494,-61.68854080053139,0.0,177.3751257995698,0.0,64.4770072186749,0.0,8,0.05174420508396152,0.0010348841016792304,6,0.11359051300141083,200,4-9-18_Schnable_49-548-js150-217_2018-04-11_10-03-36_9995500,3.2169614571505676
0.29200030962137546,71.65217531441569,-134.94102818102152,0.0,30.212120568708865,0.0,63.3132563946925,0.1118620624346221,8,0.031484758831584074,0.0006296951766316815,0,-0.05967578096340435,131,4-9-18_Schnable_49-550-js289-293_2018-04-11_10-08-08_9995700,2.509372783449445
0.3955840187059285,60.69263498943198,-142.7554773834673,0.0,269.9396744738165,0.0,59.5777331649797,0.030562745942138404,8,0.045797292753921415,0.0009159458550784282,1,-0.029113035021265943,167,4-9-18_Schnable_49-550-js289-293_2018-04-11_10-08-08_9995700,3.026459738834185
0.471527396836082,75.17651886929023,-140.72852161022,0.0,37.0207525095843,0.0,64.55810673817449,0.031944799597562516,8,0.25811684556153297,0.0051623369112306595,2,0.0028317645762965726,213,4-9-18_Schnable_49-550-js289-293_2018-04-11_10-08-08_9995700,7.184940439022901
0.42367414628650446,63.345505794749364,-76.42817848214328,0.0,246.5655336372909,0.0,66.7640534497747,0.05240130364341312,8,0.02006547604847821,0.0004013095209695642,3,0.05523306821970969,191,4-9-18_Schnable_49-550-js289-293_2018-04-11_10-08-08_9995700,2.003271127355367
0.5188160406497401,68.40126373707388,5.595711187972782,0.0,37.60601254341464,0.0,70.97452530254924,0.037732728776240856,8,0.262803905097077,0.00525607810194154,4,0.09296579699595055,244,4-9-18_Schnable_49-550-js289-293_2018-04-11_10-08-08_9995700,7.249881448645584
0.39974351392159785,70.20400898672249,-74.80066574841439,0.0,239.32993274153196,0.0,73.19352531423011,0.07848498270330918,8,0.05236393299520239,0.0010472786599040476,5,0.17145077969925973,192,4-9-18_Schnable_49-550-js289-293_2018-04-11_10-08-08_9995700,3.236168505971294
0.20551872728728193,83.88719402389619,-33.68798672626384,0.0,39.45806604450724,0.0,76.25075144424893,0.0,8,0.021314215775791165,0.0004262843155158233,6,0.17145077969925973,99,4-9-18_Schnable_49-550-js289-293_2018-04-11_10-08-08_9995700,2.0646653857606645
0.19244279156539307,61.91903504561494,-97.61635599938103,0.0,193.35603936411502,0.0,56.08452846925398,0.058856818123250984,8,0.0037655076770900433,7.531015354180086e-05,0,-0.0931468524773194,82,4-9-18_Schnable_49-551-js153-222_2018-04-11_10-10-21_9995800,0.867814228633069
0.2816128016789565,67.34492401523958,-105.44568010176665,0.0,330.30819253004285,0.0,61.14220313409589,0.030578756326565107,8,0.03601106425461424,0.0007202212850922848,1,-0.06256809615075429,116,4-9-18_Schnable_49-551-js153-222_2018-04-11_10-10-21_9995800,2.6836938817463607
0.34132792769631515,63.13177603297103,-126.60693906013701,0.0,171.56141927665922,0.0,54.76211632552612,0.03307541143032806,8,0.01816728741498224,0.0003633457482996448,2,-0.02949268472042623,155,4-9-18_Schnable_49-551-js153-222_2018-04-11_10-10-21_9995800,1.906163026342828
0.4114142574048275,65.35745548666068,-68.07764130692361,0.0,344.63832819153964,0.0,64.78660313987021,0.038623276868558126,8,0.048472069535587844,0.0009694413907117569,3,0.009130592148131896,167,4-9-18_Schnable_49-551-js153-222_2018-04-11_10-10-21_9995800,3.1135853781641463
0.47219958139403,70.42414562708078,-30.341328964663536,0.0,191.44402654685032,0.0,70.80614058360699,0.04292338599416302,8,0.05621079816198693,0.0011242159632397386,4,0.05205397814229491,239,4-9-18_Schnable_49-551-js153-222_2018-04-11_10-10-21_9995800,3.3529329895477162
0.35137985619592244,80.58970561713048,3.8395594242023865,0.0,172.768843888872,0.0,76.06856331112458,0.10150002774153964,8,0.057438067059552136,0.0011487613411910427,5,0.15355400588383455,186,4-9-18_Schnable_49-551-js153-222_2018-04-11_10-10-21_9995800,3.389338196744377
0.4205896776310247,75.52612039569867,-46.41599267207389,0.0,334.57707713868473,0.0,77.10729833194786,0.0,8,0.08019122874183321,0.0016038245748366642,6,0.15355400588383455,186,4-9-18_Schnable_49-551-js153-222_2018-04-11_10-10-21_9995800,4.00477786504653
0.2451254709046435,54.74145200914368,-113.45597106808574,0.0,275.26411747834567,0.0,51.46463321734335,0.051496563610869156,8,0.009298814119619575,0.0001859762823923915,0,-0.0738387617544273,115,4-9-18_Schnable_49-552-js172-249_2018-04-11_10-12-34_9995900,1.3637312139582034
0.3730572072444413,47.53802015509383,-155.5045898266851,0.0,178.11134089571468,0.0,45.3656096153522,0.035104770410258605,8,0.029281295664364784,0.0005856259132872957,1,-0.038733991344168696,175,4-9-18_Schnable_49-552-js172-249_2018-04-11_10-12-34_9995900,2.419970895046665
0.3695097221910099,57.30261148660861,-117.38895260172937,0.0,300.06188802864165,0.0,51.91107190949071,0.03160293302085198,8,0.02465764744433114,0.0004931529488866228,2,-0.007131058323316717,161,4-9-18_Schnable_49-552-js172-249_2018-04-11_10-12-34_9995900,2.220704727978537
0.3648821966401313,57.48826049944844,-75.6847254775515,0.0,157.02493377741183,0.0,50.28106601112426,0.03170307968726701,8,0.09626278287425136,0.0019252556574850272,3,0.024572021363950293,174,4-9-18_Schnable_49-552-js172-249_2018-04-11_10-12-34_9995900,4.387773532766963
0.4422955103606004,64.47586683143282,-53.41406918993897,0.0,311.7028859072607,0.0,65.79101012077547,0.04052720514304262,8,0.04649987564399766,0.0009299975128799531,4,0.06509922650699292,188,4-9-18_Schnable_49-552-js172-249_2018-04-11_10-12-34_9995900,3.0495860585986962
0.3711786473858885,71.88970430646002,-106.29068880164445,0.0,168.9569287084783,0.0,58.47924238786276,0.055308974788950666,8,0.051842255018339146,0.001036845100366783,5,0.12040820129594358,176,4-9-18_Schnable_49-552-js172-249_2018-04-11_10-12-34_9995900,3.2200079198144578
0.17828550710942312,82.12448328992531,6.261951724244672,0.0,314.99231999641677,0.0,75.05534902889369,0.0,8,0.011358512748240826,0.00022717025496481652,6,0.12040820129594358,83,4-9-18_Schnable_49-552-js172-249_2018-04-11_10-12-34_9995900,1.5072168223743276
0.19758119860447776,55.990858677839356,-98.66468658149671,0.0,201.95764198990932,0.0,50.5520797629958,0.04157848998839825,8,0.002650729396264535,5.3014587925290704e-05,0,-0.08687982894784238,87,4-9-18_Schnable_49-553-js11-21_2018-04-11_10-14-49_9996000,0.7281111723170488
0.27781855062506045,48.265859947827714,-75.16495581586281,0.0,78.57502097677322,0.0,46.2763668721642,0.021518586587783203,8,0.010670447159945154,0.00021340894319890307,1,-0.06536124236005918,110,4-9-18_Schnable_49-553-js11-21_2018-04-11_10-14-49_9996000,1.4608522964314463
0.318405788349605,63.322204624256074,-107.25926898010276,0.0,245.6796496488512,0.0,59.246198744827225,0.03622158395016453,8,0.0178657143358536,0.000357314286717072,2,-0.02913965840989465,141,4-9-18_Schnable_49-553-js11-21_2018-04-11_10-14-49_9996000,1.890275870652408
0.377233652275773,62.61532961881017,-71.63745386985363,0.0,53.5478494684626,0.0,59.80413980751748,0.031336551968765065,8,0.030950512029145002,0.0006190102405829001,3,0.002196893558870419,160,4-9-18_Schnable_49-553-js11-21_2018-04-11_10-14-49_9996000,2.487991641028764
0.354475148766143,71.13312514541913,-46.14510520239629,0.0,280.95024702021556,0.0,70.47068291938204,0.08043759132710891,8,0.027268418273223786,0.0005453683654644757,4,0.08263448488597933,158,4-9-18_Schnable_49-553-js11-21_2018-04-11_10-14-49_9996000,2.3353123248603724
0.3767695345052216,71.53804900402231,-38.03596547971769,0.0,79.94090676476857,0.0,60.6976726069611,0.0807838959126124,8,0.027326852327288195,0.0005465370465457639,5,0.16341838079859172,168,4-9-18_Schnable_49-553-js11-21_2018-04-11_10-14-49_9996000,2.337813180187339
0.21716441309326934,83.34908729212862,-68.20947207403943,0.0,255.6800478261233,0.0,72.16310094244987,0.0,8,0.01212837823302394,0.0002425675646604788,6,0.16341838079859172,97,4-9-18_Schnable_49-553-js11-21_2018-04-11_10-14-49_9996000,1.557458072181973
0.3196978418712999,48.68694987359727,-127.10256886762288,0.0,31.99574817766859,0.0,45.13155544672708,0.10024442793546923,8,0.014490497660541377,0.0002898099532108275,0,-0.07275430645679073,151,4-9-18_Schnable_49-554-js55-84_2018-04-11_10-17-02_9996100,1.7023805485578938
0.32546830732644433,31.447196049447943,-112.71747194061089,0.0,201.452385954889,0.0,32.82516959006338,0.036925681770375425,8,0.012010152991318194,0.00024020305982636386,1,-0.03582862468641531,157,4-9-18_Schnable_49-554-js55-84_2018-04-11_10-17-02_9996100,1.549848572688196
0.4243514275134495,55.7544619382419,-143.734637064466,0.0,4.388901980197421,0.0,51.51850725593278,0.031514840409856026,8,0.025427299096978013,0.0005085459819395603,2,-0.004313784276559284,190,4-9-18_Schnable_49-554-js55-84_2018-04-11_10-17-02_9996100,2.2550964102218787
0.4819587361343991,55.33112116200744,-90.07925549502468,0.0,190.00924092753291,0.0,54.04508196723886,0.03100780927914332,8,0.05743961256646154,0.0011487922513292307,3,0.026694025002584037,212,4-9-18_Schnable_49-554-js55-84_2018-04-11_10-17-02_9996100,3.3893837955139143
0.565279726905787,69.1071662317735,-109.8527878618939,0.0,5.8605154714552175,0.0,64.62924393688282,0.06305656072363797,8,0.0653675149141013,0.001307350298282026,4,0.089750585726222,276,4-9-18_Schnable_49-554-js55-84_2018-04-11_10-17-02_9996100,3.6157299377608747
0.3925754251538917,74.07762129162259,-92.83917228713297,0.0,188.75294547964103,0.0,69.94791063198885,0.08427917509827156,8,0.08061508594702313,0.0016123017189404625,5,0.17402976082449356,184,4-9-18_Schnable_49-554-js55-84_2018-04-11_10-17-02_9996100,4.015347704670746
0.24514803422598067,80.5991298996989,-16.2963100962471,0.0,39.9609329251054,0.0,62.913563436851916,0.0,8,0.042067681754875,0.0008413536350975,6,0.17402976082449356,120,4-9-18_Schnable_49-554-js55-84_2018-04-11_10-17-02_9996100,2.900609651603435
0.3715021154377587,63.34623893638603,-185.66626238029446,0.0,158.39243591734754,0.0,60.477720211100355,0.0,8,0.14943618910758555,0.002988723782151711,0,-0.324900350306907,162,4-9-18_Schnable_49-555-js4-12_2018-04-11_10-19-15_9996200,5.466922152502001
0.3420118263942941,73.29840735393802,-95.49534746003002,0.0,287.61480815257806,0.0,66.79397790830977,0.09806112836486533,8,0.14853684796168068,0.0029707369592336134,1,-0.22683922194204167,161,4-9-18_Schnable_49-555-js4-12_2018-04-11_10-19-15_9996200,5.45044673328124
0.39668710938855656,56.869280073181635,-116.24609810147703,0.0,141.76330648102382,0.0,47.7786704025506,0.02149740269737943,8,0.24057430217407752,0.00481148604348155,2,-0.20534181924466224,185,4-9-18_Schnable_49-555-js4-12_2018-04-11_10-19-15_9996200,6.936487615127378
0.455600475432473,79.66981867050394,-77.15322570410572,0.0,297.4985522837062,0.0,76.73301183515836,0.06478307198803515,8,0.4461252538933165,0.008922505077866329,3,-0.1405587472566271,209,4-9-18_Schnable_49-555-js4-12_2018-04-11_10-19-15_9996200,9.445901268733612
0.5601568391227969,70.5581203564687,-138.78764490224182,0.0,151.22158603802822,0.0,54.19597724678107,0.028049230362176825,8,0.8545216462917106,0.01709043292583421,4,-0.11250951689445027,260,4-9-18_Schnable_49-555-js4-12_2018-04-11_10-19-15_9996200,13.073038256592923
0.113750537113976,84.98853152836531,-51.720992054060105,0.0,216.2431447267472,0.0,60.71761717763858,0.0,8,0.0041553233392201735,8.310646678440348e-05,5,-0.11250951689445027,55,4-9-18_Schnable_49-555-js4-12_2018-04-11_10-19-15_9996200,0.9116274830455885
0.17444746852517487,88.03332742673956,-45.789678436974334,0.0,68.5531616886876,0.0,82.71787233866327,0.07526083106305485,8,0.06736436768847753,0.0013472873537695507,6,-0.037248685831395414,82,4-9-18_Schnable_49-555-js4-12_2018-04-11_10-19-15_9996200,3.670541313988375
0.4636305647828496,57.08717845206381,-100.4276063963319,0.0,108.95457474740464,0.0,51.848854888997835,0.1594599146395292,8,0.1306643298563432,0.002613286597126864,7,0.12221122880813377,218,4-9-18_Schnable_49-555-js4-12_2018-04-11_10-19-15_9996200,5.112031491615504
0.2550764425201378,62.241746907384474,-185.2407472829088,0.0,184.46641021003387,0.0,46.629369110239494,0.0,8,0.053147186680238684,0.0010629437336047737,8,0.12221122880813377,109,4-9-18_Schnable_49-555-js4-12_2018-04-11_10-19-15_9996200,3.260281787828736
0.18818263657426232,82.6088228378081,-295.2294778829906,0.0,339.7260245127406,0.0,56.37209177169273,0.19827143937759373,8,0.06322556109258871,0.0012645112218517742,9,0.3204826681857275,90,4-9-18_Schnable_49-555-js4-12_2018-04-11_10-19-15_9996200,3.555996656145467
0.21341411901110974,42.437653061411616,-105.55871932588218,0.0,48.378548656678305,0.0,34.90151176928638,0.0,8,0.02767427112510347,0.0005534854225020694,10,0.3204826681857275,91,4-9-18_Schnable_49-555-js4-12_2018-04-11_10-19-15_9996200,2.3526270900890123
0.14729265370340036,60.42347194596341,-118.34304316315843,0.0,336.6066473485204,0.0,50.969686180119936,0.024178002743489774,8,0.0028716888573919437,5.743377714783888e-05,0,-0.10945132918965789,57,4-9-18_Schnable_49-556-js213-334_2018-04-11_10-21-29_9996300,0.7578507580509428
0.21754352396190835,66.90969759701379,-93.91209704085522,0.0,188.17259858835732,0.0,61.01775998045934,0.03472694060356056,8,0.025190982846102095,0.0005038196569220419,1,-0.07472438858609733,95,4-9-18_Schnable_49-556-js213-334_2018-04-11_10-21-29_9996300,2.2445927401692316
0.291030492074748,58.45148650891518,-115.65203319910835,0.0,1.731932411176154,0.0,53.71354091896422,0.03716678301585194,8,0.026315394103435565,0.0005263078820687113,2,-0.037557605570245386,127,4-9-18_Schnable_49-556-js213-334_2018-04-11_10-21-29_9996300,2.2941401048512953
0.35084324159824287,63.3570472124869,-64.3078167122195,0.0,176.5519920569818,0.0,62.465524175391565,0.04269939448092586,8,0.04643304704212059,0.0009286609408424118,3,0.005141788910680479,147,4-9-18_Schnable_49-556-js213-334_2018-04-11_10-21-29_9996300,3.0473938715604385
0.27675110545034604,66.29734994384185,-44.763908820923334,0.0,5.291341461896344,0.0,66.16346695702146,0.01345896911144788,8,0.016513435929087907,0.00033026871858175816,4,0.01860075802212836,125,4-9-18_Schnable_49-556-js213-334_2018-04-11_10-21-29_9996300,1.8173296855049668
0.35605233403597475,88.63844110530975,-51.74652828202641,0.0,105.8124286482455,0.0,85.57830522068063,0.10500137353930405,8,0.04418227498661093,0.0008836454997322187,5,0.12360213156143242,176,4-9-18_Schnable_49-556-js213-334_2018-04-11_10-21-29_9996300,2.9726175329702587
0.3481192329327697,70.90078249122041,8.143052585481463,0.0,129.45528068079108,0.0,69.96220958726562,0.0,8,0.03657711780074012,0.0007315423560148023,6,0.12360213156143242,185,4-9-18_Schnable_49-556-js213-334_2018-04-11_10-21-29_9996300,2.7047039690413484
0.27777072874763536,60.745247151045064,-234.35858593247403,0.0,218.52951680204015,0.0,52.47707875459344,0.044021821316968496,8,0.05571935292661378,0.0011143870585322755,0,-0.09726042387084533,118,4-9-18_Schnable_49-557-js134-195_2018-04-11_10-23-42_9996400,3.3382436378015843
0.2236374531618152,57.46014011291922,-126.50730299310803,0.0,2.6421816118387245,0.0,56.171743651067615,0.02713497620683389,8,0.006660799212038134,0.00013321598424076268,1,-0.07012544766401144,97,4-9-18_Schnable_49-557-js134-195_2018-04-11_10-23-42_9996400,1.154192290048598
0.31230644966850785,67.84408339064991,-137.05024673607224,0.0,219.6883344720701,0.0,62.085204476708114,0.03962967769892649,8,0.052726881450377065,0.0010545376290075413,2,-0.030495769965084945,143,4-9-18_Schnable_49-557-js134-195_2018-04-11_10-23-42_9996400,3.247364514506404
0.3262655548083251,65.59088745606965,-126.04264268941996,0.0,19.79758700720591,0.0,56.539505535948116,0.029460937551883448,8,0.03947327248631391,0.0007894654497262782,3,-0.0010348324132014954,148,4-9-18_Schnable_49-557-js134-195_2018-04-11_10-23-42_9996400,2.809742781334758
0.3950366928314306,70.64884725065248,-76.13104808635923,0.0,211.8669208485972,0.0,69.23766552642954,0.059012375183065416,8,0.16951769150845636,0.003390353830169127,4,0.05797754276986392,178,4-9-18_Schnable_49-557-js134-195_2018-04-11_10-23-42_9996400,5.822674497315754
0.3788465054319856,82.55093390948747,-192.3674901388042,0.0,359.260788844697,0.0,70.79346094243834,0.08372872471933687,8,0.10146546464921523,0.0020293092929843048,5,0.1417062674892008,176,4-9-18_Schnable_49-557-js134-195_2018-04-11_10-23-42_9996400,4.504785558696779
0.2833900832440098,63.442061261659774,-154.438600058331,0.0,248.21512923878487,0.0,52.86836400457596,0.0,8,0.026822458443972526,0.0005364491688794505,6,0.1417062674892008,122,4-9-18_Schnable_49-557-js134-195_2018-04-11_10-23-42_9996400,2.316137234447585
0.22677209892549727,66.89697595234904,-95.30444171512596,0.0,20.126289190526116,0.0,60.348165266149536,0.11481157240627876,8,0.007214578513213073,0.00014429157026426146,0,-0.02317472186193858,110,4-9-18_Schnable_49-558-js94-131_2018-04-11_10-25-57_9996500,1.2012142617545858
0.3068020309029108,46.98601302081916,-133.17220102895936,0.0,11.407671118700662,0.0,45.441673298250244,0.036006652711818396,8,0.031143851593527734,0.0006228770318705547,1,0.01283193084987982,148,4-9-18_Schnable_49-558-js94-131_2018-04-11_10-25-57_9996500,2.4957504520094846
0.12512267326050563,72.26242714620332,-107.60311577143467,0.0,260.7881097027914,0.0,61.55914528643299,0.007856338317100421,8,0.0021523430604163014,4.304686120832603e-05,2,0.02068826916698024,54,4-9-18_Schnable_49-558-js94-131_2018-04-11_10-25-57_9996500,0.6561010684972707
0.30162736235014925,59.83620601567247,-92.8390077605226,0.0,16.518014335646974,0.0,63.63651474555945,0.05840015442674905,8,0.02443055533071222,0.0004886111066142445,3,0.07908842359372929,144,4-9-18_Schnable_49-558-js94-131_2018-04-11_10-25-57_9996500,2.2104549455129017
0.1572097255528211,89.5,55.6904495950445,0.0,327.1958810644717,0.0,80.47171062844916,0.058798260311548264,8,0.012030218791195237,0.00024060437582390474,4,0.13788668390527756,80,4-9-18_Schnable_49-558-js94-131_2018-04-11_10-25-57_9996500,1.5511427265854834
0.23202911396206025,67.16440471730061,-4.983407120397567,0.0,224.82867102517298,0.0,68.41144902445502,0.0,8,0.01184540085619086,0.0002369080171238172,5,0.13788668390527756,114,4-9-18_Schnable_49-558-js94-131_2018-04-11_10-25-57_9996500,1.5391816563479999
0.22064522684051358,23.185873672963925,-161.4726022203915,0.0,261.4177615236606,0.0,28.586127667471764,0.06429888739604044,8,0.010227266110176245,0.00020454532220352492,0,-0.1225067477583421,107,4-9-18_Schnable_49-559-js53-82_2018-04-11_10-28-12_9996600,1.4301934211970244
0.234602753914332,58.54464443418221,-88.95044508947056,0.0,98.63812983781172,0.0,54.35198130072354,0.020315862568884596,8,0.007819140609221134,0.00015638281218442268,1,-0.1021908851894575,97,4-9-18_Schnable_49-559-js53-82_2018-04-11_10-28-12_9996600,1.2505311358955549
0.3693454300700329,36.466948256836105,-151.92700324459958,0.0,229.50255758388798,0.0,34.25413918147283,0.01968969108000504,8,0.04705824691525433,0.0009411649383050866,2,-0.08250119410945246,175,4-9-18_Schnable_49-559-js53-82_2018-04-11_10-28-12_9996600,3.0678411600098965
0.31713720802415996,42.95966306420507,-65.53952076982328,0.0,57.41471266860887,0.0,44.84484487803885,0.022308614319855945,8,0.021918683443285833,0.00043837366886571665,3,-0.060192579789596516,157,4-9-18_Schnable_49-559-js53-82_2018-04-11_10-28-12_9996600,2.0937374927762953
0.3537654599403684,37.6381037314044,-63.42946426257426,0.0,232.74870783961194,0.0,38.251752907387775,0.03033479982928132,8,0.027401019531547957,0.0005480203906309592,4,-0.029857779960315196,174,4-9-18_Schnable_49-559-js53-82_2018-04-11_10-28-12_9996600,2.340983533968061
0.49122067196009844,48.89816756392957,-79.93033965844727,0.0,61.52448318909906,0.0,48.80215205349178,0.0440863972747549,8,0.06964026393235824,0.0013928052786471648,5,0.014228617314439704,236,4-9-18_Schnable_49-559-js53-82_2018-04-11_10-28-12_9996600,3.732030651866575
0.49224225371686237,61.96102542126968,-69.32647493332978,0.0,243.24401250136077,0.0,59.91450816223731,0.04742966464046504,8,0.12144921989137841,0.002428984397827568,6,0.06165828195490474,228,4-9-18_Schnable_49-559-js53-82_2018-04-11_10-28-12_9996600,4.92847278355838
0.26959595082454163,69.72777367535043,-24.81411315060774,0.0,255.6485500059797,0.0,67.14888720168267,0.12500864867298564,8,0.020340506773425273,0.00040681013546850546,7,0.1866669306278904,127,4-9-18_Schnable_49-559-js53-82_2018-04-11_10-28-12_9996600,2.016953483520395
0.37701085494586983,71.12135654928706,-14.582014765370552,0.0,55.287775006701715,0.0,72.19738277004284,0.0,8,0.03422391414656918,0.0006844782829313836,8,0.1866669306278904,178,4-9-18_Schnable_49-559-js53-82_2018-04-11_10-28-12_9996600,2.616253586584037
0.3590318592489862,59.630999353683144,-97.95777055792988,0.0,336.5868215157494,0.0,58.50023095662194,0.042064713043829666,8,0.015955852189947953,0.00031911704379895904,0,-0.11699032276245439,167,4-9-18_Schnable_49-560-js9-17_2018-04-11_10-30-26_9996700,1.7863847396318606
0.40302074157247747,60.19042841728622,-112.92097802519967,0.0,185.8462722706772,0.0,54.855716950050244,0.03589435746906615,8,0.14589591791660889,0.0029179183583321775,1,-0.08109596529338824,192,4-9-18_Schnable_49-560-js9-17_2018-04-11_10-30-26_9996700,5.401775965672936
0.44479658787427767,66.82259589194659,-100.30825988259667,0.0,350.7156687896385,0.0,65.7146257460985,0.05416220536663381,8,0.033613226197832996,0.00067226452395666,2,-0.02693375992675442,209,4-9-18_Schnable_49-560-js9-17_2018-04-11_10-30-26_9996700,2.592806440821721
0.515035492258414,76.72980080904478,-121.50029951502661,0.0,174.11648787882305,0.0,66.38555471137232,0.025860133191121612,8,0.4640234755035135,0.00928046951007027,3,-0.0010736267356328095,231,4-9-18_Schnable_49-560-js9-17_2018-04-11_10-30-26_9996700,9.633519351758354
0.2021506583954269,83.04079307433226,-36.66913124352148,0.0,211.48115190264625,0.0,80.05097136223641,0.02810301242583905,8,0.009573671324544133,0.00019147342649088268,4,0.027029385690206242,100,4-9-18_Schnable_49-560-js9-17_2018-04-11_10-30-26_9996700,1.3837392329874971
0.5456279455432329,73.36600942056069,-132.32643337707583,0.0,21.57965538899683,0.0,65.37985599379058,0.08605724201971078,8,0.10592793154390494,0.002118558630878099,5,0.11308662770991702,264,4-9-18_Schnable_49-560-js9-17_2018-04-11_10-30-26_9996700,4.602780280306783
0.4381997673110388,64.06536885755722,-62.3804772933203,0.0,124.78943538536056,0.0,55.946856691572286,0.045748970557152865,8,0.10194750142147897,0.0020389500284295793,6,0.1588355982670699,200,4-9-18_Schnable_49-560-js9-17_2018-04-11_10-30-26_9996700,4.515473428589276
0.5513897490529476,71.88793500217294,-121.1990715247864,0.0,17.944604818469433,0.0,70.3583388404826,0.0,8,0.04162829295155735,0.0008325658590311471,7,0.1588355982670699,243,4-9-18_Schnable_49-560-js9-17_2018-04-11_10-30-26_9996700,2.885421735260111
0.26696501618216506,83.08061948751934,-174.5018083942078,0.0,354.964725027739,0.0,71.77790457771886,0.058190783698456525,8,0.03397199072533308,0.0006794398145066616,0,-0.12015284166026168,124,4-9-18_Schnable_49-561-js71-101_2018-04-11_10-32-39_9996800,2.6066066341254133
0.2788312548305992,71.40508140600483,-125.47639168960801,0.0,203.81602221511912,0.0,62.232745496256804,0.027873186172132317,8,0.010692621212506513,0.00021385242425013028,1,-0.09227965548812936,110,4-9-18_Schnable_49-561-js71-101_2018-04-11_10-32-39_9996800,1.4623693933139132
0.38764554902761705,78.87792056483707,-143.7887299872343,0.0,350.7219566728455,0.0,72.58243839717714,0.03105067744906871,8,0.07958238686842138,0.0015916477373684277,2,-0.06122897803906065,177,4-9-18_Schnable_49-561-js71-101_2018-04-11_10-32-39_9996800,3.989546010974717
0.3490531916069099,72.88100281879986,-74.95211193896696,0.0,180.70471463864592,0.0,67.60021123794479,0.028502733915218445,8,0.026752643289487583,0.0005350528657897517,3,-0.0327262441238422,161,4-9-18_Schnable_49-561-js71-101_2018-04-11_10-32-39_9996800,2.313120977791157
0.40887265952568685,75.62196973999924,-55.52559472811236,0.0,5.036122874840589,0.0,78.11162703876,0.04615771012240161,8,0.04652431699074827,0.0009304863398149655,4,0.013431465998559404,196,4-9-18_Schnable_49-561-js71-101_2018-04-11_10-32-39_9996800,3.05038741771429
0.3617828599448517,71.05361484976605,-28.555520807593084,0.0,171.9058486204892,0.0,75.29917260357128,0.10221467900564145,8,0.019506837236422655,0.0003901367447284531,5,0.11564614500420085,161,4-9-18_Schnable_49-561-js71-101_2018-04-11_10-32-39_9996800,1.9751879523945388
0.2422562250202287,76.00574302164314,7.768056103250762,0.0,152.43962045883973,0.0,71.04091640279752,0.061351495360004324,8,0.019544219686536243,0.00039088439373072487,6,0.17699764036420518,123,4-9-18_Schnable_49-561-js71-101_2018-04-11_10-32-39_9996800,1.9770796487008937
0.27853673173929683,71.0649242883607,-30.379610207989387,0.0,296.54941710970286,0.0,61.20993690430665,0.0,8,0.01645278296664269,0.00032905565933285375,7,0.17699764036420518,130,4-9-18_Schnable_49-561-js71-101_2018-04-11_10-32-39_9996800,1.8139891381506499
0.10875710688258294,87.57372026742142,-117.72402231196955,0.0,185.34989509049402,0.0,64.44504632851734,0.005751424170133218,8,0.02017822478742924,0.00040356449574858484,0,-0.19035032902738733,41,4-9-18_Schnable_49-562-js206-322_2018-04-11_10-34-53_9996900,2.0088914747904747
0.22395307604363107,58.08860214435643,-192.1533956307498,0.0,327.1510835195485,0.0,51.30511478064734,0.02591350928857633,8,0.004819988307157575,9.639976614315151e-05,1,-0.164436819738811,90,4-9-18_Schnable_49-562-js206-322_2018-04-11_10-34-53_9996900,0.9818338257727297
0.2595116288993568,77.66400193991592,-118.32643182062812,0.0,159.978341787888,0.0,70.17067563523672,0.057060529560026996,8,0.04013714559446156,0.0008027429118892313,2,-0.107376290178784,122,4-9-18_Schnable_49-562-js206-322_2018-04-11_10-34-53_9996900,2.833271804626643
0.38242820145665213,60.04816889721945,-183.62097451379768,0.0,352.50555082201424,0.0,53.440409021823946,0.013904089285284804,8,0.044338014860963997,0.0008867602972192799,3,-0.0934722008934992,167,4-9-18_Schnable_49-562-js206-322_2018-04-11_10-34-53_9996900,2.9778520735914333
0.49339387827469244,54.550955870364696,72.83452703375661,0.0,187.34897188289702,0.0,67.98109493448588,0.0635961449169789,8,0.47449426915390425,0.009489885383078085,4,-0.02987605597652029,228,4-9-18_Schnable_49-562-js206-322_2018-04-11_10-34-53_9996900,9.741604273977714
0.3602851299314041,74.39362061378256,-53.88714379502145,0.0,358.49880210030295,0.0,72.66218926482563,0.074615190652115,8,0.036301190305587164,0.0007260238061117432,5,0.044739134675594705,165,4-9-18_Schnable_49-562-js206-322_2018-04-11_10-34-53_9996900,2.6944828930830926
0.16842425332038635,71.24730251079458,-27.421154480724272,0.0,8.986148428534698,0.0,54.76654817053492,0.1508919923192615,8,0.06172902095115607,0.0012345804190231214,6,0.1956311269948562,76,4-9-18_Schnable_49-562-js206-322_2018-04-11_10-34-53_9996900,3.5136596577117727
0.34532396727130044,70.14349978589053,-3.3046007109841753,0.0,270.99919635778485,0.0,69.02084816756977,0.0,8,0.07338911953674233,0.0014677823907348468,7,0.1956311269948562,159,4-9-18_Schnable_49-562-js206-322_2018-04-11_10-34-53_9996900,3.831164823829493
0.183091618609252,46.22564549516188,-281.9230649978294,0.0,319.7714664360987,0.0,-73.55005774534348,0.0023989789578882925,8,0.13614298390300156,0.002722859678060031,0,-0.16215798917271348,88,4-9-18_Schnable_49-563-js73-104_2018-04-11_10-37-07_9997000,5.218102795135442
0.20313199808552,56.58627356864395,-161.42473852480168,0.0,194.90485674763204,0.0,44.591748569655564,0.006173680584490693,8,0.015572787282390681,0.00031145574564781365,1,-0.1559843085882228,89,4-9-18_Schnable_49-563-js73-104_2018-04-11_10-37-07_9997000,1.7648108840547578
0.27215503940304875,61.575273969646965,-116.77569689440368,0.0,44.69563891686104,0.0,57.791749322030974,0.0413633686553299,8,0.008919364807082476,0.00017838729614164952,2,-0.11462093993289289,123,4-9-18_Schnable_49-563-js73-104_2018-04-11_10-37-07_9997000,1.3356170714005176
0.42076062646880397,57.438289517510384,-72.01814101534787,0.0,186.8825416790926,0.0,58.597435805503125,0.03456274866270295,8,0.034380274519776495,0.0006876054903955299,3,-0.08005819127018994,196,4-9-18_Schnable_49-563-js73-104_2018-04-11_10-37-07_9997000,2.6222232750006813
0.429301305499185,71.56095067795717,-118.09862995287808,0.0,16.440415540253543,0.0,67.53256683845497,0.06168527339302411,8,0.039212904072149474,0.0007842580814429894,4,-0.01837291787716583,205,4-9-18_Schnable_49-563-js73-104_2018-04-11_10-37-07_9997000,2.800460821798779
0.5184200000884837,70.225188197806,-65.23107911497549,0.0,180.14494617869244,0.0,66.75072801854468,0.06686153548215756,8,0.11285246669164056,0.0022570493338328113,5,0.04848861760499174,238,4-9-18_Schnable_49-563-js73-104_2018-04-11_10-37-07_9997000,4.750841329525552
0.2478627867356703,79.7925688275144,-38.15460867340869,0.0,198.95608182482064,0.0,70.1757173903535,0.11758743426036675,8,0.04958422163321044,0.0009916844326642088,6,0.16607605186535848,115,4-9-18_Schnable_49-563-js73-104_2018-04-11_10-37-07_9997000,3.149102146111188
0.3817140724424932,73.01080367369792,-14.408197781116558,0.0,25.0815040884168,0.0,74.4010680802713,0.0,8,0.12614915206683003,0.0025229830413366007,7,0.16607605186535848,190,4-9-18_Schnable_49-563-js73-104_2018-04-11_10-37-07_9997000,5.022930460733655
0.12489638901217838,74.32093630734309,-87.95681783066905,0.0,214.71686671389944,0.0,62.31880357823809,0.04633988357188239,8,0.0022548657336428045,4.509731467285609e-05,0,-0.10480164242909638,50,4-9-18_Schnable_49-564-js267-426_2018-04-11_10-39-20_9997100,0.6715453422730001
0.30580089064971405,65.98222514815191,-74.43326028748542,0.0,215.2453899997927,0.0,62.01381254634062,0.03261788818996149,8,0.05151594513529814,0.0010303189027059628,1,-0.0721837542391349,141,4-9-18_Schnable_49-564-js267-426_2018-04-11_10-39-20_9997100,3.209858100767015
0.1778106042909463,48.34571017634321,-46.620355444422174,0.0,47.832551016450864,0.0,55.35451105149408,0.011873223202972266,8,0.02246691013436137,0.0004493382026872274,2,-0.06031053103616263,75,4-9-18_Schnable_49-564-js267-426_2018-04-11_10-39-20_9997100,2.1197598984017683
0.31056633702145475,69.96395017912698,-122.24387888550977,0.0,24.583929811437944,0.0,63.90110809799524,0.0468134880567867,8,0.06218571503570536,0.0012437143007141072,3,-0.013497042979375928,141,4-9-18_Schnable_49-564-js267-426_2018-04-11_10-39-20_9997100,3.526633381447676
0.419967713860048,62.36695025519281,-115.31693417999874,0.0,222.41763702707226,0.0,62.716161079693364,0.03105771977811689,8,0.024383296005028678,0.00048766592010057356,4,0.017560676798740963,185,4-9-18_Schnable_49-564-js267-426_2018-04-11_10-39-20_9997100,2.2083159196559117
0.43895148021994507,70.00641138178104,-102.47881882191786,0.0,5.272132530257203,0.0,68.71123606276007,0.04938680482814822,8,0.06478613886319387,0.0012957227772638774,5,0.06694748162688918,197,4-9-18_Schnable_49-564-js267-426_2018-04-11_10-39-20_9997100,3.5996149478296666
0.2958464436252721,72.33241508545582,-42.51217037160108,0.0,44.34764005784843,0.0,61.774166133490944,0.0837240040927675,8,0.014545499492857564,0.00029090998985715127,6,0.1506714857196567,125,4-9-18_Schnable_49-564-js267-426_2018-04-11_10-39-20_9997100,1.7056083661179413
0.2945509862629554,71.96821222330344,-28.150053146356555,0.0,210.69034406639332,0.0,77.34597113548136,0.0,8,0.014036437156741306,0.00028072874313482614,7,0.1506714857196567,145,4-9-18_Schnable_49-564-js267-426_2018-04-11_10-39-20_9997100,1.6754961746743144
0.26670378984775517,59.65198861451603,-150.51487423303467,0.0,234.8539263088706,0.0,56.90256215617638,0.08409563209632875,8,0.004562477061235158,9.124954122470316e-05,0,-0.103450241330584,118,4-9-18_Schnable_49-565-js186-289_2018-04-11_10-41-41_9997200,0.9552462573844671
0.3959151711441435,54.45334689846616,-199.3692686996298,0.0,90.81264861940144,0.0,51.33104450665962,0.008274658640927302,8,0.022593107456439183,0.0004518621491287837,1,-0.0951755826896567,190,4-9-18_Schnable_49-565-js186-289_2018-04-11_10-41-41_9997200,2.1257049398465058
0.4739280969170151,52.19363766911868,-176.1128962063507,0.0,122.80920859670225,0.0,45.19539152412297,0.07592249922680974,8,0.04904476690034139,0.0009808953380068277,2,-0.019253083462846966,214,4-9-18_Schnable_49-565-js186-289_2018-04-11_10-41-41_9997200,3.1319248682029834
0.5096373096554678,48.00291719737893,-137.41144051202156,0.0,269.02887251744846,0.0,47.38880013916251,0.05158303109475533,8,0.052169758948003936,0.0010433951789600787,3,0.032329947631908364,238,4-9-18_Schnable_49-565-js186-289_2018-04-11_10-41-41_9997200,3.2301628116243286
0.5281217794266424,63.58184102250445,-133.12679820577202,0.0,128.60884768162822,0.0,62.8524785318507,0.04951384013795889,8,0.05434679750165743,0.0010869359500331487,4,0.08184378776986725,232,4-9-18_Schnable_49-565-js186-289_2018-04-11_10-41-41_9997200,3.296871168294492
0.5067255458544958,62.23312807600845,-141.14653213431566,0.0,302.77956337697196,0.0,61.59317528943748,0.06917052023663386,8,0.13502322929143623,0.0027004645858287246,5,0.15101430800650112,232,4-9-18_Schnable_49-565-js186-289_2018-04-11_10-41-41_9997200,5.19659945139966
0.4629432205999447,65.81090851537849,-148.41186999836458,0.0,94.87604534957623,0.0,58.06338197289536,0.03478484350118646,8,0.040573557375147014,0.0008114711475029402,6,0.18579915150768758,216,4-9-18_Schnable_49-565-js186-289_2018-04-11_10-41-41_9997200,2.8486332643970513
0.20349645846658768,79.77460879234337,-17.364318660434503,0.0,319.04938835230973,0.0,63.69369336005195,0.0,8,0.016099476447953714,0.00032198952895907425,7,0.18579915150768758,97,4-9-18_Schnable_49-565-js186-289_2018-04-11_10-41-41_9997200,1.7944066678405826
0.1775389802880893,84.68786713944695,-41.31049284011106,0.0,350.3323893645281,0.0,75.04795386880625,0.04187289633407652,8,0.0675308497800393,0.001350616995600786,0,-0.1045197995089442,85,4-9-18_Schnable_49-566-js155-1-224_2018-04-11_10-43-54_9997300,3.6750741429266243
0.19460666373876997,69.4223209921284,-74.07235909938427,0.0,192.2033202506224,0.0,64.20005563062202,0.030254447712728838,8,0.0037714813813850435,7.542962762770087e-05,1,-0.07426535179621536,82,4-9-18_Schnable_49-566-js155-1-224_2018-04-11_10-43-54_9997300,0.8685023179456741
0.27556797870717153,63.869942052972284,-73.29174632128101,0.0,26.373689466963448,0.0,60.44763180696649,0.01990167976408888,8,0.012561671238847865,0.0002512334247769573,2,-0.054363672032126484,120,4-9-18_Schnable_49-566-js155-1-224_2018-04-11_10-43-54_9997300,1.5850344626441324
0.324311504799371,60.485323928301284,-90.08968704077024,0.0,201.6032315926389,0.0,54.7310076911923,0.0281346506022754,8,0.011702231915581006,0.00023404463831162012,3,-0.026229021429851083,121,4-9-18_Schnable_49-566-js155-1-224_2018-04-11_10-43-54_9997300,1.5298517520061221
0.37957984378440723,58.76496570927329,-63.41687757874278,0.0,36.24418581520387,0.0,56.93642182057369,0.023910153768965204,8,0.05436917659780381,0.0010873835319560763,4,-0.002318867660885881,174,4-9-18_Schnable_49-566-js155-1-224_2018-04-11_10-43-54_9997300,3.2975498964474763
0.4537536004622288,66.46497741842953,-77.55598797858165,0.0,199.43843124993523,0.0,63.30242536363768,0.04827245731662006,8,0.05744115912902367,0.0011488231825804735,5,0.04595358965573418,192,4-9-18_Schnable_49-566-js155-1-224_2018-04-11_10-43-54_9997300,3.3894294248154417
0.21277697384429548,78.90725867557197,-38.45556225740221,0.0,172.52851783810553,0.0,71.51038042988637,0.10170352849903916,8,0.0174749255618689,0.000349498511237378,6,0.14765711815477334,98,4-9-18_Schnable_49-566-js155-1-224_2018-04-11_10-43-54_9997300,1.8694879278491692
0.3500020314073542,74.56779136856186,-6.703697886919215,0.0,45.165267033030965,0.0,70.84083342440213,0.0,8,0.06694996192549922,0.0013389992385099843,7,0.14765711815477334,179,4-9-18_Schnable_49-566-js155-1-224_2018-04-11_10-43-54_9997300,3.65923385220183
0.19563676663859428,65.05240280170376,-115.86572491089288,0.0,218.61916169634569,0.0,62.17026205885256,0.0563257812595024,8,0.004639991546111753,9.279983092223505e-05,0,-0.08449691459147592,88,4-9-18_Schnable_49-567-js42-69_2018-04-11_10-46-08_9997400,0.9633266887314763
0.27363267968384186,68.29291911908356,-39.4924759981156,0.0,76.98834161133215,0.0,67.14485309946365,0.037530169880004495,8,0.01415031816612342,0.0002830063633224684,1,-0.04696674471147142,136,4-9-18_Schnable_49-567-js42-69_2018-04-11_10-46-08_9997400,1.6822792970326552
0.333451872962063,53.066668527486364,-78.48630695832746,0.0,257.7503272874301,0.0,50.95147968986872,0.03303406299843388,8,0.021695167303948576,0.0004339033460789715,2,-0.013932681713037538,161,4-9-18_Schnable_49-567-js42-69_2018-04-11_10-46-08_9997400,2.0830346758490883
0.4905092741218721,71.7710583696447,-73.3178506845951,0.0,62.15837642632809,0.0,70.54275113505581,0.06457032672720207,8,0.12269833116301206,0.0024539666232602413,3,0.05063764501416454,225,4-9-18_Schnable_49-567-js42-69_2018-04-11_10-46-08_9997400,4.953752742376471
0.4317527219583447,76.28230210327408,-36.331434022162725,0.0,31.195817093694764,0.0,73.53112437868688,0.08684627694084723,8,0.1230250682761122,0.002460501365522244,4,0.13748392195501177,203,4-9-18_Schnable_49-567-js42-69_2018-04-11_10-46-08_9997400,4.960344106533582
0.4240122548143927,66.13112067954683,-61.40510424334784,0.0,269.57110605195726,0.0,69.05092442379991,0.012673196379531515,8,0.07999226208969906,0.0015998452417939812,5,0.1501571183345433,179,4-9-18_Schnable_49-567-js42-69_2018-04-11_10-46-08_9997400,3.999806547564496
0.12478317071396025,89.5,46.164722367704144,0.0,191.43985474954457,0.0,70.40825636795567,0.0,8,0.024719289132442847,0.0004943857826488569,6,0.1501571183345433,60,4-9-18_Schnable_49-567-js42-69_2018-04-11_10-46-08_9997400,2.2234787668175673
0.18327781296477402,57.25309521053438,-136.0442212009835,0.0,216.79837985325537,0.0,53.28340022846958,0.033315521217269106,8,0.0032352570243928593,6.470514048785719e-05,0,-0.20801967768303753,78,4-9-18_Schnable_49-568-js57-86_2018-04-11_10-48-27_9997500,0.8043950552300604
0.29955276157468236,85.28274123230202,-143.3346027681017,0.0,342.0305004997949,0.0,71.37356560972988,0.03148780210733826,8,0.14034265631697157,0.0028068531263394313,1,-0.17653187557569927,141,4-9-18_Schnable_49-568-js57-86_2018-04-11_10-48-27_9997500,5.2979742603559625
0.26748195232673605,63.65131969405191,-91.91561478700251,0.0,196.98555086703365,0.0,60.391245055777176,0.03239383925770917,8,0.014800649339200965,0.0002960129867840193,2,-0.1441380363179901,115,4-9-18_Schnable_49-568-js57-86_2018-04-11_10-48-27_9997500,1.7205027950689857
0.4411344233336761,89.5,-115.48227723663082,0.0,35.82136542856247,0.0,71.20784345919775,0.05822735089128586,8,0.3694573643989438,0.0073891472879788755,3,-0.08591068542670424,203,4-9-18_Schnable_49-568-js57-86_2018-04-11_10-48-27_9997500,8.596014941808138
0.4688887637854438,65.29805261332355,-84.15447833760878,0.0,201.7155230193195,0.0,62.91726550139646,0.03830874254279379,8,0.030113032244416367,0.0006022606448883274,4,-0.04760194288391045,193,4-9-18_Schnable_49-568-js57-86_2018-04-11_10-48-27_9997500,2.4540999264258323
0.39077961872694594,77.20897844779547,-22.863976663255237,0.0,97.75981144260496,0.0,73.47072464650681,0.1361358433524393,8,0.05908763933958025,0.001181752786791605,5,0.08853390046852885,187,4-9-18_Schnable_49-568-js57-86_2018-04-11_10-48-27_9997500,3.4376631405529032
0.2545305698320858,87.47292812432892,-15.821869592958938,0.0,101.21581600259158,0.0,80.4913854528433,0.03238226624135994,8,0.022298574512649112,0.00044597149025298223,6,0.12091616670988879,128,4-9-18_Schnable_49-568-js57-86_2018-04-11_10-48-27_9997500,2.111803708333192
0.2694065348360745,63.078494577917695,-34.24357444237571,0.0,187.42152949669497,0.0,61.01288581432888,0.0,8,0.01122982856323084,0.00022459657126461678,7,0.12091616670988879,118,4-9-18_Schnable_49-568-js57-86_2018-04-11_10-48-27_9997500,1.498654634212355
0.026485281374238563,0.5,-300.0,0.0,336.6151873413169,0.0,-73.92154501021263,0.10172766572911134,8,0.05581416981891454,0.0011162833963782907,8,0.22264383243900013,13,4-9-18_Schnable_49-568-js57-86_2018-04-11_10-48-27_9997500,3.341082753207844
0.005464101615137764,9.51279614096926,80.00000756114396,0.0,162.14685976684967,0.0,9.512762064237588,0.0,8,0.009684032336709752,0.00019368064673419506,9,0.22264383243900013,3,4-9-18_Schnable_49-568-js57-86_2018-04-11_10-48-27_9997500,1.3916919441248308
0.09212726461159633,77.28909528153095,-94.82694049058681,0.0,91.78398328086227,0.0,39.84683586524784,0.018037327390801716,8,0.005177901184716135,0.00010355802369432271,0,-0.14194715070732622,38,4-9-18_Schnable_49-569-js195-304_2018-04-11_10-50-37_9997600,1.0176346284119988
0.16703517824075054,69.66923213309722,-104.09158723058566,0.0,35.7942763742212,0.0,59.120404676059856,0.009916882108842895,8,0.01128246763553673,0.0002256493527107346,1,-0.13203026859848332,81,4-9-18_Schnable_49-569-js195-304_2018-04-11_10-50-37_9997600,1.502162949585479
0.21276792112090465,66.40023369485229,-78.2015790231849,0.0,184.88615057712437,0.0,60.1284681635738,0.01815454831521167,8,0.00840968866457437,0.0001681937732914874,2,-0.11387572028327166,95,4-9-18_Schnable_49-569-js195-304_2018-04-11_10-50-37_9997600,1.2968954209630297
0.3081881817978761,58.956283670726314,-121.79769939598577,0.0,11.455642390997728,0.0,56.59634264358217,0.023878363540170727,8,0.019973022773760545,0.0003994604554752109,3,-0.08999735674310093,139,4-9-18_Schnable_49-569-js195-304_2018-04-11_10-50-37_9997600,1.9986506835242894
0.36187572307440674,66.59367453903018,-126.20711179369572,0.0,198.05032771336266,0.0,60.62072438775317,0.060144473026883596,8,0.03292850468928414,0.0006585700937856828,4,-0.029852883716217336,170,4-9-18_Schnable_49-569-js195-304_2018-04-11_10-50-37_9997600,2.5662620555697013
0.4432240154892999,65.35899225541894,-96.23305145144502,0.0,18.879820039694856,0.0,62.7642108110041,0.06979097044722896,8,0.042602309057672816,0.0008520461811534564,5,0.03993808673101162,213,4-9-18_Schnable_49-569-js195-304_2018-04-11_10-50-37_9997600,2.918983009805738
0.4539166314725154,63.835331557224315,-51.78556202144371,0.0,201.33069115956224,0.0,70.80268059318972,0.09029446547304132,8,0.056629229595728414,0.0011325845919145682,6,0.13023255220405294,211,4-9-18_Schnable_49-569-js195-304_2018-04-11_10-50-37_9997600,3.3653894156762427
0.2907706079965613,74.53074415945017,-220.40800014804753,0.0,234.4096045440836,0.0,65.1775184581086,0.027722115752168958,8,0.03176766596109239,0.0006353533192218477,7,0.1579546679562219,140,4-9-18_Schnable_49-569-js195-304_2018-04-11_10-50-37_9997600,2.5206215884615597
0.42736542642595277,75.93902794881406,-121.29354113851025,0.0,6.08346146730354,0.0,70.92295244612004,0.0,8,0.03610818473647577,0.0007221636947295154,8,0.1579546679562219,201,4-9-18_Schnable_49-569-js195-304_2018-04-11_10-50-37_9997600,2.6873103555963076
0.2687844762842163,72.8940650914655,-70.00245350493576,0.0,265.61573386072035,0.0,69.12938017430494,0.07200892285503946,8,0.03865821661064075,0.000773164332212815,0,-0.17185230993295292,116,4-9-18_Schnable_49-570-js223-353_2018-04-11_10-52-54_9997700,2.7805832701302347
0.3783736176063197,79.0117266505151,-88.91832698439711,0.0,219.48849428601434,0.0,71.70598766100602,0.081580434772838,8,0.036708568091032734,0.0007341713618206546,1,-0.09027187516011492,174,4-9-18_Schnable_49-570-js223-353_2018-04-11_10-52-54_9997700,2.70955967238342
0.3707059327426896,68.04859807285062,-119.56335843938811,0.0,0.005904345804806688,0.0,69.10906643742922,0.006464302588588003,8,0.060945830746727776,0.0012189166149345555,2,-0.08380757257152692,173,4-9-18_Schnable_49-570-js223-353_2018-04-11_10-52-54_9997700,3.4912986336527494
0.43112585364130246,67.09999646513756,-56.52284318435101,0.0,10.521509793817568,0.0,67.24137168542107,0.049268121927313197,8,0.04412586927828119,0.0008825173855656238,3,-0.03453945064421372,200,4-9-18_Schnable_49-570-js223-353_2018-04-11_10-52-54_9997700,2.9707194171877354
0.40736347640092707,71.06822887464058,-107.10232844879452,0.0,206.96784518778065,0.0,68.27254686401395,0.07511942366725347,8,0.03721534786759623,0.0007443069573519245,4,0.040579973023039735,189,4-9-18_Schnable_49-570-js223-353_2018-04-11_10-52-54_9997700,2.7281989614980877
0.5155357534688071,68.98646825375809,-65.61575174667928,0.0,24.346602693699737,0.0,69.5418850235009,0.013940669820430851,8,0.056585647059313,0.00113171294118626,5,0.054520642843470586,247,4-9-18_Schnable_49-570-js223-353_2018-04-11_10-52-54_9997700,3.364094144322153
0.5621490984416653,74.40897253230322,-96.22745893668105,0.0,35.40809553105815,0.0,73.43057127199822,0.09053576261103913,8,0.7713777901881554,0.015427555803763109,6,0.1450564054545097,271,4-9-18_Schnable_49-570-js223-353_2018-04-11_10-52-54_9997700,12.420771233608285
0.2509882855456942,64.5062020445599,-45.342751944286306,0.0,138.58412753946595,0.0,56.02302226364832,0.10505415450413857,8,0.033358015838156514,0.0006671603167631302,7,0.2501105599586483,103,4-9-18_Schnable_49-570-js223-353_2018-04-11_10-52-54_9997700,2.582944669874154
0.4464185336910227,59.7213056468853,-102.50645004706472,0.0,206.39219312892322,0.0,62.19189490137408,0.0,8,0.11042588379793926,0.002208517675958785,8,0.2501105599586483,216,4-9-18_Schnable_49-570-js223-353_2018-04-11_10-52-54_9997700,4.699486861306014
0.26896581579368617,60.77020886757718,-79.19640990968946,0.0,192.2531546720917,0.0,54.065233102590604,0.1043285727531026,8,0.1016772056111652,0.002033544112223304,0,-0.04532968587888321,122,4-9-18_Schnable_49-571-js265-424_2018-04-11_10-55-07_9997800,4.5094834651246964
0.2983282777076679,65.54437919158899,-61.86391617116387,0.0,188.05749102987707,0.0,60.60540636576893,0.0039550848879693,8,0.014944685565480727,0.00029889371130961456,1,-0.04137460099091391,129,4-9-18_Schnable_49-571-js265-424_2018-04-11_10-55-07_9997800,1.7288542775769582
0.2272932038444719,46.87739439865104,-102.59041274533341,0.0,337.6585620971784,0.0,38.19181028024759,0.09665844086859242,8,0.006692994141625659,0.00013385988283251318,2,0.05528383987767851,101,4-9-18_Schnable_49-571-js265-424_2018-04-11_10-55-07_9997800,1.1569783180013065
0.21025711542400652,70.17907612593628,-81.37756295543811,0.0,11.55243991668724,0.0,63.62800019666637,0.0,8,0.015135610904612204,0.0003027122180922441,3,0.05528383987767851,84,4-9-18_Schnable_49-571-js265-424_2018-04-11_10-55-07_9997800,1.7398626902495613
0.23022002637274733,44.143717715324634,10.74649591003714,0.0,147.51876398823575,0.0,45.80933418780776,0.013633589710496226,8,0.0017776454469959756,3.5552908939919514e-05,4,0.06891742958817473,96,4-9-18_Schnable_49-571-js265-424_2018-04-11_10-55-07_9997800,0.5962626010401751
0.3188210353506878,56.856500142183485,-12.074307080659336,0.0,21.736652478429786,0.0,51.426177774154375,0.06959001578889601,8,0.023086699566234953,0.00046173399132469907,5,0.13850744537707074,137,4-9-18_Schnable_49-571-js265-424_2018-04-11_10-55-07_9997800,2.1487996447428483
0.26566335777731687,89.5,-23.12480055750593,0.0,97.50808780008892,0.0,73.93460761117508,0.0,8,0.02587831693062117,0.0005175663386124234,6,0.13850744537707074,137,4-9-18_Schnable_49-571-js265-424_2018-04-11_10-55-07_9997800,2.275008436495178
0.24945337803909873,68.42839653931478,-126.77333906044923,0.0,29.605386569244228,0.0,65.16541296543012,0.06997307569735643,8,0.013083906912161328,0.00026167813824322654,0,-0.08208473418929145,117,4-9-18_Schnable_49-572-js132-191_2018-04-11_10-57-24_9997900,1.617646865799908
0.36991803330891876,58.69497357850824,-56.678674767778425,0.0,188.61771391026485,0.0,60.258024062193776,0.044499808555798416,8,0.06377422685963452,0.0012754845371926904,1,-0.037584925633493034,153,4-9-18_Schnable_49-572-js132-191_2018-04-11_10-57-24_9997900,3.571392637603279
0.4170289077143414,68.33709488889028,-198.94321413394857,0.0,45.795612714419605,0.0,59.109695502100685,0.011755771407598366,8,0.06421586231716626,0.0012843172463433252,2,-0.025829154225894668,201,4-9-18_Schnable_49-572-js132-191_2018-04-11_10-57-24_9997900,3.583737220198106
0.42465320971592596,70.43495137039118,-119.87771701592557,0.0,211.96880268090797,0.0,57.43446413050339,0.03435612342865637,8,0.3079676228323025,0.00615935245664605,3,0.008526969202761704,193,4-9-18_Schnable_49-572-js132-191_2018-04-11_10-57-24_9997900,7.848154213983088
0.46600316778922823,69.08994165575784,-136.38133603416304,0.0,37.09342558935523,0.0,59.96392668156071,0.03581038593028229,8,0.32551249655960524,0.006510249931192104,4,0.044337355133043994,212,4-9-18_Schnable_49-572-js132-191_2018-04-11_10-57-24_9997900,8.068611981742649
0.5615341717353362,73.38206704392714,-171.812717651091,0.0,217.10072705043623,0.0,64.29158865944034,0.03808208993352743,8,0.13960937213043545,0.002792187442608709,5,0.08241944506657142,256,4-9-18_Schnable_49-572-js132-191_2018-04-11_10-57-24_9997900,5.284115292656575
0.25979428872137167,68.99649197590112,-51.98912843689435,0.0,195.39899244305943,0.0,59.90138604035677,0.06958620837419197,8,0.052329341426163,0.00104658682852326,6,0.1520056534407634,121,4-9-18_Schnable_49-572-js132-191_2018-04-11_10-57-24_9997900,3.235099424319537
0.4635460513359085,72.79095932519938,-137.3835874799715,0.0,75.16339958074818,0.0,72.49451435724353,0.0,8,0.04118343892820624,0.0008236687785641247,7,0.1520056534407634,203,4-9-18_Schnable_49-572-js132-191_2018-04-11_10-57-24_9997900,2.8699630286192273
0.0028284271247462013,49.33229464472121,80.00000533098206,0.0,235.41742190866086,0.0,49.332262874130734,0.046441834761146245,8,0.009873270307134197,0.00019746540614268393,0,-0.12998190782364719,2,4-9-18_Schnable_49-573-js225-357_2018-04-11_10-59-38_9998000,1.405223847444541
0.3218105258640839,56.51347316237272,-136.88004191048148,0.0,194.71136270751848,0.0,54.62582457576136,0.034707526619465565,8,0.024521553514981344,0.0004904310702996268,1,-0.09527438120418162,140,4-9-18_Schnable_49-573-js225-357_2018-04-11_10-59-38_9998000,2.214567836621012
0.20855283512234574,49.63224916731756,-64.06654827172514,0.0,308.20621880739185,0.0,59.207154805470665,0.002145365957337303,8,0.042407466965139834,0.0008481493393027967,2,-0.09312901524684432,98,4-9-18_Schnable_49-573-js225-357_2018-04-11_10-59-38_9998000,2.9123003610596156
0.32908475143983323,64.41671080949843,-138.8217292929571,0.0,343.19526712265883,0.0,60.86767210191426,0.037322878474728385,8,0.010788468902829071,0.00021576937805658142,3,-0.05580613677211593,148,4-9-18_Schnable_49-573-js225-357_2018-04-11_10-59-38_9998000,1.4689090443474757
0.4359154405741714,45.314069535604084,-102.0105997379691,0.0,191.68304662648265,0.0,47.30942789601502,0.016625435201629762,8,0.03037534975144135,0.000607506995028827,4,-0.03918070157048617,194,4-9-18_Schnable_49-573-js225-357_2018-04-11_10-59-38_9998000,2.4647656988623217
0.36745157903743175,57.814031781387044,-55.99228310657974,0.0,1.3185293664378968,0.0,60.73954549130047,0.04751221580434624,8,0.05192179406941247,0.0010384358813882494,5,0.008331514233860068,159,4-9-18_Schnable_49-573-js225-357_2018-04-11_10-59-38_9998000,3.222477123872642
0.48053980119625217,61.64620115359493,-97.69701343278672,0.0,180.8359701802777,0.0,61.378006251403704,0.0365893808274373,8,0.04465812508701631,0.0008931625017403262,6,0.044920895061297365,207,4-9-18_Schnable_49-573-js225-357_2018-04-11_10-59-38_9998000,2.9885824427984686
0.1681040424277287,82.67665474819577,-15.683555192777538,0.0,44.49020128255886,0.0,65.98548648121417,0.13971916552023056,8,0.008127100425851626,0.00016254200851703254,7,0.18464006058152793,86,4-9-18_Schnable_49-573-js225-357_2018-04-11_10-59-38_9998000,1.2749196387107407
0.33581415738157716,61.9360166088151,-59.73145664425254,0.0,176.82652220799406,0.0,59.1182442295952,0.0,8,0.03312801247087946,0.0006625602494175892,8,0.18464006058152793,150,4-9-18_Schnable_49-573-js225-357_2018-04-11_10-59-38_9998000,2.574024571400959
0.4100756909028488,58.04443913482939,-79.87706291729972,0.0,347.3929228451799,0.0,62.28270663556801,0.0,8,0.026012013848703594,0.0005202402769740719,9,0.18464006058152793,205,4-9-18_Schnable_49-573-js225-357_2018-04-11_10-59-38_9998000,2.2808776314701142
0.2219582290888704,54.67148995626988,-128.13496058486365,0.0,138.0453784157015,0.0,53.98196690156959,0.03596827290861207,8,0.022282910415012732,0.00044565820830025463,0,-0.13192223018020055,100,4-9-18_Schnable_49-575-js144-210_2018-04-11_11-04-05_9998200,2.111061837796929
0.27173630514787067,58.51739774782212,-121.09245801883982,0.0,10.427024912118059,0.0,51.96294566396704,0.030843745764178407,8,0.010181962396777579,0.00020363924793555157,1,-0.10107848441602214,112,4-9-18_Schnable_49-575-js144-210_2018-04-11_11-04-05_9998200,1.4270222420675565
0.3446461114429839,47.11911474964952,-111.32090240052732,0.0,125.86821286112583,0.0,46.709270827323664,0.027464193197471773,8,0.01457555110226301,0.0002915110220452602,2,-0.07361429121855037,156,4-9-18_Schnable_49-575-js144-210_2018-04-11_11-04-05_9998200,1.7073693860593269
0.39138601177985305,64.55683936119976,-150.22962642403203,0.0,0.060566018705256505,0.0,61.09542488373217,0.01603873861512293,8,0.03709188466929361,0.0007418376933858722,3,-0.05757555260342744,168,4-9-18_Schnable_49-575-js144-210_2018-04-11_11-04-05_9998200,2.723669754918669
0.10285028474900529,89.30024948752748,166.98106444587856,0.0,192.77655594175792,0.0,83.56274072649272,0.01802048209363443,8,0.017437631319774077,0.00034875262639548157,4,-0.03955507050979301,53,4-9-18_Schnable_49-575-js144-210_2018-04-11_11-04-05_9998200,1.867491971590458
0.15444444496654333,62.86596543446199,-13.09393381593227,0.0,161.56894426480264,0.0,54.02948494455836,0.0,8,0.009022158623432166,0.0001804431724686433,5,-0.03955507050979301,72,4-9-18_Schnable_49-575-js144-210_2018-04-11_11-04-05_9998200,1.3432913774332182
0.36201262813010227,64.73632201186365,-25.576816466140954,0.0,160.38971369062995,0.0,57.86239843096586,0.060598211821921724,8,0.035981782170671224,0.0007196356434134245,6,0.02104314131212871,161,4-9-18_Schnable_49-575-js144-210_2018-04-11_11-04-05_9998200,2.682602548670646
0.3897357467347341,70.36921565879724,-13.166179104376821,0.0,344.73203586589017,0.0,71.28720414314446,0.11559634059775163,8,0.06794080241016373,0.0013588160482032746,7,0.13663948190988034,182,4-9-18_Schnable_49-575-js144-210_2018-04-11_11-04-05_9998200,3.686212213374692
0.22624689115736546,77.02948156420946,89.89930502493405,0.0,194.51204813708543,0.0,61.360109339001546,0.0326758409289519,8,0.013626022979793088,0.00027252045959586175,8,0.16931532283883224,107,4-9-18_Schnable_49-575-js144-210_2018-04-11_11-04-05_9998200,1.650819371087769
0.18527535389810748,83.20147822376241,39.70207956941341,0.0,281.7321480610136,0.0,74.69025814093392,0.0,8,0.017302600133651563,0.00034605200267303124,9,0.16931532283883224,84,4-9-18_Schnable_49-575-js144-210_2018-04-11_11-04-05_9998200,1.8602473025730508
0.27659720126091397,66.49654923363879,-80.09888695423354,0.0,194.91384625028817,0.0,62.063873353786306,0.09196084066975452,8,0.01828585683439034,0.00036571713668780685,0,-0.06094448485902795,131,4-9-18_Schnable_49-576-js227-359_2018-04-11_11-06-19_9998300,1.912373228969196
0.10416163056145072,56.00645737807434,-63.509750945586696,0.0,23.23602412827542,0.0,48.859896479527535,0.02449973255161233,8,0.0019974605419141684,3.994921083828337e-05,1,-0.036444752307415625,45,4-9-18_Schnable_49-576-js227-359_2018-04-11_11-06-19_9998300,0.6320538809174687
0.11310937533193453,81.60412042625103,-90.89354240571839,0.0,194.8135015048619,0.0,64.67035478126625,0.031675136174284524,8,0.0045109419075518,9.021883815103601e-05,2,-0.004769616133131101,49,4-9-18_Schnable_49-576-js227-359_2018-04-11_11-06-19_9998300,0.9498359761086964
0.1961317861964159,63.19064422657901,-68.95959514290652,0.0,10.551383079514709,0.0,58.28112224311388,0.0966774514304779,8,0.0032225503831128065,6.445100766225613e-05,3,0.0919078352973468,89,4-9-18_Schnable_49-576-js227-359_2018-04-11_11-06-19_9998300,0.8028138492966855
0.307559256160031,78.39645109385454,-81.4762391146247,0.0,234.7881074273161,0.0,68.98739790834078,0.05951464743849326,8,0.13265189837920344,0.002653037967584069,4,0.15142248273584005,153,4-9-18_Schnable_49-576-js227-359_2018-04-11_11-06-19_9998300,5.1507649602598535
0.14317394530389146,89.5,19.9437471958745,0.0,358.473198111122,0.0,76.30129916661653,0.0,8,0.0073549512308983146,0.00014709902461796628,5,0.15142248273584005,74,4-9-18_Schnable_49-576-js227-359_2018-04-11_11-06-19_9998300,1.2128438671896984
0.15495612880840431,81.34799573917036,-67.69667012837749,0.0,334.2669614925346,0.0,76.5649171804579,0.09755885987692725,8,0.005691198819167317,0.00011382397638334634,0,-0.393371447610332,63,4-9-18_Schnable_49-577-js268-427_2018-04-11_11-08-35_9998400,1.0668832006520035
0.1415867939730727,46.92282595490338,-50.34917457808529,0.0,240.84452034381803,0.0,45.60282516328261,0.05372298879563142,8,0.0011301171603195987,2.2602343206391974e-05,1,-0.33964845881470057,57,4-9-18_Schnable_49-577-js268-427_2018-04-11_11-08-35_9998400,0.47541921717986935
0.46851616175538924,53.763282144802474,-92.12138453027076,0.0,48.171928013268804,0.0,49.383447497516784,0.031107780047465783,8,0.10909635026016501,0.0021819270052033,2,-0.3085406787672348,224,4-9-18_Schnable_49-577-js268-427_2018-04-11_11-08-35_9998400,4.671110151990959
0.5697579696152206,35.48687395334214,-66.52953197937083,0.0,234.24280698475582,0.0,36.77088960261033,0.053722988795631366,8,0.07029366894022172,0.0014058733788044344,3,-0.2548176899716034,253,4-9-18_Schnable_49-577-js268-427_2018-04-11_11-08-35_9998400,3.749497804779241
0.5735407288247406,52.86103594063281,-70.05703714507703,0.0,53.96255658012465,0.0,51.83058878687236,0.06751457160963115,8,0.1104152395532261,0.002208304791064522,4,-0.18730311836197228,271,4-9-18_Schnable_49-577-js268-427_2018-04-11_11-08-35_9998400,4.699260357827093
0.6131174322242561,50.53820388245611,-57.64436030759813,0.0,227.0648824740046,0.0,52.01737291332628,0.0684546492694329,8,0.15039200859335228,0.0030078401718670457,5,-0.11884846909253938,255,4-9-18_Schnable_49-577-js268-427_2018-04-11_11-08-35_9998400,5.484377970077414
0.13377718075659722,89.5,-3.480582305199045,0.0,176.53356691085176,0.0,78.10133433948259,0.20150942523093712,8,0.010396693263267772,0.00020793386526535545,6,0.08266095613839773,71,4-9-18_Schnable_49-577-js268-427_2018-04-11_11-08-35_9998400,1.4419912110181374
0.3754898160532024,69.62622500343844,-61.11162221054446,0.0,250.48342898531268,0.0,65.6010899970584,0.020808525026627334,8,0.043164398727598155,0.0008632879745519631,7,0.10346948116502507,166,4-9-18_Schnable_49-577-js268-427_2018-04-11_11-08-35_9998400,2.9381762618195038
0.18431119884907876,83.27585879824308,-26.41333519215418,0.0,105.59316449456412,0.0,76.40981132302456,0.0,8,0.009589074755470012,0.00019178149510940025,8,0.10346948116502507,95,4-9-18_Schnable_49-577-js268-427_2018-04-11_11-08-35_9998400,1.3848519599921152
0.033805779804180786,89.5,-54.74589209850731,0.0,319.0038753233079,0.0,52.01937287216581,0.4043263372708852,8,0.005168564284005538,0.00010337128568011076,9,0.5077958184359103,14,4-9-18_Schnable_49-577-js268-427_2018-04-11_11-08-35_9998400,1.0167167042992398
0.006292528739883932,21.322136117665146,-80.0,0.0,338.03264432104226,0.0,-21.322136117665146,0.0,8,0.007737453059998132,0.00015474906119996264,10,0.5077958184359103,3,4-9-18_Schnable_49-577-js268-427_2018-04-11_11-08-35_9998400,1.243981757100813
0.26292103183192045,60.247632506109795,-71.09334054047208,0.0,163.73017108538383,0.0,56.56057566503716,0.0364803875315865,8,0.006109378543293607,0.00012218757086587213,0,-0.056668816615399006,109,4-9-18_Schnable_49-578-js40-66_2018-04-11_11-10-48_9998500,1.1053848690201624
0.17804700199676787,57.34555009137255,-88.49842500613671,0.0,340.50573361508765,0.0,51.04005855385485,0.033003598528870054,8,0.011394071600958369,0.00022788143201916738,1,-0.023665218086528952,74,4-9-18_Schnable_49-578-js40-66_2018-04-11_11-10-48_9998500,1.5095742181793097
0.28782710195281336,48.101161080218866,-58.236044767867405,0.0,176.2415575358299,0.0,49.681733260165075,0.010455016033450764,8,0.01573420364716565,0.000314684072943313,2,-0.013210202053078188,142,4-9-18_Schnable_49-578-js40-66_2018-04-11_11-10-48_9998500,1.7739336880033394
0.2036568384769588,67.47037614111379,-77.92973373676988,0.0,177.44496629105834,0.0,55.8694087688483,0.04880848448493311,8,0.02140095694611849,0.00042801913892236983,3,0.035598282431854915,89,4-9-18_Schnable_49-578-js40-66_2018-04-11_11-10-48_9998500,2.068862341777166
0.3683355754553305,58.6543477841385,-72.85698049717556,0.0,352.6859437069298,0.0,60.45045747651938,0.019428902042728964,8,0.03033702181400392,0.0006067404362800784,4,0.05502718447458388,178,4-9-18_Schnable_49-578-js40-66_2018-04-11_11-10-48_9998500,2.4632101743052264
0.13486788415338036,88.24890253786045,-64.10707658050339,0.0,349.7493733828207,0.0,77.96791466945984,0.03859182902184799,8,0.004531575951077029,9.063151902154058e-05,5,0.09361901349643187,55,4-9-18_Schnable_49-578-js40-66_2018-04-11_11-10-48_9998500,0.9520058771958322
0.11803311033912825,80.05078727011089,-84.71323335443475,0.0,183.46331913251353,0.0,64.60492610298733,0.0,8,0.0029891818357142695,5.978363671428539e-05,6,0.09361901349643187,53,4-9-18_Schnable_49-578-js40-66_2018-04-11_11-10-48_9998500,0.7731987888912228
0.2474038488684574,69.1628409510165,-149.3339068961341,0.0,18.618522373489597,0.0,59.50678478688346,0.06241450347625986,8,0.008169932014419875,0.00016339864028839748,0,-0.12477277171564773,114,4-9-18_Schnable_49-579-js211-331_2018-04-11_11-13-02_9998600,1.2782747759711035
0.32503944846834065,60.726975058639404,-91.04813965601193,0.0,152.23392258993357,0.0,59.2758613342823,0.02896863965409295,8,0.008187568197537486,0.0001637513639507497,1,-0.09580413206155478,144,4-9-18_Schnable_49-579-js211-331_2018-04-11_11-13-02_9998600,1.2796537185924546
0.41819426156489775,64.59456299496054,-85.59926738765303,0.0,22.459697649484372,0.0,62.4679725583887,0.02928443280065636,8,0.12699646892227262,0.0025399293784454523,2,-0.06651969926089842,190,4-9-18_Schnable_49-579-js211-331_2018-04-11_11-13-02_9998600,5.039771203582016
0.545065758880451,58.40488352582788,-88.56621457428909,0.0,153.98114593930273,0.0,62.040146041892356,0.06609037014548715,8,0.14973223101147976,0.002994644620229595,3,-0.00042932911541126816,242,4-9-18_Schnable_49-579-js211-331_2018-04-11_11-13-02_9998600,5.472334620826467
0.45638925022870613,66.31555906247172,-4.0374552513511075,0.0,359.7142103970955,0.0,68.14803314146218,0.04564860382870525,8,0.12438976759973519,0.002487795351994704,4,0.04521927471329398,220,4-9-18_Schnable_49-579-js211-331_2018-04-11_11-13-02_9998600,4.98778042018161
0.13735763695495448,71.07229023764887,17.673681591283955,0.0,59.18778605077391,0.0,63.60076188758549,0.04052256069747712,8,0.004326768712320056,8.653537424640112e-05,5,0.0857418354107711,70,4-9-18_Schnable_49-579-js211-331_2018-04-11_11-13-02_9998600,0.9302439155748407
0.6546431150361601,69.68888929062386,-116.74727574939811,0.0,184.54902153445687,0.0,64.25243829443228,0.053601880226335996,8,0.11542481565509476,0.0023084963131018953,6,0.1393437156371071,303,4-9-18_Schnable_49-579-js211-331_2018-04-11_11-13-02_9998600,4.804681376638721
0.6112370917142438,74.6874354576087,-162.6218614182634,0.0,314.06400553994143,0.0,62.95044805233586,0.04931585416291884,8,0.31903683080010475,0.006380736616002095,7,0.18865956980002593,285,4-9-18_Schnable_49-579-js211-331_2018-04-11_11-13-02_9998600,7.987951311820882
0.251011854308015,85.09169640564677,-74.97340994699702,0.0,191.40209961231486,0.0,76.65433199358692,0.0,8,0.046041729013206495,0.0009208345802641299,8,0.18865956980002593,114,4-9-18_Schnable_49-579-js211-331_2018-04-11_11-13-02_9998600,3.0345256305790693
0.11221416008654948,76.62979901627338,-300.0,0.0,24.40195847554351,0.0,55.95290208364454,0.07962873685367292,8,0.043022522520862604,0.0008604504504172521,0,-0.08987991986784064,50,4-9-18_Schnable_49-580-js56-85_2018-04-11_11-15-16_9998700,2.933343570769118
0.30901300593825654,64.9940990817231,-59.294391725126935,0.0,216.6137351267401,0.0,62.4182943948197,0.016410739788006112,8,0.015435409007249266,0.00030870818014498534,1,-0.07346918007983452,133,4-9-18_Schnable_49-580-js56-85_2018-04-11_11-15-16_9998700,1.7570093344800002
0.3042450033395721,66.86139030118939,-47.323979882789686,0.0,9.317456206615315,0.0,63.691930321561195,0.0735632197314062,8,0.02101411414265464,0.0004202822828530928,2,9.403965157167153e-05,128,4-9-18_Schnable_49-580-js56-85_2018-04-11_11-15-16_9998700,2.050078737153997
0.3448887946788043,72.19082454286244,-44.66576354306022,0.0,209.5895928169028,0.0,75.60662776189587,0.08961991832646998,8,0.028999720939388247,0.0005799944187877649,3,0.08971395797804166,157,4-9-18_Schnable_49-580-js56-85_2018-04-11_11-15-16_9998700,2.4083073283693777
0.14528971606885815,89.5,-16.622645145003137,0.0,253.18478797928185,0.0,72.6376513514366,0.08154633652495286,8,0.013194945167759146,0.0002638989033551829,4,0.17126029450299451,74,4-9-18_Schnable_49-580-js56-85_2018-04-11_11-15-16_9998700,1.624496547719271
0.3740433034481354,69.79712515308113,-61.15098060338942,0.0,334.0623680809571,0.0,70.34725852641456,0.0,8,0.04838917837222712,0.0009677835674445425,5,0.17126029450299451,178,4-9-18_Schnable_49-580-js56-85_2018-04-11_11-15-16_9998700,3.1109219974865048
0.31925958032023677,51.35948035384974,-113.25436467424676,0.0,179.03587254647502,0.0,48.84233616979772,0.10767399831806995,8,0.01566662176397899,0.0003133324352795798,0,-0.1119094107620022,132,4-9-18_Schnable_49-581-js86-123_2018-04-11_11-17-30_9998800,1.7701198696121678
0.3216884060762522,61.49145574409855,-66.13771246058649,0.0,5.388494706201037,0.0,59.15859459907906,0.020860517297999634,8,0.04034943585626997,0.0008069887171253993,1,-0.09104889346400256,144,4-9-18_Schnable_49-581-js86-123_2018-04-11_11-17-30_9998800,2.840754683399113
0.5011761140426657,73.11441866656043,-174.02888091768546,0.0,196.72005268956173,0.0,60.04943378567894,0.037651340226683164,8,0.3450228416511425,0.00690045683302285,2,-0.0533975532373194,230,4-9-18_Schnable_49-581-js86-123_2018-04-11_11-17-30_9998800,8.306898839532627
0.49359120184795857,57.94314671043694,-62.17351911792906,0.0,1.4762773147457655,0.0,55.90934313288067,0.03479822626961322,8,0.18597043138875274,0.003719408627775055,3,-0.01859932696770618,217,4-9-18_Schnable_49-581-js86-123_2018-04-11_11-17-30_9998800,6.098695457042477
0.6282312155722702,76.27355545947205,-79.67461285690155,0.0,214.57189512399813,0.0,69.02231300979271,0.069292530996095,8,0.780661726215639,0.01561323452431278,4,0.050693204028388825,282,4-9-18_Schnable_49-581-js86-123_2018-04-11_11-17-30_9998800,12.495292923462332
0.47765187928151553,64.24779153082252,-55.42266630983564,0.0,345.9490505471767,0.0,61.30582675191833,0.11417060109229564,8,0.06969443068518946,0.0013938886137037892,5,0.16486380512068446,214,4-9-18_Schnable_49-581-js86-123_2018-04-11_11-17-30_9998800,3.7334817713547084
0.24420652055275335,83.18457265316965,-12.246509817946182,0.0,73.0503260211451,0.0,80.78886912579632,0.05539608911025082,8,0.020768701103445638,0.00041537402206891276,6,0.22025989423093528,130,4-9-18_Schnable_49-581-js86-123_2018-04-11_11-17-30_9998800,2.0380726730637275
0.3963721329882334,76.76364705508892,-77.99549291611254,0.0,203.81559802005145,0.0,72.2160192007079,0.0,8,0.03808897311199329,0.0007617794622398657,7,0.22025989423093528,185,4-9-18_Schnable_49-581-js86-123_2018-04-11_11-17-30_9998800,2.760035257455719
0.22169492406984337,64.99651947666659,-59.74465573678055,0.0,333.2439245094492,0.0,64.66220727452729,0.07396625349802172,8,0.00300428537704525,6.008570754090499e-05,0,-0.016114728663107314,101,4-9-18_Schnable_49-582-js127-186_2018-04-11_11-19-45_9998900,0.7751497116099895
0.2664644057924677,70.64383904567944,-58.22734636538126,0.0,136.33422940090335,0.0,69.67641112571896,0.014307437202702547,8,0.015322166241241681,0.00030644332482483364,1,-0.0018072914604047676,119,4-9-18_Schnable_49-582-js127-186_2018-04-11_11-19-45_9998900,1.7505522694990676
0.22573012566223197,69.00314234416336,-38.093619951703964,0.0,334.5754294320344,0.0,67.86012022918938,0.04178968027395852,8,0.011807395727083274,0.0002361479145416655,2,0.03998238881355375,104,4-9-18_Schnable_49-582-js127-186_2018-04-11_11-19-45_9998900,1.5367104949913808
0.19449196492335857,86.39072649356984,-37.00188950419852,0.0,304.1080396089054,0.0,84.4311906434392,0.04804928773413294,8,0.07058057531570201,0.0014116115063140403,3,0.08803167654768669,94,4-9-18_Schnable_49-582-js127-186_2018-04-11_11-19-45_9998900,3.757141874236373
0.27959781643027565,89.5,-12.160773816321985,0.0,298.800629482157,0.0,83.03504963365599,0.0019653496626086953,8,0.03088429682061876,0.0006176859364123751,4,0.08999702621029539,149,4-9-18_Schnable_49-582-js127-186_2018-04-11_11-19-45_9998900,2.485328824144554
0.13658969074881505,86.90464876826222,-0.6051273931092087,0.0,272.44866793551967,0.0,73.19987122521154,0.0,8,0.009212941430725532,0.00018425882861451063,5,0.08999702621029539,68,4-9-18_Schnable_49-582-js127-186_2018-04-11_11-19-45_9998900,1.3574197162797903
0.3542170500372404,33.39812207413665,-176.26467754083748,0.0,7.449729636719363,0.0,30.72827650247311,0.09199745643403809,8,0.022139177170605723,0.0004427835434121145,0,-0.0680119857417241,162,4-9-18_Schnable_49-583-js55-84_2018-04-11_11-21-58_9999000,2.104242247014622
0.27933129706107346,44.360279240445,-105.15196622639827,0.0,163.38003642291363,0.0,37.4877117047902,0.034048746473683486,8,0.038877114593016085,0.0007775422918603217,1,-0.03396323926804061,118,4-9-18_Schnable_49-583-js55-84_2018-04-11_11-21-58_9999000,2.7884445338939803
0.4675890062196145,45.220835690198996,-159.05310741559313,0.0,12.986548982935389,0.0,40.63916485803434,0.029962548638767465,8,0.028454272445238606,0.0005690854489047721,2,-0.004000690629273146,194,4-9-18_Schnable_49-583-js55-84_2018-04-11_11-21-58_9999000,2.385551191873216
0.4844520393458742,54.17730528997905,-76.53471632349361,0.0,154.59548958013852,0.0,55.954960146645135,0.022024062272677725,8,0.0893335391488607,0.001786670782977214,3,0.01802337164340458,202,4-9-18_Schnable_49-583-js55-84_2018-04-11_11-21-58_9999000,4.2269028649558695
0.5170890013421078,66.10035784166467,-122.73052348700791,0.0,14.26609811618454,0.0,60.477498372480966,0.07196090764871241,8,0.0949261740860533,0.001898523481721066,4,0.08998427929211698,225,4-9-18_Schnable_49-583-js55-84_2018-04-11_11-21-58_9999000,4.35720493174359
0.445494639797456,75.86562255725734,-129.412766075319,0.0,173.62839609296353,0.0,67.90997639482167,0.07004942085847053,8,0.09244237587897731,0.0018488475175795463,5,0.16003370015058752,209,4-9-18_Schnable_49-583-js55-84_2018-04-11_11-21-58_9999000,4.299822691204309
0.2632414264805858,77.24826628490756,-21.879524534386743,0.0,333.2015570093923,0.0,72.36697799534413,0.0,8,0.020526221926962566,0.00041052443853925136,6,0.16003370015058752,133,4-9-18_Schnable_49-583-js55-84_2018-04-11_11-21-58_9999000,2.0261402679460554
0.06882396204301894,0.5,300.0,0.0,119.38181143537899,0.0,-67.98080229304257,0.007252816785115829,8,0.047109508213487875,0.0009421901642697575,0,-0.14103994826910096,32,4-9-18_Schnable_49-584-js176-257_2018-04-11_11-24-26_9999100,3.069511629347179
0.21655941421779146,77.27168518435364,-120.99701844415574,0.0,300.35596194071474,0.0,69.32730358867302,0.013977823717868765,8,0.030784386245811445,0.0006156877249162289,1,-0.1270621245512322,98,4-9-18_Schnable_49-584-js176-257_2018-04-11_11-24-26_9999100,2.4813055533654635
0.28534385964476217,69.68272771055888,-115.95530943586296,0.0,102.85727764308834,0.0,64.11620806379435,0.030069168526775533,8,0.03207858709170657,0.0006415717418341314,2,-0.09699295602445666,137,4-9-18_Schnable_49-584-js176-257_2018-04-11_11-24-26_9999100,2.53292665080166
0.29698150721640415,69.87472525861845,-87.95593010582272,0.0,303.73497642024176,0.0,66.34457606654843,0.03373661818662656,8,0.016196436007780146,0.0003239287201556029,3,-0.0632563378378301,138,4-9-18_Schnable_49-584-js176-257_2018-04-11_11-24-26_9999100,1.7998019895410797
0.25884308567237113,71.46799555927923,-62.35338261245459,0.0,286.8408755381365,0.0,68.3103031848779,0.072107988796968,8,0.014467403489862415,0.0002893480697972483,4,0.008851650959137904,117,4-9-18_Schnable_49-584-js176-257_2018-04-11_11-24-26_9999100,1.7010234266383526
0.28366184762495633,68.15875642047763,-36.78100358556384,0.0,99.59133440201697,0.0,64.51062388538034,0.034383767733320136,8,0.013384661754489246,0.00026769323508978493,5,0.04323541869245804,126,4-9-18_Schnable_49-584-js176-257_2018-04-11_11-24-26_9999100,1.6361333536413984
0.24623390759503633,76.1029501398689,-24.076476706868036,0.0,280.5497031652083,0.0,71.41950722889665,0.10195824735574768,8,0.01938686888780089,0.0003877373777560178,6,0.14519366604820572,122,4-9-18_Schnable_49-584-js176-257_2018-04-11_11-24-26_9999100,1.969104816296019
0.1723017959533037,85.17774152337981,4.805466677371733,0.0,73.32872311911264,0.0,74.97471431878901,0.0,8,0.015013034353639695,0.0003002606870727939,7,0.14519366604820572,92,4-9-18_Schnable_49-584-js176-257_2018-04-11_11-24-26_9999100,1.7328031829171884
0.024341687834789592,0.5,-300.0,0.0,28.77624485789495,0.0,18.68616014748302,0.0039038291173321416,8,0.008990030284188497,0.00017980060568376994,0,-0.15019248007884517,9,4-9-18_Schnable_49-585-js249-400_2018-04-11_11-26-39_9999200,1.3408974818522479
0.04333364384918125,89.5,44.80522717720881,0.0,234.3066591209058,0.0,62.68799743670952,0.003939085969504569,8,0.0054803642374332455,0.00010960728474866491,1,-0.1462533941093406,18,4-9-18_Schnable_49-585-js249-400_2018-04-11_11-26-39_9999200,1.0469349776784846
0.205326518687211,62.81448709177195,-92.49731839360571,0.0,18.32268220374523,0.0,61.197741078226855,0.03913751660900715,8,0.003438139379001582,6.876278758003164e-05,2,-0.10711587750033345,95,4-9-18_Schnable_49-585-js249-400_2018-04-11_11-26-39_9999200,0.8292333060124373
0.33586195498927957,56.59380580876765,-78.1898407027897,0.0,214.03990249054294,0.0,57.39185784608736,0.026942975434992758,8,0.050460492921516664,0.0010092098584303334,3,-0.0801729020653407,151,4-9-18_Schnable_49-585-js249-400_2018-04-11_11-26-39_9999200,3.1768063498273444
0.41773651876731377,62.25693931575609,-85.1156514431637,0.0,8.865176059773336,0.0,61.94172630911902,0.0351102885090716,8,0.02630489663212621,0.0005260979326425242,4,-0.045062613556269095,193,4-9-18_Schnable_49-585-js249-400_2018-04-11_11-26-39_9999200,2.2936824816057784
0.42532302289262414,61.27904916186068,-40.68335351158851,0.0,209.64516142195907,0.0,63.712657776454876,0.06335322929002023,8,0.0605416158593018,0.0012108323171860361,5,0.01829061573375113,194,4-9-18_Schnable_49-585-js249-400_2018-04-11_11-26-39_9999200,3.4797015923582237
0.44386253671140136,68.29718897960167,-43.51341517538597,0.0,20.045109721555747,0.0,71.79924924188781,0.049245963488976696,8,0.044355782709653915,0.0008871156541930784,6,0.06753657922272782,204,4-9-18_Schnable_49-585-js249-400_2018-04-11_11-26-39_9999200,2.9784486804259
0.3585271280752412,67.1585475406418,-42.54155527751382,0.0,199.25936619197452,0.0,62.65463378500244,0.08770312170641209,8,0.04802737477673441,0.0009605474955346882,7,0.1552397009291399,168,4-9-18_Schnable_49-585-js249-400_2018-04-11_11-26-39_9999200,3.099270068152642
0.1861875809465157,69.09497696160601,-33.50486024281759,0.0,60.61617870838226,0.0,63.6268031115067,0.0,8,0.004961534017716747,9.923068035433495e-05,8,0.1552397009291399,86,4-9-18_Schnable_49-585-js249-400_2018-04-11_11-26-39_9999200,0.9961459750173915
0.3223747182800256,44.28885512033181,-99.43205142322029,0.0,356.593701524149,0.0,43.440740656955285,0.07720621433293226,8,0.01390516720922822,0.0002781033441845644,0,-0.1344391399111871,151,4-9-18_Schnable_49-586-js252-405_2018-04-11_11-28-52_9999300,1.6676430798722022
0.3797827077540731,55.91483439591871,-103.1589407833584,0.0,166.72933217548285,0.0,51.72348025212676,0.03644623513336047,8,0.07837290853450435,0.001567458170690087,1,-0.09799290477782664,171,4-9-18_Schnable_49-586-js252-405_2018-04-11_11-28-52_9999300,3.959113752710431
0.45639122752908545,58.97731547646641,-157.50696206983608,0.0,14.947459802648277,0.0,48.90451316869434,0.03012580585970763,8,0.12559934541818657,0.0025119869083637314,2,-0.06786709891811901,214,4-9-18_Schnable_49-586-js252-405_2018-04-11_11-28-52_9999300,5.011972574110648
0.5109550897844554,61.21225299621533,-50.37837740036095,0.0,161.96944290096408,0.0,59.38769749680133,0.018663093975304183,8,0.3148566128009293,0.006297132256018586,3,-0.04920400494281483,220,4-9-18_Schnable_49-586-js252-405_2018-04-11_11-28-52_9999300,7.935447218662969
0.5047938411552154,68.16804707627466,-96.01382316334936,0.0,6.3431144832163895,0.0,62.31277283184994,0.05282016867812085,8,0.23020047561300347,0.0046040095122600695,4,0.00361616373530602,241,4-9-18_Schnable_49-586-js252-405_2018-04-11_11-28-52_9999300,6.785285190955551
0.49993749773300233,79.36490151620664,-151.22302470499184,0.0,197.15340613624144,0.0,57.2578367114249,0.08816171570715577,8,0.37919964378491977,0.007583992875698395,5,0.09177787944246178,236,4-9-18_Schnable_49-586-js252-405_2018-04-11_11-28-52_9999300,8.708612332454807
0.21018596637962544,53.601411214804564,132.72281139162314,0.0,58.455060436158455,0.0,63.859234792914364,0.0,8,0.04078901224852979,0.0008157802449705959,6,0.09177787944246178,106,4-9-18_Schnable_49-586-js252-405_2018-04-11_11-28-52_9999300,2.856186697277676
0.3069220543831135,53.69301984105243,11.502422161371992,0.0,216.11041939949786,0.0,50.60888412414257,0.10707475775762114,8,0.00712058134228284,0.0001424116268456568,7,0.19885263720008292,128,4-9-18_Schnable_49-586-js252-405_2018-04-11_11-28-52_9999300,1.193363426813713
0.4193044362239592,69.59420805383256,-126.83921051236949,0.0,320.724009305641,0.0,53.14016317252065,0.0,8,0.21635468165110472,0.0043270936330220946,8,0.19885263720008292,189,4-9-18_Schnable_49-586-js252-405_2018-04-11_11-28-52_9999300,6.578064786107
0.0578770500687351,89.5,-78.87564618166805,0.0,271.48613503439316,0.0,56.04071695797526,0.0279664257475557,8,0.004822890136964955,9.645780273929909e-05,0,-0.15885744990591505,17,4-9-18_Schnable_49-588-js168-240_2018-04-11_11-33-20_9999500,0.9821293333329327
0.30452934551050315,39.248034993739914,-145.16902233633394,0.0,322.8628094931872,0.0,37.987592142680796,0.0,8,0.014297838439069932,0.00028595676878139865,1,-0.15885744990591505,143,4-9-18_Schnable_49-588-js168-240_2018-04-11_11-33-20_9999500,1.69102563192105
0.4022316755903055,28.650475915759188,-105.17969671195208,0.0,338.1642781244979,0.0,31.92451885507324,0.06243835495495871,8,0.016035658906827795,0.0003207131781365559,2,-0.09641909495095634,198,4-9-18_Schnable_49-588-js168-240_2018-04-11_11-33-20_9999500,1.7908466660676339
0.36506313703233917,42.803996359751686,-108.02220069171827,0.0,173.94041373662205,0.0,35.658060218147384,0.025343437740987518,8,0.020772286395088796,0.00041544572790177593,3,-0.07107565720996882,167,4-9-18_Schnable_49-588-js168-240_2018-04-11_11-33-20_9999500,2.0382485812622955
0.2775561361837464,36.02236423704878,-122.19216344449275,0.0,190.6171144043177,0.0,33.39016668066212,0.009280352128152244,8,0.01551220645357675,0.000310244129071535,4,-0.061795305081816576,116,4-9-18_Schnable_49-588-js168-240_2018-04-11_11-33-20_9999500,1.7613748297041574
0.1343016430508831,59.77161510421884,-111.86252288153118,0.0,218.03562786158454,0.0,33.699393500742616,0.0,8,0.007442875261016948,0.00014885750522033897,5,-0.061795305081816576,60,4-9-18_Schnable_49-588-js168-240_2018-04-11_11-33-20_9999500,1.2200717405969985
0.3755575465297903,34.17012560135774,-81.56264481307355,0.0,339.90028334824393,0.0,31.405523854462942,0.00462238036316779,8,0.044107631137039124,0.0008821526227407825,6,-0.057172924718648786,186,4-9-18_Schnable_49-588-js168-240_2018-04-11_11-33-20_9999500,2.9701054236184654
0.44761078406987276,52.533938288638105,-102.68458904205947,0.0,178.74046282879902,0.0,47.64102841517446,0.028914814263520962,8,0.02670515815444212,0.0005341031630888424,7,-0.028258110455127824,198,4-9-18_Schnable_49-588-js168-240_2018-04-11_11-33-20_9999500,2.311067206051876
0.5293597019403923,50.54738862526832,-103.29453814767876,0.0,351.7394157540916,0.0,51.78353276712872,0.03178647867102008,8,0.052432812944163354,0.001048656258883267,8,0.0035283682158922546,251,4-9-18_Schnable_49-588-js168-240_2018-04-11_11-33-20_9999500,3.2382962478489623
0.5549573282959666,48.384898811982374,-156.47088281387138,0.0,346.8391127868767,0.0,49.15998036114125,0.1188594591487531,8,0.17119430862612645,0.003423886172522529,9,0.12238782736464535,256,4-9-18_Schnable_49-588-js168-240_2018-04-11_11-33-20_9999500,5.851398270945611
0.1938147513636876,83.28952098017724,-14.541065244634767,0.0,22.796296527432233,0.0,74.32870602795461,0.0,8,0.007054297210044672,0.00014108594420089344,10,0.12238782736464535,82,4-9-18_Schnable_49-588-js168-240_2018-04-11_11-33-20_9999500,1.1877960439439652
0.32721873804661983,61.312338077952944,-66.26288593526078,0.0,182.07081562496825,0.0,60.804068391238836,0.0574779000589381,8,0.058433875779641785,0.0011686775155928357,11,0.17986572742358345,141,4-9-18_Schnable_49-588-js168-240_2018-04-11_11-33-20_9999500,3.4185925694543298
0.5264340523879368,56.091012183640274,-152.6750766413949,0.0,209.67261197166056,0.0,54.62029548432219,0.0,8,0.2181633069561334,0.004363266139122668,12,0.17986572742358345,250,4-9-18_Schnable_49-588-js168-240_2018-04-11_11-33-20_9999500,6.605502357219069
0.18992862477269923,38.51113917994929,-155.24115540413106,0.0,60.134261646964745,0.0,37.30779177796679,0.057948509212792626,8,0.004912576479184529,9.825152958369059e-05,0,-0.11147695758140111,81,4-9-18_Schnable_49-589-js49-3-78_2018-04-11_11-35-34_9999600,0.9912190957789837
0.21542048184739088,25.754437792974397,-114.24686793956977,0.0,135.37498224136348,0.0,26.683231131864762,0.0305503378546058,8,0.00572895340810878,0.00011457906816217559,1,-0.08092661972679531,92,4-9-18_Schnable_49-589-js49-3-78_2018-04-11_11-35-34_9999600,1.0704161254492366
0.35859357383347734,31.83399671013613,-231.73292771216757,0.0,9.534175681664601,0.0,31.515110216311324,0.017628637339546907,8,0.028268120181069802,0.0005653624036213961,2,-0.0632979823872484,178,4-9-18_Schnable_49-589-js49-3-78_2018-04-11_11-35-34_9999600,2.37773506434463
0.35800710870803654,23.387164705880064,-163.8548887941971,0.0,161.80202978114775,0.0,21.667097035418678,0.0343961041923893,8,0.016522649087784582,0.0003304529817556916,3,-0.0289018781948591,166,4-9-18_Schnable_49-589-js49-3-78_2018-04-11_11-35-34_9999600,1.8178365761412427
0.47319861354716924,41.34074772843441,-249.40618879328437,0.0,8.46572783500715,0.0,34.94423612041812,0.023412330887585892,8,0.03725571628811025,0.000745114325762205,4,-0.005489547307273208,232,4-9-18_Schnable_49-589-js49-3-78_2018-04-11_11-35-34_9999600,2.7296782333495004
0.3642245010306482,48.72026188277468,-111.54874494929376,0.0,159.64097326076177,0.0,49.139039882960816,0.04118522161246804,8,0.028168472730944426,0.0005633694546188885,5,0.03569567430519483,169,4-9-18_Schnable_49-589-js49-3-78_2018-04-11_11-35-34_9999600,2.3735405086471317
0.46737013803457306,51.87078300343412,-157.96749024963896,0.0,13.149961377159329,0.0,48.98048831628938,0.038866729090231096,8,0.061543618144302606,0.0012308723628860522,6,0.07456240339542593,225,4-9-18_Schnable_49-589-js49-3-78_2018-04-11_11-35-34_9999600,3.508379060030504
0.34554223951580515,61.15630503886734,-58.66582104980901,0.0,333.57458833934203,0.0,58.116825142644785,0.09599949183762078,8,0.025863150259653522,0.0005172630051930705,7,0.1705618952330467,146,4-9-18_Schnable_49-589-js49-3-78_2018-04-11_11-35-34_9999600,2.2743416744039813
0.4421699731225879,67.99809712129047,-230.97150840520797,0.0,181.46069869554074,0.0,65.39528482092767,0.0,8,0.04967977124498648,0.0009935954248997297,8,0.1705618952330467,216,4-9-18_Schnable_49-589-js49-3-78_2018-04-11_11-35-34_9999600,3.152134871638156
0.21260270844408138,73.79571900476606,-117.9208685354669,0.0,228.1822372622862,0.0,69.51562303206094,0.034455010473715575,8,0.02004869235277882,0.0004009738470555764,0,-0.14043588741656754,99,4-9-18_Schnable_49-590-js225-357_2018-04-11_11-37-47_9999700,2.0024331375992968
0.3289724051028007,71.8322328124365,-175.13265212219363,0.0,85.89805692921261,0.0,62.957443901443625,0.04483695594080886,8,0.07211032927801982,0.0014422065855603963,1,-0.09559893147575868,150,4-9-18_Schnable_49-590-js225-357_2018-04-11_11-37-47_9999700,3.7976395110125925
0.3754381817083953,58.30720989494146,-55.59680300242015,0.0,259.09407292828257,0.0,59.19756532834749,0.028552254333942914,8,0.04520613294991843,0.0009041226589983686,2,-0.06704667714181577,169,4-9-18_Schnable_49-590-js225-357_2018-04-11_11-37-47_9999700,3.006863247635929
0.47674421363609654,64.6670328160628,-194.62419133481234,0.0,87.27341450983081,0.0,56.587033676893945,0.03542720671771778,8,0.16862654899635604,0.0033725309799271207,3,-0.03161947042409799,205,4-9-18_Schnable_49-590-js225-357_2018-04-11_11-37-47_9999700,5.807349636389324
0.4743322600256342,59.964202913969444,-66.77239135212756,0.0,247.52352612788627,0.0,60.548184308845705,0.038739557040146665,8,0.08803010983773348,0.0017606021967546694,4,0.007120086616048677,218,4-9-18_Schnable_49-590-js225-357_2018-04-11_11-37-47_9999700,4.195953046394429
0.5133888054446635,70.04908003114893,-131.81028409082495,0.0,77.78599231655262,0.0,60.582116289072005,0.09701141349314714,8,0.12463974114730675,0.002492794822946135,5,0.10413150010919582,237,4-9-18_Schnable_49-590-js225-357_2018-04-11_11-37-47_9999700,4.99278962399392
0.3345584032781125,76.19143068243655,-52.973554354214436,0.0,318.73957314883063,0.0,58.0095130022862,0.05281411838169088,8,0.06709247454311305,0.001341849490862261,6,0.1569456184908867,149,4-9-18_Schnable_49-590-js225-357_2018-04-11_11-37-47_9999700,3.6631263844730513
0.18132945621414454,61.252368367100935,-2.464820385114335,0.0,96.52371615409332,0.0,58.802124789869275,0.012783043463088478,8,0.00941363602796413,0.0001882727205592826,7,0.16972866195397518,81,4-9-18_Schnable_49-590-js225-357_2018-04-11_11-37-47_9999700,1.3721250692239486
0.20662093649051533,71.08161959146116,-51.86277539006456,0.0,73.42169400977505,0.0,53.50002934360892,0.0,8,0.013192856981512107,0.00026385713963024215,8,0.16972866195397518,95,4-9-18_Schnable_49-590-js225-357_2018-04-11_11-37-47_9999700,1.6243679990391404
0.2555817875507951,38.81371257533946,-88.52336674093819,0.0,54.43334772181297,0.0,33.80639653362912,0.08743794772811214,8,0.008276053785760733,0.00016552107571521466,0,0.025119759849662908,107,4-9-18_Schnable_49-591-js43-70_2018-04-11_11-40-03_9999800,1.2865499435125505
0.22554509714349397,76.27183424787424,-18.66430263621872,0.0,267.7983424268956,0.0,69.54902227503653,0.0278756352921318,8,0.027999630561161667,0.0005599926112232333,1,0.05299539514179471,117,4-9-18_Schnable_49-591-js43-70_2018-04-11_11-40-03_9999800,2.366416301548046
0.10460167624116735,83.2675708353544,-83.43279064573373,0.0,114.30096378692086,0.0,61.448402169608144,0.0,8,0.0039386901560331256,7.877380312066252e-05,2,0.05299539514179471,42,4-9-18_Schnable_49-591-js43-70_2018-04-11_11-40-03_9999800,0.8875460727233405
0.37843094828400364,48.83279757911294,-92.0734690397505,0.0,6.235139183688835,0.0,48.83946955322815,0.097781901840619,8,0.02320556713807041,0.0004641113427614082,0,-0.05227274357213613,171,4-9-18_Schnable_49-592-js131-2-190_2018-04-11_11-42-18_9999900,2.1543243552478537
0.45599698068779126,38.47691083730359,-83.44059979736784,0.0,176.9075172540063,0.0,39.20438846713068,0.009401386476756764,8,0.04029501409720901,0.0008059002819441802,1,-0.04287135709537936,222,4-9-18_Schnable_49-592-js131-2-190_2018-04-11_11-42-18_9999900,2.8388382869479907
0.40542530739938143,50.16118366488734,-26.516687351788082,0.0,178.19911428214454,0.0,50.192132524567825,0.09502959092823393,8,0.04278564469607193,0.0008557128939214385,2,0.05215823383285457,178,4-9-18_Schnable_49-592-js131-2-190_2018-04-11_11-42-18_9999900,2.925257072329607
0.27054267833156304,42.301236820753275,-35.93210768021845,0.0,2.326350477292879,0.0,37.45930056906101,0.03928100169959294,8,0.013163681760989532,0.0002632736352197906,3,0.09143923553244751,118,4-9-18_Schnable_49-592-js131-2-190_2018-04-11_11-42-18_9999900,1.622570908218777
0.16429239288005293,85.84319643641017,-76.43181370372233,0.0,350.3625921583384,0.0,58.06350042058848,0.0,8,0.01589491474924591,0.0003178982949849182,4,0.09143923553244751,70,4-9-18_Schnable_49-592-js131-2-190_2018-04-11_11-42-18_9999900,1.7829702605060977
0.41947684540966657,68.41929095096103,-26.579686963905605,0.0,13.15736169882105,0.0,68.8735427356594,0.033317980004863954,8,0.2393578098192118,0.004787156196384236,5,0.12475721553731146,187,4-9-18_Schnable_49-592-js131-2-190_2018-04-11_11-42-18_9999900,6.9189278044970495
0.20771190547862278,85.75650266755547,-13.760447548503716,0.0,180.5701564808666,0.0,80.00853323562349,0.0,8,0.01155695553421195,0.000231139110684239,6,0.12475721553731146,104,4-9-18_Schnable_49-592-js131-2-190_2018-04-11_11-42-18_9999900,1.5203259870311991
0.12937536309905487,63.52254860347244,-40.90296603278956,0.0,178.57371850478424,0.0,45.59072093534529,0.07188624320364907,8,0.0032863904655394418,6.572780931078884e-05,0,-0.10222275942272653,61,4-9-18_Schnable_49-593-js93-3-130_2018-04-11_11-44-31_10000000,0.8107268918124577
0.25122500305607154,61.25296737349247,-49.92967139164595,0.0,358.2469389191649,0.0,64.77530160745006,0.011007734588837623,8,0.0024394161892908246,4.878832378581649e-05,1,-0.09121502483388891,111,4-9-18_Schnable_49-593-js93-3-130_2018-04-11_11-44-31_10000000,0.6984863906033996
0.10472007838651647,84.4289195321387,-41.10085264224096,0.0,287.34340429635625,0.0,54.49497582301304,0.0,8,0.010494955421208966,0.00020989910842417932,2,-0.09121502483388891,40,4-9-18_Schnable_49-593-js93-3-130_2018-04-11_11-44-31_10000000,1.4487895237893575
0.42721029491847073,60.537538279991445,-93.5388970943032,0.0,146.6743970042826,0.0,51.27445413873675,0.08216281458090487,8,0.3361640351785811,0.006723280703571623,3,-0.009052210252984036,199,4-9-18_Schnable_49-593-js93-3-130_2018-04-11_11-44-31_10000000,8.199561392886586
0.11233189935009273,49.86504210520653,127.0413562958911,0.0,173.798995844432,0.0,46.80088228796865,0.0,8,0.005756418698024762,0.00011512837396049525,4,-0.009052210252984036,54,4-9-18_Schnable_49-593-js93-3-130_2018-04-11_11-44-31_10000000,1.0729789092078894
0.44692694616212475,89.5,-26.624032086835058,0.0,289.62996767390354,0.0,83.63230453317489,0.04043434875661407,8,0.3861576776134032,0.007723153552268064,5,0.03138213850363004,208,4-9-18_Schnable_49-593-js93-3-130_2018-04-11_11-44-31_10000000,8.788147445433573
0.44073396983406465,62.7047541327915,-76.12362963327782,0.0,166.12526201646259,0.0,64.03342907689706,0.035535487657161906,8,0.07066527691788765,0.001413305538357753,6,0.06691762616079194,202,4-9-18_Schnable_49-593-js93-3-130_2018-04-11_11-44-31_10000000,3.7593956141350073
0.36746206660435177,66.5681120677451,-163.23365082358947,0.0,352.47006267838793,0.0,55.843097628830094,0.03246167991714538,8,0.030942330506535373,0.0006188466101307075,7,0.09937930607793732,181,4-9-18_Schnable_49-593-js93-3-130_2018-04-11_11-44-31_10000000,2.4876627788563055
0.12962134040147508,70.10042332966515,-68.62986158454554,0.0,332.3057598353333,0.0,40.110781689001755,0.0,8,0.04051744135638078,0.0008103488271276157,8,0.09937930607793732,56,4-9-18_Schnable_49-593-js93-3-130_2018-04-11_11-44-31_10000000,2.846662654983227
0.17808388349805687,89.5,3.8163840003792657,0.0,256.657169474047,0.0,65.39663349470585,0.05197740269938436,8,0.03103781865336257,0.0006207563730672514,9,0.15135670877732169,91,4-9-18_Schnable_49-593-js93-3-130_2018-04-11_11-44-31_10000000,2.4914982903210094
0.20016800600803183,63.322260313694635,-5.91088223463371,0.0,160.9255667755535,0.0,50.722472414468406,0.0,8,0.029002068381665008,0.0005800413676333001,10,0.15135670877732169,96,4-9-18_Schnable_49-593-js93-3-130_2018-04-11_11-44-31_10000000,2.4084047991010564
0.2547939761376816,59.03637401699382,-90.16334181628358,0.0,48.04912299587661,0.0,56.15393398176433,0.06957832260161184,8,0.040985097042973304,0.0008197019408594661,0,-0.125150422765225,118,4-9-18_Schnable_49-594-js60-89_2018-04-11_11-46-45_10000100,2.863043731519772
0.36552044413533946,57.809975428637344,-75.13243488590734,0.0,174.62089639896195,0.0,51.628011190669255,0.03118586899049236,8,0.1564609438179168,0.003129218876358336,1,-0.09396455377473265,163,4-9-18_Schnable_49-594-js60-89_2018-04-11_11-46-45_10000100,5.59394214875193
0.2441163168051613,53.69274175006425,-54.723014791105605,0.0,22.295777649583968,0.0,54.56393318300854,0.017207066522628614,8,0.013084894806120004,0.00026169789612240005,2,-0.07675748725210403,108,4-9-18_Schnable_49-594-js60-89_2018-04-11_11-46-45_10000100,1.6177079344628316
0.23656167262046768,60.696863665953465,-60.025332715717106,0.0,177.63478141032536,0.0,53.07534891769606,0.018801419044063794,8,0.035523619025845374,0.0007104723805169074,3,-0.05795606820804024,101,4-9-18_Schnable_49-594-js60-89_2018-04-11_11-46-45_10000100,2.6654687777516872
0.14955107289147826,62.71376204012411,-50.090756129751945,0.0,28.91974053843036,0.0,50.77117790316078,0.05706701075225153,8,0.007857686467305813,0.00015715372934611626,4,-0.0008890574557887058,63,4-9-18_Schnable_49-594-js60-89_2018-04-11_11-46-45_10000100,1.2536097053952489
0.4253139794469695,51.898700276167354,-52.99841637863062,0.0,181.51310505507342,0.0,53.35416727639283,0.004300946911772378,8,0.09186175663794065,0.001837235132758813,5,0.0034118894559836722,183,4-9-18_Schnable_49-594-js60-89_2018-04-11_11-46-45_10000100,4.286298091312378
0.5342628472756844,68.32791787128083,-67.84327822319105,0.0,18.30667600004814,0.0,68.06102450073458,0.077830974840177,8,0.1598622039699873,0.003197244079399746,6,0.08124286429616066,252,4-9-18_Schnable_49-594-js60-89_2018-04-11_11-46-45_10000100,5.654417812118013
0.28654879178216236,70.80506637712476,-43.551484535133426,0.0,323.58388152523565,0.0,67.24809792611778,0.1126269718741051,8,0.01522712244227577,0.00030454244884551543,7,0.19386983617026576,131,4-9-18_Schnable_49-594-js60-89_2018-04-11_11-46-45_10000100,1.7451144628519801
0.40945965105392607,71.29605324625702,-63.34843206226879,0.0,230.91564653250146,0.0,63.85050710794699,0.0,8,0.037522763039114414,0.0007504552607822883,8,0.19386983617026576,199,4-9-18_Schnable_49-594-js60-89_2018-04-11_11-46-45_10000100,2.7394438500949208
0.005464101615137749,89.5,81.94692798331403,0.0,0.881815921476892,0.0,76.34741635340343,0.02446635981740461,8,0.007291411440505347,0.00014582822881010693,0,-0.1023861950408943,3,4-9-18_Schnable_49-595-js142-208_2018-04-11_11-48-59_10000200,1.2075935939301223
0.13436083324920017,81.7992896165313,-6.080933785941089,0.0,306.38991891544964,0.0,70.71746727357359,0.009371967631821299,8,0.023311947588887865,0.0004662389517777573,2,-0.093014227409073,58,4-9-18_Schnable_49-595-js142-208_2018-04-11_11-48-59_10000200,2.159256704928243
0.2108771357953941,75.6088068464772,-136.82186454477934,0.0,86.0579233281276,0.0,66.82865508033967,0.021068591509135468,8,0.022674930831232065,0.0004534986166246413,3,-0.07194563589993754,100,4-9-18_Schnable_49-595-js142-208_2018-04-11_11-48-59_10000200,2.12955069586202
0.24425067461568356,81.26118080401606,-104.30468684846463,0.0,273.7962860829718,0.0,75.70319658666448,0.06827506398818857,8,0.08553837535718532,0.0017107675071437066,4,-0.0036705719117489676,109,4-9-18_Schnable_49-595-js142-208_2018-04-11_11-48-59_10000200,4.136142535193518
0.0636542449185163,89.5,-20.068138660719598,0.0,325.0014678583185,0.0,49.62341453110499,0.010407254295676505,8,0.0024653168594531713,4.9306337189063426e-05,5,0.006736682383927538,33,4-9-18_Schnable_49-595-js142-208_2018-04-11_11-48-59_10000200,0.7021847135125018
0.3375597187992604,74.9435342285157,-89.77178437119152,0.0,76.16802495281485,0.0,69.58737056552565,0.02851602455812778,8,0.1212237917272192,0.002424475834544384,6,0.03525270694205532,147,4-9-18_Schnable_49-595-js142-208_2018-04-11_11-48-59_10000200,4.92389666275033
0.11965419207001175,82.65648479676332,-34.77874271715487,0.0,141.29528191580906,0.0,59.593816670397466,0.10756162400667249,8,0.0033155841032606543,6.631168206521309e-05,7,0.1428143309487278,52,4-9-18_Schnable_49-595-js142-208_2018-04-11_11-48-59_10000200,0.8143198515645624
0.32278964308567404,69.5148923720217,-78.7522337982102,0.0,215.92090207180468,0.0,64.37647011432816,0.0,8,0.08375043798074847,0.0016750087596149694,8,0.1428143309487278,151,4-9-18_Schnable_49-595-js142-208_2018-04-11_11-48-59_10000200,4.09268708749517
0.10496867542966906,78.93005355617943,-69.97021703002025,0.0,220.32878186617182,0.0,57.32053597048802,0.0724814268100925,8,0.0030753466149859273,6.150693229971855e-05,0,-0.06824397722448976,47,4-9-18_Schnable_49-596-js36-62_2018-04-11_11-51-12_10000300,0.7842635545511378
0.24453103716228172,48.87011168986497,-54.985908805301406,0.0,20.163479713104635,0.0,46.347570268295854,0.004245650777728691,8,0.005853801654605811,0.00011707603309211622,1,-0.06399832644676107,103,4-9-18_Schnable_49-596-js36-62_2018-04-11_11-51-12_10000300,1.0820167886503251
0.12601928075032465,73.59181880470872,-101.93019519803988,0.0,181.56140767063562,0.0,63.19191519699221,0.05973772910976763,8,0.013957812483108872,0.00027915624966217746,2,-0.0042605973369934415,49,4-9-18_Schnable_49-596-js36-62_2018-04-11_11-51-12_10000300,1.6707969645117788
0.29036617421726746,69.9195519409939,-76.53164380240256,0.0,10.980746778949678,0.0,68.13949888411165,0.05294916357922348,8,0.020393010244732022,0.00040786020489464044,3,0.04868856624223004,140,4-9-18_Schnable_49-596-js36-62_2018-04-11_11-51-12_10000300,2.0195549135753663
0.21623987405313008,79.92576253284165,-29.775407438355117,0.0,324.63887238764147,0.0,67.26707766031916,0.09160414697763991,8,0.011958503653494112,0.00023917007306988223,4,0.14029271321986994,93,4-9-18_Schnable_49-596-js36-62_2018-04-11_11-51-12_10000300,1.5465124411716906
0.39860929234963743,66.37298094864592,-53.937706312648984,0.0,205.29196427203559,0.0,67.59392457042914,0.0,8,0.07270751801647138,0.0014541503603294275,5,0.14029271321986994,178,4-9-18_Schnable_49-596-js36-62_2018-04-11_11-51-12_10000300,3.8133323489166626
0.3302596962998876,53.536243988175876,-86.02825161517232,0.0,177.33693699752513,0.0,55.63129977310299,0.04764366763899312,8,0.010644428512071848,0.00021288857024143694,0,-0.1129738603822477,149,4-9-18_Schnable_49-597-js10-1-19_2018-04-11_11-53-27_10000400,1.4590701499291834
0.10231232807160122,75.0261412688823,66.62190740160972,0.0,8.569852158095252,0.0,53.9516113615688,0.05673020576837001,8,0.0074478623106052815,0.00014895724621210563,1,-0.05624365461387769,45,4-9-18_Schnable_49-597-js10-1-19_2018-04-11_11-53-27_10000400,1.2204804226701287
0.3600062395556407,56.06963367575566,-76.00258086110036,0.0,5.9653646295621865,0.0,58.39987689573727,0.0042901815653631145,8,0.0659930308524561,0.001319860617049122,2,-0.051953473048514574,173,4-9-18_Schnable_49-597-js10-1-19_2018-04-11_11-53-27_10000400,3.632988600380026
0.37846072405539366,50.95993000199835,-101.45312259474906,0.0,174.12755672973728,0.0,55.086207642254195,0.021676743036815008,8,0.010869136483394368,0.00021738272966788735,3,-0.030276730011699567,180,4-9-18_Schnable_49-597-js10-1-19_2018-04-11_11-53-27_10000400,1.4743904831078074
0.419188539070751,63.27040803558032,-72.18498589720667,0.0,197.72828077847132,0.0,64.59914106464161,0.02947273288179463,8,0.1544342832248418,0.003088685664496836,4,-0.0008039971299049391,195,4-9-18_Schnable_49-597-js10-1-19_2018-04-11_11-53-27_10000400,5.557594501667817
0.14605720502822714,82.42906506663745,-40.8553889205309,0.0,196.32011636777924,0.0,75.5842207470936,0.018273878543700006,8,0.01533801862547159,0.00030676037250943177,5,0.017469881413795067,67,4-9-18_Schnable_49-597-js10-1-19_2018-04-11_11-53-27_10000400,1.7514576001417554
0.2832434478560568,46.66906907209856,-69.9469425095366,0.0,351.74353093381876,0.0,44.11334865061994,0.07096789246606006,8,0.01694001362241947,0.0003388002724483894,6,0.08843777387985512,145,4-9-18_Schnable_49-597-js10-1-19_2018-04-11_11-53-27_10000400,1.8406527984614303
0.3576586809543723,81.19870672016714,-100.88908601767945,0.0,352.74839251619693,0.0,62.94016049376573,0.0,8,0.055080581768904124,0.0011016116353780826,7,0.08843777387985512,163,4-9-18_Schnable_49-597-js10-1-19_2018-04-11_11-53-27_10000400,3.319053532828421
0.11268282569998284,85.70741900346334,-94.55863570682946,0.0,286.6992505509658,0.0,43.69769719801348,0.0,8,0.003702234424873405,7.40446884974681e-05,8,0.08319685655968946,51,4-9-18_Schnable_49-597-js10-1-19_2018-04-11_11-53-27_10000400,0.8604922341164276
0.43378734199655145,60.91296831830245,-46.87055278055468,0.0,216.89367124831801,0.0,70.02207185767857,0.05138172459709277,8,0.12062506031006047,0.0024125012062012094,9,0.13457858115678223,201,4-9-18_Schnable_49-597-js10-1-19_2018-04-11_11-53-27_10000400,4.911721903977472
0.3286521095882426,63.287461210694524,-47.59844416043432,0.0,320.1529229825164,0.0,66.10365355851395,0.0,8,0.030495718636430677,0.0006099143727286135,10,0.13457858115678223,148,4-9-18_Schnable_49-597-js10-1-19_2018-04-11_11-53-27_10000400,2.469644453617997
0.09948121922067815,89.5,-121.73261732941498,0.0,223.11059517805435,0.0,49.62451969849135,0.10038101245392622,8,0.006195813867426009,0.0001239162773485202,0,-0.046597927861257854,43,4-9-18_Schnable_49-598-js123-181_2018-04-11_11-55-42_10000500,1.1131768832872888
0.27095445724403444,51.851218441949435,-141.5463108125625,0.0,201.97345716451971,0.0,38.9622292189294,0.0,8,0.11601757162441306,0.0023203514324882614,1,-0.046597927861257854,130,4-9-18_Schnable_49-598-js123-181_2018-04-11_11-55-42_10000500,4.817002628697914
0.2888064229547254,49.686245803555025,-120.37290477260542,0.0,354.4526626774813,0.0,50.20670787798653,0.011541160663059033,8,0.015907555921544813,0.00031815111843089624,2,-0.03505676719819882,139,4-9-18_Schnable_49-598-js123-181_2018-04-11_11-55-42_10000500,1.7836791147257856
0.2201576803219666,62.24439230068393,-1.5186198650097502,0.0,342.1006502770758,0.0,57.83288926293201,0.022077406045200216,8,0.010767233376429465,0.0002153446675285893,3,-0.012979361152998605,106,4-9-18_Schnable_49-598-js123-181_2018-04-11_11-55-42_10000500,1.46746266572131
0.2974051754778367,57.143138058555394,-41.96134132040633,0.0,181.47208082208888,0.0,52.62137977892506,0.03204168480305693,8,0.011535966483311781,0.00023071932966623563,4,0.01906232365005832,131,4-9-18_Schnable_49-598-js123-181_2018-04-11_11-55-42_10000500,1.5189447971082939
0.359955194601806,62.077866983152695,-32.185563725601945,0.0,359.2351098123383,0.0,63.254633210925576,0.061887380545618445,8,0.057002280379551434,0.0011400456075910286,5,0.08094970419567676,157,4-9-18_Schnable_49-598-js123-181_2018-04-11_11-55-42_10000500,3.3764561415647454
0.32422559627055264,63.830186731904874,-50.1297996863922,0.0,138.49669034831714,0.0,66.07617307918541,0.07432905718417152,8,0.025163007088283215,0.0005032601417656643,6,0.15527876137984828,143,4-9-18_Schnable_49-598-js123-181_2018-04-11_11-55-42_10000500,2.243346031635923
0.24873859713503038,70.32987074623472,-8.84481699265713,0.0,12.075188514981978,0.0,59.373201921763965,0.0,8,0.011533203320421966,0.00023066406640843932,7,0.15527876137984828,122,4-9-18_Schnable_49-598-js123-181_2018-04-11_11-55-42_10000500,1.5187628728950393
0.07555530934787154,83.26959297583107,-203.12223763032395,0.0,161.95771335135913,0.0,59.895036971705906,0.028674503811581285,8,0.0017700287038113925,3.540057407622785e-05,0,-0.058896626680358145,31,4-9-18_Schnable_49-599-js177-258_2018-04-11_11-57-57_10000600,0.5949838155465059
0.18046203833699997,66.37507623872217,-165.9650837165223,0.0,3.4677219033843274,0.0,56.02376683311324,0.035513208946999865,8,0.002000986553675053,4.001973107350106e-05,1,-0.02338341773335828,86,4-9-18_Schnable_49-599-js177-258_2018-04-11_11-57-57_10000600,0.6326115006344815
0.2737680253240972,73.32154038923237,-118.78965209732597,0.0,196.69092942396944,0.0,65.96739470648485,0.04278787565753455,8,0.020079438546696193,0.0004015887709339239,2,0.01940445792417627,128,4-9-18_Schnable_49-599-js177-258_2018-04-11_11-57-57_10000600,2.003967991096474
0.343705481148785,81.62214382156913,-124.30555163419905,0.0,198.374484439972,0.0,67.7419704380083,0.06767868308334624,8,0.07136305198759324,0.0014272610397518648,3,0.08708314100752251,156,4-9-18_Schnable_49-599-js177-258_2018-04-11_11-57-57_10000600,3.7779108509225896
0.3285756318017886,75.87403053956965,-90.3479899446661,0.0,9.440720957591282,0.0,73.51579014911661,0.0,8,0.025337524385417552,0.0005067504877083511,4,0.08708314100752251,163,4-9-18_Schnable_49-599-js177-258_2018-04-11_11-57-57_10000600,2.2511119201593486
0.24186048384413986,44.67125493227273,-139.41283569447114,0.0,160.50930774742923,0.0,42.84337732044596,0.04394231662383022,8,0.010091247345112731,0.00020182494690225463,0,-0.12155823419135464,117,4-9-18_Schnable_49-600-js233-371_2018-04-11_12-00-11_10000700,1.420651072227993
0.28353943368421763,56.60373392079429,-103.33504171524491,0.0,5.580558880016393,0.0,53.9384949231856,0.0293977319560845,8,0.014848179527197147,0.0002969635905439429,1,-0.09216050223527014,134,4-9-18_Schnable_49-600-js233-371_2018-04-11_12-00-11_10000700,1.7232631561776715
0.37587085328378483,39.11004588001675,-176.1669134581186,0.0,202.8283143072945,0.0,34.68339442950828,0.02204144770727373,8,0.09012680116958681,0.0018025360233917362,2,-0.07011905452799641,164,4-9-18_Schnable_49-600-js233-371_2018-04-11_12-00-11_10000700,4.245628367381837
0.47032797935693316,53.6019911018571,-140.7350159250834,0.0,210.93903089342703,0.0,50.40641416631641,0.0,8,0.060080064141292536,0.0012016012828258507,3,-0.07011905452799641,214,4-9-18_Schnable_49-600-js233-371_2018-04-11_12-00-11_10000700,3.4664120972928916
0.46708809169825566,56.628468774618206,-73.58306136815787,0.0,357.36222029320265,0.0,63.13973800710381,0.08072708278338,8,0.07455247624691516,0.0014910495249383033,4,0.010608028255383596,236,4-9-18_Schnable_49-600-js233-371_2018-04-11_12-00-11_10000700,3.8614110438262115
0.13776089331056052,46.60458980809411,-187.64154805489633,0.0,285.06253517767976,0.0,14.90382796932707,0.042775054776383235,8,0.05785525984556245,0.001157105196911249,5,0.05338308303176683,61,4-9-18_Schnable_49-600-js233-371_2018-04-11_12-00-11_10000700,3.401624901295334
0.19311507227247987,11.949016927107074,-10.530301916951974,0.0,352.48064671013975,0.0,9.826103486912618,0.008127159263269637,8,0.0017493788464372272,3.4987576928744547e-05,6,0.06151024229503647,104,4-9-18_Schnable_49-600-js233-371_2018-04-11_12-00-11_10000700,0.5915029748762431
0.10899894988345335,0.5,58.58656178855796,0.0,44.7427990160158,0.0,5.767773120489278,0.0,8,0.03854777719462745,0.000770955543892549,7,0.06151024229503647,54,4-9-18_Schnable_49-600-js233-371_2018-04-11_12-00-11_10000700,2.7766086218488715
0.4573391112884212,46.88986402179863,-57.06081197115684,0.0,242.66939567453315,0.0,46.15668467994844,0.09311275685697173,8,0.15901441692427506,0.003180288338485501,8,0.1546229991520082,223,4-9-18_Schnable_49-600-js233-371_2018-04-11_12-00-11_10000700,5.639404523959512
0.20421352375843918,76.42957474572889,-3.5604631572627667,0.0,196.50121547502295,0.0,67.79645402853585,0.007043331300699174,8,0.023045957239492362,0.0004609191447898472,9,0.16166633045270737,106,4-9-18_Schnable_49-600-js233-371_2018-04-11_12-00-11_10000700,2.1469027569730477
0.41115534600922987,72.20624827378018,-98.7972450677064,0.0,337.4899953432604,0.0,77.3643529149871,0.0,8,0.04283695352822378,0.0008567390705644756,10,0.16166633045270737,192,4-9-18_Schnable_49-600-js233-371_2018-04-11_12-00-11_10000700,2.9270105407471214
0.13690953109388757,68.23269197622436,-45.97644906208392,0.0,29.214442971898013,0.0,45.32527493998085,0.06927339888453493,8,0.0038221460325337073,7.644292065067414e-05,0,-0.060424397245948225,55,4-9-18_Schnable_49-601-js138-200_2018-04-11_12-02-25_10000800,0.8743164224162449
0.06485513764173305,89.5,-16.881481524244283,0.0,133.17034810964117,0.0,59.644029718093236,0.0021281195315357437,8,0.004377027585764897,8.754055171529794e-05,1,-0.05829627771441248,30,4-9-18_Schnable_49-601-js138-200_2018-04-11_12-02-25_10000800,0.9356310796211184
0.195018381626512,55.7594632481348,-69.33055802279986,0.0,223.40471409433752,0.0,55.234281018115176,0.025238371896503728,8,0.004781312768643277,9.562625537286554e-05,2,-0.03305790581790875,83,4-9-18_Schnable_49-601-js138-200_2018-04-11_12-02-25_10000800,0.977886779606236
0.32786329100382716,54.875290279293985,-152.21311180079778,0.0,25.018741811518485,0.0,51.797586821415635,0.041405690897974155,8,0.034519388255705934,0.0006903877651141186,3,0.008347785080065404,156,4-9-18_Schnable_49-601-js138-200_2018-04-11_12-02-25_10000800,2.6275231019234035
0.21064363366793884,76.04684501595715,19.84437056418976,0.0,51.8882433624013,0.0,71.88369896198631,0.12730273940804032,8,0.012027038161401642,0.00024054076322803285,4,0.13565052448810572,112,4-9-18_Schnable_49-601-js138-200_2018-04-11_12-02-25_10000800,1.5509376622805728
0.22098721630384777,70.6562579571209,17.919327121743624,0.0,240.20226769074358,0.0,67.79497889908833,0.0,8,0.008394599677265144,0.00016789199354530287,5,0.13565052448810572,99,4-9-18_Schnable_49-601-js138-200_2018-04-11_12-02-25_10000800,1.2957314287509694
0.05712522404514043,0.5,-300.0,0.0,212.84627164837556,0.0,-84.31062800708385,0.047557787243499045,8,0.0622384997957494,0.001244769995914988,0,-0.11493861742813549,26,4-9-18_Schnable_49-603-js147-1-214_2018-04-11_12-06-53_10001000,3.5281298104165444
0.36569003161203717,50.38503964742698,-127.50111409802035,0.0,58.291668904189144,0.0,46.50678923240599,0.030684376071272987,8,0.024068176138184613,0.00048136352276369226,1,-0.0842542413568625,162,4-9-18_Schnable_49-603-js147-1-214_2018-04-11_12-06-53_10001000,2.193999823982883
0.31350722923679003,59.24148068296099,-50.517756973747936,0.0,65.31657253647883,0.0,57.11417589495915,0.06475200336751093,8,0.038501206679176295,0.0007700241335835259,2,-0.01950223798935158,135,4-9-18_Schnable_49-603-js147-1-214_2018-04-11_12-06-53_10001000,2.7749308704606066
0.35609184087622914,75.63743956265371,-47.4582568367817,0.0,214.79590303117467,0.0,65.96860169995172,0.013592546835789657,8,0.023173659702300724,0.0004634731940460145,3,-0.005909691153561921,175,4-9-18_Schnable_49-603-js147-1-214_2018-04-11_12-06-53_10001000,2.152842757950553
0.3812199051909097,71.130043850165,-132.76236060200694,0.0,223.27200699419257,0.0,65.1102485141983,0.0017728289409911935,8,0.22490456792176006,0.004498091358435201,4,-0.004136862212570727,166,4-9-18_Schnable_49-603-js147-1-214_2018-04-11_12-06-53_10001000,6.7067811641913595
0.4595446721799544,64.73657475730992,-43.11006452106065,0.0,60.651301519657544,0.0,68.91014989268206,0.07566388431551434,8,0.037065279707229074,0.0007413055941445815,5,0.07152702210294361,190,4-9-18_Schnable_49-603-js147-1-214_2018-04-11_12-06-53_10001000,2.722692773973188
0.5103350688178815,71.36446219370934,-74.47126599270872,0.0,198.497193879834,0.0,76.59959275854425,0.09143045877286311,8,0.06599301241291812,0.0013198602482583624,6,0.16295748087580672,232,4-9-18_Schnable_49-603-js147-1-214_2018-04-11_12-06-53_10001000,3.632988092821613
0.2970019216613682,89.5,-132.2115155448912,0.0,219.40484579522226,0.0,73.33131901773332,0.0022035596732443707,8,0.22124220744560422,0.004424844148912085,7,0.1651610405490511,142,4-9-18_Schnable_49-603-js147-1-214_2018-04-11_12-06-53_10001000,6.651950201942348
0.459680090518921,64.52355750342196,-54.00665792499489,0.0,70.42844224282993,0.0,68.38686658324026,0.0,8,0.06380554290013253,0.0012761108580026507,8,0.1651610405490511,195,4-9-18_Schnable_49-603-js147-1-214_2018-04-11_12-06-53_10001000,3.5722693879418594
0.43836148160071436,55.040871285322645,-89.83825228460364,0.0,352.06268042454803,0.0,52.09081737746085,0.13403727554117298,8,0.05566448830489028,0.0011132897660978056,0,0.06701301859485502,199,4-9-18_Schnable_49-604-js153-2-222_2018-04-11_12-09-06_10001100,3.336599715425579
0.345048778648826,72.69053958446376,-33.75047093420881,0.0,157.39115888109114,0.0,64.35472365828203,0.0,8,0.024503915919353983,0.0004900783183870796,1,0.06701301859485502,162,4-9-18_Schnable_49-604-js153-2-222_2018-04-11_12-09-06_10001100,2.2137712582538414
0.3316364390684405,67.32529039513,-116.71657085732451,0.0,185.52590577633313,0.0,61.42197610942528,0.06396458937192562,8,0.12098787892215479,0.0024197575784430958,0,-0.16641389377492766,162,4-9-18_Schnable_49-605-js18-31_2018-04-11_12-11-20_10001200,4.91910314838294
0.4176480406134851,48.360422849172,-112.12708148121186,0.0,357.80255685747215,0.0,47.00631432153752,0.024777644734788218,8,0.02160589303927438,0.0004321178607854876,1,-0.14163624904013944,173,4-9-18_Schnable_49-605-js18-31_2018-04-11_12-11-20_10001200,2.0787444787310623
0.42138227388399885,61.42360496449808,-138.04711292796364,0.0,194.4835907260589,0.0,57.03632374149735,0.033549331060961474,8,0.05965263425266995,0.001193052685053399,2,-0.10808691797917797,188,4-9-18_Schnable_49-605-js18-31_2018-04-11_12-11-20_10001200,3.454059474087554
0.0810091868138165,89.5,-98.6397235103072,0.0,101.12958728956428,0.0,47.39211810049902,0.0290660464016773,8,0.008106665747066836,0.00016213331494133672,3,-0.07902087157750066,37,4-9-18_Schnable_49-605-js18-31_2018-04-11_12-11-20_10001200,1.2733158089858805
0.5496377379607005,59.21585472314621,-120.16291579740049,0.0,355.71815461815333,0.0,56.312934662160615,0.004175568744153604,8,0.23898937558244798,0.00477978751164896,4,-0.07484530283334706,235,4-9-18_Schnable_49-605-js18-31_2018-04-11_12-11-20_10001200,6.9136007345297
0.6542278335412552,64.44750784653634,-120.94736606471075,0.0,178.40081032264996,0.0,58.30193069418015,0.031391552326900427,8,0.16762138234631802,0.0033524276469263604,5,-0.043453750506446634,313,4-9-18_Schnable_49-605-js18-31_2018-04-11_12-11-20_10001200,5.79001523912188
0.5776349470534543,71.53969727054186,-133.41295246728055,0.0,358.2517376089618,0.0,64.82099049351295,0.1037881639248715,8,0.10397769851616354,0.0020795539703232706,6,0.06033441341842487,251,4-9-18_Schnable_49-605-js18-31_2018-04-11_12-11-20_10001200,4.560212681798154
0.5091732659955531,73.71246257502804,-104.56496344022686,0.0,126.5622870218227,0.0,73.86698322480409,0.12626194320964046,8,0.14520457562605202,0.0029040915125210405,7,0.1865963566280653,233,4-9-18_Schnable_49-605-js18-31_2018-04-11_12-11-20_10001200,5.388962342159241
0.17473635078693744,83.53010536419569,-8.766923127060764,0.0,195.4537952408004,0.0,70.295766294696,0.04361054264423067,8,0.006084182500310833,0.00012168365000621666,8,0.23020689927229598,91,4-9-18_Schnable_49-605-js18-31_2018-04-11_12-11-20_10001200,1.1031031230407096
0.3662174913717512,68.84731023473117,-38.69549652052838,0.0,16.811988313094172,0.0,69.30714084696872,0.0,8,0.023330933231981054,0.0004666186646396211,9,0.23020689927229598,154,4-9-18_Schnable_49-605-js18-31_2018-04-11_12-11-20_10001200,2.1601357935084105
0.23903304823657398,74.56244233938017,-133.73984361776817,0.0,330.68246902559576,0.0,65.92281651952676,0.05200053757683348,8,0.04959570417037382,0.0009919140834074762,0,-0.16749344623237203,106,4-9-18_Schnable_49-606-js198-307_2018-04-11_12-13-34_10001300,3.149466753924347
0.3174560144315489,61.65667811871196,-139.3547272502732,0.0,153.5371379684504,0.0,54.032069570500774,0.017298283162475225,8,0.1385013135118215,0.0027700262702364297,1,-0.1501951630698968,137,4-9-18_Schnable_49-606-js198-307_2018-04-11_12-13-34_10001300,5.263103903816102
0.39860370957516084,68.61550896110745,-189.32883954263124,0.0,347.05973424466856,0.0,58.56162837959856,0.04082755833508801,8,0.10769784597449138,0.0021539569194898274,2,-0.10936760473480879,175,4-9-18_Schnable_49-606-js198-307_2018-04-11_12-13-34_10001300,4.6410741423616875
0.39670993210955807,60.4832160007838,-84.33361515216318,0.0,144.95359913241006,0.0,56.780421092006726,0.03524314348477893,8,0.2010574499359043,0.004021148998718086,3,-0.07412446125002986,184,4-9-18_Schnable_49-606-js198-307_2018-04-11_12-13-34_10001300,6.341253029739537
0.4194653581788206,68.07035113140992,-67.60776079831929,0.0,351.1298685187292,0.0,63.55108826990337,0.06440767021245887,8,0.22883803486289483,0.004576760697257896,4,-0.009716791037570985,193,4-9-18_Schnable_49-606-js198-307_2018-04-11_12-13-34_10001300,6.765176048897691
0.4751872678074385,56.79601783374455,-147.34752324124275,0.0,147.34610327410056,0.0,53.69527389933269,0.1087859255336286,8,0.17078859261652288,0.0034157718523304577,5,0.09906913449605761,221,4-9-18_Schnable_49-606-js198-307_2018-04-11_12-13-34_10001300,5.844460498908738
0.31352148476336617,65.6346001827883,-73.55092470978616,0.0,146.9588596241681,0.0,59.06070975447456,0.016222967931447146,8,0.0178762415169652,0.000357524830339304,6,0.11529210242750476,150,4-9-18_Schnable_49-606-js198-307_2018-04-11_12-13-34_10001300,1.8908327010587267
0.1844323318717909,31.40243034302282,-90.079285267265,0.0,45.421429334297535,0.0,29.054480330551286,0.10106013369600744,8,0.015697059076253773,0.00031394118152507544,7,0.2163522361235122,96,4-9-18_Schnable_49-606-js198-307_2018-04-11_12-13-34_10001300,1.7718385409655006
0.31938497677429156,50.94129562371292,-100.45747698982153,0.0,352.43508878337576,0.0,46.98936781741756,0.0,8,0.07601577926774288,0.0015203155853548574,8,0.2163522361235122,153,4-9-18_Schnable_49-606-js198-307_2018-04-11_12-13-34_10001300,3.899122446595974
0.3229611098060836,61.99591269136592,-86.12946862701132,0.0,213.28396423496105,0.0,60.82610092610801,0.09409035921216652,8,0.009012407281375376,0.00018024814562750752,0,-0.08833120958308491,147,4-9-18_Schnable_49-607-js149-216_2018-04-11_12-15-48_10001400,1.342565252147945
0.2872328297540944,51.70000758293582,-50.24751288010865,0.0,55.495645105219346,0.0,52.825185415160945,0.03625532841188702,8,0.007314145108463727,0.00014628290216927453,1,-0.05207588117119789,130,4-9-18_Schnable_49-607-js149-216_2018-04-11_12-15-48_10001400,1.2094746883224738
0.41923901404862984,59.92402189141379,-53.527425121791424,0.0,47.12960134515032,0.0,60.27605047516815,0.05214726078277364,8,0.05465580203046228,0.0010931160406092457,2,7.137961157575169e-05,187,4-9-18_Schnable_49-607-js149-216_2018-04-11_12-15-48_10001400,3.3062305433971866
0.4251845271453409,63.523219954771385,-53.99462526796048,0.0,248.79501074418746,0.0,57.14996014239401,0.013447872679694965,8,0.05091736182649338,0.0010183472365298677,3,0.013519252291270717,191,4-9-18_Schnable_49-607-js149-216_2018-04-11_12-15-48_10001400,3.1911553339345105
0.31878127200883816,51.774101581019096,-53.65363835305602,0.0,239.9216818347162,0.0,53.32638929203413,0.0,8,0.03977199776069597,0.0007954399552139194,4,0.013519252291270717,150,4-9-18_Schnable_49-607-js149-216_2018-04-11_12-15-48_10001400,2.8203545082381387
0.4517787139484069,65.32692858935148,-20.756046794503163,0.0,54.163878021435,0.0,66.04068600036756,0.004442222608293455,8,0.08123531355675877,0.0016247062711351754,5,0.01796147489956417,199,4-9-18_Schnable_49-607-js149-216_2018-04-11_12-15-48_10001400,4.03076453186635
0.40242199724296057,70.69588799582016,-7.598000233342478,0.0,225.74441240692758,0.0,66.90611221617222,0.1641936020042389,8,0.04517615419884376,0.0009035230839768752,6,0.1821550769038031,202,4-9-18_Schnable_49-607-js149-216_2018-04-11_12-15-48_10001400,3.0058660714956598
0.2904429276328574,71.46055096426146,15.7448387498057,0.0,90.86926713568603,0.0,69.92497301677024,0.0,8,0.02790823591021566,0.0005581647182043132,7,0.1821550769038031,144,4-9-18_Schnable_49-607-js149-216_2018-04-11_12-15-48_10001400,2.362550990358331
0.2519572302010122,45.384878007264895,-117.32502353426517,0.0,332.4990524812453,0.0,41.50705788980934,0.08189998300731395,8,0.0045709688637788175,9.141937727557635e-05,0,-0.07034845685297376,104,4-9-18_Schnable_49-608-js251-404_2018-04-11_12-18-07_10001500,0.9561348088819711
0.3295704074675247,36.91953902391194,-142.96915490333845,0.0,126.46065395809025,0.0,33.93958441020937,0.022327737430665857,8,0.03914815867561751,0.0007829631735123501,1,-0.04802071942230791,152,4-9-18_Schnable_49-608-js251-404_2018-04-11_12-18-07_10001500,2.79814791158786
0.3239452319594733,40.910487167805975,-128.3094214554422,0.0,325.67023055123224,0.0,40.212284233114495,0.019734228827939303,8,0.015269361869810484,0.0003053872373962097,2,-0.028286490594368604,142,4-9-18_Schnable_49-608-js251-404_2018-04-11_12-18-07_10001500,1.7475332254243685
0.3374590167853803,51.071868502574844,-91.00995660447224,0.0,132.72891735691093,0.0,48.26799573515922,0.010259761481499687,8,0.01433480102440124,0.00028669602048802476,3,-0.018026729112868917,148,4-9-18_Schnable_49-608-js251-404_2018-04-11_12-18-07_10001500,1.6932100297601145
0.4338684226915261,55.183915889366425,-116.64290032512146,0.0,327.238190654228,0.0,51.58529879213126,0.03190411250295651,8,0.04175154682461591,0.0008350309364923182,4,0.013877383390087587,193,4-9-18_Schnable_49-608-js251-404_2018-04-11_12-18-07_10001500,2.8896901849373373
0.40608503078779673,65.762528908063,-97.28140559807274,0.0,140.08786261327782,0.0,64.3119328305797,0.054295685848899426,8,0.04258629204581406,0.0008517258409162812,5,0.06817306923898701,176,4-9-18_Schnable_49-608-js251-404_2018-04-11_12-18-07_10001500,2.9184342393075795
0.42419671549068416,69.41543855508678,-79.04090105076772,0.0,321.055384368136,0.0,68.64540034694296,0.06364653343419778,8,0.05298988872488556,0.001059797774497711,6,0.1318196026731848,199,4-9-18_Schnable_49-608-js251-404_2018-04-11_12-18-07_10001500,3.255453539059821
0.2550419342943849,83.4413701712874,-42.96077967749446,0.0,251.62994194124548,0.0,75.5188653648904,0.0202097477160334,8,0.01817915132957814,0.0003635830265915628,7,0.1520293503892182,125,4-9-18_Schnable_49-608-js251-404_2018-04-11_12-18-07_10001500,1.906785322451279
0.4004917653903358,78.92956217279755,-77.98941379288371,0.0,162.80740228069112,0.0,69.39389848386077,0.0,8,0.11088134789118739,0.0022176269578237477,8,0.1520293503892182,193,4-9-18_Schnable_49-608-js251-404_2018-04-11_12-18-07_10001500,4.709168671669924
0.44281415020979553,31.451286866356085,-147.97293348195103,0.0,5.55639866352356,0.0,31.784373913481076,0.12484186907395617,8,0.03290953425352754,0.0006581906850705509,0,-0.0848743113015728,192,4-9-18_Schnable_49-610-js104-2-150_2018-04-11_12-22-31_10001700,2.565522724651939
0.4307492584652695,57.29546986730893,-129.29742086303446,0.0,175.29877929476376,0.0,51.9449872908866,0.039603695498394806,8,0.09246053573297139,0.0018492107146594278,1,-0.045270615803177996,203,4-9-18_Schnable_49-610-js104-2-150_2018-04-11_12-22-31_10001700,4.3002450100656215
0.4865932057566815,56.82799851100546,-104.85401814967476,0.0,9.25597111714619,0.0,54.903066522382694,0.03253433201751216,8,0.03865460283752097,0.0007730920567504194,2,-0.01273628378566584,210,4-9-18_Schnable_49-610-js104-2-150_2018-04-11_12-22-31_10001700,2.780453302521766
0.48609136669419545,61.810690428278114,-93.38545105273238,0.0,161.5818032348091,0.0,59.800712740960286,0.03588518286228365,8,0.18802633197353125,0.003760526639470625,3,0.023148899076617806,233,4-9-18_Schnable_49-610-js104-2-150_2018-04-11_12-22-31_10001700,6.132313298805456
0.35966902054370437,69.21528184408758,-53.23766420085513,0.0,338.3242619864998,0.0,68.65421841620335,0.06456041482503615,8,0.03334990459630742,0.0006669980919261484,4,0.08770931390165396,165,4-9-18_Schnable_49-610-js104-2-150_2018-04-11_12-22-31_10001700,2.58263061998062
0.41703667552211593,78.60385275522438,17.116738472719238,0.0,102.7240116349573,0.0,73.67941134746066,0.12163635976447199,8,0.1135475328880012,0.0022709506577600243,5,0.20934567366612594,208,4-9-18_Schnable_49-610-js104-2-150_2018-04-11_12-22-31_10001700,4.765449252442024
0.2468730368940622,68.45741683962812,-114.30644460501384,0.0,13.881241932483466,0.0,65.71339483551891,0.0,8,0.004561530618273379,9.123061236546758e-05,6,0.20934567366612594,107,4-9-18_Schnable_49-610-js104-2-150_2018-04-11_12-22-31_10001700,0.9551471738191323
0.19025836368053425,66.6704153536606,-136.45999540875485,0.0,151.82720913794603,0.0,62.204702182551834,0.01602815340099377,8,0.0011324668926125487,2.2649337852250973e-05,0,-0.10881222032310234,82,4-9-18_Schnable_49-611-js176-257_2018-04-11_12-24-45_10001800,0.47591320482049004
0.24598602308209488,72.64787996186426,-143.90088419228368,0.0,11.135052248155807,0.0,66.83970688553345,0.03814870974385559,8,0.016398213525495416,0.00032796427050990834,1,-0.07066351057924675,115,4-9-18_Schnable_49-611-js176-257_2018-04-11_12-24-45_10001800,1.8109783833881294
0.35453276687082425,63.00068453328523,-102.53784796748884,0.0,194.29128655351317,0.0,60.89254432180122,0.04309471215096969,8,0.03452510918779386,0.0006905021837558772,2,-0.027568798428277058,170,4-9-18_Schnable_49-611-js176-257_2018-04-11_12-24-45_10001800,2.627740823893934
0.3820675103520785,68.73778698722185,-102.58588813332969,0.0,4.86466009307651,0.0,67.18953726140224,0.040468060096239794,8,0.03328564861022415,0.000665712972204483,3,0.01289926166796274,188,4-9-18_Schnable_49-611-js176-257_2018-04-11_12-24-45_10001800,2.5801414151253086
0.3812146310320047,67.05501701483556,-35.951361829898616,0.0,198.12714149415106,0.0,70.88140590847712,0.039538861196806954,8,0.0852684621094002,0.001705369242188004,4,0.05243812286476969,176,4-9-18_Schnable_49-611-js176-257_2018-04-11_12-24-45_10001800,4.1296116550930115
0.3618994631813475,71.90942600061054,-40.479608087992666,0.0,343.1475175998534,0.0,69.10878697231894,0.07126599347400006,8,0.01470072562887523,0.0002940145125775046,5,0.12370411633876975,151,4-9-18_Schnable_49-611-js176-257_2018-04-11_12-24-45_10001800,1.714685138961391
0.35320641180734325,78.86881774628576,-60.17324166403569,0.0,265.11805326016247,0.0,77.63982468433022,0.0,8,0.02467082893874361,0.0004934165787748722,6,0.12370411633876975,159,4-9-18_Schnable_49-611-js176-257_2018-04-11_12-24-45_10001800,2.221298221254571
0.34684130955619225,61.11849623998528,-124.5431133172598,0.0,350.2323732228433,0.0,56.501130907494314,0.10419238214360675,8,0.04049223593750159,0.0008098447187500318,0,-0.12496540752875925,160,4-9-18_Schnable_49-612-js14-1-24_2018-04-11_12-26-58_10001900,2.8457770797271382
0.4366833351746275,54.77735269873344,-39.77616728751425,0.0,154.6113572600818,0.0,55.80439809656332,0.03617407813846568,8,0.07044513237668429,0.0014089026475336858,1,-0.08879132939029356,190,4-9-18_Schnable_49-612-js14-1-24_2018-04-11_12-26-58_10001900,3.7535351970291764
0.5183575778549411,62.92824714638968,-61.703224809678005,0.0,344.9212267798433,0.0,59.785367122923155,0.02594153442885347,8,0.16003603322976376,0.0032007206645952753,2,-0.0628497949614401,232,4-9-18_Schnable_49-612-js14-1-24_2018-04-11_12-26-58_10001900,5.657491197160872
0.5290830412106236,65.9768573462879,-62.054128968351634,0.0,158.4386441851649,0.0,64.08763001468132,0.032089151591497785,8,0.09365093995087531,0.0018730187990175062,3,-0.03076064336994231,247,4-9-18_Schnable_49-612-js14-1-24_2018-04-11_12-26-58_10001900,4.327838720444081
0.5163220219530533,70.00411150505305,-52.12621655846488,0.0,346.0898373300177,0.0,69.12064362608274,0.06216191724145331,8,0.062221632746991204,0.0012444326549398241,4,0.031401273871511,232,4-9-18_Schnable_49-612-js14-1-24_2018-04-11_12-26-58_10001900,3.5276517046610825
0.5051911367712636,73.9427297349006,-47.76206423492952,0.0,140.19974286092295,0.0,74.6491229787619,0.11400538260210194,8,0.04494122754364145,0.000898824550872829,5,0.14540665647361295,233,4-9-18_Schnable_49-612-js14-1-24_2018-04-11_12-26-58_10001900,2.9980402780363526
0.3498941320898518,74.89353098975347,-29.31444398295117,0.0,148.62853318255327,0.0,70.45665023345681,0.0879770888147294,8,0.028035022287432286,0.0005607004457486457,6,0.23338374528834235,164,4-9-18_Schnable_49-612-js14-1-24_2018-04-11_12-26-58_10001900,2.367911412508174
0.48085883025460746,78.48504962220407,-18.85399997836404,0.0,10.585599603676,0.0,85.02441638503007,0.0,8,0.1490905079025532,0.002981810158051064,7,0.23338374528834235,236,4-9-18_Schnable_49-612-js14-1-24_2018-04-11_12-26-58_10001900,5.46059535037258
0.24017449056038584,59.33340086118978,-73.77098944787112,0.0,328.1298410105692,0.0,57.975726546634924,0.013981021764888246,8,0.021419136580799646,0.00042838273161599293,0,-0.1335677032638176,101,4-9-18_Schnable_49-613-js28-3-48_2018-04-11_12-29-13_10002000,2.069740881405189
0.31401878607093353,48.189241512733176,-96.32675319326425,0.0,239.4271756987761,0.0,50.55037768496459,0.035840442277256135,8,0.015764715587645646,0.0003152943117529129,1,-0.09772726098656145,138,4-9-18_Schnable_49-613-js28-3-48_2018-04-11_12-29-13_10002000,1.775652870785596
0.3960366242930929,43.71757418588366,-55.55609148186377,0.0,330.8089785640245,0.0,45.017989509617294,0.026410031930009764,8,0.03881225596943393,0.0007762451193886787,2,-0.07131722905655169,176,4-9-18_Schnable_49-613-js28-3-48_2018-04-11_12-29-13_10002000,2.7861175843612176
0.4226014404066619,49.08901918195416,-66.2578201212864,0.0,228.65455674720536,0.0,50.381304495695154,0.029696939730638652,8,0.05431533329537545,0.001086306665907509,3,-0.04162028932591304,193,4-9-18_Schnable_49-613-js28-3-48_2018-04-11_12-29-13_10002000,3.2959166644615108
0.40022257907619585,57.133644210123215,-67.48322027036873,0.0,4.457197106466637,0.0,58.25640345834251,0.028580626588661548,8,0.0609470042798166,0.001218940085596332,4,-0.01303966273725149,190,4-9-18_Schnable_49-613-js28-3-48_2018-04-11_12-29-13_10002000,3.491332246573408
0.47451658993469736,60.54939020836998,-59.86585783416292,0.0,195.8198220612487,0.0,57.85370733032352,0.03762590124945711,8,0.04840454306255867,0.0009680908612511734,5,0.024586238512205618,226,4-9-18_Schnable_49-613-js28-3-48_2018-04-11_12-29-13_10002000,3.111415853355468
0.44900168429123855,63.91523152127357,-86.99070321096164,0.0,34.89358171392459,0.0,58.4648629001874,0.076291741985623,8,0.08608084878669015,0.0017216169757338028,6,0.10087798049782862,202,4-9-18_Schnable_49-613-js28-3-48_2018-04-11_12-29-13_10002000,4.149237250066333
0.4013517926675521,67.0293525928985,-56.503916718667305,0.0,192.0568408070761,0.0,64.75914187272349,0.04191652779542182,8,0.022547319381594863,0.00045094638763189726,7,0.14279450829325044,189,4-9-18_Schnable_49-613-js28-3-48_2018-04-11_12-29-13_10002000,2.1235498290171986
0.189343270068616,80.81157404095951,-95.06265632017308,0.0,24.497651801609237,0.0,69.24291237104745,0.0,8,0.009896555217117253,0.00019793110434234505,8,0.14279450829325044,90,4-9-18_Schnable_49-613-js28-3-48_2018-04-11_12-29-13_10002000,1.406879896587996
0.3346161164977923,59.14478572176282,-155.55797066750497,0.0,245.09843439724915,0.0,53.18991663500381,0.10208238736579993,8,0.08938173079758996,0.001787634615951799,0,-0.12354595875532608,153,4-9-18_Schnable_49-615-js89-126_2018-04-11_12-33-41_10002200,4.22804282848672
0.43822820501166293,53.674750647790006,-39.04245280646839,0.0,27.08616479762108,0.0,55.30525206131875,0.026638193894592016,8,0.05628623865972633,0.0011257247731945267,1,-0.09690776486073406,192,4-9-18_Schnable_49-615-js89-126_2018-04-11_12-33-41_10002200,3.3551822203786887
0.2820564470627389,56.92306765163034,-48.81441047755603,0.0,205.38792251776803,0.0,57.30824880437716,0.00756666950238713,8,0.013955139773470137,0.00027910279546940274,2,-0.08934109535834693,126,4-9-18_Schnable_49-615-js89-126_2018-04-11_12-33-41_10002200,1.6706369906996632
0.3990571817621209,69.79069038463615,14.184091083273445,0.0,78.32002729203369,0.0,68.27008148947836,0.07842591914961083,8,0.10572458904104345,0.002114491780820869,3,-0.010915176208736103,192,4-9-18_Schnable_49-615-js89-126_2018-04-11_12-33-41_10002200,4.59836033910009
0.4070250981796356,71.60205200457109,-0.6943260744447733,0.0,163.84470817928295,0.0,69.2693756145878,0.047460421241455726,8,0.14635122952933582,0.0029270245905867165,4,0.03654524503271962,200,4-9-18_Schnable_49-615-js89-126_2018-04-11_12-33-41_10002200,5.410198324078995
0.602155020551135,69.1942990692985,-25.237224810202953,0.0,32.42225630619984,0.0,69.1927248850445,0.048825131841007646,8,0.13084241446527478,0.0026168482893054955,5,0.08537037687372727,278,4-9-18_Schnable_49-615-js89-126_2018-04-11_12-33-41_10002200,5.115513942220757
0.3886827114309067,84.11933814316787,-24.881872386504813,0.0,0.13312250663381114,0.0,82.13304241159062,0.14155721755210027,8,0.04834620107143184,0.0009669240214286367,6,0.22692759442582755,198,4-9-18_Schnable_49-615-js89-126_2018-04-11_12-33-41_10002200,3.1095401933865348
0.5050674453058722,74.70053596861712,-24.31259115241458,0.0,176.32570570764148,0.0,74.05346202447878,0.0,8,0.09806425487416104,0.001961285097483221,7,0.22692759442582755,251,4-9-18_Schnable_49-615-js89-126_2018-04-11_12-33-41_10002200,4.42863985607683
0.2675021832818589,50.164037456554084,-80.96835736126185,0.0,174.99766148328266,0.0,51.2628546203758,0.07997982383842674,8,0.03111325867442101,0.0006222651734884202,0,-0.044683418367758077,134,4-9-18_Schnable_49-616-js174-1-252_2018-04-11_12-35-56_10002300,2.494524350429196
0.21294039915597002,68.63708329650399,-37.36161489301472,0.0,342.0456494386191,0.0,68.04767945665544,0.0640671996521694,8,0.011605546740161635,0.0002321109348032327,1,0.019383781284411317,94,4-9-18_Schnable_49-616-js174-1-252_2018-04-11_12-35-56_10002300,1.5235187389829923
0.277772608317489,69.73522193689787,-26.69528335610961,0.0,168.4739735016296,0.0,70.99189956265539,0.07595179676409498,8,0.033552100038579266,0.0006710420007715853,2,0.0953355780485063,125,4-9-18_Schnable_49-616-js174-1-252_2018-04-11_12-35-56_10002300,2.590447839219283
0.33473798513623,66.49185786457058,-62.342042079819606,0.0,332.7257622333729,0.0,66.75399370505227,0.030035006687860008,8,0.06338327166492294,0.0012676654332984588,3,0.1253705847363663,156,4-9-18_Schnable_49-616-js174-1-252_2018-04-11_12-35-56_10002300,3.5604289535089153
0.20185186686225878,78.14134011143422,-22.17095177376202,0.0,171.7822335226323,0.0,70.84250468834102,0.0,8,0.013734348978540548,0.000274686979570811,4,0.1253705847363663,104,4-9-18_Schnable_49-616-js174-1-252_2018-04-11_12-35-56_10002300,1.6573683343506083
0.3266344342412208,58.980601617694106,-101.75856308852677,0.0,348.9220427589869,0.0,57.5736149682241,0.0795996159277515,8,0.0297431553573642,0.000594863107147284,0,-0.1060693335896061,159,4-9-18_Schnable_49-617-js274-55_2018-04-11_12-38-11_10002400,2.4389815643979027
0.14481644782153325,89.5,-87.6464500616636,0.0,227.4925156121782,0.0,41.732144669016044,0.055750584297020504,8,0.04342082616433045,0.0008684165232866089,1,-0.0503187492925856,67,4-9-18_Schnable_49-617-js274-55_2018-04-11_12-38-11_10002400,2.9468907738268975
0.39585154990512417,56.9369903143116,-99.0777459755134,0.0,0.8554941440412079,0.0,56.36296578559611,0.012469735876280766,8,0.09895651791308747,0.0019791303582617496,2,-0.03784901341630483,177,4-9-18_Schnable_49-617-js274-55_2018-04-11_12-38-11_10002400,4.448741797701626
0.1366854380922676,72.45309137238182,-28.28590898849995,0.0,316.3288349645476,0.0,53.15071293660903,0.0,8,0.009101659420629274,0.00018203318841258548,3,-0.03784901341630483,60,4-9-18_Schnable_49-617-js274-55_2018-04-11_12-38-11_10002400,1.3491967551568804
0.36392252084967475,58.464968507889154,-77.08985847674322,0.0,348.0053785215919,0.0,58.11247558684658,0.07444261045830118,8,0.10192556001508654,0.0020385112003017307,4,0.03659359704199635,178,4-9-18_Schnable_49-617-js274-55_2018-04-11_12-38-11_10002400,4.514987486474055
0.24088224989453932,45.10522627589191,-193.71466826933394,0.0,181.95071838396635,0.0,33.78215177118505,0.056201569601978175,8,0.13620878280866677,0.0027241756561733354,5,0.09279516664397452,108,4-9-18_Schnable_49-617-js274-55_2018-04-11_12-38-11_10002400,5.219363616546882
0.16945409331670994,61.079703734415574,-67.00454015621071,0.0,187.36187230701094,0.0,47.11854688431244,0.0,8,0.005349365651086871,0.00010698731302173742,6,0.09279516664397452,73,4-9-18_Schnable_49-617-js274-55_2018-04-11_12-38-11_10002400,1.034346716636822
0.14768484085752406,13.859464336281253,-300.0,0.0,79.5564920411085,0.0,-21.32557362871389,0.0,8,0.06608718455796268,0.0013217436911592538,7,0.08000077869851921,64,4-9-18_Schnable_49-617-js274-55_2018-04-11_12-38-11_10002400,3.6355793089399846
0.39689965672878863,65.6703614680084,-66.62530243322561,0.0,161.46281057190566,0.0,67.71574662826063,0.009097237581286985,8,0.05042915899508704,0.0010085831799017408,8,0.0890980162798062,180,4-9-18_Schnable_49-617-js274-55_2018-04-11_12-38-11_10002400,3.175819862494945
0.41901772236558693,64.9206203399116,-76.54332966480668,0.0,13.065334550152023,0.0,62.227184713696936,0.023348285724058296,8,0.04648346280442894,0.0009296692560885789,9,0.11244630200386449,204,4-9-18_Schnable_49-617-js274-55_2018-04-11_12-38-11_10002400,3.049047812167889
0.19093765501139442,89.5,1.9444513385795297,0.0,93.59601879901173,0.0,59.623105650533944,0.04829025632033887,8,0.1204972278410095,0.00240994455682019,10,0.16073655832420336,90,4-9-18_Schnable_49-617-js274-55_2018-04-11_12-38-11_10002400,4.909118614191543
0.34367282880707023,84.21084384168022,-60.343790655051436,0.0,123.2602214968787,0.0,79.56763088828605,0.0,8,0.18417487419888262,0.003683497483977652,11,0.16073655832420336,146,4-9-18_Schnable_49-617-js274-55_2018-04-11_12-38-11_10002400,6.069182386432008
0.24988690234537372,65.07118659969078,-80.8515102863353,0.0,62.637406728348594,0.0,59.865853424975725,0.07132514877733308,8,0.03936337421554544,0.0007872674843109089,0,-0.08442302214823184,112,4-9-18_Schnable_49-618-js90-127_2018-04-11_12-40-28_10002500,2.8058287266169843
0.2997225405347243,60.0765834009973,3.6569771535697515,0.0,239.768841922094,0.0,61.752808075438736,0.038095719799245815,8,0.07363185639956213,0.0014726371279912426,1,-0.04632730234898603,147,4-9-18_Schnable_49-618-js90-127_2018-04-11_12-40-28_10002500,3.837495443634093
0.19277474599806826,77.13368021559684,-24.72490987378142,0.0,244.68917279332555,0.0,73.53344203146497,0.06175615184856335,8,0.008063299740174636,0.00016126599480349274,2,0.015428849499577318,99,4-9-18_Schnable_49-618-js90-127_2018-04-11_12-40-28_10002500,1.269905487835582
0.40161124393664643,72.76013921736667,-46.432853988186984,0.0,70.36799936088613,0.0,72.69107878307418,0.06217183255753017,8,0.05427775827503372,0.0010855551655006743,3,0.07760068205710749,181,4-9-18_Schnable_49-618-js90-127_2018-04-11_12-40-28_10002500,3.294776419577927
0.1912298043570689,79.25007984354008,-32.59938850026095,0.0,84.5924802081788,0.0,72.50288820976685,0.07600344704717069,8,0.009512572082137731,0.00019025144164275463,4,0.15360412910427818,86,4-9-18_Schnable_49-618-js90-127_2018-04-11_12-40-28_10002500,1.3793166483543748
0.32785408763137,76.24803849853315,-41.34034874549634,0.0,244.64755624525077,0.0,80.39262919031978,0.0,8,0.032813694608273575,0.0006562738921654715,5,0.15360412910427818,162,4-9-18_Schnable_49-618-js90-127_2018-04-11_12-40-28_10002500,2.5617843237975197
0.18246217924011177,0.5,300.0,0.0,342.8555566723701,0.0,-23.435143181421633,0.0,8,0.10519057316554917,0.0021038114633109835,0,-0.16675375173826515,85,4-9-18_Schnable_49-619-js255-409_2018-04-11_12-42-41_10002600,4.586732457110381
0.24126675785337348,51.66269884654814,-94.38924049358499,0.0,159.2001813714266,0.0,49.306289221035854,0.051911059165350854,8,0.0047651400883484876,9.530280176696975e-05,1,-0.1148426925729143,113,4-9-18_Schnable_49-619-js255-409_2018-04-11_12-42-41_10002600,0.9762315389648594
0.07028177278390672,89.5,-48.769478586573605,0.0,49.637397852085805,0.0,62.000495527861325,0.0020206481644295254,8,0.0032049721187759053,6.40994423755181e-05,2,-0.11282204440848477,24,4-9-18_Schnable_49-619-js255-409_2018-04-11_12-42-41_10002600,0.8006212736089275
0.3276738770990877,44.11559180526527,-101.14079839141719,0.0,329.75536677141145,0.0,41.996511353807634,0.012314949673333797,8,0.022933752635899078,0.0004586750527179816,3,-0.10050709473515097,154,4-9-18_Schnable_49-619-js255-409_2018-04-11_12-42-41_10002600,2.141670032283175
0.09316757753019891,89.5,-140.77015255310374,0.0,157.82027622855355,0.0,65.37399004984783,0.023225505927995244,8,0.010803759811148294,0.0002160751962229659,4,-0.07728158880715573,43,4-9-18_Schnable_49-619-js255-409_2018-04-11_12-42-41_10002600,1.4699496461544725
0.3024185658084494,53.08617466703146,-82.6304569325046,0.0,167.74281704780495,0.0,48.97531629905425,0.0,8,0.026390690074307478,0.0005278138014861496,5,-0.07728158880715573,149,4-9-18_Schnable_49-619-js255-409_2018-04-11_12-42-41_10002600,2.2974198603784846
0.2838266983693563,52.53935593442683,-54.042697547648466,0.0,337.7534148245121,0.0,53.964517960884066,0.018127472251010766,8,0.012362627046720191,0.0002472525409344038,6,-0.05915411655614496,130,4-9-18_Schnable_49-619-js255-409_2018-04-11_12-42-41_10002600,1.5724265990322215
0.38264737233616036,58.17826399978472,-35.49975308077173,0.0,179.23408184694307,0.0,65.14999739677786,0.027266802256854267,8,0.021146613049839696,0.00042293226099679394,7,-0.031887314299290696,167,4-9-18_Schnable_49-619-js255-409_2018-04-11_12-42-41_10002600,2.0565316943747645
0.5039867231992786,54.25331095550458,-108.1697262849439,0.0,355.55440036142244,0.0,51.93252240815479,0.03857039516273697,8,0.04573271271121854,0.0009146542542243707,8,0.006683080863446272,237,4-9-18_Schnable_49-619-js255-409_2018-04-11_12-42-41_10002600,3.024325138314944
0.4427673229858224,61.97534016528845,-23.125679384883064,0.0,196.20010256200015,0.0,62.916130946049215,0.09594494392156942,8,0.04666912701873399,0.0009333825403746799,9,0.10262802478501569,175,4-9-18_Schnable_49-619-js255-409_2018-04-11_12-42-41_10002600,3.055130996168053
0.3650930650538196,70.95967292029287,-38.07681200117751,0.0,19.64000438439386,0.0,67.67603481610038,0.07380237916277531,8,0.2093704491335857,0.004187408982671714,10,0.176430403947791,169,4-9-18_Schnable_49-619-js255-409_2018-04-11_12-42-41_10002600,6.471019226266998
0.24451810471721844,67.31100046007633,-45.00000529867855,0.0,204.197645294386,0.0,53.73746638862571,0.0,8,0.07761351151054108,0.0015522702302108215,11,0.176430403947791,109,4-9-18_Schnable_49-619-js255-409_2018-04-11_12-42-41_10002600,3.93988607730074
0.261686429639586,54.24451557452374,-105.56771229780358,0.0,205.1110132328594,0.0,49.187108337887054,0.05531607391647553,8,0.009611593543808267,0.00019223187087616535,0,-0.11381470541263611,124,4-9-18_Schnable_49-620-js124-183_2018-04-11_12-44-57_10002700,1.3864770855523194
0.340116958497393,48.603802123911166,-174.05680415827172,0.0,23.74658781349357,0.0,46.285270085459125,0.025675000665980288,8,0.028765515452648126,0.0005753103090529625,1,-0.08813970474665582,159,4-9-18_Schnable_49-620-js124-183_2018-04-11_12-44-57_10002700,2.3985627134868968
0.41542916749715825,46.44552122734157,-132.76726751584823,0.0,208.7624759266161,0.0,42.06922740296211,0.026785550075512005,8,0.03274394592306892,0.0006548789184613785,2,-0.061354154671143815,203,4-9-18_Schnable_49-620-js124-183_2018-04-11_12-44-57_10002700,2.559060215120735
0.4883349565350475,49.6327763253193,-79.39681362751803,0.0,355.5587717483126,0.0,47.90077359731111,0.043271506562014415,8,0.26826611356767693,0.005365322271353539,3,-0.0180826481091294,221,4-9-18_Schnable_49-620-js124-183_2018-04-11_12-44-57_10002700,7.324836019566266
0.523025491952387,65.56629699646706,-143.13982343241756,0.0,203.3098596379181,0.0,63.3507148926729,0.05248857292494037,8,0.07497164934756632,0.0014994329869513264,4,0.03440592481581097,253,4-9-18_Schnable_49-620-js124-183_2018-04-11_12-44-57_10002700,3.8722512663195383
0.44093383650826495,70.52750415823013,-73.38960153302146,0.0,284.8090536014423,0.0,70.37881427280993,0.13512116796586773,8,0.1741338915012195,0.00348267783002439,5,0.1695270927816787,188,4-9-18_Schnable_49-620-js124-183_2018-04-11_12-44-57_10002700,5.901421718555953
0.3554260633658367,78.58647684943392,7.132049356428119,0.0,176.1140359839397,0.0,71.53929659756238,0.0,8,0.07247149960895921,0.0014494299921791842,6,0.1695270927816787,176,4-9-18_Schnable_49-620-js124-183_2018-04-11_12-44-57_10002700,3.8071380224246982
0.3001354204459264,42.5675595726316,-99.45933665008747,0.0,195.9238629914174,0.0,39.761280204064875,0.07586260259829464,8,0.008685743636578877,0.00017371487273157754,0,-0.1001651010301649,144,4-9-18_Schnable_49-621-js124-183_2018-04-11_12-47-10_10002800,1.31800938058717
0.3318913441660769,50.9445496245492,-97.6997548082826,0.0,14.239071797577616,0.0,46.03331784354549,0.028166221496194008,8,0.05989559211248179,0.0011979118422496358,1,-0.0719988795339709,155,4-9-18_Schnable_49-621-js124-183_2018-04-11_12-47-10_10002800,3.4610863067101287
0.4786289411695175,46.89061638180795,-113.82804015015324,0.0,202.89515032800804,0.0,42.28140783618304,0.029633462462721534,8,0.08260297642081836,0.0016520595284163673,2,-0.04236541707124936,211,4-9-18_Schnable_49-621-js124-183_2018-04-11_12-47-10_10002800,4.064553515967488
0.5215172749522552,51.73227646738599,-48.38058724720477,0.0,4.640610809007197,0.0,54.8918854556135,0.036212749983676476,8,0.3154484873442439,0.006308969746884878,3,-0.00615266708757289,225,4-9-18_Schnable_49-621-js124-183_2018-04-11_12-47-10_10002800,7.942902332828271
0.3778792035794964,62.04289745421823,-50.78775736917997,0.0,218.7000237535248,0.0,61.145496178110584,0.07190065194783768,8,0.037518788749677845,0.0007503757749935569,4,0.06574798486026479,173,4-9-18_Schnable_49-621-js124-183_2018-04-11_12-47-10_10002800,2.7392987697466604
0.45364139503403833,64.7154005893954,-41.41344072898784,0.0,7.237953273503426,0.0,63.2744171647098,0.1132594770725891,8,0.0760893367344849,0.001521786734689698,5,0.17900746193285388,201,4-9-18_Schnable_49-621-js124-183_2018-04-11_12-47-10_10002800,3.9010085038226947
0.28963800395882605,84.27154666841463,-25.293519640215596,0.0,115.02263602894215,0.0,82.48114036990489,0.0,8,0.031026517268880366,0.0006205303453776074,6,0.17900746193285388,147,4-9-18_Schnable_49-621-js124-183_2018-04-11_12-47-10_10002800,2.4910446511004323
0.2825140074500606,67.02033540615749,-127.74276820035554,0.0,172.70147283078333,0.0,62.966153177287524,0.06395241581260314,8,0.0119150095039909,0.000238300190079818,0,-0.13392058109912613,122,4-9-18_Schnable_49-622-js103-2-147_2018-04-11_12-49-25_10002900,1.5436974770978218
0.34862491043071087,60.44434723216612,-87.69602671422692,0.0,334.66691108443075,0.0,61.02206663163289,0.03061579948431603,8,0.03213439380713975,0.000642687876142795,1,-0.1033047816148101,150,4-9-18_Schnable_49-622-js103-2-147_2018-04-11_12-49-25_10002900,2.535128943747823
0.13247441662318218,85.58318841532034,-34.34310890234999,0.0,138.26467127398718,0.0,79.11356493665103,0.029810633942896084,8,0.005847362498396748,0.00011694724996793497,2,-0.07349414767191402,65,4-9-18_Schnable_49-622-js103-2-147_2018-04-11_12-49-25_10002900,1.081421518039728
0.3825289540784548,68.62077495924345,-113.12462702965298,0.0,177.71024739544976,0.0,65.95982654059668,0.002011946740600165,8,0.016225009795708623,0.00032450019591417244,3,-0.07148220093131386,173,4-9-18_Schnable_49-622-js103-2-147_2018-04-11_12-49-25_10002900,1.801388897251708
0.4610320881528705,63.22337338650997,-62.64768856308751,0.0,342.1337845255075,0.0,62.416116735303376,0.036774610568673934,8,0.17162496919018086,0.0034324993838036172,4,-0.03470759036263992,213,4-9-18_Schnable_49-622-js103-2-147_2018-04-11_12-49-25_10002900,5.858753607896151
0.5159763968351617,70.05806670414374,-77.29190873997848,0.0,145.3667212170089,0.0,68.22332023791223,0.03798139176785413,8,0.07626954875938755,0.0015253909751877508,5,0.003273801405214207,259,4-9-18_Schnable_49-622-js103-2-147_2018-04-11_12-49-25_10002900,3.9056253983040294
0.5308700745469799,64.86700974193614,-58.23423147637796,0.0,6.519177383755577,0.0,68.85738473665636,0.06648070200731798,8,0.06791977158696048,0.0013583954317392096,6,0.06975450341253218,248,4-9-18_Schnable_49-622-js103-2-147_2018-04-11_12-49-25_10002900,3.685641642562675
0.5049344699408739,66.3328473989688,-53.22715383283967,0.0,108.75962372916902,0.0,60.531505751119184,0.10757627921070047,8,0.01635851989548773,0.0003271703979097546,7,0.17733078262323265,233,4-9-18_Schnable_49-622-js103-2-147_2018-04-11_12-49-25_10002900,1.8087852219369625
0.23747620790470933,83.84558824166805,-23.385709007283722,0.0,142.14259962816953,0.0,75.94811440973525,0.02057449413962048,8,0.08194479972215706,0.0016388959944431411,8,0.19790527676285313,119,4-9-18_Schnable_49-622-js103-2-147_2018-04-11_12-49-25_10002900,4.048328043085369
0.4389750213123469,69.36919704575105,-3.806160989905749,0.0,17.31185480414233,0.0,77.5145754504952,0.0,8,0.09271987092885484,0.0018543974185770966,9,0.19790527676285313,207,4-9-18_Schnable_49-622-js103-2-147_2018-04-11_12-49-25_10002900,4.30627149466577
0.2301832297372418,63.14021776078371,-170.0532071349912,0.0,6.359131613133079,0.0,53.78843313649279,0.0640311932232357,8,0.00431816161974706,8.636323239494121e-05,0,-0.02201765134315852,105,4-9-18_Schnable_49-623-js277-103_2018-04-11_12-51-40_10003000,0.9293182038190214
0.3284320932404402,55.31144415354366,-96.19353288209346,0.0,357.4179916803108,0.0,54.65634185838255,0.04793729127741288,8,0.04564630167498389,0.0009129260334996777,1,0.025919639934254356,136,4-9-18_Schnable_49-623-js277-103_2018-04-11_12-51-40_10003000,3.021466586774836
0.256399153378823,50.78014170034265,-132.87909703793173,0.0,178.12555293729127,0.0,45.91368767523618,0.0019056253570308365,8,0.023827748563766467,0.00047655497127532933,2,0.027825265291285192,117,4-9-18_Schnable_49-623-js277-103_2018-04-11_12-51-40_10003000,2.1830139057626945
0.2961643689563241,76.02858239636808,-6.189010727073791,0.0,155.77794054931235,0.0,71.19558375416555,0.058230724081325194,8,0.02813989193851482,0.0005627978387702965,3,0.08605598937261039,153,4-9-18_Schnable_49-623-js277-103_2018-04-11_12-51-40_10003000,2.3723360612912674
0.2159818214682025,72.29131192403672,-53.54306175462304,0.0,7.5968219834556345,0.0,66.47203375657845,0.0,8,0.009717182068337805,0.0001943436413667561,4,0.08605598937261039,102,4-9-18_Schnable_49-623-js277-103_2018-04-11_12-51-40_10003000,1.3940718825324472
0.28509596922665315,71.68179661710528,-84.74089033355331,0.0,135.73298826167263,0.0,67.36618646531521,0.06983308825805809,8,0.010905601441088817,0.00021811202882177636,0,-0.10061747918762098,132,4-9-18_Schnable_49-624-js294-413_2018-04-11_12-53-52_10003100,1.4768616347572185
0.3585165864575526,76.41141799851107,-99.3186205819749,0.0,339.82268089449906,0.0,72.20602116089152,0.04856956558655118,8,0.03131755534934348,0.0006263511069868696,1,-0.052047913601069806,149,4-9-18_Schnable_49-624-js294-413_2018-04-11_12-53-52_10003100,2.5027007551580547
0.3980260514892101,70.14000258643387,-61.22129100439418,0.0,141.4875512181227,0.0,66.18705476572812,0.03765028546517603,8,0.07621194256523822,0.0015242388513047643,2,-0.014397628135893778,190,4-9-18_Schnable_49-624-js294-413_2018-04-11_12-53-52_10003100,3.9041501652789488
0.4115178516030541,73.61889082491145,-41.91163131013153,0.0,311.8880839759745,0.0,72.01680838439071,0.022620405655263305,8,0.04662257794742543,0.0009324515589485085,3,0.008222777519369525,188,4-9-18_Schnable_49-624-js294-413_2018-04-11_12-53-52_10003100,3.053606980193274
0.114022711314502,89.5,-17.952934561422147,0.0,252.812449064552,0.0,77.7840647711949,0.009992889047164893,8,0.0041369209255805745,8.27384185116115e-05,4,0.01821566656653442,59,4-9-18_Schnable_49-624-js294-413_2018-04-11_12-53-52_10003100,0.9096066100881826
0.4816375956255018,73.82842540386437,-25.63164635320662,0.0,137.82400937425842,0.0,73.47386675096102,0.04534421523116143,8,0.06654940440681603,0.0013309880881363207,5,0.06355988179769585,231,4-9-18_Schnable_49-624-js294-413_2018-04-11_12-53-52_10003100,3.648270944072439
0.13439007598302566,80.53202983044676,-31.384616067908397,0.0,207.08426869121823,0.0,65.59855870115801,0.03475202309869761,8,0.006380073508702882,0.00012760147017405765,6,0.09831190489639346,64,4-9-18_Schnable_49-624-js294-413_2018-04-11_12-53-52_10003100,1.1296082071853837
0.31302616362838676,75.71207557458666,-23.262568155594266,0.0,170.28718309899057,0.0,76.01617616494627,0.0699542741189361,8,0.0928963898707581,0.001857927797415162,7,0.16826617901532956,141,4-9-18_Schnable_49-624-js294-413_2018-04-11_12-53-52_10003100,4.310368658728812
0.4555174501071543,71.76559491171174,-34.93246612322546,0.0,274.39989709644624,0.0,70.16291451137083,0.0,8,0.07058823686194515,0.001411764737238903,8,0.16826617901532956,204,4-9-18_Schnable_49-624-js294-413_2018-04-11_12-53-52_10003100,3.7573457882378927
0.22285497346370753,67.12500149001173,-94.4892340957925,0.0,119.41419906572908,0.0,60.198728948599815,0.03820006015973662,8,0.019255245722216367,0.0003851049144443273,0,-0.08892321151219817,103,4-9-18_Schnable_49-625-js153-3-222_2018-04-11_12-56-06_10003200,1.9624090155834673
0.24165509539342492,63.20073358459063,-118.36504497671098,0.0,358.17802704987196,0.0,60.68552899582894,0.04390147276201069,8,0.007022021173031258,0.00014044042346062516,1,-0.04502173875018749,109,4-9-18_Schnable_49-625-js153-3-222_2018-04-11_12-56-06_10003200,1.185075624003064
0.31177330924874247,60.88684800600553,-111.46225367577503,0.0,155.81090132458874,0.0,55.36913284640423,0.012056204133785886,8,0.015088175713996243,0.0003017635142799249,2,-0.0329655346164016,132,4-9-18_Schnable_49-625-js153-3-222_2018-04-11_12-56-06_10003200,1.7371341752435963
0.40662855253845337,62.31108645860704,-92.03952224587965,0.0,345.07837734650576,0.0,58.57107568761479,0.01599614750896701,8,0.03757955978373149,0.0007515911956746297,3,-0.01696938710743459,183,4-9-18_Schnable_49-625-js153-3-222_2018-04-11_12-56-06_10003200,2.741516360838705
0.39263538565616546,64.3158676797621,-145.18036045032983,0.0,154.15067859235893,0.0,58.141345072580954,0.04204177086670204,8,0.021786403222615727,0.00043572806445231455,4,0.02507238375926745,167,4-9-18_Schnable_49-625-js153-3-222_2018-04-11_12-56-06_10003200,2.087410032677611
0.3188807233761287,70.93494496720363,-22.774070464821904,0.0,319.7320156526413,0.0,67.07463431177113,0.03590339900752719,8,0.03385973275162195,0.000677194655032439,5,0.06097578276679464,156,4-9-18_Schnable_49-625-js153-3-222_2018-04-11_12-56-06_10003200,2.602296399398883
0.3419350847252676,89.5,-2.458004271769516,0.0,57.04719214095347,0.0,88.34657995977433,0.06624005206580896,8,0.05022146607951031,0.0010044293215902061,6,0.1272158348326036,182,4-9-18_Schnable_49-625-js153-3-222_2018-04-11_12-56-06_10003200,3.1692732946058886
0.29144452490833284,77.18735540114578,-35.77426768795386,0.0,168.3066885580787,0.0,67.08391007126572,0.0,8,0.017734658293931296,0.00035469316587862594,7,0.1272158348326036,130,4-9-18_Schnable_49-625-js153-3-222_2018-04-11_12-56-06_10003200,1.8833299389077474
0.36847638591903864,67.05805576504336,-149.15289410657797,0.0,28.276776200478256,0.0,65.56809448963728,0.06602622449193635,8,0.01564269087327434,0.0003128538174654868,0,-0.1322336633962807,168,4-9-18_Schnable_49-626-js225-357_2018-04-11_12-58-21_10003300,1.768767416777816
0.38559396453821765,62.23325114208052,-118.65651899307109,0.0,192.52844594472566,0.0,58.124202912088684,0.04021390651430867,8,0.15287944314344554,0.003057588862868911,1,-0.09201975688197203,174,4-9-18_Schnable_49-626-js225-357_2018-04-11_12-58-21_10003300,5.529546873722032
0.4122489665185873,64.56196978279074,-124.70094558131866,0.0,40.15363681791672,0.0,60.08513448267609,0.019747385417248936,8,0.01961803058453847,0.00039236061169076945,2,-0.0722723714647231,183,4-9-18_Schnable_49-626-js225-357_2018-04-11_12-58-21_10003300,1.9808094600207498
0.5488993144306309,75.14986304938824,-122.24117767626458,0.0,196.987860224029,0.0,64.23280927797255,0.04435894468526043,8,0.39257315744696814,0.007851463148939362,3,-0.02791342677946267,246,4-9-18_Schnable_49-626-js225-357_2018-04-11_12-58-21_10003300,8.860848237578251
0.5083519636870674,64.44608773720479,-83.70155318085806,0.0,29.69286899868698,0.0,66.5874729000234,0.047934880038485186,8,0.056825185852253546,0.001136503717045071,4,0.02002145325902252,231,4-9-18_Schnable_49-626-js225-357_2018-04-11_12-58-21_10003300,3.3712070791410467
0.08752990261347832,75.34147754252872,22.697063222635574,0.0,94.47965711603736,0.0,50.10128762522381,0.02008884710788513,8,0.000740811482836323,1.481622965672646e-05,5,0.04011030036690765,45,4-9-18_Schnable_49-626-js225-357_2018-04-11_12-58-21_10003300,0.3849185583565238
0.42843149030349775,70.07487473748917,-58.562888697632275,0.0,204.3825802674684,0.0,67.51823776769774,0.026267600231809275,8,0.11755354661001967,0.0023510709322003935,6,0.06637790059871693,202,4-9-18_Schnable_49-626-js225-357_2018-04-11_12-58-21_10003300,4.848784313825883
0.5084298579202609,69.62895534399756,-111.13924521567964,0.0,8.835147671711528,0.0,65.35877098251329,0.13149371350200603,8,0.1557816691657007,0.003115633383314014,7,0.19787161410072296,248,4-9-18_Schnable_49-626-js225-357_2018-04-11_12-58-21_10003300,5.581785899973246
0.3835238875760503,56.79377110110286,-72.119162406129,0.0,242.93734240614518,0.0,55.75407615553025,0.0,8,0.02065818490729101,0.0004131636981458202,8,0.19787161410072296,174,4-9-18_Schnable_49-626-js225-357_2018-04-11_12-58-21_10003300,2.032642856346929
0.38382722307089623,63.106255231438105,-104.2683455645321,0.0,162.14299272095926,0.0,69.79803384380448,0.012000330948442689,8,0.024979897333873152,0.000499597946677463,0,-0.19598895770450886,185,4-9-18_Schnable_49-627-js70-100_2018-04-11_01-00-37_10003400,2.2351687781406193
0.4512495660537962,41.47408747585921,-100.5236852746092,0.0,338.3732659777748,0.0,36.85657338740105,0.11797766321467625,8,0.05577373192276477,0.0011154746384552953,1,-0.07801129448983261,211,4-9-18_Schnable_49-627-js70-100_2018-04-11_01-00-37_10003400,3.3398722108118077
0.47641928918145704,48.31855585530612,-71.81960158497503,0.0,189.1346535504438,0.0,46.23461221577198,0.06400154204626354,8,0.0423017129329689,0.000846034258659378,2,-0.014009752443569067,216,4-9-18_Schnable_49-627-js70-100_2018-04-11_01-00-37_10003400,2.9086668057021896
0.5496194478094794,41.29355338306968,-45.75512324053912,0.0,10.32350335754395,0.0,42.83960740461202,0.046011025888451254,8,0.10401478796580543,0.0020802957593161085,3,0.03200127344488219,260,4-9-18_Schnable_49-627-js70-100_2018-04-11_01-00-37_10003400,4.561025936470991
0.5257220203962966,68.17553703452256,-47.977245342497966,0.0,180.05208400133026,0.0,67.1389682817712,0.09395704078808736,8,0.09071341944861955,0.001814268388972391,4,0.12595831423296955,240,4-9-18_Schnable_49-627-js70-100_2018-04-11_01-00-37_10003400,4.259422952669048
0.5162874303000633,76.034698885136,-51.96848941485344,0.0,359.02669637295685,0.0,71.39292917048962,0.08209799273829765,8,0.09498001461902439,0.0018996002923804879,5,0.2080563069712672,246,4-9-18_Schnable_49-627-js70-100_2018-04-11_01-00-37_10003400,4.358440423340083
0.289323482767135,77.72022373568632,-29.333793558675854,0.0,213.30030760927883,0.0,73.75184060664718,0.0,8,0.02690931265307227,0.0005381862530614455,6,0.2080563069712672,139,4-9-18_Schnable_49-627-js70-100_2018-04-11_01-00-37_10003400,2.319884163188855
0.362004049342119,45.621064315260625,-101.15013658527617,0.0,20.029838595959365,0.0,43.795592301605,0.11201183363117609,8,0.01908461663960717,0.00038169233279214344,0,-0.14400196026973952,176,4-9-18_Schnable_49-628-js199-310_2018-04-11_01-02-52_10003500,1.953694788835102
0.43768837042434977,4.840264058161547,-82.83038397941102,0.0,130.59593875068396,0.0,9.051578418512308,0.06408697546049119,8,0.017690705894789722,0.00035381411789579446,1,-0.07991498480924833,208,4-9-18_Schnable_49-628-js199-310_2018-04-11_01-02-52_10003500,1.8809947312414101
0.4575319145780048,17.510148679547815,-114.18734903553779,0.0,333.5018053337929,0.0,23.146686547958637,0.04375987544594028,8,0.03084766229725535,0.000616953245945107,2,-0.03615510936330805,192,4-9-18_Schnable_49-628-js199-310_2018-04-11_01-02-52_10003500,2.483854355523099
0.5344186145263907,40.061816824105115,-90.00090663652384,0.0,136.05191641743468,0.0,39.82507374814507,0.03221083668156809,8,0.07086526666069613,0.0014173053332139226,3,-0.0039442726817399566,256,4-9-18_Schnable_49-628-js199-310_2018-04-11_01-02-52_10003500,3.7647115868468894
0.5357138046799181,54.659708428768276,-84.21719833809858,0.0,321.48583978063317,0.0,52.081003001079274,0.045703293064048675,8,0.058088379883489694,0.0011617675976697938,4,0.04175902038230872,223,4-9-18_Schnable_49-628-js199-310_2018-04-11_01-02-52_10003500,3.408471208136859
0.49469825260217487,73.28973436689132,-49.60095052102229,0.0,144.8055487191046,0.0,71.19238832678684,0.06042247997321054,8,0.05786456850804768,0.0011572913701609535,5,0.10218150035551926,226,4-9-18_Schnable_49-628-js199-310_2018-04-11_01-02-52_10003500,3.4018985436972593
0.5318807511624082,72.65599808345293,-47.212949612878646,0.0,348.59234262284855,0.0,67.43637617855167,0.043648705571472185,8,0.09218542070002661,0.001843708414000532,6,0.14583020592699145,256,4-9-18_Schnable_49-628-js199-310_2018-04-11_01-02-52_10003500,4.293842584446398
0.37979277079723933,80.89689642296854,-27.06436275801966,0.0,90.79594148780004,0.0,78.31137907000982,0.11062604780426924,8,0.06981220152679352,0.0013962440305358703,7,0.2564562537312607,183,4-9-18_Schnable_49-628-js199-310_2018-04-11_01-02-52_10003500,3.736634890561118
0.2117655927496996,89.5,-6.626819237167057,0.0,19.09757898124096,0.0,73.37119703312402,0.0,8,0.03955734202526508,0.0007911468405053016,8,0.2564562537312607,112,4-9-18_Schnable_49-628-js199-310_2018-04-11_01-02-52_10003500,2.8127332623363017
0.21385555756770544,79.0549141498121,-102.2806475707497,0.0,202.2144497237983,0.0,69.89184175867828,0.038212676393292885,8,0.02583464433918304,0.0005166928867836608,0,-0.07500309659349079,106,4-9-18_Schnable_49-631-js193-302_2018-04-11_01-09-34_10003800,2.2730879586669337
0.259912285836019,74.96433096528612,-114.64615184682359,0.0,328.9797705945431,0.0,68.91559562021664,0.0336303451291733,8,0.02212726614173186,0.0004425453228346372,1,-0.041372751464317487,122,4-9-18_Schnable_49-631-js193-302_2018-04-11_01-09-34_10003800,2.103676122492807
0.3040110294685571,72.95049667793569,-121.44329695542665,0.0,162.30657060140945,0.0,67.07657434881855,0.039297281713383425,8,0.023783451409782167,0.0004756690281956433,2,-0.0020754697509340636,133,4-9-18_Schnable_49-631-js193-302_2018-04-11_01-09-34_10003800,2.1809837876418143
0.3107932596324801,74.94619620834418,-40.803965663598255,0.0,328.9086759185843,0.0,72.71905927725696,0.04393343972655553,8,0.0859976848313056,0.001719953696626112,3,0.04185796997562147,142,4-9-18_Schnable_49-631-js193-302_2018-04-11_01-09-34_10003800,4.147232446615588
0.4118970199590873,72.33641264941151,-123.88738809493788,0.0,161.40730500250947,0.0,67.02720628828932,0.03977963125586327,8,0.10832986833141267,0.0021665973666282535,4,0.08163760123148474,186,4-9-18_Schnable_49-631-js193-302_2018-04-11_01-09-34_10003800,4.65467224047865
0.46215176381168116,89.5,-153.49105993996656,0.0,25.654263670633703,0.0,69.62015895499424,0.032878883062553335,8,0.48308533122255126,0.009661706624451025,5,0.11451648429403807,224,4-9-18_Schnable_49-631-js193-302_2018-04-11_01-09-34_10003800,9.829398061148519
0.29097609346389597,51.9219310176839,300.0,0.0,209.09388120537642,0.0,74.11064872026547,0.0,8,0.5640186329009528,0.011280372658019056,6,0.11451648429403807,129,4-9-18_Schnable_49-631-js193-302_2018-04-11_01-09-34_10003800,10.62090987534451
0.19740619812425553,80.2326886979094,-152.18443238971324,0.0,343.89532290130586,0.0,77.63993643308636,0.010047032877505406,8,0.044035076416786695,0.0008807015283357339,0,-0.049180657186515826,83,4-9-18_Schnable_49-632-js114-169_2018-04-11_01-11-49_10003900,2.9676615850459327
0.23320002630212722,61.81702342853336,-34.11312069678076,0.0,4.89286818804609,0.0,54.64388179835688,0.10698554864691598,8,0.01603333197667131,0.0003206666395334262,1,0.05780489146040016,96,4-9-18_Schnable_49-632-js114-169_2018-04-11_01-11-49_10003900,1.7907167267142678
0.1450885679705231,50.10020273097784,-96.85023169095308,0.0,241.20479671894014,0.0,41.455955066621506,0.0,8,0.0013958157209769241,2.7916314419538482e-05,2,0.05780489146040016,63,4-9-18_Schnable_49-632-js114-169_2018-04-11_01-11-49_10003900,0.5283589160744663
0.24074416530063475,46.57148394266516,-96.34511053804178,0.0,139.89819027375074,0.0,43.6603255544559,0.06725336510017466,8,0.005261421544678427,0.00010522843089356854,0,-0.09446673375933334,114,4-9-18_Schnable_49-633-js244-392_2018-04-11_01-14-04_10004000,1.0258090996553333
0.3013855551865414,50.903580595799006,-132.4662802015788,0.0,324.74939817722,0.0,45.57893193622123,0.03172556746961448,8,0.06368918782348534,0.0012737837564697069,1,-0.06274116628971886,125,4-9-18_Schnable_49-633-js244-392_2018-04-11_01-14-04_10004000,3.56901072633539
0.346931628337372,54.780728978727375,-126.43568761348806,0.0,129.63291066482847,0.0,47.21171699669271,0.006744094489286333,8,0.021203316748167188,0.00042406633496334375,2,-0.05599707180043253,167,4-9-18_Schnable_49-633-js244-392_2018-04-11_01-14-04_10004000,2.0592870974279998
0.39761548363842614,47.2655353930826,-95.55032649738857,0.0,344.8878862820722,0.0,46.047797058647674,0.061449082603393726,8,0.09584384450241518,0.0019168768900483036,3,0.005452010802961197,178,4-9-18_Schnable_49-633-js244-392_2018-04-11_01-14-04_10004000,4.3782152642924075
0.48659902385558623,50.63531235970171,-101.64872946955572,0.0,147.90197793753165,0.0,51.81220062475663,0.02512197603137318,8,0.05263061205611776,0.0010526122411223552,4,0.030573986834334377,218,4-9-18_Schnable_49-633-js244-392_2018-04-11_01-14-04_10004000,3.2443986208885542
0.359229212974811,74.67365043228672,-38.52797642594433,0.0,353.1026303662517,0.0,70.76834388899236,0.06590297129573663,8,0.13037228936595363,0.0026074457873190727,5,0.09647695813007101,174,4-9-18_Schnable_49-633-js244-392_2018-04-11_01-14-04_10004000,5.1063154889989635
0.3735816036643196,68.91665700825914,-100.15546232345243,0.0,158.6339785698011,0.0,67.07757404027363,0.06310570456916048,8,0.028852609310444685,0.0005770521862088937,6,0.1595826626992315,163,4-9-18_Schnable_49-633-js244-392_2018-04-11_01-14-04_10004000,2.4021910544519427
0.11661542600766231,89.5,-8.725103127221281,0.0,20.48852835018589,0.0,78.5155035096683,0.0,8,0.014195786562839034,0.0002839157312567807,7,0.1595826626992315,61,4-9-18_Schnable_49-633-js244-392_2018-04-11_01-14-04_10004000,1.6849799145888376
0.20906110688743212,85.57160649079796,-38.07056456297686,0.0,323.47139628266433,0.0,82.02306282812525,0.08932906252149098,8,0.031160358909670227,0.0006232071781934046,0,-0.15972119701510962,93,4-9-18_Schnable_49-634-js254-408_2018-04-11_01-16-16_10004100,2.4964117813241558
0.07969290603261447,89.5,-2.2649616533653165,0.0,307.3710980435233,0.0,42.428625881697066,0.02759080092626981,8,0.002355206313027149,4.710412626054298e-05,1,-0.1321303960888398,41,4-9-18_Schnable_49-634-js254-408_2018-04-11_01-16-16_10004100,0.6863244586967812
0.2759175585712874,75.0991076955988,-96.7036154662101,0.0,207.32483474666816,0.0,66.81460038760753,0.02177422955137409,8,0.040011952084227774,0.0008002390416845554,2,-0.11035616653746572,129,4-9-18_Schnable_49-634-js254-408_2018-04-11_01-16-16_10004100,2.828849663175043
0.36980215164484287,82.74785206033889,-28.186419786098558,0.0,305.238606904619,0.0,80.38091545266167,0.039223943676061274,8,0.1979871452743232,0.003959742905486464,3,-0.07113222286140444,181,4-9-18_Schnable_49-634-js254-408_2018-04-11_01-16-16_10004100,6.292648810704808
0.21684611992602654,81.79207489171272,2.764343532953977,0.0,277.55780542962736,0.0,64.87368979702241,0.033662726224393064,8,0.022825912695573623,0.00045651825391147246,4,-0.03746949663701138,103,4-9-18_Schnable_49-634-js254-408_2018-04-11_01-16-16_10004100,2.1366287789681024
0.32444750100446385,65.33085296694121,-50.32907860137208,0.0,177.7719149983306,0.0,65.0842690677675,0.013791846670844585,8,0.09254083354632613,0.0018508166709265226,5,-0.023677649966166794,156,4-9-18_Schnable_49-634-js254-408_2018-04-11_01-16-16_10004100,4.30211188944049
0.6221472831014272,85.5636429227039,-142.61741600491305,0.0,160.09907748951622,0.0,74.02151650526925,0.06026519244423021,8,0.6035024493805413,0.012070048987610826,6,0.036587542478063416,281,4-9-18_Schnable_49-634-js254-408_2018-04-11_01-16-16_10004100,10.986377468306296
0.1601772547058684,89.5,11.662906011478391,0.0,178.96490097039987,0.0,61.669144604106165,0.0,8,0.020399113375240457,0.00040798226750480914,7,0.036587542478063416,83,4-9-18_Schnable_49-634-js254-408_2018-04-11_01-16-16_10004100,2.0198570927291097
0.19267653513668323,68.75824961294434,-49.44844865870995,0.0,196.6238440679752,0.0,56.00733146937243,0.12806116416841332,8,0.003162483195495428,6.324966390990855e-05,8,0.16464870664647674,89,4-9-18_Schnable_49-634-js254-408_2018-04-11_01-16-16_10004100,0.7952965730462351
0.38211755811567216,60.45671079813489,-134.1673755213092,0.0,98.24175519109258,0.0,59.370683663977694,0.0,8,0.12934557444527112,0.002586911488905422,9,0.16464870664647674,175,4-9-18_Schnable_49-634-js254-408_2018-04-11_01-16-16_10004100,5.086168979600877
0.3660911837173378,83.88103153388255,-135.78983390889027,0.0,51.12383727820206,0.0,71.57450802485086,0.022386857988597464,8,0.02114736614655466,0.00042294732293109323,10,0.1870355646350742,173,4-9-18_Schnable_49-634-js254-408_2018-04-11_01-16-16_10004100,2.0565683137962942
0.26924803603693803,80.10977380435807,-176.2942121448666,0.0,359.7789932014962,0.0,72.70965164814383,0.0,8,0.025976118126093496,0.00051952236252187,11,0.1870355646350742,116,4-9-18_Schnable_49-634-js254-408_2018-04-11_01-16-16_10004100,2.279303320143833
0.32259479983930667,35.92071828334694,-117.77455040686567,0.0,149.82367803554655,0.0,37.62381403661201,0.11024273800301965,8,0.022981706980076653,0.0004596341396015331,0,-0.10897881459256983,157,4-9-18_Schnable_49-635-js87-124_2018-04-11_01-18-28_10004200,2.143907972841962
0.39473394905354403,41.06622718157684,-109.36139269872905,0.0,328.4523911523406,0.0,40.303375621300965,0.04015711921866402,8,0.05779987821719561,0.001155997564343912,1,-0.06882169537390581,190,4-9-18_Schnable_49-635-js87-124_2018-04-11_01-18-28_10004200,3.3999964181509252
0.46922501819492507,34.63215301259079,-85.0968195726081,0.0,136.40407030756126,0.0,35.38615533482935,0.032500234639998155,8,0.10347713178119114,0.002069542635623823,2,-0.03632146073390766,222,4-9-18_Schnable_49-635-js87-124_2018-04-11_01-18-28_10004200,4.54922261009925
0.5276110803405436,49.23529794225244,-106.89805791678482,0.0,336.7457472541535,0.0,44.832379320065876,0.04016544272806013,8,0.09525407848321393,0.0019050815696642787,3,0.0038439819941524737,240,4-9-18_Schnable_49-635-js87-124_2018-04-11_01-18-28_10004200,4.36472401150895
0.594837120043701,64.27309609449472,-115.16182211285278,0.0,118.66830130850225,0.0,62.20483811008904,0.062337175602332505,8,0.24772266058632236,0.004954453211726447,4,0.06618115759648498,254,4-9-18_Schnable_49-635-js87-124_2018-04-11_01-18-28_10004200,7.038787688037229
0.46734998105595793,66.91708815061433,-67.98726206700543,0.0,356.72400545006445,0.0,63.69865364460122,0.14504004523422276,8,0.1488283231480065,0.0029765664629601302,5,0.21122120283070772,218,4-9-18_Schnable_49-635-js87-124_2018-04-11_01-18-28_10004200,5.455791842583559
0.2574083027916254,76.68226493771904,-27.952008624094525,0.0,147.68244628906822,0.0,75.31838572761623,0.0,8,0.026915971757719346,0.0005383194351543869,6,0.21122120283070772,125,4-9-18_Schnable_49-635-js87-124_2018-04-11_01-18-28_10004200,2.3201711901374584
0.2798678855747464,64.70111742922336,-111.08678767337707,0.0,276.3352846552191,0.0,59.07149003282756,0.1064026168717459,8,0.05788010995898116,0.001157602199179623,0,-0.06910734927206305,116,4-9-18_Schnable_49-636-js115-170_2018-04-11_01-20-40_10004300,3.4023553594232676
0.28576239175621193,62.52210936044163,-123.14460174680679,0.0,108.33338108244197,0.0,60.85199812857199,0.028648236544475347,8,0.01571588218384599,0.0003143176436769198,1,-0.040459112727587704,133,4-9-18_Schnable_49-636-js115-170_2018-04-11_01-20-40_10004300,1.7729005715970647
0.32247866812769604,60.36768560561262,-80.53381023185645,0.0,286.05933028409106,0.0,58.6248104827078,0.017952772953473143,8,0.026008055062282473,0.0005201611012456494,2,-0.02250633977411456,153,4-9-18_Schnable_49-636-js115-170_2018-04-11_01-20-40_10004300,2.280704060691894
0.16222047552009475,80.1732709137997,8.173409710973983,0.0,231.21428808856007,0.0,65.39013471947071,0.04389952658112035,8,0.006616940828859313,0.00013233881657718626,3,0.021393186807005787,84,4-9-18_Schnable_49-636-js115-170_2018-04-11_01-20-40_10004300,1.1503860942187465
0.1045243276096013,78.34738007519638,39.8522239989851,0.0,222.84278637589713,0.0,81.28982444192219,0.047710910111749535,8,0.003530422313176385,7.06084462635277e-05,4,0.06910409691875533,56,4-9-18_Schnable_49-636-js115-170_2018-04-11_01-20-40_10004300,0.840288321134643
0.2740811491182807,69.44949730098357,-27.172625607945665,0.0,120.44200348835231,0.0,58.25112970883058,0.0,8,0.027080531221478382,0.0005416106244295676,5,0.06910409691875533,126,4-9-18_Schnable_49-636-js115-170_2018-04-11_01-20-40_10004300,2.327252939475139
0.16729117534933216,78.95954774159908,-27.650532771649118,0.0,64.48636477778787,0.0,78.27920281384719,0.012734804595179436,8,0.0326310541883676,0.0006526210837673519,6,0.08183890151393476,73,4-9-18_Schnable_49-636-js115-170_2018-04-11_01-20-40_10004300,2.5546449533493925
0.3289451567660451,78.62742642976524,7.050532291081574,0.0,347.6580674739339,0.0,65.821893116499,0.08640583518037724,8,0.1771548294857816,0.0035430965897156317,7,0.168244736694312,166,4-9-18_Schnable_49-636-js115-170_2018-04-11_01-20-40_10004300,5.952391611542063
0.3371259809434714,61.828872543608426,-41.80015657998405,0.0,93.93377966121781,0.0,68.43073563454954,0.0,8,0.02646085444401289,0.0005292170888802579,8,0.168244736694312,141,4-9-18_Schnable_49-636-js115-170_2018-04-11_01-20-40_10004300,2.3004718839408964
0.3508816927617572,52.920880674224065,-106.7349404459056,0.0,188.29452358070276,0.0,44.79768972194063,0.07457106269562025,8,0.09832743863249868,0.0019665487726499738,0,-0.1779764807509528,162,4-9-18_Schnable_49-638-js17-30_2018-04-11_01-25-03_10004500,4.434578641370535
0.47610975011562096,68.06147116651982,-215.26420503028157,0.0,25.230981684539145,0.0,59.7900070311374,0.031102597190714953,8,0.15602398194170947,0.0031204796388341893,1,-0.14687388356023784,233,4-9-18_Schnable_49-638-js17-30_2018-04-11_01-25-03_10004500,5.5861253466371386
0.09768025859569053,89.5,-141.69783769742514,0.0,128.6024974725454,0.0,60.266552076298815,0.04436317804276983,8,0.004486653992522249,8.973307985044497e-05,2,-0.102510705517468,48,4-9-18_Schnable_49-638-js17-30_2018-04-11_01-25-03_10004500,0.9472754607316974
0.44177569365263447,49.1453567031105,-122.41204446420616,0.0,181.1207259744135,0.0,39.33210287886067,0.0,8,0.21453489526225833,0.004290697905245167,3,-0.102510705517468,207,4-9-18_Schnable_49-638-js17-30_2018-04-11_01-25-03_10004500,6.55034190347738
0.45225929327116543,74.33861352360056,-86.83833774720479,0.0,12.093179423200164,0.0,75.37338497191602,0.028198295904097698,8,0.1194244741367113,0.002388489482734226,4,-0.07431240961337031,209,4-9-18_Schnable_49-638-js17-30_2018-04-11_01-25-03_10004500,4.887217493353684
0.13739422406930776,64.91733266750845,31.43201952780476,0.0,232.8815190625745,0.0,56.10962125804636,0.12650578797210205,8,0.002378270374199706,4.756540748399412e-05,5,0.052193378358731723,71,4-9-18_Schnable_49-638-js17-30_2018-04-11_01-25-03_10004500,0.6896767901270429
0.22798078358144233,89.5,-45.83796132482369,0.0,161.62949803650682,0.0,68.8492019531403,0.0,8,0.05262703125356832,0.0010525406250713664,6,0.052193378358731723,121,4-9-18_Schnable_49-638-js17-30_2018-04-11_01-25-03_10004500,3.244288250250533
0.31299445189952885,41.28579927773469,-78.22791209662589,0.0,136.90110488907726,0.0,49.39988030704392,0.04854757216184573,8,0.04486006108036988,0.0008972012216073975,7,0.10074095052057745,139,4-9-18_Schnable_49-638-js17-30_2018-04-11_01-25-03_10004500,2.9953317372327852
0.4831888111676807,53.16452201174245,-152.11822226324745,0.0,170.05348838070967,0.0,45.73233816676532,0.0,8,0.1328602188174718,0.002657204376349436,8,0.10074095052057745,215,4-9-18_Schnable_49-638-js17-30_2018-04-11_01-25-03_10004500,5.154807829928712
0.23558100518867353,45.45493671547207,-85.06172973952836,0.0,12.147746114717812,0.0,38.68766622581185,0.15278556236146323,8,0.022766207056844862,0.00045532414113689726,9,0.2535265128820407,93,4-9-18_Schnable_49-638-js17-30_2018-04-11_01-25-03_10004500,2.1338325640426836
0.35289050657334314,52.61442799548261,-33.75794006088398,0.0,24.72941129189229,0.0,50.26208561591374,0.0,8,0.02756321119704752,0.0005512642239409504,10,0.2535265128820407,157,4-9-18_Schnable_49-638-js17-30_2018-04-11_01-25-03_10004500,2.3479016673211643
0.20706048402988173,65.39301895064105,-141.91895640019666,0.0,196.52423547057984,0.0,58.27213283267055,0.056131904225791285,8,0.009678885697346734,0.00019357771394693467,0,-0.1148228694277183,99,4-9-18_Schnable_49-639-js153-1-222_2018-04-11_01-27-16_10004600,1.3913220832967996
0.2852854407019326,66.37331642515129,-140.44674484118943,0.0,15.186127981314844,0.0,57.01784854511687,0.02464068127697465,8,0.013808270649295157,0.00027616541298590316,1,-0.09018218815074365,134,4-9-18_Schnable_49-639-js153-1-222_2018-04-11_01-27-16_10004600,1.661822532600588
0.32137588060617966,57.43997570199267,-86.75790794308479,0.0,211.77513274519603,0.0,53.422618822496744,0.023519177289972146,8,0.02650412106386521,0.0005300824212773042,2,-0.0666630108607715,142,4-9-18_Schnable_49-639-js153-1-222_2018-04-11_01-27-16_10004600,2.3023518872607296
0.34695303174404946,54.830181056086,-118.97404666382904,0.0,9.152444185077687,0.0,51.69310399568732,0.022653146841685755,8,0.02629072282250688,0.0005258144564501377,3,-0.04400986401908575,156,4-9-18_Schnable_49-639-js153-1-222_2018-04-11_01-27-16_10004600,2.2930644483968123
0.3149064897168748,60.18937010842694,-32.73238125835681,0.0,185.97107660053825,0.0,57.299342459670534,0.039636189213638096,8,0.017218670553857052,0.00034437341107714105,4,-0.0043736748054476575,142,4-9-18_Schnable_49-639-js153-1-222_2018-04-11_01-27-16_10004600,1.8557300748684897
0.47886578201797214,67.47318752196541,-97.91935078381276,0.0,26.54170378085232,0.0,67.18583818783968,0.05127985094808267,8,0.14761048887106645,0.002952209777421329,5,0.04690617614263501,227,4-9-18_Schnable_49-639-js153-1-222_2018-04-11_01-27-16_10004600,5.433424129792675
0.23422191011333382,82.69108767778101,-8.603053538478967,0.0,308.8571536759436,0.0,75.119694898874,0.12325868828036451,8,0.0178153187702684,0.000356306375405368,6,0.17016486442299952,118,4-9-18_Schnable_49-639-js153-1-222_2018-04-11_01-27-16_10004600,1.8876079450070347
0.300693739515717,89.5,8.717583991076424,0.0,109.89658229381611,0.0,74.02342049146532,0.0,8,0.18477290542088656,0.0036954581084177314,7,0.17016486442299952,160,4-9-18_Schnable_49-639-js153-1-222_2018-04-11_01-27-16_10004600,6.079027971985103
0.3453745980418539,66.5051313790511,-130.60411036113084,0.0,322.80373760694164,0.0,61.34569660530831,0.08602011012960231,8,0.10025909612229136,0.002005181922445827,0,-0.057553945283133595,147,4-9-18_Schnable_49-641-js267-426_2018-04-11_01-31-39_10004800,4.477925772548968
0.3268915590841819,63.29416409251001,-95.9797517280581,0.0,144.5306992842127,0.0,57.56316823853392,0.006162626160099757,8,0.02939895418419974,0.0005879790836839948,1,-0.05139131912303384,146,4-9-18_Schnable_49-641-js267-426_2018-04-11_01-31-39_10004800,2.424828001496178
0.10040193591995047,89.5,-45.42361778730699,0.0,95.51223834953089,0.0,66.03746360518133,0.017791766209796153,8,0.020448452882719015,0.0004089690576543803,2,-0.033599552913237685,44,4-9-18_Schnable_49-641-js267-426_2018-04-11_01-31-39_10004800,2.022298340142671
0.16204108924612257,67.25871692710899,11.69217546177741,0.0,327.7959990967053,0.0,62.80851218843453,0.09604532866988225,8,0.012148783866292378,0.00024297567732584755,3,0.06244577575664456,80,4-9-18_Schnable_49-641-js267-426_2018-04-11_01-31-39_10004800,1.5587677098459782
0.1789676990501727,74.23882175084889,16.270571102226008,0.0,312.0213556525275,0.0,68.41942255631523,0.07025307149351276,8,0.009529410972333114,0.00019058821944666228,4,0.13269884725015732,93,4-9-18_Schnable_49-641-js267-426_2018-04-11_01-31-39_10004800,1.3805369225292827
0.19265933790763207,65.72529415183364,-5.452464129644283,0.0,155.106845754928,0.0,59.366395504422705,0.010512590426850155,8,0.004015300537396533,8.030601074793066e-05,5,0.14321143767700747,84,4-9-18_Schnable_49-641-js267-426_2018-04-11_01-31-39_10004800,0.8961362103381977
0.11641498426070558,89.5,1.3292079221531228,0.0,193.67327476627463,0.0,76.73725507764242,0.0,8,0.007753149739128518,0.00015506299478257036,6,0.14321143767700747,60,4-9-18_Schnable_49-641-js267-426_2018-04-11_01-31-39_10004800,1.2452429272337602
0.33712540784042894,62.99479663279584,-180.0011120363502,0.0,173.48547410384293,0.0,56.61204101453427,0.08521495238632645,8,0.01895626099428849,0.0003791252198857698,0,-0.19065919289970126,153,4-9-18_Schnable_49-642-js136-198_2018-04-11_01-33-50_10004900,1.9471138125075529
0.4261182799948897,82.9622535129055,-82.87607736018651,0.0,35.862812191914486,0.0,75.55179618294875,0.03731286461941702,8,0.39393388894927384,0.007878677778985477,1,-0.15334632828028424,194,4-9-18_Schnable_49-642-js136-198_2018-04-11_01-33-50_10004900,8.876191626472176
0.4029847297986229,55.65830004659997,-110.17231228378184,0.0,178.1745709413313,0.0,56.493686413454334,0.04164794089177756,8,0.12705463108080428,0.0025410926216160854,2,-0.11169838738850668,189,4-9-18_Schnable_49-642-js136-198_2018-04-11_01-33-50_10004900,5.040925134949026
0.20994792196660103,89.5,76.52246034913857,0.0,178.10603094866414,0.0,85.40907211787103,0.056580958106259946,8,0.03987026462745687,0.0007974052925491373,3,-0.055117429282246735,114,4-9-18_Schnable_49-642-js136-198_2018-04-11_01-33-50_10004900,2.8238365613985827
0.5199210473874626,69.79348494907579,-155.05374823713143,0.0,183.89820946634026,0.0,56.79604195775235,0.06979741369295728,8,0.8654862594043744,0.017309725188087488,4,0.01467998441071054,261,4-9-18_Schnable_49-642-js136-198_2018-04-11_01-33-50_10004900,13.156642880342801
0.47960323067786187,67.80799325369712,-28.710260443422843,0.0,231.59641043973778,0.0,54.24054808265242,0.013501374022140989,8,0.13960142608119333,0.0027920285216238667,5,0.02818135843285153,233,4-9-18_Schnable_49-642-js136-198_2018-04-11_01-33-50_10004900,5.2839649143648435
0.3425420652049549,73.4534667177726,-143.02411641252215,0.0,344.57081032382786,0.0,51.813891456034035,0.09560417755949638,8,0.18114262842049877,0.0036228525684099755,6,0.1237855359923479,159,4-9-18_Schnable_49-642-js136-198_2018-04-11_01-33-50_10004900,6.019013680338312
0.19567923320550784,49.01537415302686,-69.47193353077644,0.0,35.24312867971011,0.0,48.903571197720765,0.16237515272636235,8,0.010438749282254708,0.00020877498564509417,7,0.28616068871871025,83,4-9-18_Schnable_49-642-js136-198_2018-04-11_01-33-50_10004900,1.4449047914831419
0.26727509099751307,46.83167609404015,-54.54754490810021,0.0,332.1047033600141,0.0,46.89577548240033,0.0,8,0.04166600925784124,0.0008333201851568248,8,0.28616068871871025,140,4-9-18_Schnable_49-642-js136-198_2018-04-11_01-33-50_10004900,2.8867285725485603
0.3227165571868676,69.98898931011486,-123.93093920327908,0.0,226.54767346013324,0.0,63.03762589756831,0.057656515563548005,8,0.08234611707747379,0.0016469223415494757,0,-0.12710763193926816,154,4-9-18_Schnable_49-643-js82-115_2018-04-11_01-36-02_10005000,4.058229098448578
0.35520274217759173,68.60278895365218,-102.75690559473064,0.0,24.3450137993143,0.0,64.70393067565753,0.01762274379480834,8,0.02134906590017427,0.00042698131800348536,1,-0.10948488814445982,151,4-9-18_Schnable_49-643-js82-115_2018-04-11_01-36-02_10005000,2.066352627223837
0.36414405369669,64.43291870597133,-57.95086068806388,0.0,188.89079452044675,0.0,64.24390419562499,0.04098541988764097,8,0.054207757777520675,0.0010841551555504135,2,-0.06849946825681885,172,4-9-18_Schnable_49-643-js82-115_2018-04-11_01-36-02_10005000,3.2926511439118684
0.4302892206657043,75.65449341771506,-67.38678057700398,0.0,21.25342860360557,0.0,74.66896784682008,0.03399634478472963,8,0.04760794810350742,0.0009521589620701484,3,-0.03450312347208922,196,4-9-18_Schnable_49-643-js82-115_2018-04-11_01-36-02_10005000,3.0857073128703383
0.12101127724251053,49.28135259404623,132.18198263542524,0.0,272.3694583425812,0.0,49.14144261264005,0.120526559143465,8,0.030841100626114684,0.0006168220125222937,4,0.08602343567137577,60,4-9-18_Schnable_49-643-js82-115_2018-04-11_01-36-02_10005000,2.4835901685308177
0.4571110644753652,66.82353187810634,-31.487497630886647,0.0,176.56469726435392,0.0,56.82134623824045,0.0,8,0.04833600506731271,0.0009667201013462542,5,0.08602343567137577,222,4-9-18_Schnable_49-643-js82-115_2018-04-11_01-36-02_10005000,3.109212281826788
0.5025135386374588,72.55790761274922,-50.004141215903395,0.0,350.24706848633474,0.0,68.39884161522866,0.011208378583131867,8,0.05419254465985228,0.0010838508931970455,6,0.09723181425450764,231,4-9-18_Schnable_49-643-js82-115_2018-04-11_01-36-02_10005000,3.2921890790126946
0.3100383388317063,85.47360826341021,4.430938531061896,0.0,301.712436145146,0.0,81.85568002408688,0.06470685780277466,8,0.04045395895503075,0.000809079179100615,7,0.1619386720572823,156,4-9-18_Schnable_49-643-js82-115_2018-04-11_01-36-02_10005000,2.8444317167065463
0.4751915784354022,78.46822827922114,-22.28872961511881,0.0,187.5239037364394,0.0,78.85933851249118,0.0,8,0.12831593194281848,0.00256631863885637,8,0.1619386720572823,243,4-9-18_Schnable_49-643-js82-115_2018-04-11_01-36-02_10005000,5.065884561314411
0.21040647648627764,70.99636383943198,-112.25645535093498,0.0,204.2568661883101,0.0,60.95418704878101,0.05587349413177459,8,0.008576662094012158,0.00017153324188024316,0,-0.09017466993077272,90,4-9-18_Schnable_49-644-js191-300_2018-04-11_01-38-13_10005100,1.3097069973098685
0.28504898526236266,69.83641696393299,-51.50608107873808,0.0,13.360361230205847,0.0,69.97229767910922,0.04821914189940296,8,0.01702257556463217,0.0003404515112926434,1,-0.04195552803136976,124,4-9-18_Schnable_49-644-js191-300_2018-04-11_01-38-13_10005100,1.8451328171506878
0.228054071408977,72.5095152195149,-37.81934425119997,0.0,180.30960933184537,0.0,67.65460460622113,0.01589158888725507,8,0.009807799898082833,0.00019615599796165667,2,-0.02606393914411469,106,4-9-18_Schnable_49-644-js191-300_2018-04-11_01-38-13_10005100,1.4005570247642782
0.28604865883556824,75.73294961788066,-34.28458124542394,0.0,23.875396749906766,0.0,74.01691905702488,0.05014543212486315,8,0.03735720820424501,0.0007471441640849002,3,0.024081492980748465,135,4-9-18_Schnable_49-644-js191-300_2018-04-11_01-38-13_10005100,2.7333937954215455
0.3206653379144145,72.40373003247211,-24.601850712353876,0.0,169.66389087123903,0.0,73.52901088833798,0.08397425905247266,8,0.02766483267954633,0.0005532966535909266,4,0.10805575203322113,155,4-9-18_Schnable_49-644-js191-300_2018-04-11_01-38-13_10005100,2.3522258683870616
0.28022191685638304,77.84380019345716,-24.832041836593334,0.0,3.427019502727915,0.0,77.45691536143471,0.03808948746537208,8,0.015098422392219538,0.00030196844784439076,5,0.1461452394985932,142,4-9-18_Schnable_49-644-js191-300_2018-04-11_01-38-13_10005100,1.7377239362004278
0.17827827010063765,82.53301774823898,-19.902877996507968,0.0,193.70817916391348,0.0,74.07311016319504,0.0,8,0.010151957237736157,0.00020303914475472315,6,0.1461452394985932,93,4-9-18_Schnable_49-644-js191-300_2018-04-11_01-38-13_10005100,1.4249180494145028
0.3783531634857699,63.015979567371915,-112.63076815550866,0.0,168.61416467957838,0.0,57.83913388359025,0.08628192920041167,8,0.03566539411318621,0.0007133078822637243,0,-0.07534458535470098,163,4-9-18_Schnable_49-JS42-2-69_2018-04-11_02-01-32_9973900,2.6707824364102075
0.44359316848792585,62.546316229222214,-107.59726270647445,0.0,11.122860062527119,0.0,56.8946784621361,0.05087879087949193,8,0.05647908256998665,0.001129581651399733,1,-0.02446579447520905,195,4-9-18_Schnable_49-JS42-2-69_2018-04-11_02-01-32_9973900,3.36092494917654
0.09545769635784862,72.23850015468368,-31.860348222548648,0.0,20.773453701853132,0.0,42.96130044118368,0.0,8,0.009670021766738,0.00019340043533476,2,-0.02446579447520905,43,4-9-18_Schnable_49-JS42-2-69_2018-04-11_02-01-32_9973900,1.3906848504774905
0.46552814548489047,60.49387743734835,-93.08939490292096,0.0,165.92972853160273,0.0,58.79519004101391,0.017227248165398338,8,0.10947333819473323,0.0021894667638946647,3,-0.007238546309810713,216,4-9-18_Schnable_49-JS42-2-69_2018-04-11_02-01-32_9973900,4.67917382012537
0.3966414335782912,62.18908344190056,-60.822121019803134,0.0,0.35910344060891175,0.0,62.777226358401364,0.04624345295477184,8,0.06054980009130733,0.0012109960018261466,4,0.03900490664496113,174,4-9-18_Schnable_49-JS42-2-69_2018-04-11_02-01-32_9973900,3.479936783658787
0.5249878344027319,62.321600709591394,-86.74327604143225,0.0,150.11043346865588,0.0,61.842830195318804,0.05354490117852216,8,0.08158294782715184,0.0016316589565430366,5,0.0925498078234833,236,4-9-18_Schnable_49-JS42-2-69_2018-04-11_02-01-32_9973900,4.039379849114263
0.394061638097673,63.46899696472063,-122.51615691734526,0.0,201.21261915333093,0.0,51.43699818843655,0.06898273738956948,8,0.12329062951446126,0.0024658125902892254,6,0.16153254521305277,186,4-9-18_Schnable_49-JS42-2-69_2018-04-11_02-01-32_9973900,4.965694906344152
0.553024006701575,79.55985832596312,-127.0126932665367,0.0,329.0720142281321,0.0,71.35153884422688,0.0,8,0.13336684291888357,0.002667336858377671,7,0.16153254521305277,267,4-9-18_Schnable_49-JS42-2-69_2018-04-11_02-01-32_9973900,5.164626664510873
