plant_id,leaf_index,theta_gold,phi_gold,theta_rt,phi_rt,leaf_length_rt,azimuth_rt,inclination_rt,dtheta,dphi,abs_dtheta,abs_dphi,rms_error_cm,leaf_voxel_count,keep
4-9-18_Schnable_49-281-JS39-65_2018-04-11_12-09-35_9968800,0,35.7473,-170.847,31.112295918367366,-164.9689,0.2750558233184652,164.9689,58.887704081632634,-4.635004081632637,5.878100000000018,4.635004081632637,5.878100000000018,2.0843844763668744,120.0,True
4-9-18_Schnable_49-281-JS39-65_2018-04-11_12-09-35_9968800,1,27.529,-24.8574,28.08621836734693,-8.206199999999995,0.3604721979971508,8.206199999999997,61.91378163265307,0.5572183673469304,16.651200000000017,0.5572183673469304,16.651200000000017,1.7709791519232208,155.0,True
4-9-18_Schnable_49-281-JS39-65_2018-04-11_12-09-35_9968800,2,29.5886,-173.236,30.45487755102041,-164.0297,0.3799709884026576,164.0297,59.54512244897959,0.8662775510204099,9.206299999999999,0.8662775510204099,9.206299999999999,5.620619246463022,167.0,False
4-9-18_Schnable_49-281-JS39-65_2018-04-11_12-09-35_9968800,3,18.6445,-18.9132,23.531800000000004,-0.024699999999995725,0.3889834432100775,0.024699999999999993,66.4682,4.887300000000003,18.888499999999993,4.887300000000003,18.888499999999993,2.655970447484916,168.0,True
4-9-18_Schnable_49-281-JS39-65_2018-04-11_12-09-35_9968800,4,17.0514,-167.352,0.3212081632652968,-136.04090000000016,0.14323600467745215,136.04090000000016,89.6787918367347,-16.730191836734704,31.31109999999984,16.730191836734704,31.31109999999984,2.4068230771604604,61.0,True
4-9-18_Schnable_49-281-JS39-65_2018-04-11_12-09-35_9968800,5,13.1306,88.8605,19.92434897959184,164.79820000000007,0.4160815232155351,195.20179999999996,70.07565102040816,6.793748979591841,75.93770000000006,6.793748979591841,75.93770000000006,2.476582445132763,183.0,True
4-9-18_Schnable_49-281-JS39-65_2018-04-11_12-09-35_9968800,6,35.1655,-5.26523,21.818295918367312,8.996500000000026,0.3672259630543964,351.0035,68.18170408163269,-13.34720408163269,14.261730000000028,13.34720408163269,14.261730000000028,2.8705407757162407,168.0,True
4-9-18_Schnable_49-281-JS39-65_2018-04-11_12-09-35_9968800,7,21.424,162.191,17.988420408163265,138.87130000000002,0.3405543744682204,221.12869999999995,72.01157959183674,-3.435579591836735,-23.319699999999983,3.435579591836735,23.319699999999983,2.5902695312598656,149.0,True
4-9-18_Schnable_49-281-JS39-65_2018-04-11_12-09-35_9968800,8,22.1008,-58.9143,3.6152877551020453,-68.69480000000006,0.16829174447475742,68.69480000000006,86.38471224489795,-18.485512244897954,-9.780500000000075,18.485512244897954,9.780500000000075,2.2617079542430902,71.0,True
4-9-18_Schnable_49-282-js254-408_2018-04-11_12-10-49_9968900,0,18.3501,91.0213,5.074348979591818,86.6037,0.12530992706897226,273.3963,84.92565102040818,-13.275751020408183,-4.417599999999993,13.275751020408183,4.417599999999993,1.4559205917116709,54.0,True
4-9-18_Schnable_49-282-js254-408_2018-04-11_12-10-49_9968900,1,12.7814,5.92645,9.232136734693896,-7.913499999999999,0.17048863808705578,7.9135,80.7678632653061,-3.549263265306104,-13.839949999999988,3.549263265306104,13.839949999999988,1.4255997951996038,82.0,True
4-9-18_Schnable_49-282-js254-408_2018-04-11_12-10-49_9968900,2,13.9637,155.396,9.05704897959184,156.81120000000004,0.24338324996506144,203.18879999999996,80.94295102040816,-4.906651020408159,1.4152000000000555,4.906651020408159,1.4152000000000555,1.6053889275427846,112.0,True
4-9-18_Schnable_49-282-js254-408_2018-04-11_12-10-49_9968900,3,24.6879,38.7436,14.393173469387747,7.600200000000029,0.29344379472552673,352.39979999999997,75.60682653061225,-10.294726530612252,-31.143399999999986,10.294726530612252,31.143399999999986,3.0422797104253165,142.0,True
4-9-18_Schnable_49-282-js254-408_2018-04-11_12-10-49_9968900,4,15.3803,39.2406,1.2078428571428503,45.601399999999956,0.13786657464774593,314.39860000000004,88.79215714285715,-14.17245714285715,6.360799999999955,14.17245714285715,6.360799999999955,1.0173800461306968,67.0,True
4-9-18_Schnable_49-282-js254-408_2018-04-11_12-10-49_9968900,5,20.6045,-153.037,8.127759183673462,-22.89390000000003,0.28733741879568286,22.893900000000016,81.87224081632654,-12.47674081632654,130.1431,12.47674081632654,130.1431,4.995881367565796,153.0,True
4-9-18_Schnable_49-282-js254-408_2018-04-11_12-10-49_9968900,6,20.4254,4.87653,3.15004285714285,-163.21999999999997,0.42959980424009514,163.21999999999997,86.84995714285715,-17.27535714285715,-168.09652999999997,17.27535714285715,168.09652999999997,8.764515498541419,211.0,False
4-9-18_Schnable_49-283-js254-408_2018-04-11_12-12-29_9969000,0,18.2911,48.947,1.9886836734693816,29.78320000000008,0.11693719694012943,330.2167999999999,88.01131632653062,-16.30241632653062,-19.163799999999924,16.30241632653062,19.163799999999924,2.877793018442086,45.0,True
4-9-18_Schnable_49-283-js254-408_2018-04-11_12-12-29_9969000,1,11.9822,99.3403,6.288008163265317,132.7776,0.16663162637851853,227.22239999999996,83.71199183673468,-5.694191836734683,33.43729999999999,5.694191836734683,33.43729999999999,2.768107985900761,80.0,True
4-9-18_Schnable_49-283-js254-408_2018-04-11_12-12-29_9969000,2,38.5704,16.6347,14.542283673469399,13.585200000000043,0.19128729347238063,346.41479999999996,75.4577163265306,-24.0281163265306,-3.0494999999999663,24.0281163265306,3.0494999999999663,2.969094841167785,95.0,True
4-9-18_Schnable_49-283-js254-408_2018-04-11_12-12-29_9969000,3,33.4248,-22.5678,4.348965306122452,-133.35410000000002,0.37170788654767456,133.35410000000002,85.65103469387755,-29.075834693877546,-110.78630000000001,29.075834693877546,110.78630000000001,2.6053879731009295,188.0,True
4-9-18_Schnable_49-283-js254-408_2018-04-11_12-12-29_9969000,4,26.9897,-81.6704,11.47684897959185,6.972500000000025,0.5031373179041028,353.0275,78.52315102040815,-15.51285102040815,88.64290000000005,15.51285102040815,88.64290000000005,3.9641949935368475,242.0,True
4-9-18_Schnable_49-284-js165-237_2018-04-11_12-14-09_9969100,0,38.1307,-13.0333,30.10195510204084,-11.869599999999991,0.1551413405877346,11.869600000000005,59.89804489795916,-8.028744897959157,1.1637000000000057,8.028744897959157,1.1637000000000057,1.6240815868505152,66.0,True
4-9-18_Schnable_49-284-js165-237_2018-04-11_12-14-09_9969100,1,30.8176,159.001,28.64780204081635,161.9484,0.2563799954339896,198.05159999999998,61.35219795918365,-2.169797959183647,2.9473999999999876,2.169797959183647,2.9473999999999876,1.2749595172071793,123.0,True
4-9-18_Schnable_49-284-js165-237_2018-04-11_12-14-09_9969100,2,36.521,-12.5351,35.69287142857143,-21.176199999999994,0.24947887467496624,21.1762,54.30712857142857,-0.8281285714285715,-8.641099999999994,0.8281285714285715,8.641099999999994,1.7642054894584531,118.0,True
4-9-18_Schnable_49-284-js165-237_2018-04-11_12-14-09_9969100,3,25.4382,155.153,29.46153673469386,156.911,0.3359867944583783,203.089,60.53846326530614,4.02333673469386,1.7580000000000098,4.02333673469386,1.7580000000000098,2.6883627730852786,146.0,True
4-9-18_Schnable_49-284-js165-237_2018-04-11_12-14-09_9969100,4,30.1465,-24.2602,21.742679591836733,-17.06219999999999,0.3645512441337582,17.0622,68.25732040816327,-8.403820408163266,7.1980000000000075,8.403820408163266,7.1980000000000075,4.049826057162349,172.0,True
4-9-18_Schnable_49-284-js165-237_2018-04-11_12-14-09_9969100,5,16.8512,-172.871,8.923595918367383,-164.80599999999998,0.19490192743374085,164.80599999999998,81.07640408163262,-7.927604081632616,8.065000000000026,7.927604081632616,8.065000000000026,1.525900139102212,91.0,True
4-9-18_Schnable_49-284-js165-237_2018-04-11_12-14-09_9969100,6,28.2899,-99.9691,1.246716326530617,-107.88289999999975,0.13531663031108168,107.88289999999975,88.75328367346938,-27.043183673469382,-7.913799999999753,27.043183673469382,7.913799999999753,1.4472447244125677,61.0,True
4-9-18_Schnable_49-285-JS147-2-214_2018-04-11_12-16-48_9969200,0,28.3299,-19.7845,28.426746938775516,-14.605799999999988,0.25691697924017004,14.605799999999997,61.573253061224484,0.09684693877551709,5.1787000000000205,0.09684693877551709,5.1787000000000205,1.9833232275257149,115.0,True
4-9-18_Schnable_49-285-JS147-2-214_2018-04-11_12-16-48_9969200,1,24.1953,-106.871,33.13157755102039,-103.5818,0.3122990228903765,103.5818,56.86842244897961,8.936277551020392,3.289199999999994,8.936277551020392,3.289199999999994,1.2442801992625185,134.0,True
4-9-18_Schnable_49-285-JS147-2-214_2018-04-11_12-16-48_9969200,2,22.4499,-2.30991,27.143322448979603,14.159400000000005,0.3522780169797079,345.8406,62.8566775510204,4.693422448979604,16.469310000000007,4.693422448979604,16.469310000000007,2.527843274685926,156.0,True
4-9-18_Schnable_49-285-JS147-2-214_2018-04-11_12-16-48_9969200,3,27.9152,-162.695,23.521530612244874,-127.93080000000002,0.43403689540196716,127.93080000000002,66.47846938775513,-4.393669387755125,34.76419999999996,4.393669387755125,34.76419999999996,2.6728594758181625,202.0,True
4-9-18_Schnable_49-285-JS147-2-214_2018-04-11_12-16-48_9969200,4,29.5896,23.3159,20.384106122448983,23.568499999999972,0.3896051044526425,336.4315,69.61589387755102,-9.205493877551017,0.2525999999999726,9.205493877551017,0.2525999999999726,3.5650120693096463,185.0,True
4-9-18_Schnable_49-285-JS147-2-214_2018-04-11_12-16-48_9969200,5,35.0258,25.3931,9.668757142857146,43.1182,0.3482225594839432,316.8818,80.33124285714285,-25.35704285714285,17.725099999999998,25.35704285714285,17.725099999999998,3.44640775071629,169.0,True
4-9-18_Schnable_49-285-JS147-2-214_2018-04-11_12-16-48_9969200,6,21.8966,-161.77,22.734391836734673,-164.6879,0.47652310386517743,164.6879,67.26560816326533,0.8377918367346737,-2.917900000000003,0.8377918367346737,2.917900000000003,3.1750867544230266,228.0,True
4-9-18_Schnable_49-285-JS147-2-214_2018-04-11_12-16-48_9969200,7,13.9616,-1.25143,1.5633204081632641,158.74440000000016,0.21729259550394414,201.25559999999987,88.43667959183674,-12.398279591836737,159.99583000000018,12.398279591836737,159.99583000000018,2.105484976189865,103.0,True
4-9-18_Schnable_49-286-js259-417_2018-04-11_12-19-03_9969300,0,73.6365,13.0936,5.622448979591894,55.441800000001535,0.009704230798938472,304.55819999999846,84.3775510204081,-68.0140510204081,42.348200000001526,68.0140510204081,42.348200000001526,0.8371944402174153,4.0,False
4-9-18_Schnable_49-286-js259-417_2018-04-11_12-19-03_9969300,1,30.3476,117.833,48.73393877551018,118.56580000000002,0.3977808387509901,241.43419999999998,41.26606122448982,18.386338775510183,0.7328000000000259,18.386338775510183,0.7328000000000259,2.9114487201860597,184.0,True
4-9-18_Schnable_49-286-js259-417_2018-04-11_12-19-03_9969300,2,26.0873,-62.8261,41.30503469387756,-46.6781,0.4228172349354309,46.67809999999999,48.69496530612244,15.21773469387756,16.147999999999996,15.21773469387756,16.147999999999996,3.434643721197346,186.0,True
4-9-18_Schnable_49-286-js259-417_2018-04-11_12-19-03_9969300,3,27.5419,143.685,37.3164306122449,118.46350000000007,0.508809405275251,241.53649999999996,52.6835693877551,9.774530612244902,-25.221499999999935,9.774530612244902,25.221499999999935,3.7898826342232526,248.0,True
4-9-18_Schnable_49-286-js259-417_2018-04-11_12-19-03_9969300,4,47.361,-39.3376,36.08359795918366,-30.8681,0.49402921648279025,30.868100000000002,53.91640204081634,-11.277402040816334,8.46950000000001,11.277402040816334,8.46950000000001,5.17386255230128,246.0,True
4-9-18_Schnable_49-286-js259-417_2018-04-11_12-19-03_9969300,5,34.5739,121.267,37.49142040816328,110.5213,0.4678755686816002,249.4787,52.50857959183672,2.917520408163277,-10.7457,2.917520408163277,10.7457,3.240852452888744,227.0,True
4-9-18_Schnable_49-286-js259-417_2018-04-11_12-19-03_9969300,6,38.1218,-12.9021,25.985667346938783,3.634999999999991,0.45357626447843513,356.365,64.01433265306122,-12.136132653061217,16.53709999999998,12.136132653061217,16.53709999999998,6.8248926209818155,214.0,False
4-9-18_Schnable_49-286-js259-417_2018-04-11_12-19-03_9969300,7,34.6757,116.994,10.52712040816327,117.85020000000003,0.2816577203828065,242.14979999999997,79.47287959183673,-24.14857959183673,0.8562000000000296,24.14857959183673,0.8562000000000296,3.28866161358455,137.0,True
4-9-18_Schnable_49-287-js41-1-68_2018-04-11_12-21-17_9969400,0,37.4428,-3.19656,45.549906122448974,-6.9365999999999985,0.25659348030944235,6.936600000000002,44.450093877551026,8.107106122448975,-3.7400399999999934,8.107106122448975,3.7400399999999934,1.3516867576119052,114.0,True
4-9-18_Schnable_49-287-js41-1-68_2018-04-11_12-21-17_9969400,1,72.6498,164.122,71.01741836734696,174.66270000000003,0.18754088898975652,185.33729999999997,18.982581632653037,-1.6323816326530363,10.540700000000015,1.6323816326530363,10.540700000000015,1.3994380039719687,84.0,True
4-9-18_Schnable_49-287-js41-1-68_2018-04-11_12-21-17_9969400,2,51.2687,163.761,32.706334693877544,168.25830000000002,0.11877815965817558,191.74169999999998,57.293665306122456,-18.56236530612246,4.497300000000024,18.56236530612246,4.497300000000024,1.4097021172401958,53.0,True
4-9-18_Schnable_49-287-js41-1-68_2018-04-11_12-21-17_9969400,3,37.4435,5.79873,39.51288571428574,-1.7605000000000075,0.20423125723501648,1.7605,50.48711428571426,2.069385714285737,-7.559230000000014,2.069385714285737,7.559230000000014,0.7758222132623293,89.0,True
4-9-18_Schnable_49-287-js41-1-68_2018-04-11_12-21-17_9969400,4,31.1187,-166.293,30.7303306122449,-176.99920000000003,0.2895163726281324,176.99920000000003,59.2696693877551,-0.38836938775510177,-10.706200000000024,0.38836938775510177,10.706200000000024,2.1798399992246864,127.0,True
4-9-18_Schnable_49-287-js41-1-68_2018-04-11_12-21-17_9969400,5,28.8094,23.0195,14.978710204081636,36.18450000000007,0.225841366698862,323.81549999999993,75.02128979591836,-13.830689795918364,13.165000000000077,13.830689795918364,13.165000000000077,1.9187442993644783,115.0,True
4-9-18_Schnable_49-287-js41-1-68_2018-04-11_12-21-17_9969400,6,8.33303,101.0,0.7463163265306179,71.79210000000012,0.13647848751788805,288.2078999999999,89.25368367346938,-7.586713673469383,-29.20789999999988,7.586713673469383,29.20789999999988,1.5048880213191294,69.0,True
4-9-18_Schnable_49-288-js224-354_2018-04-11_12-23-30_9969500,0,25.9498,-14.9148,13.892942857142856,-21.57000000000002,0.20188308540575894,21.570000000000032,76.10705714285714,-12.056857142857144,-6.655200000000036,12.056857142857144,6.655200000000036,3.3565712522786812,96.0,True
4-9-18_Schnable_49-288-js224-354_2018-04-11_12-23-30_9969500,1,25.3351,-122.441,22.88317551020407,-118.44480000000001,0.34787984689813056,118.44480000000001,67.11682448979593,-2.451924489795932,3.9961999999999875,2.451924489795932,3.9961999999999875,3.4276276226598195,173.0,True
4-9-18_Schnable_49-288-js224-354_2018-04-11_12-23-30_9969500,2,23.776,-21.7613,15.683193877551005,1.0477000000000771,0.38504698425746475,358.9522999999999,74.316806122449,-8.092806122448994,22.809000000000083,8.092806122448994,22.809000000000083,6.142710276959419,182.0,False
4-9-18_Schnable_49-288-js224-354_2018-04-11_12-23-30_9969500,3,39.6602,-137.713,27.342104081632655,-120.2352,0.4567315992041532,120.2352,62.657895918367345,-12.318095918367348,17.477800000000002,12.318095918367348,17.477800000000002,2.0880129780856156,204.0,True
4-9-18_Schnable_49-288-js224-354_2018-04-11_12-23-30_9969500,4,19.9897,-12.4977,21.670012244897947,-7.804399999999987,0.5134861393039247,7.804399999999997,68.32998775510205,1.680312244897948,4.693300000000022,1.680312244897948,4.693300000000022,6.906145745237343,238.0,False
4-9-18_Schnable_49-288-js224-354_2018-04-11_12-23-30_9969500,5,39.3146,162.038,24.992977551020402,144.86270000000002,0.502327265447065,215.13729999999998,65.0070224489796,-14.321622448979596,-17.175299999999993,14.321622448979596,17.175299999999993,4.420807056335757,241.0,True
4-9-18_Schnable_49-288-js224-354_2018-04-11_12-23-30_9969500,6,40.4959,19.6734,19.778546938775506,28.375800000000083,0.5341509909144171,331.6241999999999,70.2214530612245,-20.717353061224493,8.702400000000068,20.717353061224493,8.702400000000068,3.990503330872344,252.0,True
4-9-18_Schnable_49-288-js224-354_2018-04-11_12-23-30_9969500,7,20.3296,137.83,10.950810204081648,120.3657,0.4293619855591476,239.6343,79.04918979591835,-9.378789795918351,-17.46430000000001,9.378789795918351,17.46430000000001,10.054064711463328,210.0,False
4-9-18_Schnable_49-289-JS254-408_2018-04-11_12-25-45_9969600,0,19.5563,-90.9795,0.3392612244898032,24.73099999999954,0.06912576809970457,335.26900000000046,89.6607387755102,-19.217038775510197,115.71049999999957,19.217038775510197,115.71049999999957,1.2866840648805906,28.0,True
4-9-18_Schnable_49-289-JS254-408_2018-04-11_12-25-45_9969600,1,19.7946,56.4689,5.4135142857142995,72.78789999999998,0.1325686691232983,287.2121,84.5864857142857,-14.3810857142857,16.31899999999999,14.3810857142857,16.31899999999999,1.0341599016786898,63.0,True
4-9-18_Schnable_49-289-JS254-408_2018-04-11_12-25-45_9969600,2,10.5708,59.6429,0.04254897959187076,81.09100000000393,0.060268371929230825,278.90899999999607,89.95745102040813,-10.52825102040813,21.448100000003933,10.52825102040813,21.448100000003933,0.7819236151699401,30.0,True
4-9-18_Schnable_49-289-JS254-408_2018-04-11_12-25-45_9969600,3,10.2083,173.118,7.0368142857143,173.45170000000002,0.21112615431953954,186.54829999999998,82.9631857142857,-3.1714857142856996,0.33370000000002165,3.1714857142856996,0.33370000000002165,2.197674869314948,108.0,True
4-9-18_Schnable_49-289-JS254-408_2018-04-11_12-25-45_9969600,4,23.7851,4.18828,15.546075510204105,-3.386599999999987,0.26696112844651604,3.3866000000000014,74.4539244897959,-8.239024489795895,-7.574879999999979,8.239024489795895,7.574879999999979,1.9270387424606332,127.0,True
4-9-18_Schnable_49-289-JS254-408_2018-04-11_12-25-45_9969600,5,30.3705,9.54772,10.415371428571447,27.858900000000006,0.39046949188969277,332.1411,79.58462857142855,-19.955128571428553,18.311180000000007,19.955128571428553,18.311180000000007,4.725750323549178,181.0,True
4-9-18_Schnable_49-289-JS254-408_2018-04-11_12-25-45_9969600,6,19.3527,-18.7345,9.297155102040819,171.03000000000003,0.2169241916872994,188.96999999999997,80.70284489795918,-10.05554489795918,-170.2355,10.05554489795918,170.2355,1.9487156712445972,113.0,True
4-9-18_Schnable_49-289-JS254-408_2018-04-11_12-25-45_9969600,7,20.4217,172.704,5.843469387755093,-104.3664,0.2567813551938351,104.3664,84.15653061224491,-14.578230612244909,82.9296,14.578230612244909,82.9296,5.596470717918185,121.0,False
4-9-18_Schnable_49-290-js12-3-22_2018-04-11_12-27-58_9969700,0,37.161,-3.97396,43.00601428571428,-9.284600000000012,0.3016758654200159,9.284600000000003,46.99398571428572,5.845014285714278,-5.3106400000000065,5.845014285714278,5.3106400000000065,1.9427442867687477,147.0,True
4-9-18_Schnable_49-290-js12-3-22_2018-04-11_12-27-58_9969700,1,40.402,177.506,48.442481632653056,-178.03550000000004,0.3280359592305679,178.03550000000004,41.557518367346944,8.040481632653055,4.458499999999958,8.040481632653055,4.458499999999958,2.698385759553323,143.0,True
4-9-18_Schnable_49-290-js12-3-22_2018-04-11_12-27-58_9969700,2,28.0144,3.56099,33.09970408163269,-2.9793999999999983,0.39603541508159384,2.9794,56.90029591836731,5.085304081632689,-6.540390000000002,5.085304081632689,6.540390000000002,3.0721671147697407,187.0,True
4-9-18_Schnable_49-290-js12-3-22_2018-04-11_12-27-58_9969700,3,16.05,-159.104,14.561287755102029,-141.9379,0.44885046030237186,141.9379,75.43871224489797,-1.4887122448979717,17.1661,1.4887122448979717,17.1661,7.599936160374045,212.0,False
4-9-18_Schnable_49-290-js12-3-22_2018-04-11_12-27-58_9969700,4,21.0259,-6.8017,13.031930612244892,-30.86699999999999,0.3427810477040723,30.866999999999997,76.96806938775511,-7.993969387755108,-24.06529999999998,7.993969387755108,24.06529999999998,2.0498435464924367,159.0,True
4-9-18_Schnable_49-290-js12-3-22_2018-04-11_12-27-58_9969700,5,30.3093,168.982,2.4535653061224423,168.52570000000003,0.1431514032027686,191.47429999999997,87.54643469387756,-27.855734693877558,-0.4562999999999704,27.855734693877558,0.4562999999999704,3.0014485864922658,54.0,True
4-9-18_Schnable_49-291-js126-185_2018-04-11_12-30-10_9969800,0,20.6217,113.541,19.592210204081624,107.22489999999999,0.3232438663591145,252.7751,70.40778979591838,-1.0294897959183764,-6.316100000000006,1.0294897959183764,6.316100000000006,5.512235461834587,143.0,False
4-9-18_Schnable_49-291-js126-185_2018-04-11_12-30-10_9969800,1,28.8553,34.0362,31.141520408163267,33.44960000000003,0.39685373352664655,326.55039999999997,58.85847959183673,2.286220408163267,-0.5865999999999758,2.286220408163267,0.5865999999999758,2.371332845977369,193.0,True
4-9-18_Schnable_49-291-js126-185_2018-04-11_12-30-10_9969800,2,21.682,102.667,21.403177551020434,155.16520000000003,0.42711188414652934,204.83479999999997,68.59682244897957,-0.27882244897956454,52.498200000000026,0.27882244897956454,52.498200000000026,3.0161363707579754,197.0,True
4-9-18_Schnable_49-291-js126-185_2018-04-11_12-30-10_9969800,3,26.8891,2.14523,26.964844897959203,41.962199999999996,0.19315270239074386,318.0378,63.0351551020408,0.07574489795920414,39.81697,0.07574489795920414,39.81697,1.913775697482522,100.0,True
4-9-18_Schnable_49-291-js126-185_2018-04-11_12-30-10_9969800,4,35.4224,152.169,19.483536734693885,-175.6925,0.4043744326637759,175.6925,70.51646326530611,-15.938863265306118,32.13850000000002,15.938863265306118,32.13850000000002,2.774122056428314,191.0,True
4-9-18_Schnable_49-291-js126-185_2018-04-11_12-30-10_9969800,5,55.1443,8.07812,48.33753877551017,4.383600000000058,0.2907922331476653,355.61639999999994,41.66246122448983,-6.806761224489833,-3.6945199999999545,6.806761224489833,3.6945199999999545,1.2392285493192023,115.0,True
4-9-18_Schnable_49-291-js126-185_2018-04-11_12-30-10_9969800,6,24.9019,-58.745,23.51914489795918,-22.5368,0.4162374462445662,22.536800000000003,66.48085510204082,-1.3827551020408215,36.208200000000005,1.3827551020408215,36.208200000000005,4.554385528132082,194.0,True
4-9-18_Schnable_49-291-js126-185_2018-04-11_12-30-10_9969800,7,50.1941,-33.6687,0.0413693877550827,72.83540000000318,0.17767543926935778,287.1645999999968,89.95863061224492,-50.152730612244916,106.50410000000318,50.152730612244916,106.50410000000318,3.1581058343827566,90.0,True
4-9-18_Schnable_49-291-js126-185_2018-04-11_12-30-10_9969800,8,7.86489,-163.262,27.431534693877516,-51.268699999999995,0.4398417848629818,51.26869999999999,62.568465306122484,19.566644693877517,111.99329999999998,19.566644693877517,111.99329999999998,3.675409224163469,204.0,True
4-9-18_Schnable_49-291-js126-185_2018-04-11_12-30-10_9969800,9,39.1192,-169.444,38.551471428571475,-172.7152,0.40156459186921073,172.7152,51.448528571428525,-0.5677285714285247,-3.2712000000000216,0.5677285714285247,3.2712000000000216,3.423901582850866,209.0,True
4-9-18_Schnable_49-291-js126-185_2018-04-11_12-30-10_9969800,10,26.6407,-51.8156,12.880022448979574,-121.84739999999998,0.2508830009497195,121.84739999999998,77.11997755102043,-13.760677551020425,-70.03179999999998,13.760677551020425,70.03179999999998,1.6010500014167124,101.0,True
4-9-18_Schnable_49-292-js197-306_2018-04-11_12-32-24_9969900,0,29.5065,5.51689,21.63236734693878,10.072699999999998,0.21237033922246304,349.9273,68.36763265306122,-7.874132653061221,4.555810000000008,7.874132653061221,4.555810000000008,0.5956696349833162,87.0,True
4-9-18_Schnable_49-292-js197-306_2018-04-11_12-32-24_9969900,1,57.2766,-177.91,47.320234693877616,172.30330000000004,0.12043675984357705,187.6967,42.679765306122384,-9.956365306122386,-9.786699999999996,9.956365306122386,9.786699999999996,1.657749912770901,39.0,True
4-9-18_Schnable_49-292-js197-306_2018-04-11_12-32-24_9969900,2,19.4143,178.16,19.49047959183673,172.46280000000002,0.2719600864132732,187.5372,70.50952040816327,0.07617959183673051,-5.697199999999981,0.07617959183673051,5.697199999999981,1.7128698870141548,127.0,True
4-9-18_Schnable_49-292-js197-306_2018-04-11_12-32-24_9969900,3,18.0747,-6.757,16.67297142857143,10.983299999999986,0.33898800885095876,349.0167,73.32702857142857,-1.4017285714285705,17.74029999999999,1.4017285714285705,17.74029999999999,2.4885750076673485,151.0,True
4-9-18_Schnable_49-292-js197-306_2018-04-11_12-32-24_9969900,4,25.9479,-177.496,8.979504081632669,-169.4505,0.32447719025087485,169.4505,81.02049591836733,-16.96839591836733,8.045500000000004,16.96839591836733,8.045500000000004,3.176569757539634,139.0,True
4-9-18_Schnable_49-292-js197-306_2018-04-11_12-32-24_9969900,5,20.0689,-7.52554,10.639648979591854,4.545999999999992,0.24279346727817563,355.454,79.36035102040815,-9.429251020408145,12.071539999999999,9.429251020408145,12.071539999999999,2.7527832026336134,120.0,True
4-9-18_Schnable_49-293-JS235-376_2018-04-11_12-34-43_9970000,0,39.8797,-20.2042,41.3429979591837,-21.890600000000006,0.3124549430752241,21.890600000000003,48.6570020408163,1.4632979591836985,-1.686399999999992,1.4632979591836985,1.686399999999992,2.2428628035834497,143.0,True
4-9-18_Schnable_49-293-JS235-376_2018-04-11_12-34-43_9970000,1,41.4188,173.417,44.93322244897959,171.58270000000005,0.3155243734109658,188.41729999999998,45.06677755102041,3.5144224489795945,-1.8342999999999563,3.5144224489795945,1.8342999999999563,1.4371760950669,145.0,True
4-9-18_Schnable_49-293-JS235-376_2018-04-11_12-34-43_9970000,2,33.4779,-22.1035,44.94347142857144,-23.802099999999996,0.447696307420064,23.802099999999996,45.05652857142856,11.465571428571444,-1.698599999999999,11.465571428571444,1.698599999999999,3.3235619643042793,204.0,True
4-9-18_Schnable_49-293-JS235-376_2018-04-11_12-34-43_9970000,3,26.0092,179.01,29.71429183673471,179.71720000000005,0.4365602223399102,180.28279999999998,60.28570816326529,3.7050918367347094,0.7072000000000571,3.7050918367347094,0.7072000000000571,2.621065254535449,183.0,True
4-9-18_Schnable_49-293-JS235-376_2018-04-11_12-34-43_9970000,4,22.7156,-18.6964,22.877593877551035,-20.9204,0.44313235797667594,20.920400000000008,67.12240612244896,0.161993877551037,-2.2239999999999895,0.161993877551037,2.2239999999999895,3.990599745914405,202.0,True
4-9-18_Schnable_49-293-JS235-376_2018-04-11_12-34-43_9970000,5,38.2594,-176.878,18.826820408163243,-37.92089999999999,0.3072217424928635,37.920899999999996,71.17317959183676,-19.432579591836756,138.95709999999997,19.432579591836756,138.95709999999997,4.49194377740506,135.0,True
4-9-18_Schnable_49-293-JS235-376_2018-04-11_12-34-43_9970000,6,29.9368,-46.0922,20.385575510204106,-146.5441,0.45598967187385153,146.5441,69.6144244897959,-9.551224489795896,-100.4519,9.551224489795896,100.4519,3.3615733888034383,202.0,True
4-9-18_Schnable_49-295-JS66-95_2018-04-11_12-39-06_9970200,0,35.6525,12.8467,43.80258163265307,18.007600000000025,0.3550201121492818,341.9924,46.19741836734693,8.15008163265307,5.1609000000000265,8.15008163265307,5.1609000000000265,1.641165631401571,163.0,True
4-9-18_Schnable_49-295-JS66-95_2018-04-11_12-39-06_9970200,1,44.7658,-160.281,51.47964489795918,-156.5647,0.36028315895835267,156.5647,38.52035510204082,6.713844897959184,3.716300000000018,6.713844897959184,3.716300000000018,2.3016494997082906,164.0,True
4-9-18_Schnable_49-295-JS66-95_2018-04-11_12-39-06_9970200,2,33.8773,7.2768,45.38392244897959,7.002300000000048,0.43465136459415876,352.99769999999995,44.61607755102041,11.506622448979591,-0.27449999999996066,11.506622448979591,0.27449999999996066,2.6696334939203483,193.0,True
4-9-18_Schnable_49-295-JS66-95_2018-04-11_12-39-06_9970200,3,36.2883,-170.034,44.31775918367346,-170.8598,0.4695501427238994,170.8598,45.68224081632654,8.02945918367346,-0.8258000000000152,8.02945918367346,0.8258000000000152,5.332928045409179,201.0,True
4-9-18_Schnable_49-295-JS66-95_2018-04-11_12-39-06_9970200,4,25.7036,19.3559,33.930430612244926,10.768599999999992,0.5840573226866731,349.2314,56.069569387755074,8.226830612244925,-8.587299999999999,8.226830612244925,8.587299999999999,5.296194452022117,260.0,True
4-9-18_Schnable_49-295-JS66-95_2018-04-11_12-39-06_9970200,5,17.811,171.531,18.56203469387755,165.4178,0.5662460237080034,194.5822,71.43796530612245,0.7510346938775498,-6.113200000000006,0.7510346938775498,6.113200000000006,6.422341039289732,275.0,False
4-9-18_Schnable_49-295-JS66-95_2018-04-11_12-39-06_9970200,6,52.3708,-90.4933,33.397632653061144,-90.1698,0.13606116881989697,90.1698,56.602367346938856,-18.973167346938858,0.3235000000000241,18.973167346938858,0.3235000000000241,0.7388748965796078,67.0,True
4-9-18_Schnable_49-295-JS66-95_2018-04-11_12-39-06_9970200,7,39.097,10.8669,20.820063265306132,116.03030000000001,0.3834357493474184,243.9697,69.17993673469387,-18.27693673469387,105.16340000000002,18.27693673469387,105.16340000000002,4.7987040618893975,190.0,True
4-9-18_Schnable_49-295-JS66-95_2018-04-11_12-39-06_9970200,8,31.5949,153.89,22.86833469387757,25.57260000000008,0.489775780155613,334.4273999999999,67.13166530612243,-8.726565306122428,-128.3173999999999,8.726565306122428,128.3173999999999,2.4398033447378187,220.0,True
4-9-18_Schnable_49-296-JS214-336_2018-04-11_12-41-20_9970300,0,47.8245,-55.8184,49.88897959183672,-65.44969999999999,0.3401631095793834,65.44969999999999,40.11102040816328,2.0644795918367222,-9.63130000000001,2.0644795918367222,9.63130000000001,3.7307851361723077,170.0,True
4-9-18_Schnable_49-296-JS214-336_2018-04-11_12-41-20_9970300,1,24.4431,97.3144,24.813726530612257,114.81130000000002,0.37201145207033004,245.18869999999998,65.18627346938774,0.37062653061225603,17.49690000000001,0.37062653061225603,17.49690000000001,5.451508701991186,165.0,False
4-9-18_Schnable_49-296-JS214-336_2018-04-11_12-41-20_9970300,2,40.8348,-40.4822,38.9335204081633,-40.6523,0.34758074305043,40.65229999999999,51.0664795918367,-1.9012795918367047,-0.17009999999999081,1.9012795918367047,0.17009999999999081,5.774328014414766,170.0,False
4-9-18_Schnable_49-296-JS214-336_2018-04-11_12-41-20_9970300,3,23.3253,93.7158,21.361928571428592,100.78410000000002,0.35689607305721577,259.2159,68.63807142857141,-1.9633714285714063,7.068300000000022,1.9633714285714063,7.068300000000022,2.701948536354683,167.0,True
4-9-18_Schnable_49-296-JS214-336_2018-04-11_12-41-20_9970300,4,34.8285,20.6943,33.39147755102037,-46.45679999999999,0.4419084644781886,46.4568,56.60852244897963,-1.4370224489796257,-67.15109999999999,1.4370224489796257,67.15109999999999,5.146648567159344,206.0,True
4-9-18_Schnable_49-296-JS214-336_2018-04-11_12-41-20_9970300,5,39.0555,-45.7211,31.03731428571431,10.463399999999979,0.12326067462534525,349.5366,58.96268571428569,-8.018185714285693,56.184499999999986,8.018185714285693,56.184499999999986,0.8301432353234162,63.0,True
4-9-18_Schnable_49-296-JS214-336_2018-04-11_12-41-20_9970300,6,38.3959,-13.0094,29.838687755102065,-81.4455,0.47437667138843487,81.4455,60.161312244897935,-8.557212244897933,-68.4361,8.557212244897933,68.4361,2.4955456749958658,219.0,True
4-9-18_Schnable_49-296-JS214-336_2018-04-11_12-41-20_9970300,7,27.5371,-134.361,81.18375102040856,133.13930000000005,0.07353438784576677,226.86069999999998,8.816248979591435,53.64665102040857,-92.49969999999996,53.64665102040857,92.49969999999996,2.5157730461806964,33.0,True
4-9-18_Schnable_49-296-JS214-336_2018-04-11_12-41-20_9970300,8,69.1289,148.962,21.60107959183682,-160.7829,0.21772648206771641,160.7829,68.39892040816318,-47.52782040816318,50.25509999999997,47.52782040816318,50.25509999999997,3.270290476462158,89.0,True
4-9-18_Schnable_49-297-JS3-11_2018-04-11_12-43-34_9970400,0,30.5862,-50.3764,37.562904081632674,-50.4314,0.30051582661835036,50.43139999999999,52.437095918367326,6.976704081632672,-0.05500000000000682,6.976704081632672,0.05500000000000682,0.8318263740895289,113.0,True
4-9-18_Schnable_49-297-JS3-11_2018-04-11_12-43-34_9970400,1,30.446,148.632,36.022428571428584,146.80140000000006,0.3230082668608044,213.19859999999997,53.977571428571416,5.576428571428583,-1.8305999999999472,5.576428571428583,1.8305999999999472,1.7646321755228473,149.0,True
4-9-18_Schnable_49-297-JS3-11_2018-04-11_12-43-34_9970400,2,37.4396,-52.5943,25.25531224489795,-50.54390000000001,0.1741900312913327,50.54390000000002,64.74468775510205,-12.184287755102048,2.0503999999999962,12.184287755102048,2.0503999999999962,0.7161766721629576,76.0,True
4-9-18_Schnable_49-297-JS3-11_2018-04-11_12-43-34_9970400,3,33.5094,132.797,27.40088979591838,149.9842,0.38353823909121837,210.01579999999998,62.59911020408162,-6.108510204081618,17.18719999999999,6.108510204081618,17.18719999999999,2.0381097733327187,164.0,True
4-9-18_Schnable_49-297-JS3-11_2018-04-11_12-43-34_9970400,4,15.2475,-41.4594,24.402987755102046,-42.704800000000006,0.41812561842844936,42.7048,65.59701224489795,9.155487755102046,-1.2454000000000178,9.155487755102046,1.2454000000000178,3.86410490428828,197.0,True
4-9-18_Schnable_49-297-JS3-11_2018-04-11_12-43-34_9970400,5,22.0585,158.277,16.268640816326553,148.4488,0.38511112718024737,211.5512,73.73135918367345,-5.789859183673446,-9.828199999999981,5.789859183673446,9.828199999999981,3.328524640714371,173.0,True
4-9-18_Schnable_49-297-JS3-11_2018-04-11_12-43-34_9970400,6,13.7979,-14.8207,9.794477551020393,-4.542599999999993,0.2509441327713752,4.5426000000000055,80.20552244897961,-4.003422448979608,10.278099999999995,4.003422448979608,10.278099999999995,3.19321058877712,129.0,True
4-9-18_Schnable_49-298-JS238-379_2018-04-11_12-45-46_9970500,0,45.9524,-20.9119,42.82184285714286,-15.979299999999995,0.1856785636856217,15.979300000000004,47.17815714285714,-3.1305571428571355,4.932600000000008,3.1305571428571355,4.932600000000008,1.0263430821435438,83.0,True
4-9-18_Schnable_49-298-JS238-379_2018-04-11_12-45-46_9970500,1,30.1552,-179.758,29.27477959183674,-179.436,0.23951238219139798,179.436,60.72522040816326,-0.8804204081632605,0.32200000000000273,0.8804204081632605,0.32200000000000273,3.4249500787805824,116.0,True
4-9-18_Schnable_49-298-JS238-379_2018-04-11_12-45-46_9970500,2,31.2033,11.016,35.52474081632652,2.1872000000000753,0.28941417303628314,357.8127999999999,54.47525918367348,4.321440816326522,-8.828799999999916,4.321440816326522,8.828799999999916,1.5854297273107227,120.0,True
4-9-18_Schnable_49-298-JS238-379_2018-04-11_12-45-46_9970500,3,23.0846,173.716,24.076008163265286,-177.7846,0.38713401763566996,177.7846,65.92399183673471,0.9914081632652874,8.49939999999998,0.9914081632652874,8.49939999999998,6.127149292904548,182.0,False
4-9-18_Schnable_49-298-JS238-379_2018-04-11_12-45-46_9970500,4,22.2279,12.122,17.5199673469388,-0.9061000000000092,0.32801893336977683,0.9061000000000006,72.4800326530612,-4.707932653061203,-13.028099999999995,4.707932653061203,13.028099999999995,3.385050589099245,152.0,True
4-9-18_Schnable_49-298-JS238-379_2018-04-11_12-45-46_9970500,5,32.1305,158.753,20.39282653061224,163.73450000000003,0.31977411370370934,196.26549999999997,69.60717346938776,-11.737673469387758,4.98150000000004,11.737673469387758,4.98150000000004,3.4035175955707304,146.0,True
4-9-18_Schnable_49-298-JS238-379_2018-04-11_12-45-46_9970500,6,23.4829,25.4422,11.081218367346935,12.9966,0.18786008587459221,347.0034,78.91878163265307,-12.401681632653066,-12.445600000000013,12.401681632653066,12.445600000000013,2.4895336693806702,90.0,True
4-9-18_Schnable_49-299-js294-413_2018-04-11_12-48-00_9970600,0,17.969,9.01133,10.765812244897958,16.482799999999997,0.16243082493907451,343.5172,79.23418775510204,-7.203187755102043,7.471470000000011,7.203187755102043,7.471470000000011,1.1438220332078892,79.0,True
4-9-18_Schnable_49-299-js294-413_2018-04-11_12-48-00_9970600,1,18.1002,-110.325,13.862030612244894,-100.75089999999999,0.22004463622321524,100.75089999999999,76.1379693877551,-4.238169387755107,9.574100000000016,4.238169387755107,9.574100000000016,2.4140718069104663,95.0,True
4-9-18_Schnable_49-299-js294-413_2018-04-11_12-48-00_9970600,2,16.022,13.4366,16.23263469387753,16.462300000000027,0.30287141722189337,343.5377,73.76736530612247,0.2106346938775303,3.025700000000029,0.2106346938775303,3.025700000000029,1.698155633145951,137.0,True
4-9-18_Schnable_49-299-js294-413_2018-04-11_12-48-00_9970600,3,13.6866,-159.958,15.256791836734706,-157.2567,0.36411247889899334,157.2567,74.7432081632653,1.5701918367347059,2.7013000000000034,1.5701918367347059,2.7013000000000034,4.84646293361098,167.0,True
4-9-18_Schnable_49-299-js294-413_2018-04-11_12-48-00_9970600,4,24.2323,25.8763,18.00841428571428,15.47460000000001,0.4716762102739315,344.5254,71.99158571428572,-6.223885714285718,-10.401700000000005,6.223885714285718,10.401700000000005,3.3052078533496556,228.0,True
4-9-18_Schnable_49-299-js294-413_2018-04-11_12-48-00_9970600,5,16.1729,-169.496,13.38024897959184,-177.95789999999997,0.42329139141330385,177.95789999999997,76.61975102040816,-2.792651020408158,-8.461899999999957,2.792651020408158,8.461899999999957,4.518774946915108,216.0,True
4-9-18_Schnable_49-299-js294-413_2018-04-11_12-48-00_9970600,6,22.9495,13.7274,13.651679591836768,38.201599999999985,0.30228511381707157,321.7984,76.34832040816323,-9.297820408163233,24.474199999999996,9.297820408163233,24.474199999999996,2.4435968718002647,134.0,True
4-9-18_Schnable_49-300-js124-183_2018-04-11_12-50-13_9970700,0,36.0171,-16.4459,25.227946938775503,-15.266199999999998,0.12768270260429737,15.266200000000001,64.7720530612245,-10.789153061224496,1.1796999999999969,10.789153061224496,1.1796999999999969,0.40123259152924534,49.0,True
4-9-18_Schnable_49-300-js124-183_2018-04-11_12-50-13_9970700,1,42.5864,177.63,42.23714081632654,175.19780000000003,0.27638554466002363,184.8022,47.76285918367346,-0.3492591836734604,-2.432199999999966,0.3492591836734604,2.432199999999966,1.0957722118218676,113.0,True
4-9-18_Schnable_49-300-js124-183_2018-04-11_12-50-13_9970700,2,42.9143,-14.4413,46.48857346938777,-12.783999999999992,0.3904192487079507,12.783999999999997,43.51142653061223,3.5742734693877694,1.6573000000000206,3.5742734693877694,1.6573000000000206,6.093952961936674,174.0,False
4-9-18_Schnable_49-300-js124-183_2018-04-11_12-50-13_9970700,3,39.1491,164.827,46.567967346938794,157.1055,0.33830970231236107,202.8945,43.432032653061206,7.4188673469387965,-7.721499999999992,7.4188673469387965,7.721499999999992,1.545936961701961,142.0,True
4-9-18_Schnable_49-300-js124-183_2018-04-11_12-50-13_9970700,4,38.4556,-1.57863,35.106155102040816,-8.353000000000009,0.4971759993873599,8.353000000000002,54.893844897959184,-3.349444897959181,-6.774370000000005,3.349444897959181,6.774370000000005,9.688841220346207,225.0,False
4-9-18_Schnable_49-300-js124-183_2018-04-11_12-50-13_9970700,5,31.65,177.537,31.486869387755085,172.51210000000003,0.5529855895857513,187.4879,58.513130612244915,-0.1631306122449132,-5.024899999999974,0.1631306122449132,5.024899999999974,3.236486652988403,245.0,True
4-9-18_Schnable_49-300-js124-183_2018-04-11_12-50-13_9970700,6,26.7734,-7.65722,31.624530612244875,-25.632499999999993,0.5460460026043514,25.6325,58.375469387755125,4.8511306122448765,-17.975279999999998,4.8511306122448765,17.975279999999998,4.116780473262898,255.0,True
4-9-18_Schnable_49-300-js124-183_2018-04-11_12-50-13_9970700,7,28.3283,162.6,1.8722918367346892,29.205800000000067,0.202086983091099,330.79419999999993,88.12770816326531,-26.45600816326531,-133.39419999999993,26.45600816326531,133.39419999999993,2.2780875197406942,99.0,True
4-9-18_Schnable_49-300-js124-183_2018-04-11_12-50-13_9970700,8,6.27576,14.8595,31.509936734693895,161.10259999999994,0.37781648486337016,198.89740000000003,58.490063265306105,25.234176734693897,146.2430999999999,25.234176734693897,146.2430999999999,4.304189815585219,175.0,True
4-9-18_Schnable_49-301-js83-120_2018-04-11_12-52-27_9970800,0,30.8374,127.326,26.948228571428587,130.79040000000003,0.21361488425324043,229.20959999999997,63.05177142857141,-3.8891714285714123,3.4644000000000403,3.8891714285714123,3.4644000000000403,3.4135526620988905,94.0,True
4-9-18_Schnable_49-301-js83-120_2018-04-11_12-52-27_9970800,1,26.8253,-2.31625,24.631975510204086,-10.484100000000012,0.1868613878815847,10.484100000000009,65.36802448979591,-2.1933244897959128,-8.167850000000016,2.1933244897959128,8.167850000000016,1.6037561980709851,86.0,True
4-9-18_Schnable_49-301-js83-120_2018-04-11_12-52-27_9970800,2,29.693,153.328,34.35290816326532,152.5272,0.2841112473891572,207.47279999999998,55.64709183673468,4.659908163265317,-0.8008000000000095,4.659908163265317,0.8008000000000095,1.4203663625605507,124.0,True
4-9-18_Schnable_49-301-js83-120_2018-04-11_12-52-27_9970800,3,18.8421,-21.208,23.655946938775486,-16.97800000000001,0.35070467859015486,16.978000000000005,66.34405306122451,4.813846938775487,4.22999999999999,4.813846938775487,4.22999999999999,3.064369100080747,141.0,True
4-9-18_Schnable_49-301-js83-120_2018-04-11_12-52-27_9970800,4,29.5616,143.681,25.882332653061198,141.20929999999998,0.27224283483260686,218.7907,64.1176673469388,-3.6792673469388006,-2.471700000000027,3.6792673469388006,2.471700000000027,1.420305258063321,126.0,True
4-9-18_Schnable_49-301-js83-120_2018-04-11_12-52-27_9970800,5,26.2845,-13.4981,9.319567346938769,160.97290000000004,0.17120012384929048,199.02709999999996,80.68043265306123,-16.964932653061233,174.471,16.964932653061233,174.471,1.5084629910244918,92.0,True
4-9-18_Schnable_49-301-js83-120_2018-04-11_12-52-27_9970800,6,22.347,147.362,15.572093877551026,-11.024400000000014,0.3092449666115232,11.024400000000007,74.42790612244897,-6.774906122448975,-158.3864,6.774906122448975,158.3864,2.1553890340874204,142.0,True
4-9-18_Schnable_49-303-JS33-2-57_2018-04-11_12-56-54_9971000,0,49.7882,-4.176,58.73196734693879,-3.8406999999999982,0.3079795307855584,3.8406999999999987,31.268032653061212,8.943767346938785,0.3352999999999895,8.943767346938785,0.3352999999999895,1.7929092070660326,130.0,True
4-9-18_Schnable_49-303-JS33-2-57_2018-04-11_12-56-54_9971000,1,38.8834,-167.146,41.7780632653061,-170.26890000000003,0.3465575204644663,170.26890000000003,48.2219367346939,2.8946632653061,-3.122900000000044,2.8946632653061,3.122900000000044,4.916917881240307,157.0,True
4-9-18_Schnable_49-303-JS33-2-57_2018-04-11_12-56-54_9971000,2,38.0828,4.27616,41.72914489795917,-0.12340000000000373,0.3869075119910876,0.12339999999999997,48.27085510204083,3.6463448979591746,-4.399560000000008,3.6463448979591746,4.399560000000008,3.0949445304197534,170.0,True
4-9-18_Schnable_49-303-JS33-2-57_2018-04-11_12-56-54_9971000,3,35.0015,-170.034,36.33725510204082,-173.3277,0.42528549668013077,173.3277,53.66274489795918,1.335755102040821,-3.293700000000001,1.335755102040821,3.293700000000001,5.512405497828763,187.0,False
4-9-18_Schnable_49-303-JS33-2-57_2018-04-11_12-56-54_9971000,4,33.2004,-31.8694,35.48799591836737,-0.754400000000004,0.4654414100196746,0.7543999999999997,54.51200408163263,2.2875959183673658,31.11500000000001,2.2875959183673658,31.11500000000001,2.6981167950723197,198.0,True
4-9-18_Schnable_49-303-JS33-2-57_2018-04-11_12-56-54_9971000,5,24.3122,154.454,21.75057959183671,158.46860000000004,0.4749293779785183,201.53139999999996,68.24942040816329,-2.5616204081632894,4.01460000000003,2.5616204081632894,4.01460000000003,5.554619495759318,222.0,False
4-9-18_Schnable_49-303-JS33-2-57_2018-04-11_12-56-54_9971000,6,24.7702,6.64079,8.057397959183675,-176.263,0.22011526636989653,176.263,81.94260204081633,-16.712802040816324,177.09620999999999,16.712802040816324,177.09620999999999,2.0139595174737486,114.0,True
4-9-18_Schnable_49-303-JS33-2-57_2018-04-11_12-56-54_9971000,7,13.0608,-142.993,14.435677551020405,11.49430000000001,0.37081608181918424,348.5057,75.5643224489796,1.374877551020404,154.4873,1.374877551020404,154.4873,2.6242719891554125,179.0,True
4-9-18_Schnable_49-304-JS152-220_2018-04-11_12-59-08_9971100,0,21.0929,-136.09,17.320024489795898,-127.67120000000001,0.25398004225870047,127.67120000000001,72.6799755102041,-3.772875510204102,8.418799999999976,3.772875510204102,8.418799999999976,2.975472073956167,117.0,True
4-9-18_Schnable_49-304-JS152-220_2018-04-11_12-59-08_9971100,1,31.5907,21.457,34.765324489795915,12.718200000000024,0.36610059789497973,347.2818,55.234675510204085,3.1746244897959173,-8.73879999999997,3.1746244897959173,8.73879999999997,2.2006221831379316,161.0,True
4-9-18_Schnable_49-304-JS152-220_2018-04-11_12-59-08_9971100,2,18.8672,-169.449,21.308744897959215,-145.4498,0.40882114337507575,145.4498,68.69125510204078,2.441544897959215,23.999200000000002,2.441544897959215,23.999200000000002,8.756316215546914,197.0,False
4-9-18_Schnable_49-304-JS152-220_2018-04-11_12-59-08_9971100,3,35.0527,34.3608,31.88886938775508,11.65609999999998,0.4537724843052737,348.3439,58.11113061224492,-3.1638306122449222,-22.704700000000003,3.1638306122449222,22.704700000000003,3.926906100340351,205.0,True
4-9-18_Schnable_49-304-JS152-220_2018-04-11_12-59-08_9971100,4,17.0158,-170.314,14.394510204081627,-172.8548,0.4542986435171405,172.8548,75.60548979591837,-2.621289795918372,-2.5408000000000186,2.621289795918372,2.5408000000000186,5.364303926310912,234.0,True
4-9-18_Schnable_49-304-JS152-220_2018-04-11_12-59-08_9971100,5,27.2581,21.4787,27.92068775510205,25.312999999999988,0.5155913374858765,334.687,62.07931224489795,0.6625877551020523,3.8342999999999847,0.6625877551020523,3.8342999999999847,4.571613178642689,224.0,True
4-9-18_Schnable_49-304-JS152-220_2018-04-11_12-59-08_9971100,6,46.3539,129.631,22.639618367346927,91.6164,0.28285202198791876,268.3836,67.36038163265307,-23.714281632653076,-38.0146,23.714281632653076,38.0146,4.048772500275236,131.0,True
4-9-18_Schnable_49-304-JS152-220_2018-04-11_12-59-08_9971100,7,26.0956,-5.68902,21.409024489795925,4.528500000000008,0.6100323784601213,355.4715,68.59097551020407,-4.686575510204076,10.217520000000007,4.686575510204076,10.217520000000007,4.342245085232538,285.0,True
4-9-18_Schnable_49-304-JS152-220_2018-04-11_12-59-08_9971100,8,5.4496,40.0804,8.521781632653074,35.078199999999924,0.15476846778407066,324.9218000000001,81.47821836734693,3.0721816326530735,-5.002200000000073,3.0721816326530735,5.002200000000073,1.4697753889852314,79.0,True
4-9-18_Schnable_49-304-JS152-220_2018-04-11_12-59-08_9971100,9,34.6537,148.61,50.062685714285806,104.89730000000003,0.19495858984477954,255.10269999999997,39.937314285714194,15.408985714285805,-43.712699999999984,15.408985714285805,43.712699999999984,3.2576042787663915,96.0,True
4-9-18_Schnable_49-304-JS152-220_2018-04-11_12-59-08_9971100,10,22.4793,118.026,10.665444897959219,-104.2318,0.14904432885131816,104.2318,79.33455510204078,-11.81385510204078,137.74220000000003,11.81385510204078,137.74220000000003,2.256897393768644,74.0,True
4-9-18_Schnable_49-304-JS152-220_2018-04-11_12-59-08_9971100,11,29.3953,-115.192,9.376263265306122,123.62540000000001,0.546416504352154,236.3746,80.62373673469388,-20.019036734693877,-121.18259999999998,20.019036734693877,121.18259999999998,8.806810754798503,274.0,False
4-9-18_Schnable_49-305-JS190-298_2018-04-11_01-01-22_9971200,0,42.2509,-178.427,41.946465306122455,178.3415,0.27993512445130164,181.65849999999998,48.053534693877545,-0.3044346938775462,-3.2314999999999827,0.3044346938775462,3.2314999999999827,2.977010611951056,119.0,True
4-9-18_Schnable_49-305-JS190-298_2018-04-11_01-01-22_9971200,1,5.32373,36.8126,4.127995918367063,-19.94900000000024,0.014815141901384174,19.94900000000023,85.87200408163294,-1.1957340816329376,-56.76160000000024,1.1957340816329376,56.76160000000024,1.0203337611147614,6.0,False
4-9-18_Schnable_49-305-JS190-298_2018-04-11_01-01-22_9971200,2,24.9102,-165.54,28.36565102040818,-63.79079999999999,0.44976289624421917,63.7908,61.63434897959182,3.45545102040818,101.74919999999997,3.45545102040818,101.74919999999997,11.764217605220164,240.0,False
4-9-18_Schnable_49-306-JS174-2-252_2018-04-11_01-03-35_9971300,0,26.4728,-64.0813,36.1858163265306,-63.748900000000006,0.31070083804049065,63.748900000000006,53.8141836734694,9.7130163265306,0.3324000000000069,9.7130163265306,0.3324000000000069,2.170550707532796,143.0,True
4-9-18_Schnable_49-306-JS174-2-252_2018-04-11_01-03-35_9971300,1,26.833,117.576,35.149067346938786,126.24090000000007,0.3362698489324223,233.75909999999993,54.850932653061214,8.316067346938787,8.664900000000074,8.316067346938787,8.664900000000074,2.1470577250842253,166.0,True
4-9-18_Schnable_49-306-JS174-2-252_2018-04-11_01-03-35_9971300,2,35.2197,-52.6602,17.491304081632705,-74.46930000000002,0.18705452456456859,74.46930000000002,72.5086959183673,-17.728395918367298,-21.8091,17.728395918367298,21.8091,1.5244892176274383,86.0,True
4-9-18_Schnable_49-306-JS174-2-252_2018-04-11_01-03-35_9971300,3,45.7792,-77.9401,26.722546938775544,-98.5909,0.07906185126267191,98.5909,63.277453061224456,-19.05665306122446,-20.650800000000004,19.05665306122446,20.650800000000004,0.9566036592145598,35.0,True
4-9-18_Schnable_49-306-JS174-2-252_2018-04-11_01-03-35_9971300,4,35.8975,-139.97,8.80702857142856,-132.98699999999997,0.09245956766632904,132.98699999999997,81.19297142857144,-27.09047142857144,6.9830000000000325,27.09047142857144,6.9830000000000325,0.742811920862158,35.0,True
4-9-18_Schnable_49-306-JS174-2-252_2018-04-11_01-03-35_9971300,5,27.0206,114.877,25.988214285714264,110.68,0.30950091560953336,249.32,64.01178571428574,-1.0323857142857378,-4.197000000000003,1.0323857142857378,4.197000000000003,2.4799928438648067,141.0,True
4-9-18_Schnable_49-306-JS174-2-252_2018-04-11_01-03-35_9971300,6,22.3174,-39.5122,24.142608163265336,-71.0208,0.37030642838739036,71.0208,65.85739183673466,1.8252081632653372,-31.5086,1.8252081632653372,31.5086,2.2171159861344876,163.0,True
4-9-18_Schnable_49-306-JS174-2-252_2018-04-11_01-03-35_9971300,7,41.9911,126.678,31.7194653061224,141.4255,0.3996008570768768,218.5745,58.2805346938776,-10.271634693877601,14.747500000000002,10.271634693877601,14.747500000000002,3.178472381641163,191.0,True
4-9-18_Schnable_49-306-JS174-2-252_2018-04-11_01-03-35_9971300,8,33.884,-104.516,2.6984020408163474,-17.68949999999998,0.13100008723309553,17.689499999999992,87.30159795918365,-31.185597959183653,86.82650000000001,31.185597959183653,86.82650000000001,0.5705485151840368,64.0,True
4-9-18_Schnable_49-306-JS174-2-252_2018-04-11_01-03-35_9971300,9,30.7487,-26.3181,35.594304081632664,-100.95779999999999,0.2807798137516083,100.95779999999999,54.405695918367336,4.845604081632665,-74.63969999999999,4.845604081632665,74.63969999999999,2.055368325957014,116.0,True
4-9-18_Schnable_49-308-js23-1-38_2018-04-11_01-08-04_9971500,0,37.6281,-28.9043,38.854134693877555,-34.85000000000002,0.2750597945103735,34.850000000000016,51.145865306122445,1.2260346938775513,-5.945700000000016,1.2260346938775513,5.945700000000016,1.1144479682793405,123.0,True
4-9-18_Schnable_49-308-js23-1-38_2018-04-11_01-08-04_9971500,1,30.0085,-8.74225,22.68289999999999,177.95270000000005,0.356670884003331,182.04729999999995,67.31710000000001,-7.325600000000012,-173.30504999999994,7.325600000000012,173.30504999999994,2.265460308209451,159.0,True
4-9-18_Schnable_49-308-js23-1-38_2018-04-11_01-08-04_9971500,2,33.8538,-176.151,31.37953877551022,-13.087299999999999,0.40833203599111795,13.087299999999999,58.62046122448978,-2.47426122448978,163.06370000000004,2.47426122448978,163.06370000000004,2.3306938064330303,195.0,True
4-9-18_Schnable_49-308-js23-1-38_2018-04-11_01-08-04_9971500,3,18.8801,-157.02,36.445336734693875,-171.0573,0.3213088220471546,171.0573,53.554663265306125,17.565236734693876,-14.037299999999988,17.565236734693876,14.037299999999988,2.2872527795862725,149.0,True
4-9-18_Schnable_49-308-js23-1-38_2018-04-11_01-08-04_9971500,4,34.2053,11.1245,11.126136734693887,-6.505899999999997,0.09368509900351552,6.505899999999989,78.87386326530611,-23.079163265306114,-17.63040000000001,23.079163265306114,17.63040000000001,1.1630298129556815,43.0,True
4-9-18_Schnable_49-308-js23-1-38_2018-04-11_01-08-04_9971500,5,31.7333,-7.96733,28.120489795918374,-3.094600000000014,0.43198464993650804,3.0946000000000002,61.879510204081626,-3.612810204081626,4.87272999999999,3.612810204081626,4.87272999999999,3.043444738931271,201.0,True
4-9-18_Schnable_49-308-js23-1-38_2018-04-11_01-08-04_9971500,6,26.8517,176.861,21.799106122449004,167.15329999999994,0.41335007406579766,192.84670000000003,68.200893877551,-5.052593877550997,-9.707700000000045,5.052593877550997,9.707700000000045,4.018080967533289,192.0,True
4-9-18_Schnable_49-308-js23-1-38_2018-04-11_01-08-04_9971500,7,26.5432,-95.0129,2.3285653061224707,-101.90150000000007,0.12261797626342524,101.90150000000007,87.67143469387753,-24.214634693877528,-6.888600000000054,24.214634693877528,6.888600000000054,0.6720418501131474,61.0,True
4-9-18_Schnable_49-308-js23-1-38_2018-04-11_01-08-04_9971500,8,27.3291,173.757,23.82342857142858,20.809000000000083,0.3993248019761607,339.1909999999999,66.17657142857142,-3.5056714285714214,-152.94799999999992,3.5056714285714214,152.94799999999992,2.8579350080602435,172.0,True
4-9-18_Schnable_49-308-js23-1-38_2018-04-11_01-08-04_9971500,9,38.3717,15.6342,22.23812653061222,145.61300000000006,0.2648745357608938,214.38699999999997,67.76187346938778,-16.133573469387777,129.9788000000001,16.133573469387777,129.9788000000001,1.7027578279411746,116.0,True
4-9-18_Schnable_49-309-JS122-179_2018-04-11_01-10-16_9971600,0,42.7253,129.548,54.23999795918365,122.94810000000001,0.2600403359673295,237.0519,35.76000204081635,11.51469795918365,-6.599899999999991,11.51469795918365,6.599899999999991,2.7882300551539654,123.0,True
4-9-18_Schnable_49-309-JS122-179_2018-04-11_01-10-16_9971600,1,36.5508,-19.8587,42.789146938775524,-22.2877,0.281966320362344,22.2877,47.210853061224476,6.238346938775521,-2.429000000000002,6.238346938775521,2.429000000000002,1.584124775271531,116.0,True
4-9-18_Schnable_49-309-JS122-179_2018-04-11_01-10-16_9971600,2,42.4393,163.938,53.226183673469414,163.09839999999997,0.3473672121423439,196.9016,36.773816326530586,10.786883673469411,-0.8396000000000186,10.786883673469411,0.8396000000000186,3.3270882467887772,143.0,True
4-9-18_Schnable_49-309-JS122-179_2018-04-11_01-10-16_9971600,3,22.2606,-138.981,1.503253061224484,-147.9563000000002,0.07421302458159966,147.9563000000002,88.49674693877552,-20.757346938775516,-8.975300000000203,20.757346938775516,8.975300000000203,0.5443197404936597,37.0,True
4-9-18_Schnable_49-309-JS122-179_2018-04-11_01-10-16_9971600,4,27.7152,-21.6404,33.07436326530613,-17.510800000000017,0.3590957282733658,17.510800000000003,56.92563673469387,5.359163265306133,4.129599999999982,5.359163265306133,4.129599999999982,2.3543110166934276,146.0,True
4-9-18_Schnable_49-309-JS122-179_2018-04-11_01-10-16_9971600,5,30.8538,145.058,35.73446734693875,145.38459999999998,0.39923476624222587,214.6154,54.26553265306125,4.8806673469387505,0.3265999999999849,4.8806673469387505,0.3265999999999849,3.7717474777394226,178.0,True
4-9-18_Schnable_49-309-JS122-179_2018-04-11_01-10-16_9971600,6,15.6892,11.1153,17.555020408163273,-7.40440000000001,0.4238813517947686,7.404399999999999,72.44497959183673,1.8658204081632732,-18.5197,1.8658204081632732,18.5197,2.7553940258272727,179.0,True
4-9-18_Schnable_49-309-JS122-179_2018-04-11_01-10-16_9971600,7,27.8593,136.331,14.430383673469436,116.82799999999997,0.315375944275212,243.17200000000003,75.56961632653056,-13.428916326530565,-19.503000000000014,13.428916326530565,19.503000000000014,3.439178120102795,151.0,True
4-9-18_Schnable_49-309-JS122-179_2018-04-11_01-10-16_9971600,8,19.3323,-70.4478,4.725800000000035,-74.36619999999999,0.15522843456862226,74.36619999999999,85.27419999999996,-14.606499999999965,-3.9183999999999912,14.606499999999965,3.9183999999999912,1.3851342221200431,69.0,True
4-9-18_Schnable_49-310-JS201-314_2018-04-11_01-12-29_9971700,0,28.2643,19.0392,24.464177551020427,19.076400000000035,0.2523341958285179,340.92359999999996,65.53582244897957,-3.8001224489795717,0.0372000000000412,3.8001224489795717,0.0372000000000412,3.7830454877752766,112.0,True
4-9-18_Schnable_49-310-JS201-314_2018-04-11_01-12-29_9971700,1,28.5286,-179.426,27.61377346938778,-172.77030000000002,0.29554968615640936,172.77030000000002,62.38622653061222,-0.9148265306122205,6.6556999999999675,0.9148265306122205,6.6556999999999675,1.5413139942570597,133.0,True
4-9-18_Schnable_49-310-JS201-314_2018-04-11_01-12-29_9971700,2,13.4198,163.034,33.54038775510206,11.831999999999994,0.3646636754540143,348.168,56.45961224489794,20.120587755102058,-151.202,20.120587755102058,151.202,4.970469626180112,171.0,True
4-9-18_Schnable_49-310-JS201-314_2018-04-11_01-12-29_9971700,3,31.5702,6.02498,17.009481632653063,-177.88569999999999,0.3162024139783928,177.88569999999999,72.99051836734694,-14.560718367346936,176.08932000000004,14.560718367346936,176.08932000000004,3.0415570389595934,144.0,True
4-9-18_Schnable_49-310-JS201-314_2018-04-11_01-12-29_9971700,4,27.3688,107.751,11.627226530612248,90.86310000000003,0.10630157737915577,269.13689999999997,78.37277346938775,-15.741573469387752,-16.887899999999973,15.741573469387752,16.887899999999973,0.9626295532967397,53.0,True
4-9-18_Schnable_49-310-JS201-314_2018-04-11_01-12-29_9971700,5,34.9154,0.432565,34.20492653061227,9.313300000000027,0.4644639733762747,350.6867,55.79507346938773,-0.710473469387729,8.880735000000016,0.710473469387729,8.880735000000016,5.578076830703605,219.0,False
4-9-18_Schnable_49-310-JS201-314_2018-04-11_01-12-29_9971700,6,32.4256,148.069,24.986989795918362,164.22250000000003,0.5006499118077945,195.77749999999997,65.01301020408164,-7.438610204081641,16.153500000000037,7.438610204081641,16.153500000000037,4.197111113112786,208.0,True
4-9-18_Schnable_49-310-JS201-314_2018-04-11_01-12-29_9971700,7,36.9882,-179.999,24.66523469387755,51.39240000000001,0.4754235097104779,308.6076,65.33476530612245,-12.322965306122448,-128.60860000000002,12.322965306122448,128.60860000000002,4.734999632140543,228.0,True
4-9-18_Schnable_49-310-JS201-314_2018-04-11_01-12-29_9971700,8,43.6292,5.27248,22.919142857142887,149.80860000000007,0.3839130456026233,210.19139999999993,67.08085714285711,-20.71005714285711,144.5361200000001,20.71005714285711,144.5361200000001,1.9458426313072956,174.0,True
4-9-18_Schnable_49-311-JS47-76_2018-04-11_01-14-42_9971800,0,27.5905,-24.3933,33.80758163265308,-12.761500000000012,0.2494097463236681,12.761499999999998,56.19241836734692,6.217081632653084,11.631799999999998,6.217081632653084,11.631799999999998,1.6484397099573334,119.0,True
4-9-18_Schnable_49-311-JS47-76_2018-04-11_01-14-42_9971800,1,42.5276,160.978,26.326763265306127,141.53590000000003,0.2704476637580439,218.46409999999997,63.67323673469387,-16.200836734693873,-19.442099999999982,16.200836734693873,19.442099999999982,1.8440254885562886,116.0,True
4-9-18_Schnable_49-311-JS47-76_2018-04-11_01-14-42_9971800,2,6.31342,-138.98,30.44954897959188,-43.21520000000001,0.2456553961454246,43.2152,59.55045102040812,24.13612897959188,95.76479999999998,24.13612897959188,95.76479999999998,1.4274371635803085,111.0,True
4-9-18_Schnable_49-311-JS47-76_2018-04-11_01-14-42_9971800,3,27.3048,-52.2571,0.13938367346938207,-153.74950000000126,0.21034288874666152,153.74950000000126,89.86061632653062,-27.165416326530618,-101.49240000000125,27.165416326530618,101.49240000000125,2.5630703433727584,113.0,True
4-9-18_Schnable_49-312-JS93-1-130_2018-04-11_01-16-55_9971900,0,46.9792,179.287,31.283795918367332,-163.0383,0.23868658493924905,163.0383,58.71620408163267,-15.695404081632667,17.67470000000003,15.695404081632667,17.67470000000003,1.588591781489125,117.0,True
4-9-18_Schnable_49-312-JS93-1-130_2018-04-11_01-16-55_9971900,1,24.1207,-130.233,51.371948979591835,-179.56479999999996,0.21545525225784629,179.56479999999996,38.628051020408165,27.251248979591836,-49.33179999999996,27.251248979591836,49.33179999999996,1.2290144767192828,98.0,True
4-9-18_Schnable_49-312-JS93-1-130_2018-04-11_01-16-55_9971900,2,42.7029,-12.0375,30.714861224489894,-8.063700000000011,0.09447796672314424,8.063700000000006,59.285138775510106,-11.988038775510105,3.973799999999983,11.988038775510105,3.973799999999983,0.5938463629105254,42.0,True
4-9-18_Schnable_49-312-JS93-1-130_2018-04-11_01-16-55_9971900,3,35.7526,-179.105,23.71839387755108,170.46310000000005,0.26917352605576217,189.53689999999997,66.28160612244892,-12.034206122448921,-10.431899999999928,12.034206122448921,10.431899999999928,1.290842275334527,124.0,True
4-9-18_Schnable_49-312-JS93-1-130_2018-04-11_01-16-55_9971900,4,14.2216,-176.215,21.2408530612245,132.74709999999993,0.47249395282732404,227.25290000000004,68.7591469387755,7.019253061224498,-51.037900000000036,7.019253061224498,51.037900000000036,3.238868604349733,217.0,True
4-9-18_Schnable_49-312-JS93-1-130_2018-04-11_01-16-55_9971900,5,33.8454,10.4955,28.495693877551005,-3.3703999999999894,0.4364786237226394,3.370400000000001,61.504306122448995,-5.349706122448993,-13.865899999999982,5.349706122448993,13.865899999999982,4.256609395686396,213.0,True
4-9-18_Schnable_49-313-JS49-2-78_2018-04-11_01-19-08_9972000,0,52.0143,-22.4484,61.28902857142857,-20.170500000000004,0.2114742979452566,20.170499999999993,28.710971428571433,9.274728571428568,2.2778999999999883,9.274728571428568,2.2778999999999883,1.0895737666501324,98.0,True
4-9-18_Schnable_49-313-JS49-2-78_2018-04-11_01-19-08_9972000,1,60.4034,156.314,70.70805510204084,157.79580000000004,0.24159865189478555,202.20419999999996,19.29194489795916,10.304655102040847,1.4818000000000495,10.304655102040847,1.4818000000000495,1.1998597261983306,117.0,True
4-9-18_Schnable_49-313-JS49-2-78_2018-04-11_01-19-08_9972000,2,43.384,-56.9555,53.468526530612266,-50.69590000000002,0.26029186401534576,50.69590000000003,36.531473469387734,10.084526530612266,6.259599999999978,10.084526530612266,6.259599999999978,1.5864158909451587,128.0,True
4-9-18_Schnable_49-313-JS49-2-78_2018-04-11_01-19-08_9972000,3,19.2195,111.493,0.3636224489795836,-167.53880000000032,0.06643715114881288,167.53880000000032,89.63637755102042,-18.855877551020416,80.96819999999968,18.855877551020416,80.96819999999968,1.5245165182018405,27.0,True
4-9-18_Schnable_49-313-JS49-2-78_2018-04-11_01-19-08_9972000,4,40.7756,156.827,56.5823551020408,151.6212,0.372677254971131,208.3788,33.4176448979592,15.806755102040803,-5.205800000000011,15.806755102040803,5.205800000000011,2.7562062517222303,182.0,True
4-9-18_Schnable_49-313-JS49-2-78_2018-04-11_01-19-08_9972000,5,43.1693,-63.5311,39.90931224489795,-43.44479999999999,0.28643574702336727,43.4448,50.09068775510205,-3.2599877551020526,20.086300000000023,3.2599877551020526,20.086300000000023,1.1802879659099321,133.0,True
4-9-18_Schnable_49-313-JS49-2-78_2018-04-11_01-19-08_9972000,6,39.3017,152.019,39.97899387755104,159.29280000000006,0.41196935830835035,200.70719999999994,50.02100612244896,0.677293877551044,7.273800000000051,0.677293877551044,7.273800000000051,5.524950156162464,199.0,False
4-9-18_Schnable_49-313-JS49-2-78_2018-04-11_01-19-08_9972000,7,31.0179,-34.2562,31.746755102040787,-26.656499999999994,0.38655299565408074,26.656499999999994,58.25324489795921,0.7288551020407859,7.599700000000013,0.7288551020407859,7.599700000000013,3.517853269575829,172.0,True
4-9-18_Schnable_49-313-JS49-2-78_2018-04-11_01-19-08_9972000,8,45.7344,156.661,35.44619591836731,141.0779,0.35112589979919745,218.92209999999997,54.55380408163269,-10.288204081632692,-15.583100000000002,10.288204081632692,15.583100000000002,3.4242528031327693,181.0,True
4-9-18_Schnable_49-313-JS49-2-78_2018-04-11_01-19-08_9972000,9,17.727,7.53838,13.026204081632685,20.072400000000016,0.22453690349212962,339.9276,76.97379591836732,-4.700795918367316,12.534020000000027,4.700795918367316,12.534020000000027,1.7273639498718802,113.0,True
4-9-18_Schnable_49-314-JS210-330_2018-04-11_01-21-22_9972100,0,39.7983,61.3593,42.356781632653075,66.37240000000003,0.27056629360551226,293.6276,47.643218367346925,2.558481632653077,5.013100000000037,2.558481632653077,5.013100000000037,2.3662178925572963,125.0,True
4-9-18_Schnable_49-314-JS210-330_2018-04-11_01-21-22_9972100,1,41.1187,176.026,48.25858979591838,170.74100000000004,0.4209347330021703,189.25899999999996,41.74141020408162,7.139889795918386,-5.284999999999968,7.139889795918386,5.284999999999968,3.6697195063327186,193.0,True
4-9-18_Schnable_49-314-JS210-330_2018-04-11_01-21-22_9972100,2,28.9046,-143.214,23.98208367346942,136.9608,0.26616931675324174,223.0392,66.01791632653058,-4.92251632653058,-79.8252,4.92251632653058,79.8252,3.770148468238601,122.0,True
4-9-18_Schnable_49-314-JS210-330_2018-04-11_01-21-22_9972100,3,26.6131,137.531,29.120346938775512,173.8392,0.4475469475756281,186.16079999999997,60.87965306122449,2.5072469387755127,36.3082,2.5072469387755127,36.3082,2.4582520850683656,194.0,True
4-9-18_Schnable_49-314-JS210-330_2018-04-11_01-21-22_9972100,4,39.4747,32.8482,34.391030612244904,33.90370000000007,0.4694819064395872,326.0962999999999,55.608969387755096,-5.083669387755094,1.0555000000000803,5.083669387755094,1.0555000000000803,5.536203697072414,204.0,False
4-9-18_Schnable_49-314-JS210-330_2018-04-11_01-21-22_9972100,5,29.0358,173.588,29.443299999999994,156.23540000000003,0.4833085905393093,203.7646,60.556700000000006,0.4074999999999953,-17.352599999999967,0.4074999999999953,17.352599999999967,3.9794880572488673,216.0,True
4-9-18_Schnable_49-314-JS210-330_2018-04-11_01-21-22_9972100,6,32.3719,-129.213,8.45148775510205,-127.34109999999997,0.15669934731394275,127.34109999999997,81.54851224489795,-23.920412244897946,1.8719000000000392,23.920412244897946,1.8719000000000392,1.2976501537097722,74.0,True
4-9-18_Schnable_49-314-JS210-330_2018-04-11_01-21-22_9972100,7,54.8756,65.7702,20.824067346938747,-27.047200000000004,0.297952766699856,27.0472,69.17593265306125,-34.05153265306125,-92.8174,34.05153265306125,92.8174,1.7029701790251224,126.0,True
4-9-18_Schnable_49-314-JS210-330_2018-04-11_01-21-22_9972100,8,18.6289,-82.2488,37.45300408163267,57.03780000000006,0.4431677032897887,302.96219999999994,52.54699591836733,18.82410408163267,139.28660000000008,18.82410408163267,139.28660000000008,2.3966293188136554,193.0,True
4-9-18_Schnable_49-315-JS81-2-113_2018-04-11_01-23-35_9972200,0,35.5065,-129.976,32.77675918367347,-131.1805,0.18278164935071708,131.1805,57.22324081632653,-2.729740816326533,-1.204499999999996,2.729740816326533,1.204499999999996,1.0461700040339235,88.0,True
4-9-18_Schnable_49-315-JS81-2-113_2018-04-11_01-23-35_9972200,1,26.1653,15.0357,22.902044897959158,5.253400000000056,0.23661648078053082,354.74659999999994,67.09795510204084,-3.2632551020408407,-9.782299999999935,3.2632551020408407,9.782299999999935,1.408434614052086,107.0,True
4-9-18_Schnable_49-315-JS81-2-113_2018-04-11_01-23-35_9972200,2,27.9513,-129.207,28.415310204081635,-134.7114,0.31366618642872823,134.7114,61.584689795918365,0.4640102040816352,-5.504400000000004,0.4640102040816352,5.504400000000004,2.455217588383228,151.0,True
4-9-18_Schnable_49-315-JS81-2-113_2018-04-11_01-23-35_9972200,3,20.2531,56.3939,21.794804081632662,57.253300000000024,0.3736550658932987,302.7467,68.20519591836734,1.5417040816326626,0.8594000000000221,1.5417040816326626,0.8594000000000221,3.4747562213601415,169.0,True
4-9-18_Schnable_49-315-JS81-2-113_2018-04-11_01-23-35_9972200,4,23.3912,-133.535,21.67768367346943,-135.908,0.41580947707662264,135.908,68.32231632653057,-1.71351632653057,-2.3729999999999905,1.71351632653057,2.3729999999999905,3.221690143972748,199.0,True
4-9-18_Schnable_49-315-JS81-2-113_2018-04-11_01-23-35_9972200,5,29.9588,100.626,10.571185714285704,121.40020000000004,0.37253363656021765,238.5998,79.4288142857143,-19.387614285714296,20.774200000000036,19.387614285714296,20.774200000000036,5.237705374574053,164.0,True
4-9-18_Schnable_49-315-JS81-2-113_2018-04-11_01-23-35_9972200,6,19.58,-121.888,18.89437142857146,-138.6256,0.22772376788689108,138.6256,71.10562857142854,-0.6856285714285377,-16.737599999999986,0.6856285714285377,16.737599999999986,1.8439167859650762,102.0,True
4-9-18_Schnable_49-316-JS180-270_2018-04-11_01-25-48_9972300,0,32.9848,21.7049,34.341308163265296,11.899400000000014,0.29011756663919086,348.1006,55.658691836734704,1.3565081632652962,-9.805499999999995,1.3565081632652962,9.805499999999995,1.2679774984405237,125.0,True
4-9-18_Schnable_49-316-JS180-270_2018-04-11_01-25-48_9972300,1,28.2542,170.05,19.322175510204076,164.5897,0.14060359162195415,195.41029999999998,70.67782448979592,-8.932024489795925,-5.460300000000018,8.932024489795925,5.460300000000018,0.771745804105136,71.0,True
4-9-18_Schnable_49-316-JS180-270_2018-04-11_01-25-48_9972300,2,41.5938,8.63718,41.634724489795914,11.811599999999999,0.33203819060484036,348.1884,48.365275510204086,0.04092448979591268,3.174419999999998,0.04092448979591268,3.174419999999998,2.8618878287710943,139.0,True
4-9-18_Schnable_49-316-JS180-270_2018-04-11_01-25-48_9972300,3,31.7571,0.102344,31.830212244897957,-5.353199999999987,0.44229061830646915,5.353199999999998,58.16978775510204,0.0731122448979562,-5.455543999999975,0.0731122448979562,5.455543999999975,6.395820656590462,201.0,False
4-9-18_Schnable_49-316-JS180-270_2018-04-11_01-25-48_9972300,4,40.5054,152.127,30.91889183673473,-174.7028,0.5028006911357247,174.7028,59.08110816326527,-9.586508163265272,33.17020000000002,9.586508163265272,33.17020000000002,7.544978106456784,227.0,False
4-9-18_Schnable_49-316-JS180-270_2018-04-11_01-25-48_9972300,5,64.2506,172.765,35.69704285714283,-174.38149999999996,0.24602282089965158,174.38149999999996,54.30295714285717,-28.553557142857173,12.853500000000054,28.553557142857173,12.853500000000054,5.949463813856893,113.0,False
4-9-18_Schnable_49-316-JS180-270_2018-04-11_01-25-48_9972300,6,26.6182,-154.308,38.948753061224515,-167.96420000000003,0.2726564377202399,167.96420000000003,51.051246938775485,12.330553061224514,-13.656200000000041,12.330553061224514,13.656200000000041,3.7271056703288883,138.0,True
4-9-18_Schnable_49-316-JS180-270_2018-04-11_01-25-48_9972300,7,51.1313,-16.4227,34.456891836734684,-10.924399999999991,0.48827756329972993,10.924400000000004,55.543108163265316,-16.67440816326532,5.4983,16.67440816326532,5.4983,3.2769058643086844,223.0,True
4-9-18_Schnable_49-316-JS180-270_2018-04-11_01-25-48_9972300,8,23.0333,-131.81,18.219177551020408,-127.38759999999999,0.4017859738980218,127.38759999999999,71.78082244897959,-4.814122448979592,4.42240000000001,4.814122448979592,4.42240000000001,8.306987019997807,189.0,False
4-9-18_Schnable_49-317-JS221-348_2018-04-11_01-28-03_9972400,0,49.5631,19.9557,1.3300979591834903,-108.4211,0.006253723650287432,108.4211,88.66990204081651,-48.23300204081651,-128.3768,48.23300204081651,128.3768,0.9397188156489205,3.0,False
4-9-18_Schnable_49-317-JS221-348_2018-04-11_01-28-03_9972400,1,44.5273,-143.547,30.072900000000004,-110.02,0.1852441853416827,110.02,59.927099999999996,-14.454399999999993,33.52699999999999,14.454399999999993,33.52699999999999,3.745488709958642,90.0,True
4-9-18_Schnable_49-317-JS221-348_2018-04-11_01-28-03_9972400,2,18.1207,-120.164,12.852432653061243,-136.32420000000002,0.33816817969676366,136.32420000000002,77.14756734693876,-5.268267346938757,-16.16020000000003,5.268267346938757,16.16020000000003,5.649922171233247,154.0,False
4-9-18_Schnable_49-317-JS221-348_2018-04-11_01-28-03_9972400,3,87.024,-8.25172,53.27014693877369,71.57889999999986,0.0028139375470398074,288.42110000000014,36.72985306122631,-33.75385306122631,79.83061999999984,33.75385306122631,79.83061999999984,1.3920694605868718,2.0,False
4-9-18_Schnable_49-317-JS221-348_2018-04-11_01-28-03_9972400,4,22.2839,-18.7998,29.191091836734707,-15.355799999999988,0.22536636427080325,15.3558,60.80890816326529,6.907191836734707,3.444000000000017,6.907191836734707,3.444000000000017,1.3497295383700223,99.0,True
4-9-18_Schnable_49-317-JS221-348_2018-04-11_01-28-03_9972400,5,23.9484,178.319,14.480646938775521,1.2712000000000216,0.38708267638746624,358.7288,75.51935306122448,-9.467753061224478,-177.04779999999997,9.467753061224478,177.04779999999997,6.5204535207107455,185.0,False
4-9-18_Schnable_49-317-JS221-348_2018-04-11_01-28-03_9972400,6,44.1485,56.0947,20.92139387755101,-171.31759999999997,0.4093747447012924,171.31759999999997,69.07860612244899,-23.227106122448987,132.58770000000004,23.227106122448987,132.58770000000004,4.160611076083168,185.0,True
4-9-18_Schnable_49-317-JS221-348_2018-04-11_01-28-03_9972400,7,26.2762,172.989,15.346483673469379,77.58480000000003,0.12887647044498363,282.41519999999997,74.65351632653062,-10.92971632653062,-95.40419999999997,10.92971632653062,95.40419999999997,1.435893568829302,70.0,True
4-9-18_Schnable_49-317-JS221-348_2018-04-11_01-28-03_9972400,8,17.5967,24.3899,20.053267346938767,51.04129999999998,0.3720451596719275,308.9587,69.94673265306123,2.456567346938769,26.651399999999967,2.456567346938769,26.651399999999967,2.6841751099865063,178.0,True
4-9-18_Schnable_49-318-JS222-350_2018-04-11_01-30-16_9972500,0,78.4583,17.466,13.831273469387753,69.29930000000002,0.1397405007295636,110.7007,76.16872653061225,-64.62702653061224,51.83330000000001,64.62702653061224,51.83330000000001,2.7022140139109605,58.0,True
4-9-18_Schnable_49-318-JS222-350_2018-04-11_01-30-16_9972500,1,15.2267,-124.547,23.62433673469387,177.51729999999998,0.18910566489622932,2.4827,66.37566326530613,8.39763673469387,-57.9357,8.39763673469387,57.9357,1.060294761906037,89.0,True
4-9-18_Schnable_49-318-JS222-350_2018-04-11_01-30-16_9972500,2,24.9927,-18.443,9.491234693877558,51.300700000000006,0.27298410468399775,128.6993,80.50876530612244,-15.50146530612244,69.74369999999999,15.50146530612244,69.74369999999999,3.034211802399591,122.0,True
4-9-18_Schnable_49-318-JS222-350_2018-04-11_01-30-16_9972500,3,21.8421,177.434,25.6188224489796,-155.01699999999994,0.35226763744695183,335.01699999999994,64.3811775510204,3.7767224489796014,27.549000000000092,3.7767224489796014,27.549000000000092,2.2430926194482463,158.0,True
4-9-18_Schnable_49-318-JS222-350_2018-04-11_01-30-16_9972500,4,22.9369,8.58991,15.011897959183642,30.699000000000012,0.32874534389958204,149.301,74.98810204081636,-7.925002040816359,22.10909000000001,7.925002040816359,22.10909000000001,2.1269103531236797,147.0,True
4-9-18_Schnable_49-318-JS222-350_2018-04-11_01-30-16_9972500,5,17.0799,-150.266,22.656485714285708,-159.91950000000003,0.4338914844142608,339.9195,67.34351428571429,5.576585714285709,-9.653500000000037,5.576585714285709,9.653500000000037,4.947220611820408,203.0,True
4-9-18_Schnable_49-318-JS222-350_2018-04-11_01-30-16_9972500,6,17.0581,-0.348032,26.112928571428583,-158.75529999999992,0.4290335012149401,338.7552999999999,63.88707142857142,9.054828571428583,-158.40726799999993,9.054828571428583,158.40726799999993,2.9352703791362527,184.0,True
4-9-18_Schnable_49-318-JS222-350_2018-04-11_01-30-16_9972500,7,29.6283,-138.992,1.7201877551020175,-28.74520000000041,0.08349401918319511,208.74520000000038,88.27981224489798,-27.908112244897982,110.24679999999955,27.908112244897982,110.24679999999955,,,False
4-9-18_Schnable_49-318-JS222-350_2018-04-11_01-30-16_9972500,8,33.1078,-9.9157,20.194708163265318,-71.9828,0.2494983180272405,251.98279999999997,69.80529183673468,-12.91309183673468,-62.067099999999996,12.91309183673468,62.067099999999996,0.7640750274593661,37.0,True
4-9-18_Schnable_49-318-JS222-350_2018-04-11_01-30-16_9972500,9,35.9113,-165.952,26.800775510204033,18.17670000000001,0.29211980947945654,161.8233,63.19922448979597,-9.110524489795964,-175.87130000000002,9.110524489795964,175.87130000000002,2.233827298875593,103.0,True
4-9-18_Schnable_49-319-JS117-172_2018-04-11_01-32-29_9972600,0,22.6811,166.154,18.708612244897978,165.6934,0.21128050385357994,194.30659999999997,71.29138775510202,-3.972487755102023,-0.46059999999999945,3.972487755102023,0.46059999999999945,3.1277769655496215,98.0,True
4-9-18_Schnable_49-319-JS117-172_2018-04-11_01-32-29_9972600,1,19.4933,-19.4186,16.827018367346938,23.723400000000026,0.2574819995459783,336.2766,73.17298163265306,-2.666281632653064,43.142000000000024,2.666281632653064,43.142000000000024,1.0094361021514144,126.0,True
4-9-18_Schnable_49-319-JS117-172_2018-04-11_01-32-29_9972600,2,22.8023,-169.504,19.007263265306108,-166.449,0.3218971592543001,166.449,70.99273673469389,-3.795036734693891,3.0549999999999784,3.795036734693891,3.0549999999999784,3.9556337016734053,149.0,True
4-9-18_Schnable_49-319-JS117-172_2018-04-11_01-32-29_9972600,3,19.4501,-178.575,19.768124489795937,-163.87510000000003,0.36467701313442363,163.87510000000003,70.23187551020406,0.31802448979593834,14.699899999999957,0.31802448979593834,14.699899999999957,2.804943807720903,168.0,True
4-9-18_Schnable_49-319-JS117-172_2018-04-11_01-32-29_9972600,4,25.0073,10.9762,25.471710204081617,-1.1333999999999946,0.32977436550224126,1.1334,64.52828979591838,0.4644102040816165,-12.1096,0.4644102040816165,12.1096,2.2415032526901357,145.0,True
4-9-18_Schnable_49-319-JS117-172_2018-04-11_01-32-29_9972600,5,20.5095,51.4222,43.40824693877275,-75.68930000000012,0.0028139375470398026,75.68930000000012,46.59175306122725,22.89874693877275,-127.11150000000012,22.89874693877275,127.11150000000012,1.2871552420722565,2.0,False
4-9-18_Schnable_49-319-JS117-172_2018-04-11_01-32-29_9972600,6,26.152,-103.083,9.086948979591838,50.545000000000016,0.15180746893599767,309.455,80.91305102040816,-17.065051020408163,153.62800000000004,17.065051020408163,153.62800000000004,0.5921379697733757,76.0,True
4-9-18_Schnable_49-319-JS117-172_2018-04-11_01-32-29_9972600,7,23.8816,46.1177,1.4599836734693952,-39.00380000000024,0.28349742781381754,39.003800000000226,88.5400163265306,-22.421616326530604,-85.12150000000024,22.421616326530604,85.12150000000024,5.209172747280905,136.0,True
4-9-18_Schnable_49-319-JS117-172_2018-04-11_01-32-29_9972600,8,27.1566,-169.848,0.5996897959183798,-63.93130000000049,0.13278352787827702,63.93130000000049,89.40031020408162,-26.55691020408162,105.91669999999954,26.55691020408162,105.91669999999954,1.2503726106544188,71.0,True
4-9-18_Schnable_49-319-JS117-172_2018-04-11_01-32-29_9972600,9,32.0928,6.85418,23.31180408163266,177.9198,0.41818303331000317,182.08019999999996,66.68819591836734,-8.780995918367339,171.06561999999997,8.780995918367339,171.06561999999997,3.01171363576737,199.0,True
4-9-18_Schnable_49-319-JS117-172_2018-04-11_01-32-29_9972600,10,11.9353,151.463,0.8112775510204102,146.67709999999954,0.1831487543462773,213.3229000000005,89.18872244897959,-11.12402244897959,-4.785900000000453,11.12402244897959,4.785900000000453,1.6262478205236717,96.0,True
4-9-18_Schnable_49-320-JS277-103_2018-04-11_01-34-42_9972700,0,34.1511,27.908,33.31006938775513,38.62329999999997,0.22854109300685854,321.3767,56.68993061224487,-0.8410306122448716,10.715299999999957,0.8410306122448716,10.715299999999957,1.4717351309166884,106.0,True
4-9-18_Schnable_49-320-JS277-103_2018-04-11_01-34-42_9972700,1,38.5521,169.809,49.15842653061223,166.80330000000004,0.3716025291879083,193.19669999999996,40.84157346938777,10.606326530612229,-3.005699999999962,10.606326530612229,3.005699999999962,2.4741334971207225,162.0,True
4-9-18_Schnable_49-320-JS277-103_2018-04-11_01-34-42_9972700,2,39.7694,164.531,31.11325102040817,164.6748,0.17793853959089453,195.3252,58.88674897959183,-8.656148979591826,0.14379999999999882,8.656148979591826,0.14379999999999882,0.9519437688242793,73.0,True
4-9-18_Schnable_49-320-JS277-103_2018-04-11_01-34-42_9972700,3,20.861,-27.7954,24.462197959183683,-34.67690000000002,0.32014461194110927,34.67690000000002,65.53780204081632,3.6011979591836827,-6.881500000000017,3.6011979591836827,6.881500000000017,3.22533417363696,153.0,True
4-9-18_Schnable_49-320-JS277-103_2018-04-11_01-34-42_9972700,4,22.3927,158.583,34.04585714285716,161.67110000000002,0.360413885164034,198.32889999999998,55.95414285714284,11.653157142857157,3.0881000000000256,11.653157142857157,3.0881000000000256,2.0156472667006873,163.0,True
4-9-18_Schnable_49-320-JS277-103_2018-04-11_01-34-42_9972700,5,26.209,-0.740043,15.05131428571427,-19.36609999999999,0.2667406497649321,19.366099999999992,74.94868571428573,-11.15768571428573,-18.626057000000003,11.15768571428573,18.626057000000003,2.057158264821351,130.0,True
4-9-18_Schnable_49-321-JS248-396_2018-04-11_01-36-56_9972800,0,18.1458,40.1722,17.44048163265309,28.42829999999998,0.3049683280861858,331.5717,72.55951836734691,-0.7053183673469121,-11.743900000000025,0.7053183673469121,11.743900000000025,1.218068106628044,146.0,True
4-9-18_Schnable_49-321-JS248-396_2018-04-11_01-36-56_9972800,1,24.2645,-177.999,22.7642918367347,-158.5541,0.41911970056959696,158.5541,67.2357081632653,-1.5002081632653024,19.44489999999999,1.5002081632653024,19.44489999999999,2.2288527327384737,202.0,True
4-9-18_Schnable_49-321-JS248-396_2018-04-11_01-36-56_9972800,2,25.4834,21.6394,17.64628571428571,35.64240000000001,0.3673775914825161,324.3576,72.35371428571429,-7.837114285714289,14.003000000000014,7.837114285714289,14.003000000000014,1.9929914612355568,175.0,True
4-9-18_Schnable_49-321-JS248-396_2018-04-11_01-36-56_9972800,3,33.866,-102.131,21.620791836734696,-164.5642,0.5179586707853557,164.5642,68.3792081632653,-12.245208163265303,-62.4332,12.245208163265303,62.4332,6.310148570126472,250.0,False
4-9-18_Schnable_49-321-JS248-396_2018-04-11_01-36-56_9972800,4,22.7224,48.295,15.821595918367365,19.499900000000025,0.4664531107294805,340.5001,74.17840408163264,-6.900804081632636,-28.79509999999999,6.900804081632636,28.79509999999999,3.892879362554449,226.0,True
4-9-18_Schnable_49-321-JS248-396_2018-04-11_01-36-56_9972800,5,9.99385,15.3014,18.443851020408175,-135.9328,0.5069004280143286,135.9328,71.55614897959182,8.450001020408175,-151.2342,8.450001020408175,151.2342,4.73897171236478,229.0,True
4-9-18_Schnable_49-321-JS248-396_2018-04-11_01-36-56_9972800,6,29.9806,-148.64,9.723081632653077,35.72379999999998,0.5174484343941504,324.2762,80.27691836734692,-20.257518367346922,-175.63620000000003,20.257518367346922,175.63620000000003,6.633768784291795,237.0,False
4-9-18_Schnable_49-323-JS120-175_2018-04-11_01-41-23_9973000,0,40.327,-8.44283,48.088438775510205,-38.80469999999997,0.3331153325059794,38.80469999999998,41.911561224489795,7.761438775510207,-30.361869999999954,7.761438775510207,30.361869999999954,3.0975771248474966,147.0,True
4-9-18_Schnable_49-323-JS120-175_2018-04-11_01-41-23_9973000,1,43.7163,-142.467,57.4108244897959,-171.6389,0.373113463975874,171.6389,32.5891755102041,13.694524489795903,-29.171899999999994,13.694524489795903,29.171899999999994,1.9580959845944192,154.0,True
4-9-18_Schnable_49-323-JS120-175_2018-04-11_01-41-23_9973000,2,30.806,26.1543,35.510797959183684,-9.200099999999992,0.4755414611369587,9.200099999999999,54.489202040816316,4.704797959183683,-35.3544,4.704797959183683,35.3544,3.1055756346780603,210.0,True
4-9-18_Schnable_49-323-JS120-175_2018-04-11_01-41-23_9973000,3,30.0033,-128.166,49.32350612244897,-158.0875,0.46239927613766646,158.0875,40.67649387755103,19.32020612244897,-29.92150000000001,19.32020612244897,29.92150000000001,2.401055990565484,206.0,True
4-9-18_Schnable_49-323-JS120-175_2018-04-11_01-41-23_9973000,4,27.2211,58.5866,20.339291836734688,32.82380000000006,0.5445392369124827,327.17619999999994,69.66070816326531,-6.881808163265312,-25.76279999999994,6.881808163265312,25.76279999999994,7.121047367912969,265.0,False
4-9-18_Schnable_49-323-JS120-175_2018-04-11_01-41-23_9973000,5,36.341,-104.423,33.06192448979593,-138.1279,0.421924558227064,138.1279,56.93807551020407,-3.2790755102040734,-33.70490000000001,3.2790755102040734,33.70490000000001,2.7719335207964937,208.0,True
4-9-18_Schnable_49-323-JS120-175_2018-04-11_01-41-23_9973000,6,34.7202,39.9535,22.67150204081632,21.687099999999987,0.38533925884365333,338.3129,67.32849795918368,-12.048697959183677,-18.266400000000004,12.048697959183677,18.266400000000004,2.9364591657745307,185.0,True
4-9-18_Schnable_49-324-JS247-395_2018-04-11_01-43-36_9973100,0,22.3045,-47.1694,25.77072448979591,-41.84020000000001,0.2684497942466414,41.84020000000001,64.22927551020409,3.466224489795909,5.329199999999986,3.466224489795909,5.329199999999986,1.193201919007576,116.0,True
4-9-18_Schnable_49-324-JS247-395_2018-04-11_01-43-36_9973100,1,19.1181,155.198,17.99417959183674,154.22409999999996,0.32357574570706965,205.77590000000004,72.00582040816326,-1.123920408163258,-0.9739000000000431,1.123920408163258,0.9739000000000431,3.7656434793747042,147.0,True
4-9-18_Schnable_49-324-JS247-395_2018-04-11_01-43-36_9973100,2,21.4938,-25.3689,21.149602040816305,-24.261200000000002,0.3376228406195863,24.2612,68.8503979591837,-0.34419795918369545,1.1076999999999941,0.34419795918369545,1.1076999999999941,2.8490895831748952,149.0,True
4-9-18_Schnable_49-324-JS247-395_2018-04-11_01-43-36_9973100,3,14.9485,165.467,18.091820408163272,172.94330000000002,0.4490246072389725,187.05669999999998,71.90817959183673,3.143320408163273,7.476300000000009,3.143320408163273,7.476300000000009,3.467637239006948,215.0,True
4-9-18_Schnable_49-324-JS247-395_2018-04-11_01-43-36_9973100,4,39.5452,-101.29,15.228832653061232,-100.3859,0.11401766809668244,100.3859,74.77116734693877,-24.31636734693877,0.9040999999999997,24.31636734693877,0.9040999999999997,1.576618989815717,57.0,True
4-9-18_Schnable_49-324-JS247-395_2018-04-11_01-43-36_9973100,5,21.4557,24.379,16.300146938775512,-7.640800000000013,0.3975675412500347,7.6408000000000005,73.69985306122449,-5.155553061224488,-32.01980000000003,5.155553061224488,32.01980000000003,4.112774335828642,181.0,True
4-9-18_Schnable_49-324-JS247-395_2018-04-11_01-43-36_9973100,6,18.8651,168.242,8.967214285714292,-158.2341,0.31753281755098045,158.2341,81.03278571428571,-9.89788571428571,33.523900000000026,9.89788571428571,33.523900000000026,3.1046415998133186,155.0,True
4-9-18_Schnable_49-325-JS117-172_2018-04-11_01-45-49_9973200,0,16.4498,21.7204,9.76536326530612,26.155899999999917,0.14193795258705466,333.8441000000001,80.23463673469388,-6.684436734693879,4.435499999999905,6.684436734693879,4.435499999999905,0.7683305519948702,70.0,True
4-9-18_Schnable_49-325-JS117-172_2018-04-11_01-45-49_9973200,1,16.2666,-105.965,19.737224489795935,-104.86609999999999,0.2429619838994911,104.86609999999999,70.26277551020407,3.4706244897959344,1.0989000000000146,3.4706244897959344,1.0989000000000146,1.4467113514923677,101.0,True
4-9-18_Schnable_49-325-JS117-172_2018-04-11_01-45-49_9973200,2,12.8917,48.5524,8.378348979591834,71.31040000000007,0.2860347734462088,288.6895999999999,81.62165102040817,-4.513351020408166,22.758000000000067,4.513351020408166,22.758000000000067,3.4909600534937746,140.0,True
4-9-18_Schnable_49-325-JS117-172_2018-04-11_01-45-49_9973200,3,16.3051,-79.4926,17.58860612244898,-110.67490000000001,0.29278527011370925,110.67490000000001,72.41139387755102,1.2835061224489799,-31.182299999999998,1.2835061224489799,31.182299999999998,1.5929517558370199,132.0,True
4-9-18_Schnable_49-325-JS117-172_2018-04-11_01-45-49_9973200,4,28.647,15.348,12.151400000000024,58.68790000000001,0.22322812687305205,301.3121,77.84859999999998,-16.495599999999975,43.3399,16.495599999999975,43.3399,2.110871896422145,118.0,True
4-9-18_Schnable_49-325-JS117-172_2018-04-11_01-45-49_9973200,5,32.8492,-76.9143,17.39175102040815,-104.80509999999998,0.2719621860361211,104.80509999999998,72.60824897959185,-15.457448979591852,-27.890799999999984,15.457448979591852,27.890799999999984,1.8048830282131882,123.0,True
4-9-18_Schnable_49-325-JS117-172_2018-04-11_01-45-49_9973200,6,7.89958,2.48258,5.2485857142856815,-11.972100000000012,0.15869834282600795,11.9721,84.75141428571432,-2.6509942857143187,-14.454680000000025,2.6509942857143187,14.454680000000025,1.365099828457355,82.0,True
4-9-18_Schnable_49-326-JS226-358_2018-04-11_01-48-02_9973300,0,39.3689,24.376,38.82156122448979,33.43729999999999,0.3475777110349221,326.5627,51.17843877551021,-0.5473387755102053,9.061299999999989,0.5473387755102053,9.061299999999989,4.398586191556845,155.0,True
4-9-18_Schnable_49-326-JS226-358_2018-04-11_01-48-02_9973300,1,22.383,-121.92,21.854153061224494,-112.8603,0.36741707001424945,112.8603,68.1458469387755,-0.528846938775505,9.05970000000002,0.528846938775505,9.05970000000002,5.292926694404568,176.0,True
4-9-18_Schnable_49-326-JS226-358_2018-04-11_01-48-02_9973300,2,14.3384,-27.4149,0.5174836734693713,-61.51130000000062,0.0800699541480341,61.51130000000062,89.48251632653063,-13.820916326530629,-34.096400000000614,13.820916326530629,34.096400000000614,1.3900998947960879,41.0,True
4-9-18_Schnable_49-326-JS226-358_2018-04-11_01-48-02_9973300,3,40.822,25.5831,36.54851836734695,25.36880000000008,0.4690260939419222,334.6311999999999,53.45148163265305,-4.273481632653052,-0.21429999999992333,4.273481632653052,0.21429999999992333,5.497963446114818,220.0,False
4-9-18_Schnable_49-326-JS226-358_2018-04-11_01-48-02_9973300,4,9.83493,-119.557,8.782479591836747,-136.61930000000004,0.44150482739151403,136.61930000000004,81.21752040816325,-1.0524504081632529,-17.06230000000005,1.0524504081632529,17.06230000000005,6.534154604628875,209.0,False
4-9-18_Schnable_49-326-JS226-358_2018-04-11_01-48-02_9973300,5,39.0219,3.04545,31.163220408163284,33.96590000000003,0.5445867573786775,326.03409999999997,58.83677959183672,-7.858679591836719,30.920450000000045,7.858679591836719,30.920450000000045,3.4220934433749814,260.0,True
4-9-18_Schnable_49-326-JS226-358_2018-04-11_01-48-02_9973300,6,61.3898,49.572,46.73020408163256,45.555000000000064,0.14808623953004926,314.44499999999994,43.26979591836744,-14.659595918367444,-4.016999999999939,14.659595918367444,4.016999999999939,1.3782292056306693,68.0,True
4-9-18_Schnable_49-326-JS226-358_2018-04-11_01-48-02_9973300,7,48.8677,20.1287,26.93218571428573,44.6379,0.5793817323702989,315.3621,63.06781428571427,-21.93551428571427,24.509199999999993,21.93551428571427,24.509199999999993,5.586039041700837,280.0,False
4-9-18_Schnable_49-326-JS226-358_2018-04-11_01-48-02_9973300,8,47.9198,-161.635,23.448538775510116,143.44730000000004,0.2175202416619472,216.5527,66.55146122448988,-24.471261224489886,-54.91769999999997,24.471261224489886,54.91769999999997,1.5051889646077523,97.0,True
4-9-18_Schnable_49-326-JS226-358_2018-04-11_01-48-02_9973300,9,39.1924,123.179,47.72953061224492,-170.581,0.22476539112311206,170.581,42.27046938775508,8.537130612244923,66.24000000000001,8.537130612244923,66.24000000000001,1.158685077050538,109.0,True
4-9-18_Schnable_49-327-JS88-125_2018-04-11_01-50-21_9973400,0,173.416,143.489,32.37929795918368,-145.59539999999998,0.3352587379077106,325.5954,57.62070204081632,-141.03670204081632,70.91560000000004,141.03670204081632,70.91560000000004,,,False
4-9-18_Schnable_49-327-JS88-125_2018-04-11_01-50-21_9973400,1,26.6074,34.4153,35.99532244897959,44.28659999999999,0.42790161235958163,135.7134,54.00467755102041,9.387922448979594,9.87129999999999,9.387922448979594,9.87129999999999,1.6446905306053428,155.0,True
4-9-18_Schnable_49-327-JS88-125_2018-04-11_01-50-21_9973400,2,34.4677,-133.198,27.949242857142842,-155.6012,0.47277517709393024,335.6012,62.05075714285716,-6.518457142857159,-22.4032,6.518457142857159,22.4032,9.167658333643761,183.0,False
4-9-18_Schnable_49-327-JS88-125_2018-04-11_01-50-21_9973400,3,29.6436,24.4303,2.368414285714266,-101.07399999999996,0.07603902564597154,281.07399999999996,87.63158571428573,-27.275185714285733,-125.50429999999996,27.275185714285733,125.50429999999996,4.97154888159554,223.0,True
4-9-18_Schnable_49-327-JS88-125_2018-04-11_01-50-21_9973400,4,25.1344,67.7806,22.859375510204075,9.266899999999993,0.5008722701232113,170.7331,67.14062448979593,-2.275024489795925,-58.513700000000014,2.275024489795925,58.513700000000014,0.6579949913548911,38.0,True
4-9-18_Schnable_49-327-JS88-125_2018-04-11_01-50-21_9973400,5,32.0728,-149.434,22.002177551020395,-171.10989999999993,0.49895805717760205,351.1098999999999,67.9978224489796,-10.070622448979606,-21.675899999999928,10.070622448979606,21.675899999999928,7.1129389462777155,240.0,False
4-9-18_Schnable_49-327-JS88-125_2018-04-11_01-50-21_9973400,6,26.7348,0.247752,16.50712653061227,-6.213399999999979,0.49934759497801495,186.2134,73.49287346938773,-10.227673469387732,-6.46115199999997,10.227673469387732,6.46115199999997,3.42400789050347,232.0,True
4-9-18_Schnable_49-327-JS88-125_2018-04-11_01-50-21_9973400,7,18.933,-137.052,27.567575510204065,-156.82170000000002,0.43479812915431076,336.8217,62.432424489795935,8.634575510204066,-19.76970000000003,8.634575510204066,19.76970000000003,6.724012106816341,232.0,False
4-9-18_Schnable_49-328-JS31-1-53_2018-04-11_01-52-35_9973500,0,27.211,0.101657,25.04918775510204,-3.0249000000000024,0.2753332848722742,3.0248999999999993,64.95081224489796,-2.161812244897959,-3.126556999999991,2.161812244897959,3.126556999999991,2.6968898704340503,122.0,True
4-9-18_Schnable_49-328-JS31-1-53_2018-04-11_01-52-35_9973500,1,25.8796,177.042,18.11370612244899,-176.61970000000002,0.18455535529991457,176.61970000000002,71.88629387755101,-7.765893877551012,6.338300000000004,7.765893877551012,6.338300000000004,1.6064865694959296,84.0,True
4-9-18_Schnable_49-328-JS31-1-53_2018-04-11_01-52-35_9973500,2,22.0969,-4.30688,18.927542857142882,-21.808599999999984,0.25509832775160046,21.80859999999999,71.07245714285712,-3.1693571428571197,-17.501719999999978,3.1693571428571197,17.501719999999978,2.027291789952753,115.0,True
4-9-18_Schnable_49-328-JS31-1-53_2018-04-11_01-52-35_9973500,3,20.7405,-153.206,16.271938775510208,-170.1012,0.2540686772810237,170.1012,73.72806122448979,-4.468561224489793,-16.895200000000017,4.468561224489793,16.895200000000017,1.56383322305276,123.0,True
4-9-18_Schnable_49-328-JS31-1-53_2018-04-11_01-52-35_9973500,4,16.6581,-9.48788,14.385167346938786,-27.998500000000035,0.2592271273228091,27.99850000000002,75.61483265306121,-2.272932653061215,-18.510620000000046,2.272932653061215,18.510620000000046,1.0992377612397108,122.0,True
4-9-18_Schnable_49-328-JS31-1-53_2018-04-11_01-52-35_9973500,5,22.8828,-177.848,12.651189795918356,-167.02739999999997,0.22441116819547,167.02739999999997,77.34881020408164,-10.231610204081644,10.820600000000042,10.231610204081644,10.820600000000042,1.7261405920261434,114.0,True
4-9-18_Schnable_49-329-JS116-171_2018-04-11_01-54-47_9973600,0,32.3439,-19.8407,14.963579591836734,-28.181399999999996,0.1918856518261835,28.1814,75.03642040816327,-17.380320408163264,-8.340699999999998,17.380320408163264,8.340699999999998,3.021994448702092,83.0,True
4-9-18_Schnable_49-329-JS116-171_2018-04-11_01-54-47_9973600,1,60.3325,163.483,40.09476734693882,173.87840000000006,0.12059251391696418,186.12159999999997,49.90523265306118,-20.23773265306118,10.395400000000052,20.23773265306118,10.395400000000052,1.1888404395799184,55.0,True
4-9-18_Schnable_49-329-JS116-171_2018-04-11_01-54-47_9973600,2,57.9952,166.852,14.927489795918405,-178.40850000000003,0.08082684366681393,178.40850000000003,75.0725102040816,-43.06771020408159,14.739499999999964,43.06771020408159,14.739499999999964,1.095802266073899,39.0,True
4-9-18_Schnable_49-329-JS116-171_2018-04-11_01-54-47_9973600,3,34.1313,29.949,34.57778979591839,34.823800000000006,0.27808362471728004,325.1762,55.42221020408161,0.44648979591838867,4.874799999999993,0.44648979591838867,4.874799999999993,4.989690374680757,133.0,True
4-9-18_Schnable_49-329-JS116-171_2018-04-11_01-54-47_9973600,4,36.1545,170.2,43.93418775510207,172.51,0.30026729376879624,187.48999999999998,46.06581224489793,7.779687755102074,2.3100000000000023,7.779687755102074,2.3100000000000023,1.3435424656204569,135.0,True
4-9-18_Schnable_49-329-JS116-171_2018-04-11_01-54-47_9973600,5,28.1396,5.01679,29.1070448979592,6.185799999999972,0.40814475815577056,353.8142,60.8929551020408,0.9674448979591972,1.1690099999999575,0.9674448979591972,1.1690099999999575,2.9457953722547856,200.0,True
4-9-18_Schnable_49-329-JS116-171_2018-04-11_01-54-47_9973600,6,36.677,156.19,23.027971428571433,150.37279999999998,0.35710536930524767,209.6272,66.97202857142857,-13.649028571428566,-5.817200000000014,13.649028571428566,5.817200000000014,5.2281348235985,169.0,True
4-9-18_Schnable_49-329-JS116-171_2018-04-11_01-54-47_9973600,7,33.5376,168.565,22.59095510204081,-175.755,0.2018771537747288,175.755,67.40904489795919,-10.946644897959189,15.680000000000007,10.946644897959189,15.680000000000007,1.701839252917076,105.0,True
4-9-18_Schnable_49-329-JS116-171_2018-04-11_01-54-47_9973600,8,32.8604,-14.2878,23.181530612244927,-40.383999999999986,0.2864507639858534,40.383999999999986,66.81846938775507,-9.678869387755071,-26.096199999999982,9.678869387755071,26.096199999999982,2.8125719483697167,121.0,True
4-9-18_Schnable_49-330-JS27-47_2018-04-11_01-57-01_9973700,0,34.0355,-160.234,31.459138775510198,-165.4393,0.20001514674879897,165.4393,58.5408612244898,-2.5763612244898013,-5.205299999999994,2.5763612244898013,5.205299999999994,1.3646476598736033,90.0,True
4-9-18_Schnable_49-330-JS27-47_2018-04-11_01-57-01_9973700,1,17.3824,-156.135,0.07356326530616286,-145.1936999999957,0.0553381470226088,145.1936999999957,89.92643673469384,-17.308836734693838,10.941300000004304,17.308836734693838,10.941300000004304,0.7904258554576009,26.0,True
4-9-18_Schnable_49-330-JS27-47_2018-04-11_01-57-01_9973700,2,35.1273,74.383,29.439828571428578,72.99849999999998,0.28302481729347007,287.0015,60.56017142857142,-5.6874714285714205,-1.3845000000000027,5.6874714285714205,1.3845000000000027,4.478787814961115,123.0,True
4-9-18_Schnable_49-330-JS27-47_2018-04-11_01-57-01_9973700,3,30.134,-113.56,33.71852857142857,-121.22380000000001,0.2965594312167769,121.22380000000001,56.28147142857143,3.584528571428571,-7.663800000000009,3.584528571428571,7.663800000000009,2.6409091986093274,131.0,True
4-9-18_Schnable_49-330-JS27-47_2018-04-11_01-57-01_9973700,4,23.0838,57.322,31.224736734693877,57.288599999999974,0.33766264086372094,302.7114,58.77526326530612,8.140936734693877,-0.03340000000002874,8.140936734693877,0.03340000000002874,3.0557267078277266,144.0,True
4-9-18_Schnable_49-330-JS27-47_2018-04-11_01-57-01_9973700,5,22.2861,-146.446,27.93749591836736,-128.9464,0.35431684265899155,128.9464,62.06250408163264,5.65139591836736,17.499599999999987,5.65139591836736,17.499599999999987,2.4589663860959954,176.0,True
4-9-18_Schnable_49-330-JS27-47_2018-04-11_01-57-01_9973700,6,17.7073,70.1915,13.413455102040828,-93.8751,0.1866800353534204,93.8751,76.58654489795917,-4.293844897959172,-164.0666,4.293844897959172,164.0666,1.1688851881117135,90.0,True
4-9-18_Schnable_49-330-JS27-47_2018-04-11_01-57-01_9973700,7,24.4461,-107.885,7.344514285714297,31.861600000000067,0.3214809428502366,328.13839999999993,82.6554857142857,-17.101585714285704,139.74660000000006,17.101585714285704,139.74660000000006,2.517848183363642,144.0,True
4-9-18_Schnable_49-331-JS267-426_2018-04-11_01-59-14_9973800,0,29.2309,105.639,40.39822040816329,111.6363,0.07608488759488974,248.3637,49.60177959183671,11.167320408163292,5.997299999999996,11.167320408163292,5.997299999999996,1.3860829867973246,34.0,True
4-9-18_Schnable_49-331-JS267-426_2018-04-11_01-59-14_9973800,1,39.4775,104.057,36.87908571428572,103.9624,0.3794085578609812,256.0376,53.12091428571428,-2.598414285714277,-0.094600000000014,2.598414285714277,0.094600000000014,3.6549227215958857,164.0,True
4-9-18_Schnable_49-331-JS267-426_2018-04-11_01-59-14_9973800,2,28.875,-69.0125,30.334397959183683,-67.2887,0.41157813683434274,67.2887,59.66560204081632,1.4593979591836828,1.723799999999983,1.4593979591836828,1.723799999999983,3.82001817002069,189.0,True
4-9-18_Schnable_49-331-JS267-426_2018-04-11_01-59-14_9973800,3,31.8182,83.221,22.817489795918362,101.40640000000002,0.23436026080620226,258.5936,67.18251020408164,-9.000710204081638,18.185400000000016,9.000710204081638,18.185400000000016,2.018594016628967,107.0,True
4-9-18_Schnable_49-331-JS267-426_2018-04-11_01-59-14_9973800,4,48.5861,143.381,0.7409816326530603,40.53369999999995,0.3405076005897876,319.46630000000005,89.25901836734694,-47.84511836734694,-102.84730000000005,47.84511836734694,102.84730000000005,5.132599561344904,165.0,True
4-9-18_Schnable_49-331-JS267-426_2018-04-11_01-59-14_9973800,5,55.5759,-167.874,31.120220408163256,-67.1509,0.3357593407514562,67.1509,58.879779591836744,-24.45567959183674,100.72309999999999,24.45567959183674,100.72309999999999,2.7193743537843145,168.0,True
4-9-18_Schnable_49-331-JS267-426_2018-04-11_01-59-14_9973800,6,46.6281,-79.2162,36.069181632653056,-159.6316,0.3093639190517216,159.6316,53.930818367346944,-10.558918367346948,-80.41539999999999,10.558918367346948,80.41539999999999,0.8279823134430833,127.0,True
4-9-18_Schnable_49-333-JS59-3-88_2018-04-11_02-03-41_9974000,0,175.493,-118.291,5.62244897959188,-1.1574999999999989,0.01863432694311174,1.1574999999999989,84.37755102040812,-169.87055102040813,117.13350000000003,169.87055102040813,117.13350000000003,0.96968385918647,5.0,False
4-9-18_Schnable_49-333-JS59-3-88_2018-04-11_02-03-41_9974000,1,29.5715,16.5139,33.272271428571436,16.644999999999982,0.2657294812587059,343.355,56.727728571428564,3.7007714285714357,0.13109999999997513,3.7007714285714357,0.13109999999997513,1.2927424117395903,123.0,True
4-9-18_Schnable_49-333-JS59-3-88_2018-04-11_02-03-41_9974000,2,25.3176,120.277,30.800193877551024,121.2887,0.42738215466654206,238.7113,59.199806122448976,5.482593877551025,1.011700000000019,5.482593877551025,1.011700000000019,5.669214930133911,187.0,False
4-9-18_Schnable_49-333-JS59-3-88_2018-04-11_02-03-41_9974000,3,22.4001,-4.91801,31.185328571428585,9.924300000000017,0.4765274646818315,350.0757,58.814671428571415,8.785228571428586,14.842310000000026,8.785228571428586,14.842310000000026,3.0226835626644513,221.0,True
4-9-18_Schnable_49-333-JS59-3-88_2018-04-11_02-03-41_9974000,4,26.9872,94.9231,26.445634693877544,124.93860000000006,0.5179103663079969,235.06139999999994,63.554365306122456,-0.5415653061224575,30.01550000000006,0.5415653061224575,30.01550000000006,7.5180170687204475,236.0,False
4-9-18_Schnable_49-333-JS59-3-88_2018-04-11_02-03-41_9974000,5,30.6925,-25.5039,23.968234693877548,-4.258299999999991,0.5704625703970484,4.2583,66.03176530612245,-6.724265306122451,21.245600000000024,6.724265306122451,21.245600000000024,4.2351740283302,252.0,True
4-9-18_Schnable_49-333-JS59-3-88_2018-04-11_02-03-41_9974000,6,56.2879,105.364,17.764426530612255,68.60990000000004,0.48309532808081435,291.39009999999996,72.23557346938775,-38.523473469387746,-36.754099999999966,38.523473469387746,36.754099999999966,2.823982339471249,231.0,True
4-9-18_Schnable_49-333-JS59-3-88_2018-04-11_02-03-41_9974000,7,17.697,-13.8761,15.783195918367369,-31.100900000000024,0.403616195218942,31.10090000000001,74.21680408163263,-1.9138040816326303,-17.224800000000016,1.9138040816326303,17.224800000000016,2.837781730446653,189.0,True
4-9-18_Schnable_49-333-JS59-3-88_2018-04-11_02-03-41_9974000,8,27.6687,-169.568,14.752379591836743,-170.4625,0.21502591723110048,170.4625,75.24762040816326,-12.916320408163259,-0.8944999999999936,12.916320408163259,0.8944999999999936,2.31479842433634,104.0,True
4-9-18_Schnable_49-334-JS171-247_2018-04-11_02-05-54_9974100,0,22.8377,-33.8756,22.83944081632653,-38.309799999999996,0.35060471885467176,38.30980000000001,67.16055918367347,0.0017408163265280052,-4.434200000000004,0.0017408163265280052,4.434200000000004,2.1371737027294104,160.0,True
4-9-18_Schnable_49-334-JS171-247_2018-04-11_02-05-54_9974100,1,37.0992,162.505,34.41892448979591,157.70960000000002,0.43617839869913316,202.29039999999998,55.58107551020409,-2.6802755102040905,-4.795399999999972,2.6802755102040905,4.795399999999972,2.929998341002353,195.0,True
4-9-18_Schnable_49-334-JS171-247_2018-04-11_02-05-54_9974100,2,25.0043,-90.6854,17.828057142857133,-55.8082,0.3897116631685035,55.8082,72.17194285714287,-7.176242857142867,34.877200000000016,7.176242857142867,34.877200000000016,4.20000295262486,172.0,True
4-9-18_Schnable_49-334-JS171-247_2018-04-11_02-05-54_9974100,3,36.1325,178.22,34.309869387755114,168.03270000000003,0.47650204058962553,191.96729999999997,55.690130612244886,-1.822630612244886,-10.187299999999965,1.822630612244886,10.187299999999965,4.308734115964503,223.0,True
4-9-18_Schnable_49-334-JS171-247_2018-04-11_02-05-54_9974100,4,23.6638,-57.583,11.473757142857139,-14.126500000000021,0.5139370435911623,14.126500000000009,78.52624285714286,-12.19004285714286,43.45649999999998,12.19004285714286,43.45649999999998,4.906857657879452,242.0,True
4-9-18_Schnable_49-334-JS171-247_2018-04-11_02-05-54_9974100,5,30.4277,117.674,9.232369387755142,136.02650000000006,0.13395158541416347,223.97349999999994,80.76763061224486,-21.19533061224486,18.35250000000005,21.19533061224486,18.35250000000005,0.9083546664237387,68.0,True
4-9-18_Schnable_49-334-JS171-247_2018-04-11_02-05-54_9974100,6,54.1147,179.252,40.82843469387748,161.33979999999997,0.34763310357838295,198.6602,49.17156530612252,-13.286265306122516,-17.91220000000004,13.286265306122516,17.91220000000004,4.192368454004419,157.0,True
4-9-18_Schnable_49-334-JS171-247_2018-04-11_02-05-54_9974100,7,25.5535,94.5462,20.421391836734728,112.76610000000005,0.22235550062324042,247.23389999999998,69.57860816326527,-5.132108163265272,18.219900000000052,5.132108163265272,18.219900000000052,2.42899213714982,98.0,True
4-9-18_Schnable_49-334-JS171-247_2018-04-11_02-05-54_9974100,8,59.5563,29.0113,85.0164816326534,-31.773500000000013,0.08865627604694278,31.773500000000013,4.983518367346602,25.460181632653395,-60.78480000000002,25.460181632653395,60.78480000000002,1.9200666624746792,43.0,True
4-9-18_Schnable_49-334-JS171-247_2018-04-11_02-05-54_9974100,9,72.6314,-27.7425,54.93183673469378,16.1789,0.19410243233676813,343.8211,35.06816326530622,-17.699563265306217,43.921400000000006,17.699563265306217,43.921400000000006,2.0808343929408832,92.0,True
4-9-18_Schnable_49-335-JS161-231_2018-04-11_02-08-08_9974200,0,43.5798,-33.1624,28.427057142857137,-24.558700000000016,0.2323360777979996,24.558700000000012,61.57294285714286,-15.152742857142862,8.603699999999975,15.152742857142862,8.603699999999975,2.449544372611092,118.0,True
4-9-18_Schnable_49-335-JS161-231_2018-04-11_02-08-08_9974200,1,7.01512,133.105,14.431746938775504,-162.6176,0.2980102674259455,162.6176,75.5682530612245,7.416626938775504,64.2774,7.416626938775504,64.2774,2.166665372261353,142.0,True
4-9-18_Schnable_49-335-JS161-231_2018-04-11_02-08-08_9974200,2,18.3848,-101.894,1.2939714285714246,-71.94740000000002,0.07159343590263835,71.94740000000002,88.70602857142858,-17.090828571428574,29.94659999999999,17.090828571428574,29.94659999999999,0.902870780473076,22.0,True
4-9-18_Schnable_49-335-JS161-231_2018-04-11_02-08-08_9974200,3,37.1509,-29.4738,29.448167346938774,-20.39590000000001,0.29165870420892465,20.395900000000005,60.551832653061226,-7.702732653061226,9.0779,7.702732653061226,9.0779,3.480759179391677,142.0,True
4-9-18_Schnable_49-335-JS161-231_2018-04-11_02-08-08_9974200,4,14.235,80.5219,8.212093877551027,137.6914,0.3457994820999426,222.3086,81.78790612244897,-6.022906122448973,57.16949999999997,6.022906122448973,57.16949999999997,4.489463711841727,158.0,True
4-9-18_Schnable_49-335-JS161-231_2018-04-11_02-08-08_9974200,5,47.769,-56.2611,31.513459183673447,-34.445899999999995,0.3620369099558223,34.445899999999995,58.48654081632655,-16.25554081632655,21.815200000000004,16.25554081632655,21.815200000000004,4.239570085160815,175.0,True
4-9-18_Schnable_49-335-JS161-231_2018-04-11_02-08-08_9974200,6,46.5937,-80.6379,6.7011877551020405,-39.28529999999998,0.19240716416265555,39.28529999999997,83.29881224489796,-39.89251224489796,41.352600000000024,39.89251224489796,41.352600000000024,1.9504530720343933,89.0,True
4-9-18_Schnable_49-335-JS161-231_2018-04-11_02-08-08_9974200,7,40.689,-46.5082,8.765428571428586,158.65789999999998,0.2481263566000791,201.34210000000002,81.23457142857141,-31.923571428571414,-154.83390000000003,31.923571428571414,154.83390000000003,1.161856752158985,115.0,True
4-9-18_Schnable_49-335-JS161-231_2018-04-11_02-08-08_9974200,8,17.1526,103.343,19.52805510204081,-60.544399999999996,0.4699893941814487,60.5444,70.47194489795919,2.37545510204081,-163.8874,2.37545510204081,163.8874,10.186242234233747,216.0,False
4-9-18_Schnable_49-335-JS161-231_2018-04-11_02-08-08_9974200,9,8.85557,-177.835,22.102206122448976,-151.0783,0.23254520572247325,151.0783,67.89779387755102,13.246636122448976,26.756699999999995,13.246636122448976,26.756699999999995,1.398426952462715,111.0,True
4-9-18_Schnable_49-335-JS161-231_2018-04-11_02-08-08_9974200,10,62.8467,-152.139,5.597544897959182,-115.75710000000001,0.4680568987895234,115.75710000000001,84.40245510204082,-57.24915510204082,36.3819,57.24915510204082,36.3819,7.737516945985501,230.0,False
4-9-18_Schnable_49-336-JS41-2-68_2018-04-11_02-10-21_9974300,0,23.5014,14.2194,28.265126530612257,14.430300000000045,0.2444460002018923,345.56969999999995,61.73487346938774,4.7637265306122565,0.21090000000003783,4.7637265306122565,0.21090000000003783,1.2938967968998005,109.0,True
4-9-18_Schnable_49-336-JS41-2-68_2018-04-11_02-10-21_9974300,1,90.0245,-159.421,95.62244897959184,-150.7075,0.16030750548719858,150.7075,-5.622448979591842,5.597948979591834,8.713499999999982,5.597948979591834,8.713499999999982,4.059817344826825,80.0,True
4-9-18_Schnable_49-336-JS41-2-68_2018-04-11_02-10-21_9974300,2,51.8127,-4.22142,6.6224489795918515,5.265899999999931,0.09084269402920839,354.73410000000007,83.37755102040815,-45.19025102040815,9.487319999999926,45.19025102040815,9.487319999999926,3.427623101173305,40.0,True
4-9-18_Schnable_49-336-JS41-2-68_2018-04-11_02-10-21_9974300,3,57.2674,-158.257,56.194242857142896,-154.6299,0.1542989679937145,154.6299,33.805757142857104,-1.0731571428571058,3.627100000000013,1.0731571428571058,3.627100000000013,1.0037188497318783,68.0,True
4-9-18_Schnable_49-336-JS41-2-68_2018-04-11_02-10-21_9974300,4,41.6701,-178.564,36.49814693877553,-172.73329999999999,0.3421833307055948,172.73329999999999,53.50185306122447,-5.171953061224471,5.830700000000007,5.171953061224471,5.830700000000007,5.013375768851195,157.0,True
4-9-18_Schnable_49-336-JS41-2-68_2018-04-11_02-10-21_9974300,5,24.1758,-3.65423,8.088836734693885,-29.49339999999998,0.2971022666940281,29.493399999999987,81.91116326530612,-16.086963265306114,-25.839169999999967,16.086963265306114,25.839169999999967,2.544837310727287,139.0,True
4-9-18_Schnable_49-336-JS41-2-68_2018-04-11_02-10-21_9974300,6,26.0021,-165.708,22.356289795918343,-176.2967,0.19082596578617292,176.2967,67.64371020408166,-3.6458102040816556,-10.588699999999989,3.6458102040816556,10.588699999999989,1.0399692027432546,94.0,True
4-9-18_Schnable_49-336-JS41-2-68_2018-04-11_02-10-21_9974300,7,63.2758,-45.2918,43.156444897959126,-40.795199999999994,0.1381505466230676,40.79519999999999,46.843555102040874,-20.11935510204087,4.496600000000001,20.11935510204087,4.496600000000001,0.7553004890500986,68.0,True
4-9-18_Schnable_49-336-JS41-2-68_2018-04-11_02-10-21_9974300,8,59.5043,-13.1569,41.88204081632644,-16.693099999999987,0.13427739009581507,16.693099999999994,48.11795918367356,-17.622259183673563,-3.5361999999999796,17.622259183673563,3.5361999999999796,0.9587983132074152,65.0,True
4-9-18_Schnable_49-337-JS122-179_2018-04-11_02-12-35_9974400,0,38.3174,172.116,50.41489387755104,169.14779999999996,0.3236444108359024,190.8522,39.58510612244896,12.097493877551038,-2.968200000000053,12.097493877551038,2.968200000000053,2.57569635047496,148.0,True
4-9-18_Schnable_49-337-JS122-179_2018-04-11_02-12-35_9974400,1,38.3167,-12.3918,45.11462448979594,-20.212199999999996,0.29443608613092076,20.21219999999999,44.88537551020406,6.797924489795946,-7.8204000000000065,6.797924489795946,7.8204000000000065,2.02617507624628,137.0,True
4-9-18_Schnable_49-337-JS122-179_2018-04-11_02-12-35_9974400,2,26.7034,173.972,37.91713265306124,168.3275,0.3954610481352112,191.67249999999999,52.08286734693876,11.21373265306124,-5.644500000000022,11.21373265306124,5.644500000000022,3.9139736942579413,173.0,True
4-9-18_Schnable_49-337-JS122-179_2018-04-11_02-12-35_9974400,3,28.8355,-31.3784,30.39141428571429,-13.040099999999995,0.34918612205232397,13.040099999999999,59.60858571428571,1.555914285714291,18.338300000000004,1.555914285714291,18.338300000000004,2.006760439482401,149.0,True
4-9-18_Schnable_49-337-JS122-179_2018-04-11_02-12-35_9974400,4,27.1831,157.02,24.139722448979597,151.83529999999996,0.47183120691828606,208.1647,65.8602775510204,-3.043377551020402,-5.184700000000049,3.043377551020402,5.184700000000049,4.543926996289627,222.0,True
4-9-18_Schnable_49-337-JS122-179_2018-04-11_02-12-35_9974400,5,13.9445,116.247,12.03015918367349,-17.996099999999984,0.3385970348942482,17.99609999999999,77.96984081632651,-1.9143408163265097,-134.24309999999997,1.9143408163265097,134.24309999999997,2.8255823343223074,165.0,True
4-9-18_Schnable_49-337-JS122-179_2018-04-11_02-12-35_9974400,6,20.0441,8.35618,14.430179591836776,132.5168,0.2842884725881011,227.4832,75.56982040816322,-5.613920408163224,124.16062,5.613920408163224,124.16062,2.3278622628013177,142.0,True
4-9-18_Schnable_49-338-JS181-271_2018-04-11_02-14-49_9974500,0,38.1315,102.568,53.21704489795918,-17.20550000000003,0.27643045426721785,197.20549999999997,36.78295510204082,15.085544897959174,-119.77350000000003,15.085544897959174,119.77350000000003,2.2833485135908638,134.0,True
4-9-18_Schnable_49-338-JS181-271_2018-04-11_02-14-49_9974500,1,31.455,-39.008,18.751769387755118,167.78730000000002,0.32997033682985744,12.212699999999998,71.24823061224488,-12.70323061224488,-153.2047,12.70323061224488,153.2047,2.5893914445597392,157.0,True
4-9-18_Schnable_49-338-JS181-271_2018-04-11_02-14-49_9974500,2,39.9441,117.863,52.87256530612245,-24.89930000000004,0.16584929482530478,204.8993,37.12743469387755,12.928465306122455,-142.76230000000004,12.928465306122455,142.76230000000004,0.6627058780944572,76.0,True
4-9-18_Schnable_49-338-JS181-271_2018-04-11_02-14-49_9974500,3,21.8024,-13.157,55.87902653061224,-12.521999999999935,0.4464100716124912,192.52199999999996,34.12097346938776,34.07662653061224,0.6350000000000762,34.07662653061224,0.6350000000000762,2.344690055625391,206.0,True
4-9-18_Schnable_49-338-JS181-271_2018-04-11_02-14-49_9974500,4,33.4782,126.878,14.005081632653088,103.745,0.39253155722066047,76.255,75.99491836734691,-19.473118367346913,-23.13299999999998,19.473118367346913,23.13299999999998,5.340736028864304,189.0,True
4-9-18_Schnable_49-338-JS181-271_2018-04-11_02-14-49_9974500,5,25.29,-61.8198,40.73432653061227,25.048900000000003,0.40965660250996094,154.9511,49.26567346938773,15.444326530612273,86.86869999999999,15.444326530612273,86.86869999999999,8.740369969083245,185.0,False
4-9-18_Schnable_49-339-JS22-37_2018-04-11_02-17-02_9974600,0,12.8906,26.9495,16.104002040816326,24.162600000000054,0.2417863731503122,335.83739999999995,73.89599795918367,3.2134020408163266,-2.786899999999946,3.2134020408163266,2.786899999999946,1.6535331358337308,97.0,True
4-9-18_Schnable_49-339-JS22-37_2018-04-11_02-17-02_9974600,1,35.6325,115.916,32.620914285714285,125.8612,0.25994252144337326,234.1388,57.379085714285715,-3.011585714285715,9.9452,3.011585714285715,9.9452,2.201682691223011,105.0,True
4-9-18_Schnable_49-339-JS22-37_2018-04-11_02-17-02_9974600,2,38.1867,-37.7665,32.053073469387755,-33.705600000000004,0.16833229589101645,33.70559999999999,57.946926530612245,-6.133626530612247,4.060900000000004,6.133626530612247,4.060900000000004,1.9271779802234985,79.0,True
4-9-18_Schnable_49-339-JS22-37_2018-04-11_02-17-02_9974600,3,11.2236,-31.7829,16.751016326530603,-29.629400000000004,0.2182610338145952,29.629400000000015,73.2489836734694,5.527416326530604,2.153500000000008,5.527416326530604,2.153500000000008,1.5250504815488795,101.0,True
4-9-18_Schnable_49-339-JS22-37_2018-04-11_02-17-02_9974600,4,26.8242,179.01,21.38961428571436,168.3175,0.14126362980290771,191.6825,68.61038571428564,-5.434585714285642,-10.692499999999995,5.434585714285642,10.692499999999995,1.1705363292161772,66.0,True
4-9-18_Schnable_49-341-JS117-172_2018-04-11_02-21-30_9974800,0,21.3794,105.18,7.497759183673452,121.76670000000007,0.13248615813319245,238.23329999999993,82.50224081632655,-13.881640816326549,16.586700000000064,13.881640816326549,16.586700000000064,2.177935324037526,61.0,True
4-9-18_Schnable_49-341-JS117-172_2018-04-11_02-21-30_9974800,1,15.7075,165.07,14.1411836734694,-149.09489999999997,0.22486939686001872,149.09489999999997,75.8588163265306,-1.5663163265306004,45.83510000000001,1.5663163265306004,45.83510000000001,1.462215148071051,104.0,True
4-9-18_Schnable_49-341-JS117-172_2018-04-11_02-21-30_9974800,2,11.4416,36.8694,4.792720408163262,13.459299999999928,0.28574340566608086,346.5407000000001,85.20727959183674,-6.648879591836737,-23.410100000000057,6.648879591836737,23.410100000000057,4.19610138048816,125.0,True
4-9-18_Schnable_49-341-JS117-172_2018-04-11_02-21-30_9974800,3,11.9669,177.177,11.902095918367337,-148.61320000000003,0.24769592216423225,148.61320000000003,78.09790408163266,-0.06480408163266382,34.20979999999997,0.06480408163266382,34.20979999999997,4.343964368041465,121.0,True
4-9-18_Schnable_49-341-JS117-172_2018-04-11_02-21-30_9974800,4,22.5581,29.9471,17.674004081632646,36.71799999999996,0.3530648975980514,323.28200000000004,72.32599591836735,-4.884095918367354,6.770899999999955,4.884095918367354,6.770899999999955,3.490979736490728,173.0,True
4-9-18_Schnable_49-341-JS117-172_2018-04-11_02-21-30_9974800,5,24.1885,-162.583,19.908963265306127,-163.0854,0.4104454664132083,163.0854,70.09103673469387,-4.279536734693874,-0.5023999999999944,4.279536734693874,0.5023999999999944,4.8250310964607195,181.0,True
4-9-18_Schnable_49-341-JS117-172_2018-04-11_02-21-30_9974800,6,32.2138,19.1019,7.418544897959194,-164.52390000000005,0.17400755375800103,164.52390000000005,82.5814551020408,-24.795255102040805,176.37419999999997,24.795255102040805,176.37419999999997,1.3018129454104168,83.0,True
4-9-18_Schnable_49-341-JS117-172_2018-04-11_02-21-30_9974800,7,15.8305,174.798,11.53402448979594,4.57729999999998,0.3213780972078665,355.4227,78.46597551020406,-4.296475510204061,-170.22070000000002,4.296475510204061,170.22070000000002,2.23946379463189,166.0,True
4-9-18_Schnable_49-342-JS249-400_2018-04-11_02-23-44_9974900,0,31.062,-2.04646,27.040991836734676,-20.008099999999985,0.31999749770999836,20.008099999999995,62.959008163265324,-4.021008163265325,-17.96163999999999,4.021008163265325,17.96163999999999,4.7942116086796105,142.0,True
4-9-18_Schnable_49-342-JS249-400_2018-04-11_02-23-44_9974900,1,24.3494,49.3314,27.130648979591818,152.99780000000004,0.3759221246489564,207.00219999999996,62.86935102040818,2.781248979591819,103.66640000000007,2.781248979591819,103.66640000000007,2.5086819639811084,170.0,True
4-9-18_Schnable_49-342-JS249-400_2018-04-11_02-23-44_9974900,2,28.0356,170.512,27.235014285714243,157.27830000000017,0.016814400940211402,202.72169999999986,62.76498571428576,-0.8005857142857558,-13.233699999999828,0.8005857142857558,13.233699999999828,0.6882526931945002,6.0,False
4-9-18_Schnable_49-342-JS249-400_2018-04-11_02-23-44_9974900,3,41.2395,171.441,3.8412836734692775,160.95719999999903,0.010456913990055307,199.042800000001,86.15871632653072,-37.39821632653072,-10.483800000000969,37.39821632653072,10.483800000000969,0.984777750980875,4.0,False
4-9-18_Schnable_49-342-JS249-400_2018-04-11_02-23-44_9974900,4,48.6954,14.9992,20.361581632653056,132.40920000000006,0.3742115668150071,227.59079999999997,69.63841836734694,-28.333818367346943,117.41000000000008,28.333818367346943,117.41000000000008,4.987069869924451,185.0,True
4-9-18_Schnable_49-342-JS249-400_2018-04-11_02-23-44_9974900,5,32.6217,79.1462,31.44154897959185,-18.034699999999987,0.38442757907434527,18.034699999999997,58.55845102040815,-1.1801510204081467,-97.18089999999998,1.1801510204081467,97.18089999999998,6.169361601328256,174.0,False
4-9-18_Schnable_49-342-JS249-400_2018-04-11_02-23-44_9974900,6,35.7877,-8.1651,19.020683673469378,42.43349999999998,0.17237556973934576,317.5665,70.97931632653062,-16.767016326530623,50.598599999999976,16.767016326530623,50.598599999999976,2.2057984204457814,77.0,True
4-9-18_Schnable_49-342-JS249-400_2018-04-11_02-23-44_9974900,7,58.866,-146.925,18.101555102040848,-39.72910000000002,0.43425069453286497,39.7291,71.89844489795915,-40.76444489795915,107.1959,40.76444489795915,107.1959,5.7255840148611,204.0,False
4-9-18_Schnable_49-342-JS249-400_2018-04-11_02-23-44_9974900,8,13.8404,164.189,16.441218367346934,169.3197,0.3816720479420923,190.68029999999996,73.55878163265307,2.6008183673469336,5.130700000000019,2.6008183673469336,5.130700000000019,6.587541238715409,172.0,False
4-9-18_Schnable_49-342-JS249-400_2018-04-11_02-23-44_9974900,9,33.382,-19.3895,19.85928775510203,-62.9631,0.3567850916945386,62.9631,70.14071224489797,-13.522712244897967,-43.5736,13.522712244897967,43.5736,4.48134087202705,158.0,True
4-9-18_Schnable_49-343-JS125-184_2018-04-11_02-25-57_9975000,0,39.7313,106.505,9.818653061224495,100.90689999999995,0.0823279383261251,259.09310000000005,80.1813469387755,-29.912646938775502,-5.598100000000045,29.912646938775502,5.598100000000045,1.1984343744374786,34.0,True
4-9-18_Schnable_49-343-JS125-184_2018-04-11_02-25-57_9975000,1,34.9955,-42.1277,29.406993877551024,-33.20330000000001,0.3060479752821402,33.2033,60.593006122448976,-5.588506122448976,8.924399999999991,5.588506122448976,8.924399999999991,3.653803256794055,135.0,True
4-9-18_Schnable_49-343-JS125-184_2018-04-11_02-25-57_9975000,2,22.9416,-46.9911,21.743532653061237,-30.56990000000002,0.22368238417050038,30.569900000000004,68.25646734693876,-1.198067346938764,16.4212,1.198067346938764,16.4212,2.2181654210473094,103.0,True
4-9-18_Schnable_49-343-JS125-184_2018-04-11_02-25-57_9975000,3,32.1863,140.022,21.976677551020416,-24.980700000000013,0.2940956880126328,24.9807,68.02332244897958,-10.209622448979587,-165.0027,10.209622448979587,165.0027,3.4378374193260974,141.0,True
4-9-18_Schnable_49-343-JS125-184_2018-04-11_02-25-57_9975000,4,21.4024,-11.4346,20.94659591836735,140.1331,0.38412020881256675,219.86689999999996,69.05340408163265,-0.4558040816326496,151.5677,0.4558040816326496,151.5677,5.484231698683863,169.0,False
4-9-18_Schnable_49-344-JS148-215_2018-04-11_02-28-10_9975100,0,20.1218,-154.754,18.844232653061226,-151.9883,0.2538128796297224,151.9883,71.15576734693877,-1.277567346938774,2.765699999999981,1.277567346938774,2.765699999999981,1.240224152247038,115.0,True
4-9-18_Schnable_49-344-JS148-215_2018-04-11_02-28-10_9975100,1,14.4081,-148.905,22.68796734693879,-159.36909999999997,0.3527800877174802,159.36909999999997,67.31203265306121,8.279867346938792,-10.464099999999974,8.279867346938792,10.464099999999974,2.2582775684446776,162.0,True
4-9-18_Schnable_49-344-JS148-215_2018-04-11_02-28-10_9975100,2,22.822,48.8544,18.659291836734724,48.95659999999998,0.2288433856587579,311.0434,71.34070816326528,-4.162708163265275,0.10219999999998208,4.162708163265275,0.10219999999998208,0.6624980614389124,100.0,True
4-9-18_Schnable_49-344-JS148-215_2018-04-11_02-28-10_9975100,3,15.9036,171.699,8.089502040816328,-135.44779999999997,0.24021672809309114,135.44779999999997,81.91049795918367,-7.814097959183673,52.853200000000015,7.814097959183673,52.853200000000015,1.9655826412742488,129.0,True
4-9-18_Schnable_49-344-JS148-215_2018-04-11_02-28-10_9975100,4,13.8968,174.917,5.850532653061222,-161.74550000000002,0.23745038769235322,161.74550000000002,84.14946734693878,-8.046267346938778,23.337499999999977,8.046267346938778,23.337499999999977,1.8133883751742086,129.0,True
4-9-18_Schnable_49-344-JS148-215_2018-04-11_02-28-10_9975100,5,25.8324,67.3607,16.445514285714324,61.831999999999994,0.2632231193496271,298.168,73.55448571428568,-9.386885714285675,-5.528700000000015,9.386885714285675,5.528700000000015,2.4977204502575416,123.0,True
4-9-18_Schnable_49-345-JS253-406_2018-04-11_02-30-24_9975200,0,27.553,-50.1926,15.450687755102038,-116.3055,0.2572662361694267,296.3055,74.54931224489796,-12.102312244897963,-66.1129,12.102312244897963,66.1129,3.7873761710016307,116.0,True
4-9-18_Schnable_49-345-JS253-406_2018-04-11_02-30-24_9975200,1,31.1362,133.0,43.7494387755102,42.0761,0.30705312706615373,137.9239,46.2505612244898,12.613238775510201,-90.9239,12.613238775510201,90.9239,2.8856706721243444,145.0,True
4-9-18_Schnable_49-345-JS253-406_2018-04-11_02-30-24_9975200,2,33.1067,-32.8816,33.545938775510194,-86.81889999999999,0.3259221648401252,266.8189,56.454061224489806,0.43923877551019785,-53.93729999999999,0.43923877551019785,53.93729999999999,6.4024603027328055,153.0,False
4-9-18_Schnable_49-345-JS253-406_2018-04-11_02-30-24_9975200,3,30.6866,119.187,32.86070408163267,33.70739999999998,0.1527102170833223,146.29260000000002,57.13929591836733,2.17410408163267,-85.47960000000002,2.17410408163267,85.47960000000002,0.8544506104642511,67.0,True
4-9-18_Schnable_49-345-JS253-406_2018-04-11_02-30-24_9975200,4,16.5966,-35.9368,9.222253061224507,-64.27389999999997,0.38045710066617205,244.27389999999997,80.7777469387755,-7.374346938775492,-28.337099999999964,7.374346938775492,28.337099999999964,4.666672288859107,187.0,True
4-9-18_Schnable_49-345-JS253-406_2018-04-11_02-30-24_9975200,5,33.2681,157.301,28.446712244897938,53.321200000000005,0.4801161852523419,126.6788,61.55328775510206,-4.821387755102059,-103.97979999999998,4.821387755102059,103.97979999999998,5.118749936197229,207.0,True
4-9-18_Schnable_49-345-JS253-406_2018-04-11_02-30-24_9975200,6,17.9887,-70.2214,80.04425510204108,-178.80339999999995,0.05534463719445243,358.80339999999995,9.955744897958922,62.055555102041076,-108.58199999999995,62.055555102041076,108.58199999999995,0.7254407705045047,16.0,False
4-9-18_Schnable_49-346-JS225-357_2018-04-11_02-32-39_9975300,0,20.7699,-175.007,21.21294897959183,-177.34290000000001,0.24313479081660128,177.34290000000001,68.78705102040817,0.4430489795918291,-2.3359000000000094,0.4430489795918291,2.3359000000000094,1.4894071332291936,120.0,True
4-9-18_Schnable_49-346-JS225-357_2018-04-11_02-32-39_9975300,1,26.3441,0.413451,27.81658163265304,-5.1113,0.3097934886763361,5.111300000000002,62.18341836734696,1.4724816326530394,-5.524751000000009,1.4724816326530394,5.524751000000009,3.8126839909287322,140.0,True
4-9-18_Schnable_49-346-JS225-357_2018-04-11_02-32-39_9975300,2,18.9638,-161.666,21.983679591836733,-171.7464,0.34918239742489193,171.7464,68.01632040816327,3.019879591836734,-10.080399999999997,3.019879591836734,10.080399999999997,4.606764997839596,155.0,True
4-9-18_Schnable_49-346-JS225-357_2018-04-11_02-32-39_9975300,3,25.4681,6.8122,23.67310408163266,-7.022400000000005,0.44244476734718385,7.022400000000001,66.32689591836734,-1.7949959183673414,-13.834599999999995,1.7949959183673414,13.834599999999995,6.138033786357725,200.0,False
4-9-18_Schnable_49-346-JS225-357_2018-04-11_02-32-39_9975300,4,25.7757,-14.8167,13.271734693877548,-38.83510000000001,0.38306978166904887,38.835100000000004,76.72826530612245,-12.503965306122453,-24.018400000000014,12.503965306122453,24.018400000000014,5.951361875301001,192.0,False
4-9-18_Schnable_49-346-JS225-357_2018-04-11_02-32-39_9975300,5,32.5396,174.001,23.40089999999998,179.35180000000003,0.4119156944984609,180.6482,66.59910000000002,-9.138700000000021,5.350800000000021,9.138700000000021,5.350800000000021,7.370207377344,181.0,False
4-9-18_Schnable_49-347-js254-408_2018-04-11_02-34-52_9975400,0,11.4355,145.615,3.717273469387763,145.45010000000008,0.17844569053551365,214.54989999999992,86.28272653061224,-7.718226530612236,-0.16489999999993188,7.718226530612236,0.16489999999993188,2.4373262346347144,83.0,True
4-9-18_Schnable_49-347-js254-408_2018-04-11_02-34-52_9975400,1,18.3329,43.1939,11.064446938775518,28.99909999999994,0.24428379376891704,331.00090000000006,78.93555306122448,-7.268453061224481,-14.194800000000043,7.268453061224481,14.194800000000043,3.251215319170983,121.0,True
4-9-18_Schnable_49-347-js254-408_2018-04-11_02-34-52_9975400,2,18.2243,69.6787,6.168977551020404,64.07500000000005,0.10305151906198888,295.92499999999995,83.8310224489796,-12.055322448979595,-5.603699999999947,12.055322448979595,5.603699999999947,0.5785660048074371,54.0,True
4-9-18_Schnable_49-347-js254-408_2018-04-11_02-34-52_9975400,3,16.3401,-176.935,10.124781632653054,169.8369,0.21606738273953427,190.1631,79.87521836734695,-6.215318367346946,-13.22810000000004,6.215318367346946,13.22810000000004,1.641781908771597,98.0,True
4-9-18_Schnable_49-347-js254-408_2018-04-11_02-34-52_9975400,4,29.6435,5.62963,18.925651020408154,-6.590100000000007,0.25561673183392347,6.590100000000004,71.07434897959185,-10.717848979591846,-12.219729999999998,10.717848979591846,12.219729999999998,1.8793470826046037,134.0,True
4-9-18_Schnable_49-347-js254-408_2018-04-11_02-34-52_9975400,5,8.29309,-126.395,11.627295918367352,21.974200000000053,0.23500460361124506,338.02579999999995,78.37270408163265,3.3342059183673527,148.36920000000003,3.3342059183673527,148.36920000000003,1.5878242965552427,124.0,True
4-9-18_Schnable_49-347-js254-408_2018-04-11_02-34-52_9975400,6,12.4286,-167.672,8.88501020408168,-157.72560000000001,0.19382292850218244,157.72560000000001,81.11498979591832,-3.5435897959183187,9.946399999999983,3.5435897959183187,9.946399999999983,1.7233369648865529,91.0,True
4-9-18_Schnable_49-347-js254-408_2018-04-11_02-34-52_9975400,7,27.8741,-28.6828,16.36996326530614,-6.373199999999997,0.44146682559871764,6.3732000000000015,73.63003673469386,-11.504136734693859,22.30959999999999,11.504136734693859,22.30959999999999,2.4409359302539193,219.0,True
4-9-18_Schnable_49-347-js254-408_2018-04-11_02-34-52_9975400,8,13.9606,-43.7284,11.277002040816342,-64.55349999999999,0.41037006959240574,64.55349999999999,78.72299795918366,-2.6835979591836576,-20.825099999999992,2.6835979591836576,20.825099999999992,5.884253229915572,196.0,False
4-9-18_Schnable_49-347-js254-408_2018-04-11_02-34-52_9975400,9,24.5817,-142.575,16.12567142857145,-152.42649999999998,0.39718226352194674,152.42649999999998,73.87432857142855,-8.45602857142855,-9.851499999999987,8.45602857142855,9.851499999999987,3.610158468151509,179.0,True
4-9-18_Schnable_49-348-js166-238_2018-04-11_02-37-05_9975500,0,34.2693,25.5852,17.350624489795877,16.141800000000046,0.09478974117842479,343.85819999999995,72.64937551020412,-16.918675510204125,-9.44339999999994,16.918675510204125,9.44339999999994,1.209039975075617,42.0,True
4-9-18_Schnable_49-348-js166-238_2018-04-11_02-37-05_9975500,1,30.6412,-158.793,23.81288775510204,-173.3237,0.1414669767986846,173.3237,66.18711224489796,-6.828312244897962,-14.530699999999996,6.828312244897962,14.530699999999996,0.7465125025677625,62.0,True
4-9-18_Schnable_49-348-js166-238_2018-04-11_02-37-05_9975500,2,38.6294,35.0207,33.09784489795918,24.975099999999998,0.30620953881444846,335.0249,56.90215510204082,-5.531555102040819,-10.045600000000007,5.531555102040819,10.045600000000007,2.1110644994601238,137.0,True
4-9-18_Schnable_49-348-js166-238_2018-04-11_02-37-05_9975500,3,33.6222,-163.246,25.116404081632652,-158.241,0.37677509581123725,158.241,64.88359591836735,-8.505795918367347,5.0049999999999955,8.505795918367347,5.0049999999999955,5.789652713509006,160.0,False
4-9-18_Schnable_49-348-js166-238_2018-04-11_02-37-05_9975500,4,28.6259,28.8851,29.755559183673476,33.65890000000002,0.46068146413433264,326.3411,60.244440816326524,1.1296591836734748,4.773800000000023,1.1296591836734748,4.773800000000023,3.4573913706451442,209.0,True
4-9-18_Schnable_49-348-js166-238_2018-04-11_02-37-05_9975500,5,27.1996,-146.513,21.16430612244895,-161.38590000000002,0.40183267151891233,161.38590000000002,68.83569387755105,-6.035293877551052,-14.872900000000016,6.035293877551052,14.872900000000016,3.0049946114191117,198.0,True
4-9-18_Schnable_49-348-js166-238_2018-04-11_02-37-05_9975500,6,44.6646,39.7906,21.137240816326525,20.53739999999999,0.26719385867510864,339.4626,68.86275918367348,-23.527359183673475,-19.253199999999993,23.527359183673475,19.253199999999993,2.4027409584930446,126.0,True
4-9-18_Schnable_49-349-js207-323_2018-04-11_02-39-19_9975600,0,15.5254,-119.661,2.0199367346938715,-124.74219999999995,0.27557753604492763,124.74219999999995,87.98006326530613,-13.505463265306128,-5.081199999999967,13.505463265306128,5.081199999999967,5.475994256330183,137.0,False
4-9-18_Schnable_49-349-js207-323_2018-04-11_02-39-19_9975600,1,35.8451,5.4046,35.42690204081633,3.816100000000006,0.305311685475766,356.1839,54.57309795918367,-0.4181979591836722,-1.588499999999982,0.4181979591836722,1.588499999999982,1.5242226313349407,130.0,True
4-9-18_Schnable_49-349-js207-323_2018-04-11_02-39-19_9975600,2,18.8843,-137.7,2.1901428571428454,-164.21320000000006,0.425086296209606,164.21320000000006,87.80985714285715,-16.694157142857154,-26.51320000000007,16.694157142857154,26.51320000000007,8.383114028071164,211.0,False
4-9-18_Schnable_49-349-js207-323_2018-04-11_02-39-19_9975600,3,17.9504,115.13,23.34154897959185,49.31389999999999,0.4557018779931602,310.6861,66.65845102040815,5.391148979591851,-65.8161,5.391148979591851,65.8161,4.6626365259118545,221.0,True
4-9-18_Schnable_49-349-js207-323_2018-04-11_02-39-19_9975600,4,49.8825,-0.369423,41.98270816326536,5.726600000000019,0.2980214598327407,354.2734,48.01729183673464,-7.899791836734643,6.096023000000031,7.899791836734643,6.096023000000031,1.3100078904330408,128.0,True
4-9-18_Schnable_49-349-js207-323_2018-04-11_02-39-19_9975600,5,51.5801,167.261,29.876463265306178,169.4312,0.13316708637213825,190.56879999999998,60.12353673469382,-21.703636734693823,2.170199999999994,21.703636734693823,2.170199999999994,3.1751110401483853,65.0,True
4-9-18_Schnable_49-349-js207-323_2018-04-11_02-39-19_9975600,6,37.9569,74.1367,20.46475714285711,86.99239999999998,0.18693606602139035,273.0076,69.53524285714289,-17.492142857142888,12.855699999999956,17.492142857142888,12.855699999999956,1.945013241834841,85.0,True
4-9-18_Schnable_49-351-js139-201_2018-04-11_02-43-45_9975800,0,29.337,-146.892,29.10536326530613,-142.21929999999998,0.2734828469024898,142.21929999999998,60.89463673469387,-0.23163673469386836,4.67270000000002,0.23163673469386836,4.67270000000002,1.4725054224030458,116.0,True
4-9-18_Schnable_49-351-js139-201_2018-04-11_02-43-45_9975800,1,26.8107,5.82377,30.143302040816337,-3.1540999999999997,0.33311262051912854,3.1541000000000006,59.85669795918366,3.3326020408163366,-8.977869999999996,3.3326020408163366,8.977869999999996,2.2845230449004994,150.0,True
4-9-18_Schnable_49-351-js139-201_2018-04-11_02-43-45_9975800,2,38.9609,-0.552053,23.656814285714262,6.291099999999972,0.17931438228144378,353.7089,66.34318571428574,-15.30408571428574,6.8431529999999725,15.30408571428574,6.8431529999999725,1.7259258041614156,85.0,True
4-9-18_Schnable_49-351-js139-201_2018-04-11_02-43-45_9975800,3,19.9273,-164.785,32.499457142857175,157.94630000000006,0.26481672635251086,202.05369999999996,57.500542857142825,12.572157142857176,-37.26869999999997,12.572157142857176,37.26869999999997,2.292184950694961,124.0,True
4-9-18_Schnable_49-351-js139-201_2018-04-11_02-43-45_9975800,4,28.5342,31.9995,3.401142857142858,32.641500000000065,0.10671797394594748,327.35849999999994,86.59885714285714,-25.13305714285714,0.6420000000000528,25.13305714285714,0.6420000000000528,0.5657809895115942,55.0,True
4-9-18_Schnable_49-351-js139-201_2018-04-11_02-43-45_9975800,5,33.9393,34.0502,23.243814285714294,27.730800000000045,0.18052399565180235,332.26919999999996,66.7561857142857,-10.69548571428571,-6.319399999999945,10.69548571428571,6.319399999999945,1.4443715574024292,94.0,True
4-9-18_Schnable_49-351-js139-201_2018-04-11_02-43-45_9975800,6,25.3274,13.8316,14.820867346938755,-19.604000000000013,0.331795209045701,19.604000000000003,75.17913265306125,-10.506532653061246,-33.43560000000002,10.506532653061246,33.43560000000002,2.191741759573103,160.0,True
4-9-18_Schnable_49-351-js139-201_2018-04-11_02-43-45_9975800,7,25.5331,162.747,20.66429591836736,-170.2969,0.3228313018098593,170.2969,69.33570408163264,-4.868804081632643,26.956099999999992,4.868804081632643,26.956099999999992,2.850737517228546,138.0,True
4-9-18_Schnable_49-351-js139-201_2018-04-11_02-43-45_9975800,8,4.76991,-167.468,9.469504081632664,-153.9334,0.21343433432862566,153.9334,80.53049591836734,4.699594081632664,13.534599999999983,4.699594081632664,13.534599999999983,1.9895000780639451,98.0,True
4-9-18_Schnable_49-351-js139-201_2018-04-11_02-43-45_9975800,9,42.1784,48.6739,33.616555102040856,51.1576,0.14188751335359887,308.8424,56.383444897959144,-8.561844897959148,2.483699999999999,8.561844897959148,2.483699999999999,0.9600934269441268,72.0,True
4-9-18_Schnable_49-352-js184-274_2018-04-11_02-45-58_9975900,0,23.6589,14.4415,22.23598163265308,25.200000000000045,0.32688106023935454,334.79999999999995,67.76401836734692,-1.4229183673469201,10.758500000000055,1.4229183673469201,10.758500000000055,1.7846762987006173,158.0,True
4-9-18_Schnable_49-352-js184-274_2018-04-11_02-45-58_9975900,1,22.0567,-146.931,28.135614285714297,-153.829,0.32670086148648353,153.829,61.8643857142857,6.078914285714298,-6.897999999999996,6.078914285714298,6.897999999999996,1.7289099280249025,154.0,True
4-9-18_Schnable_49-352-js184-274_2018-04-11_02-45-58_9975900,2,22.1359,-12.6581,28.810483673469392,1.8647000000000844,0.3439996941906591,358.1352999999999,61.18951632653061,6.674583673469392,14.522800000000075,6.674583673469392,14.522800000000075,2.5847346730831964,157.0,True
4-9-18_Schnable_49-352-js184-274_2018-04-11_02-45-58_9975900,3,25.0671,-178.675,25.6607510204082,-160.5311,0.4053751414091596,160.5311,64.3392489795918,0.5936510204081991,18.143900000000002,0.5936510204081991,18.143900000000002,2.5964964265002233,189.0,True
4-9-18_Schnable_49-352-js184-274_2018-04-11_02-45-58_9975900,4,21.3826,16.5208,21.74195510204082,2.7760000000000105,0.5067207544661444,357.224,68.25804489795918,0.3593551020408192,-13.744799999999998,0.3593551020408192,13.744799999999998,6.574904216489154,250.0,False
4-9-18_Schnable_49-352-js184-274_2018-04-11_02-45-58_9975900,5,19.926,-169.394,10.329491836734718,157.48060000000004,0.3183264252642644,202.51939999999996,79.67050816326528,-9.59650816326528,-33.125399999999956,9.59650816326528,33.125399999999956,2.4343674825464388,153.0,True
4-9-18_Schnable_49-352-js184-274_2018-04-11_02-45-58_9975900,6,25.4765,44.0189,13.215414285714317,69.15020000000004,0.26684751848971666,290.84979999999996,76.78458571428568,-12.261085714285684,25.13130000000004,12.261085714285684,25.13130000000004,2.043548028263508,131.0,True
4-9-18_Schnable_49-353-js46-75_2018-04-11_02-48-12_9976000,0,45.2492,-23.601,41.68000204081631,-19.109700000000004,0.20572690771602922,19.1097,48.31999795918369,-3.5691979591836898,4.491299999999995,3.5691979591836898,4.491299999999995,0.9233698662737285,94.0,True
4-9-18_Schnable_49-353-js46-75_2018-04-11_02-48-12_9976000,1,54.038,-170.401,0.46061836734692463,44.659999999999684,0.0344614097940557,315.3400000000003,89.53938163265308,-53.57738163265307,-144.9390000000003,53.57738163265307,144.9390000000003,1.129543842526873,15.0,False
4-9-18_Schnable_49-353-js46-75_2018-04-11_02-48-12_9976000,2,26.2066,-20.5885,34.76924285714286,-4.255500000000012,0.3009069353830869,4.255499999999999,55.23075714285714,8.562642857142855,16.333,8.562642857142855,16.333,2.507485238817486,140.0,True
4-9-18_Schnable_49-353-js46-75_2018-04-11_02-48-12_9976000,3,43.6911,-175.323,30.98501836734693,-178.183,0.36085737313671523,178.183,59.01498163265307,-12.706081632653067,-2.859999999999985,12.706081632653067,2.859999999999985,4.46844987580589,163.0,True
4-9-18_Schnable_49-353-js46-75_2018-04-11_02-48-12_9976000,4,29.731,-42.4123,30.951342857142855,-2.2538999999999874,0.3931030786602065,2.253899999999999,59.048657142857145,1.2203428571428532,40.15840000000003,1.2203428571428532,40.15840000000003,3.2206892248788206,185.0,True
4-9-18_Schnable_49-353-js46-75_2018-04-11_02-48-12_9976000,5,25.0489,-177.437,26.972661224489777,10.475300000000004,0.3462245098789532,349.5247,63.02733877551022,1.9237612244897768,-172.08769999999998,1.9237612244897768,172.08769999999998,3.923093146701028,142.0,True
4-9-18_Schnable_49-353-js46-75_2018-04-11_02-48-12_9976000,6,37.8669,-25.1946,17.972775510204116,-179.0139,0.272435768208571,179.0139,72.02722448979588,-19.894124489795885,-153.8193,19.894124489795885,153.8193,5.328616177944228,134.0,True
4-9-18_Schnable_49-354-js200-312_2018-04-11_02-50-25_9976100,0,23.8574,30.8323,17.15008979591839,52.16809999999998,0.2273560040348113,307.8319,72.84991020408161,-6.707310204081608,21.335799999999978,6.707310204081608,21.335799999999978,1.4364980481848817,105.0,True
4-9-18_Schnable_49-354-js200-312_2018-04-11_02-50-25_9976100,1,21.295,173.354,17.169697959183665,-179.2791,0.31105730108963997,179.2791,72.83030204081633,-4.125302040816337,7.366899999999987,4.125302040816337,7.366899999999987,1.41403695854697,145.0,True
4-9-18_Schnable_49-354-js200-312_2018-04-11_02-50-25_9976100,2,16.6948,12.6143,25.37433061224492,19.67149999999998,0.30619373851233955,340.3285,64.62566938775508,8.679530612244918,7.057199999999966,8.679530612244918,7.057199999999966,1.76171014990715,145.0,True
4-9-18_Schnable_49-354-js200-312_2018-04-11_02-50-25_9976100,3,13.0533,-161.482,16.131236734693857,-176.3894,0.36872515132353373,176.3894,73.86876326530614,3.077936734693857,-14.907399999999996,3.077936734693857,14.907399999999996,3.984348501795057,171.0,True
4-9-18_Schnable_49-354-js200-312_2018-04-11_02-50-25_9976100,4,23.9411,-6.80471,22.00672653061227,-5.599199999999996,0.4210575021588854,5.599200000000001,67.99327346938773,-1.9343734693877295,1.2055100000000039,1.9343734693877295,1.2055100000000039,2.749392541851348,192.0,True
4-9-18_Schnable_49-354-js200-312_2018-04-11_02-50-25_9976100,5,17.9278,124.08,1.679122448979598,108.20659999999987,0.13576959840887765,251.7934000000001,88.3208775510204,-16.248677551020403,-15.873400000000117,16.248677551020403,15.873400000000117,1.7650913212262789,69.0,True
4-9-18_Schnable_49-354-js200-312_2018-04-11_02-50-25_9976100,6,17.6141,-130.112,2.126773469387743,-148.90589999999995,0.13317626699282253,148.90589999999995,87.87322653061226,-15.487326530612258,-18.79389999999995,15.487326530612258,18.79389999999995,1.0758740526172732,65.0,True
4-9-18_Schnable_49-354-js200-312_2018-04-11_02-50-25_9976100,7,19.2614,-169.881,23.67713673469386,-22.782299999999992,0.45724686291837063,22.782299999999996,66.32286326530614,4.415736734693862,147.0987,4.415736734693862,147.0987,3.358443509639133,217.0,True
4-9-18_Schnable_49-354-js200-312_2018-04-11_02-50-25_9976100,8,34.8932,-3.7267,23.20371836734695,175.37060000000002,0.4356380039563072,184.62939999999998,66.79628163265305,-11.689481632653049,179.09730000000002,11.689481632653049,179.09730000000002,2.733933958958375,208.0,True
4-9-18_Schnable_49-355-js10-2-19_2018-04-11_02-52-38_9976200,0,30.6415,-59.3517,29.606055102040813,-67.43449999999999,0.19701195850775133,67.43449999999999,60.39394489795919,-1.035444897959188,-8.082799999999992,1.035444897959188,8.082799999999992,1.8876654391314922,87.0,True
4-9-18_Schnable_49-355-js10-2-19_2018-04-11_02-52-38_9976200,1,26.9322,160.647,30.616783673469392,175.60470000000004,0.31155924557797543,184.39529999999996,59.38321632653061,3.6845836734693904,14.957700000000045,3.6845836734693904,14.957700000000045,2.1289991505452104,138.0,True
4-9-18_Schnable_49-355-js10-2-19_2018-04-11_02-52-38_9976200,2,26.4458,-31.6336,32.11904285714287,-35.00620000000001,0.3185988987156385,35.0062,57.88095714285713,5.673242857142874,-3.3726000000000056,5.673242857142874,3.3726000000000056,2.114348526061875,151.0,True
4-9-18_Schnable_49-355-js10-2-19_2018-04-11_02-52-38_9976200,3,31.9886,158.227,39.69900816326527,150.0174,0.3954848359662724,209.9826,50.30099183673473,7.710408163265267,-8.209599999999995,7.710408163265267,8.209599999999995,3.7994235793759352,184.0,True
4-9-18_Schnable_49-355-js10-2-19_2018-04-11_02-52-38_9976200,4,27.0587,-13.9149,28.53018163265306,-28.9683,0.38556596317840525,28.9683,61.46981836734694,1.4714816326530595,-15.05340000000001,1.4714816326530595,15.05340000000001,3.2723026986967767,165.0,True
4-9-18_Schnable_49-355-js10-2-19_2018-04-11_02-52-38_9976200,5,36.6324,154.446,28.61144489795916,146.28570000000002,0.3764342160162281,213.7143,61.38855510204084,-8.020955102040837,-8.160299999999978,8.020955102040837,8.160299999999978,3.3790643927908204,173.0,True
4-9-18_Schnable_49-355-js10-2-19_2018-04-11_02-52-38_9976200,6,16.7519,-146.862,22.940183673469377,131.9823,0.46167049275023186,228.0177,67.05981632653062,6.188283673469378,-81.15570000000002,6.188283673469378,81.15570000000002,3.1393292633448366,208.0,True
4-9-18_Schnable_49-355-js10-2-19_2018-04-11_02-52-38_9976200,7,48.7515,-19.8779,16.053463265306107,11.186399999999992,0.22020990837290844,348.8136,73.9465367346939,-32.69803673469389,31.064300000000003,32.69803673469389,31.064300000000003,1.3006548013645407,100.0,True
4-9-18_Schnable_49-355-js10-2-19_2018-04-11_02-52-38_9976200,8,17.125,44.2085,35.41296938775515,-17.200800000000015,0.3684916854949655,17.200800000000005,54.58703061224485,18.287969387755147,-61.409300000000016,18.287969387755147,61.409300000000016,1.9950125179535867,152.0,True
4-9-18_Schnable_49-356-js257-415_2018-04-11_02-54-51_9976300,0,30.242,175.254,32.252359183673505,-178.7912,0.25259247036575205,178.7912,57.747640816326495,2.010359183673504,5.9547999999999774,2.010359183673504,5.9547999999999774,1.278521749083184,99.0,True
4-9-18_Schnable_49-356-js257-415_2018-04-11_02-54-51_9976300,1,27.2316,-163.106,26.012565306122447,-162.8935,0.21712258418615943,162.8935,63.98743469387755,-1.2190346938775534,0.21250000000000568,1.2190346938775534,0.21250000000000568,1.3906596669362414,88.0,True
4-9-18_Schnable_49-356-js257-415_2018-04-11_02-54-51_9976300,2,32.0867,-10.3477,31.781042857142864,-16.668800000000005,0.24994640117157127,16.668800000000005,58.218957142857136,-0.30565714285713597,-6.321100000000001,0.30565714285713597,6.321100000000001,2.553063894278832,112.0,True
4-9-18_Schnable_49-356-js257-415_2018-04-11_02-54-51_9976300,3,17.5476,-30.011,17.536706122448976,-10.108699999999999,0.21048774992182032,10.108700000000002,72.46329387755102,-0.010893877551023223,19.902299999999997,0.010893877551023223,19.902299999999997,1.7247691474256883,97.0,True
4-9-18_Schnable_49-356-js257-415_2018-04-11_02-54-51_9976300,4,29.6101,-169.951,30.06877551020409,-165.35770000000002,0.28535307782808234,165.35770000000002,59.93122448979591,0.4586755102040918,4.593299999999971,0.4586755102040918,4.593299999999971,1.6255544319123083,117.0,True
4-9-18_Schnable_49-356-js257-415_2018-04-11_02-54-51_9976300,5,32.6368,-25.8533,19.24531020408162,-159.5218,0.25225629260480814,159.5218,70.75468979591838,-13.391489795918382,-133.66850000000002,13.391489795918382,133.66850000000002,2.199608953815272,111.0,True
4-9-18_Schnable_49-356-js257-415_2018-04-11_02-54-51_9976300,6,28.4431,-167.807,25.80810204081631,-40.24949999999998,0.3670952814893725,40.24949999999999,64.19189795918369,-2.6349979591836927,127.5575,2.6349979591836927,127.5575,3.2619874091921575,159.0,True
4-9-18_Schnable_49-357-JS153-222_2018-04-11_02-57-05_9976400,0,32.8282,-151.933,20.22537142857142,-145.80509999999998,0.13395944238814345,145.80509999999998,69.77462857142858,-12.602828571428581,6.127900000000011,12.602828571428581,6.127900000000011,2.807585335364071,58.0,True
4-9-18_Schnable_49-357-JS153-222_2018-04-11_02-57-05_9976400,1,30.3804,-7.51907,18.08475306122449,-23.346599999999995,0.2017566911778407,23.3466,71.91524693877551,-12.295646938775512,-15.827529999999996,12.295646938775512,15.827529999999996,0.8310561801442734,99.0,True
4-9-18_Schnable_49-357-JS153-222_2018-04-11_02-57-05_9976400,2,37.4224,-166.877,26.11318571428572,-164.08150000000003,0.2364010748522279,164.08150000000003,63.88681428571428,-11.309214285714283,2.7954999999999757,11.309214285714283,2.7954999999999757,3.521397250493673,112.0,True
4-9-18_Schnable_49-357-JS153-222_2018-04-11_02-57-05_9976400,3,24.1449,-8.53007,14.147875510204074,-5.602399999999989,0.2968773836702908,5.602399999999999,75.85212448979593,-9.997024489795926,2.927670000000006,9.997024489795926,2.927670000000006,1.8220269359347303,147.0,True
4-9-18_Schnable_49-357-JS153-222_2018-04-11_02-57-05_9976400,4,26.0243,-145.398,16.07430408163266,165.60900000000004,0.31758495435103734,194.391,73.92569591836734,-9.949995918367339,-48.99299999999994,9.949995918367339,48.99299999999994,2.3521332010588134,150.0,True
4-9-18_Schnable_49-357-JS153-222_2018-04-11_02-57-05_9976400,5,19.7554,-15.3522,14.777579591836727,11.437099999999987,0.377683185120729,348.5629,75.22242040816327,-4.977820408163275,26.789299999999997,4.977820408163275,26.789299999999997,3.9865516868884474,177.0,True
4-9-18_Schnable_49-357-JS153-222_2018-04-11_02-57-05_9976400,6,20.7694,161.422,15.605493877550998,2.579400000000078,0.20483584231312843,357.4205999999999,74.394506122449,-5.163906122449003,-158.84259999999992,5.163906122449003,158.84259999999992,3.4917755748673027,97.0,True
4-9-18_Schnable_49-357-JS153-222_2018-04-11_02-57-05_9976400,7,29.4634,-7.67743,8.238946938775527,170.8274,0.27984481979643605,189.17259999999996,81.76105306122447,-21.224453061224473,178.50482999999997,21.224453061224473,178.50482999999997,4.668352028617982,133.0,True
4-9-18_Schnable_49-358-JS154-223_2018-04-11_02-59-18_9976500,0,43.0258,-5.33896,34.047344897959185,-2.824700000000007,0.12219595789476702,2.8247000000000004,55.952655102040815,-8.978455102040812,2.514259999999979,8.978455102040812,2.514259999999979,0.62988650061864,46.0,True
4-9-18_Schnable_49-358-JS154-223_2018-04-11_02-59-18_9976500,1,46.6379,174.638,48.14055306122448,173.2555000000001,0.19633020923809716,186.74449999999993,41.85944693877552,1.5026530612244784,-1.382499999999908,1.5026530612244784,1.382499999999908,1.3629522724727279,87.0,True
4-9-18_Schnable_49-358-JS154-223_2018-04-11_02-59-18_9976500,2,34.4842,19.3006,38.660906122449,23.380900000000054,0.30232098983712097,336.61909999999995,51.339093877551,4.176706122448998,4.080300000000051,4.176706122448998,4.080300000000051,2.1188451175609444,133.0,True
4-9-18_Schnable_49-358-JS154-223_2018-04-11_02-59-18_9976500,3,19.5168,177.7,18.712222448979617,161.33030000000002,0.28044358623410776,198.66969999999998,71.28777755102038,-0.8045775510203832,-16.369699999999966,0.8045775510203832,16.369699999999966,1.9518813007931766,132.0,True
4-9-18_Schnable_49-358-JS154-223_2018-04-11_02-59-18_9976500,4,3.70232,88.1274,4.24220408163265,8.252700000000004,0.36287206700389835,351.7473,85.75779591836735,0.5398840816326502,-79.87469999999999,0.5398840816326502,79.87469999999999,5.993107421133398,175.0,False
4-9-18_Schnable_49-359-js286-213_2018-04-11_03-01-33_9976600,0,16.7309,73.0029,26.8961836734694,58.2217,0.33239775932410826,301.7783,63.1038163265306,10.165283673469403,-14.781200000000013,10.165283673469403,14.781200000000013,3.627632655557278,147.0,True
4-9-18_Schnable_49-359-js286-213_2018-04-11_03-01-33_9976600,1,40.1948,-131.941,28.63494897959182,-174.14800000000002,0.29699061827424866,174.14800000000002,61.36505102040818,-11.559851020408182,-42.20700000000002,11.559851020408182,42.20700000000002,1.4604732382853916,134.0,True
4-9-18_Schnable_49-359-js286-213_2018-04-11_03-01-33_9976600,2,7.82255,167.216,0.11927346938776395,165.9679000000001,0.1034149165221216,194.0320999999999,89.88072653061224,-7.703276530612236,-1.2480999999999085,7.703276530612236,1.2480999999999085,0.9735743967295599,55.0,True
4-9-18_Schnable_49-359-js286-213_2018-04-11_03-01-33_9976600,3,17.1215,-6.19151,0.7520122448979691,32.90579999999966,0.109219005111475,327.09420000000034,89.24798775510203,-16.369487755102032,39.09730999999965,16.369487755102032,39.09730999999965,2.1605260348686692,55.0,True
4-9-18_Schnable_49-361-js55-84_2018-04-11_03-05-59_9976800,0,48.0803,-175.909,51.6642142857143,-175.30029999999996,0.2709372576704005,175.30029999999996,38.3357857142857,3.5839142857143003,0.6087000000000273,3.5839142857143003,0.6087000000000273,1.3435982233946142,114.0,True
4-9-18_Schnable_49-361-js55-84_2018-04-11_03-05-59_9976800,1,40.4502,5.58166,45.06320204081633,14.282699999999977,0.2975606185017814,345.7173,44.93679795918367,4.613002040816326,8.701039999999978,4.613002040816326,8.701039999999978,1.256193728862162,139.0,True
4-9-18_Schnable_49-361-js55-84_2018-04-11_03-05-59_9976800,2,38.8306,172.102,42.30179387755102,173.95889999999997,0.2832709902280868,186.0411,47.69820612244898,3.4711938775510234,1.8568999999999676,3.4711938775510234,1.8568999999999676,2.038371124988923,113.0,True
4-9-18_Schnable_49-361-js55-84_2018-04-11_03-05-59_9976800,3,23.9928,18.0939,28.444424489795942,-0.5629000000000133,0.37873492230836736,0.5628999999999997,61.55557551020406,4.451624489795943,-18.656800000000004,4.451624489795943,18.656800000000004,2.438545846385892,164.0,True
4-9-18_Schnable_49-361-js55-84_2018-04-11_03-05-59_9976800,4,30.5333,171.116,24.65044489795919,175.08190000000002,0.34133502308498004,184.91809999999998,65.34955510204081,-5.882855102040811,3.965900000000005,5.882855102040811,3.965900000000005,2.467260818319686,154.0,True
4-9-18_Schnable_49-361-js55-84_2018-04-11_03-05-59_9976800,5,14.4516,-18.963,11.15664897959185,-13.33420000000001,0.3902565253793326,13.3342,78.84335102040815,-3.294951020408149,5.628799999999984,3.294951020408149,5.628799999999984,3.851253377512399,184.0,True
4-9-18_Schnable_49-361-js55-84_2018-04-11_03-05-59_9976800,6,26.7472,-160.395,17.865189795918383,-168.73929999999996,0.27408277671315134,168.73929999999996,72.13481020408162,-8.882010204081617,-8.344299999999947,8.882010204081617,8.344299999999947,2.613089811861646,138.0,True
4-9-18_Schnable_49-362-js63-92_2018-04-11_03-08-13_9976900,0,37.4446,29.846,37.3596081632653,22.739599999999996,0.3962510231276127,337.2604,52.6403918367347,-0.08499183673470156,-7.106400000000008,0.08499183673470156,7.106400000000008,1.6995877318279884,177.0,True
4-9-18_Schnable_49-362-js63-92_2018-04-11_03-08-13_9976900,1,28.7798,-110.445,35.30268775510203,-124.41559999999998,0.4440476218650041,124.41559999999998,54.69731224489797,6.522887755102026,-13.97059999999999,6.522887755102026,13.97059999999999,6.138492632781815,190.0,False
4-9-18_Schnable_49-362-js63-92_2018-04-11_03-08-13_9976900,2,21.801,28.5257,31.43734081632654,33.289499999999975,0.5372658744717738,326.7105,58.56265918367346,9.636340816326541,4.763799999999975,9.636340816326541,4.763799999999975,3.1748764446729507,239.0,True
4-9-18_Schnable_49-362-js63-92_2018-04-11_03-08-13_9976900,3,22.0804,-135.09,25.47376122448979,-151.7045,0.4357732781915265,151.7045,64.52623877551021,3.393361224489791,-16.614499999999992,3.393361224489791,16.614499999999992,5.079235592176488,205.0,True
4-9-18_Schnable_49-362-js63-92_2018-04-11_03-08-13_9976900,4,22.4819,47.2332,22.102002040816316,33.71960000000007,0.5803213081212796,326.28039999999993,67.89799795918368,-0.3798979591836833,-13.51359999999994,0.3798979591836833,13.51359999999994,4.710628916641625,277.0,True
4-9-18_Schnable_49-362-js63-92_2018-04-11_03-08-13_9976900,5,29.7226,5.95914,14.359224489795906,42.6395,0.31805870820619975,317.3605,75.6407755102041,-15.363375510204094,36.68036000000001,15.363375510204094,36.68036000000001,3.3000588480088346,167.0,True
4-9-18_Schnable_49-362-js63-92_2018-04-11_03-08-13_9976900,6,24.0983,-141.91,15.539465306122423,158.54020000000003,0.3773144430824185,201.45979999999997,74.46053469387758,-8.558834693877575,-59.549800000000005,8.558834693877575,59.549800000000005,2.711663780081976,161.0,True
4-9-18_Schnable_49-363-js271-27_2018-04-11_03-10-26_9977000,0,11.9818,-14.0582,40.24020816326533,-170.6518,0.26785862042038655,170.6518,49.75979183673467,28.25840816326533,-156.5936,28.25840816326533,156.5936,2.3912821464035434,132.0,True
4-9-18_Schnable_49-363-js271-27_2018-04-11_03-10-26_9977000,1,22.219,176.578,49.47237755102042,-169.4352,0.2036204146174079,169.4352,40.52762244897958,27.25337755102042,13.986800000000017,27.25337755102042,13.986800000000017,0.818369995963392,95.0,True
4-9-18_Schnable_49-363-js271-27_2018-04-11_03-10-26_9977000,2,26.4179,24.8608,5.608414285714304,-57.868199999999945,0.2691373771153871,57.868199999999945,84.3915857142857,-20.809485714285696,-82.72899999999994,20.809485714285696,82.72899999999994,3.206118708276562,117.0,True
4-9-18_Schnable_49-363-js271-27_2018-04-11_03-10-26_9977000,3,39.5346,-171.301,5.876310204081662,-116.1713,0.1644248851371956,116.1713,84.12368979591834,-33.658289795918336,55.129699999999985,33.658289795918336,55.129699999999985,1.2646694659636286,80.0,True
4-9-18_Schnable_49-363-js271-27_2018-04-11_03-10-26_9977000,4,33.0269,32.156,87.31985306121956,104.47340000000003,0.0034467749868974324,255.52659999999997,2.6801469387804446,54.29295306121956,72.31740000000002,54.29295306121956,72.31740000000002,,,False
4-9-18_Schnable_49-364-js74-106_2018-04-11_03-12-40_9977100,0,28.4638,5.06659,18.32550408163266,-153.3275,0.20840915759335504,153.3275,71.67449591836734,-10.13829591836734,-158.39408999999998,10.13829591836734,158.39408999999998,1.9942757005357197,98.0,True
4-9-18_Schnable_49-364-js74-106_2018-04-11_03-12-40_9977100,1,23.4281,171.689,23.983640816326513,-2.470799999999997,0.2751255379073574,2.4708,66.01635918367349,0.5555408163265128,-174.1598,0.5555408163265128,174.1598,1.847581145856963,120.0,True
4-9-18_Schnable_49-364-js74-106_2018-04-11_03-12-40_9977100,2,28.3829,1.5655,23.22237551020409,-1.3987999999999943,0.4080964803519449,1.3988000000000003,66.77762448979591,-5.160524489795911,-2.96429999999998,5.160524489795911,2.96429999999998,3.441669458912545,191.0,True
4-9-18_Schnable_49-364-js74-106_2018-04-11_03-12-40_9977100,3,15.368,-119.304,1.6398938775510175,100.54320000000007,0.10081105965296179,259.45679999999993,88.36010612244898,-13.728106122448983,-140.15279999999996,13.728106122448983,140.15279999999996,1.5044150193393189,48.0,True
4-9-18_Schnable_49-364-js74-106_2018-04-11_03-12-40_9977100,4,37.7919,-59.5154,20.138175510204093,-53.597600000000014,0.1256162382239093,53.597600000000014,69.86182448979591,-17.653724489795906,5.9178,17.653724489795906,5.9178,0.7299474548371053,54.0,True
4-9-18_Schnable_49-364-js74-106_2018-04-11_03-12-40_9977100,5,17.6876,172.303,26.241510204081628,-143.609,0.30464490144522566,143.609,63.75848979591837,8.553910204081628,44.087999999999965,8.553910204081628,44.087999999999965,2.871341119578997,142.0,True
4-9-18_Schnable_49-364-js74-106_2018-04-11_03-12-40_9977100,6,30.8098,-151.764,20.022924489795926,-146.1159,0.44668416002820704,146.1159,69.97707551020407,-10.786875510204073,5.6480999999999995,10.786875510204073,5.6480999999999995,3.444986182874008,217.0,True
4-9-18_Schnable_49-364-js74-106_2018-04-11_03-12-40_9977100,7,25.9139,-99.2206,15.388208163265304,-103.91970000000003,0.14726605469577514,103.91970000000003,74.6117918367347,-10.525691836734698,-4.699100000000044,10.525691836734698,4.699100000000044,0.8533405594032363,63.0,True
4-9-18_Schnable_49-364-js74-106_2018-04-11_03-12-40_9977100,8,34.7024,5.53972,20.855779591836736,8.611800000000017,0.519097477566935,351.3882,69.14422040816326,-13.846620408163261,3.072080000000028,13.846620408163261,3.072080000000028,6.135606681535244,241.0,False
4-9-18_Schnable_49-364-js74-106_2018-04-11_03-12-40_9977100,9,16.713,-118.991,16.50411020408164,-122.04420000000003,0.41557582513384156,122.04420000000003,73.49588979591836,-0.20888979591835977,-3.0532000000000323,0.20888979591835977,3.0532000000000323,6.171181113617355,193.0,False
4-9-18_Schnable_49-364-js74-106_2018-04-11_03-12-40_9977100,10,65.26,-113.988,1.699216326530518,146.48090000000025,0.024024024090181485,213.51909999999975,88.30078367346948,-63.56078367346949,-99.53109999999975,63.56078367346949,99.53109999999975,0.9515259485002246,10.0,False
4-9-18_Schnable_49-365-js194-303_2018-04-11_03-14-53_9977200,0,25.3784,-165.973,24.707989795918394,-165.2284,0.23543528319506568,165.2284,65.2920102040816,-0.6704102040816053,0.7446000000000197,0.6704102040816053,0.7446000000000197,1.2498349596887,105.0,True
4-9-18_Schnable_49-365-js194-303_2018-04-11_03-14-53_9977200,1,31.689,-7.23085,24.273777551020416,-1.1092999999999904,0.26383531911953584,1.1092999999999997,65.72622244897958,-7.415222448979584,6.121550000000013,7.415222448979584,6.121550000000013,1.7748200748767478,120.0,True
4-9-18_Schnable_49-365-js194-303_2018-04-11_03-14-53_9977200,2,26.8308,177.636,16.80010408163264,-176.2204,0.3577625009083238,176.2204,73.19989591836736,-10.03069591836736,6.143599999999992,10.03069591836736,6.143599999999992,5.752790639324219,163.0,False
4-9-18_Schnable_49-365-js194-303_2018-04-11_03-14-53_9977200,3,0.851338,-2.90428,2.700475510204086,142.57140000000004,0.3232516933565456,217.42859999999996,87.29952448979591,1.849137510204086,145.47568,1.849137510204086,145.47568,4.587166815241303,151.0,True
4-9-18_Schnable_49-365-js194-303_2018-04-11_03-14-53_9977200,4,8.65465,136.958,19.767759183673462,14.122400000000027,0.41648892860835707,345.8776,70.23224081632654,11.113109183673462,-122.83559999999997,11.113109183673462,122.83559999999997,5.736919789126707,202.0,False
4-9-18_Schnable_49-366-js128-187_2018-04-11_03-17-07_9977300,0,30.9632,-20.3852,31.128453061224505,-27.408500000000004,0.3448346336320324,27.408499999999993,58.871546938775495,0.16525306122450445,-7.023300000000006,0.16525306122450445,7.023300000000006,3.421353599455199,162.0,True
4-9-18_Schnable_49-366-js128-187_2018-04-11_03-17-07_9977300,1,31.556,154.474,27.482953061224485,153.71070000000003,0.32671617406583686,206.28929999999997,62.517046938775515,-4.073046938775516,-0.7632999999999583,4.073046938775516,0.7632999999999583,3.156640580582278,154.0,True
4-9-18_Schnable_49-366-js128-187_2018-04-11_03-17-07_9977300,2,15.7597,105.29,1.4650285714286042,91.47899999999998,0.08100962971367574,268.521,88.5349714285714,-14.294671428571396,-13.811000000000035,14.294671428571396,13.811000000000035,1.073343848781486,39.0,True
4-9-18_Schnable_49-366-js128-187_2018-04-11_03-17-07_9977300,3,37.7326,-28.8877,31.11735102040815,-21.042599999999993,0.3471243011976748,21.042599999999997,58.88264897959185,-6.615248979591847,7.845100000000002,6.615248979591847,7.845100000000002,5.086607409689017,162.0,True
4-9-18_Schnable_49-366-js128-187_2018-04-11_03-17-07_9977300,4,39.1995,155.377,1.5195571428571526,99.2274999999999,0.07715368595048408,260.7725000000001,88.48044285714285,-37.67994285714285,-56.1495000000001,37.67994285714285,56.1495000000001,0.3859016389794161,40.0,True
4-9-18_Schnable_49-366-js128-187_2018-04-11_03-17-07_9977300,5,25.1966,100.82,27.578167346938777,136.0381,0.3799651230311448,223.9619,62.42183265306122,2.381567346938777,35.21809999999999,2.381567346938777,35.21809999999999,6.173042310279412,170.0,False
4-9-18_Schnable_49-366-js128-187_2018-04-11_03-17-07_9977300,6,18.5532,-34.5532,26.87885714285712,-27.430499999999995,0.44395133038882256,27.4305,63.12114285714288,8.325657142857121,7.122700000000009,8.325657142857121,7.122700000000009,5.5517813904707625,205.0,False
4-9-18_Schnable_49-366-js128-187_2018-04-11_03-17-07_9977300,7,34.1657,151.066,13.494787755102081,-35.200800000000015,0.20957157276403918,35.2008,76.50521224489792,-20.67091224489792,173.7332,20.67091224489792,173.7332,1.3184118143347332,100.0,True
4-9-18_Schnable_49-366-js128-187_2018-04-11_03-17-07_9977300,8,25.2361,-16.6313,12.930555102040856,-163.6341,0.34619730352441475,163.6341,77.06944489795914,-12.305544897959145,-147.00279999999998,12.305544897959145,147.00279999999998,3.6860361094492644,171.0,True
4-9-18_Schnable_49-368-js20-34_2018-04-11_03-21-34_9977500,0,21.5739,-141.419,11.887757142857197,-133.3687,0.14114271013208324,133.3687,78.1122428571428,-9.686142857142801,8.050300000000021,9.686142857142801,8.050300000000021,1.604574339554783,65.0,True
4-9-18_Schnable_49-368-js20-34_2018-04-11_03-21-34_9977500,1,18.515,-72.8315,13.402008163265307,-40.37149999999997,0.24283247418924947,40.371499999999976,76.59799183673469,-5.112991836734693,32.460000000000036,5.112991836734693,32.460000000000036,1.4674962252158283,101.0,True
4-9-18_Schnable_49-368-js20-34_2018-04-11_03-21-34_9977500,2,18.0237,-177.231,16.176781632653075,-159.1382,0.29799557735591375,159.1382,73.82321836734693,-1.8469183673469267,18.092799999999983,1.8469183673469267,18.092799999999983,1.6124066500489154,146.0,True
4-9-18_Schnable_49-368-js20-34_2018-04-11_03-21-34_9977500,3,21.5199,-33.0739,24.19703265306123,-20.98339999999999,0.3275623636960736,20.9834,65.80296734693877,2.6771326530612285,12.09050000000002,2.6771326530612285,12.09050000000002,1.9505871631780622,142.0,True
4-9-18_Schnable_49-368-js20-34_2018-04-11_03-21-34_9977500,4,13.5452,-170.462,15.73491224489797,169.0102,0.39179058814547607,190.9898,74.26508775510203,2.1897122448979705,-20.52780000000007,2.1897122448979705,20.52780000000007,2.723148386120643,176.0,True
4-9-18_Schnable_49-368-js20-34_2018-04-11_03-21-34_9977500,5,15.3347,-34.1584,19.313581632653054,-8.818600000000004,0.4634575719103984,8.818599999999995,70.68641836734695,3.9788816326530547,25.339799999999997,3.9788816326530547,25.339799999999997,3.3563339994779997,220.0,True
4-9-18_Schnable_49-368-js20-34_2018-04-11_03-21-34_9977500,6,40.8755,140.66,21.2049816326531,33.48689999999999,0.3026487768701031,326.5131,68.7950183673469,-19.6705183673469,-107.1731,19.6705183673469,107.1731,1.9738787937431643,141.0,True
4-9-18_Schnable_49-368-js20-34_2018-04-11_03-21-34_9977500,7,32.7029,22.6787,17.934291836734687,164.4278,0.42524702842050144,195.5722,72.06570816326531,-14.768608163265313,141.7491,14.768608163265313,141.7491,5.983897221469137,205.0,False
4-9-18_Schnable_49-369-js99-143_2018-04-11_03-23-48_9977600,0,26.2301,157.974,16.74731836734695,163.59550000000002,0.2595224427929192,196.40449999999998,73.25268163265305,-9.482781632653051,5.621500000000026,9.482781632653051,5.621500000000026,4.901647964256477,112.0,True
4-9-18_Schnable_49-369-js99-143_2018-04-11_03-23-48_9977600,1,31.2587,-18.9355,31.888046938775496,-14.928200000000004,0.26359507896372747,14.928200000000004,58.111953061224504,0.6293469387754946,4.0072999999999865,0.6293469387754946,4.0072999999999865,1.939310591666423,126.0,True
4-9-18_Schnable_49-369-js99-143_2018-04-11_03-23-48_9977600,2,25.8971,135.571,30.023797959183682,142.8188,0.33260749398023165,217.1812,59.97620204081632,4.126697959183684,7.247800000000012,4.126697959183684,7.247800000000012,3.1052162769453338,153.0,True
4-9-18_Schnable_49-369-js99-143_2018-04-11_03-23-48_9977600,3,23.7543,-28.8686,29.39994081632654,-28.332600000000014,0.39188851079094184,28.3326,60.60005918367346,5.645640816326541,0.5360000000000014,5.645640816326541,0.5360000000000014,2.852745666571254,177.0,True
4-9-18_Schnable_49-369-js99-143_2018-04-11_03-23-48_9977600,4,18.5338,161.268,16.53673673469386,175.64319999999998,0.39023285486740367,184.3568,73.46326326530614,-1.9970632653061386,14.375199999999978,1.9970632653061386,14.375199999999978,3.332093397287132,198.0,True
4-9-18_Schnable_49-369-js99-143_2018-04-11_03-23-48_9977600,5,18.0479,-36.4482,15.808551020408174,-16.697599999999994,0.39086118565402433,16.6976,74.19144897959183,-2.239348979591824,19.75060000000002,2.239348979591824,19.75060000000002,2.8387897753701186,177.0,True
4-9-18_Schnable_49-369-js99-143_2018-04-11_03-23-48_9977600,6,16.7846,-158.218,12.096214285714268,-162.2896,0.2818859250395131,162.2896,77.90378571428573,-4.688385714285733,-4.071600000000018,4.688385714285733,4.071600000000018,2.630836463466101,150.0,True
4-9-18_Schnable_49-370-js240-384_2018-04-11_03-26-01_9977700,0,76.9937,-151.86,21.856248979591825,16.32419999999999,0.18144032854330677,163.6758,68.14375102040817,-55.13745102040818,168.18420000000003,55.13745102040818,168.18420000000003,3.162414654539426,80.0,True
4-9-18_Schnable_49-370-js240-384_2018-04-11_03-26-01_9977700,1,19.0841,6.7355,22.858040816326536,-17.34789999999998,0.1245107229655091,197.34790000000004,67.14195918367346,3.7739408163265367,-24.083399999999983,3.7739408163265367,24.083399999999983,0.9191890205700839,55.0,True
4-9-18_Schnable_49-370-js240-384_2018-04-11_03-26-01_9977700,2,74.6278,-169.8,0.6974224489795944,-129.46629999999988,0.1257698167283782,309.4662999999999,89.3025775510204,-73.9303775510204,40.333700000000135,73.9303775510204,40.333700000000135,2.1933896111682785,51.0,True
4-9-18_Schnable_49-371-JS154-223_2018-04-11_03-28-15_9977800,0,33.1345,151.031,42.081355102040824,151.60120000000006,0.26792558104510766,208.39879999999997,47.918644897959176,8.946855102040821,0.5702000000000567,8.946855102040821,0.5702000000000567,2.11232775129017,129.0,True
4-9-18_Schnable_49-371-JS154-223_2018-04-11_03-28-15_9977800,1,34.8049,-19.9094,42.903902040816305,-11.459300000000013,0.35868228119893375,11.459300000000002,47.096097959183695,8.099002040816302,8.450099999999992,8.099002040816302,8.450099999999992,2.0748277168737297,159.0,True
4-9-18_Schnable_49-371-JS154-223_2018-04-11_03-28-15_9977800,2,24.052,153.259,34.438689795918386,144.94850000000002,0.438203781110645,215.05149999999998,55.561310204081614,10.386689795918386,-8.310499999999962,10.386689795918386,8.310499999999962,3.9178299495314026,202.0,True
4-9-18_Schnable_49-371-JS154-223_2018-04-11_03-28-15_9977800,3,27.5663,-10.6707,27.694700000000005,-2.700700000000012,0.45303350919995705,2.7007000000000003,62.305299999999995,0.1284000000000063,7.969999999999999,0.1284000000000063,7.969999999999999,4.225027272448032,206.0,True
4-9-18_Schnable_49-371-JS154-223_2018-04-11_03-28-15_9977800,4,22.1817,112.006,16.516416326530617,-37.2595,0.2399808374592913,37.259499999999996,73.48358367346938,-5.665283673469382,-149.2655,5.665283673469382,149.2655,4.404012438765753,115.0,True
4-9-18_Schnable_49-371-JS154-223_2018-04-11_03-28-15_9977800,5,28.7932,-13.9403,19.08852244897956,119.6825,0.38640968993891883,240.3175,70.91147755102044,-9.704677551020438,133.62279999999998,9.704677551020438,133.62279999999998,4.056465936120227,183.0,True
4-9-18_Schnable_49-372-JS176-257_2018-04-11_03-30-33_9977900,0,40.2065,174.692,34.809342857142845,165.38819999999998,0.13528595290082873,194.6118,55.190657142857155,-5.397157142857154,-9.303800000000024,5.397157142857154,9.303800000000024,2.1698867927648022,58.0,True
4-9-18_Schnable_49-372-JS176-257_2018-04-11_03-30-33_9977900,1,27.5777,-4.41104,19.66089387755102,-3.160599999999988,0.23133269972638187,3.1606,70.33910612244898,-7.916806122448982,1.250440000000026,7.916806122448982,1.250440000000026,2.5650777886840532,102.0,True
4-9-18_Schnable_49-372-JS176-257_2018-04-11_03-30-33_9977900,2,21.9487,166.325,22.659402040816346,156.16930000000002,0.292558955240576,203.8307,67.34059795918365,0.7107020408163471,-10.155699999999968,0.7107020408163471,10.155699999999968,3.135303481120226,132.0,True
4-9-18_Schnable_49-372-JS176-257_2018-04-11_03-30-33_9977900,3,15.3034,-9.48221,17.45677346938774,-16.957099999999997,0.31827861646383604,16.957100000000004,72.54322653061226,2.1533734693877413,-7.474889999999988,2.1533734693877413,7.474889999999988,2.377572976565957,153.0,True
4-9-18_Schnable_49-372-JS176-257_2018-04-11_03-30-33_9977900,4,15.6355,148.335,10.967702040816334,-11.510099999999994,0.14409655654855516,11.510100000000003,79.03229795918367,-4.667797959183666,-159.8451,4.667797959183666,159.8451,1.3389141512736982,70.0,True
4-9-18_Schnable_49-372-JS176-257_2018-04-11_03-30-33_9977900,5,23.9838,-9.22414,13.727853061224508,142.87190000000004,0.29587609511043533,217.12809999999996,76.27214693877549,-10.255946938775491,152.09604000000002,10.255946938775491,152.09604000000002,2.787469722061492,141.0,True
4-9-18_Schnable_49-373-js79-3-111_2018-04-11_03-32-42_9978000,0,33.4361,36.1793,29.162663265306136,53.00599999999997,0.28579991720826853,306.994,60.837336734693864,-4.273436734693867,16.82669999999996,4.273436734693867,16.82669999999996,4.168866132491673,128.0,True
4-9-18_Schnable_49-373-js79-3-111_2018-04-11_03-32-42_9978000,1,25.0638,-143.776,21.11854285714287,-134.1169,0.27707922251089645,134.1169,68.88145714285713,-3.9452571428571304,9.659100000000024,3.9452571428571304,9.659100000000024,1.5069503042050065,131.0,True
4-9-18_Schnable_49-373-js79-3-111_2018-04-11_03-32-42_9978000,2,35.2485,19.6767,34.716297959183684,20.003800000000012,0.34097896071681905,339.9962,55.283702040816316,-0.5322020408163155,0.3271000000000015,0.5322020408163155,0.3271000000000015,5.821091201466529,163.0,False
4-9-18_Schnable_49-373-js79-3-111_2018-04-11_03-32-42_9978000,3,17.4988,-116.418,11.872006122448994,-119.6062,0.35996104787459227,119.6062,78.127993877551,-5.626793877551005,-3.188199999999995,5.626793877551005,3.188199999999995,7.7304133323200865,169.0,False
4-9-18_Schnable_49-373-js79-3-111_2018-04-11_03-32-42_9978000,4,28.9188,-49.8809,1.3966714285714374,-47.80280000000016,0.10010718069153297,47.802800000000154,88.60332857142856,-27.522128571428564,2.0780999999998357,27.522128571428564,2.0780999999998357,1.1219691999267913,49.0,True
4-9-18_Schnable_49-373-js79-3-111_2018-04-11_03-32-42_9978000,5,30.9697,29.9663,31.55661020408163,28.53219999999999,0.3833974965732193,331.4678,58.44338979591837,0.5869102040816294,-1.4341000000000008,0.5869102040816294,1.4341000000000008,5.162333098853877,177.0,True
4-9-18_Schnable_49-373-js79-3-111_2018-04-11_03-32-42_9978000,6,38.0561,-89.5721,17.23371020408166,-75.1614,0.1304577164759598,75.1614,72.76628979591834,-20.82238979591834,14.41070000000002,20.82238979591834,14.41070000000002,0.6806062152090611,66.0,True
4-9-18_Schnable_49-373-js79-3-111_2018-04-11_03-32-42_9978000,7,34.5013,82.0004,21.187579591836766,166.4635,0.4167784870294961,193.5365,68.81242040816323,-13.313720408163235,84.4631,13.313720408163235,84.4631,3.1136716578776973,192.0,True
4-9-18_Schnable_49-373-js79-3-111_2018-04-11_03-32-42_9978000,8,14.4592,-175.272,23.144281632653076,47.38160000000005,0.5097087714847189,312.61839999999995,66.85571836734692,8.685081632653077,-137.34639999999996,8.685081632653077,137.34639999999996,9.749709757915607,229.0,False
4-9-18_Schnable_49-373-js79-3-111_2018-04-11_03-32-42_9978000,9,39.982,164.561,11.582946938775478,130.44529999999997,0.4911084773433144,229.55470000000003,78.41705306122452,-28.39905306122452,-34.11570000000003,28.39905306122452,34.11570000000003,3.4202280937829093,239.0,True
4-9-18_Schnable_49-373-js79-3-111_2018-04-11_03-32-42_9978000,10,37.2192,45.6145,7.907116326530641,-161.1527,0.10605235802858906,161.1527,82.09288367346936,-29.31208367346936,153.2328,29.31208367346936,153.2328,0.9768873614527406,45.0,True
4-9-18_Schnable_49-375-js76-3-108_2018-04-11_03-37-10_9978200,0,27.796,38.4457,34.99356122448979,33.7869,0.3085416048479901,326.2131,55.00643877551021,7.197561224489789,-4.658799999999985,7.197561224489789,4.658799999999985,1.4535543366908983,149.0,True
4-9-18_Schnable_49-375-js76-3-108_2018-04-11_03-37-10_9978200,1,26.0025,-156.419,29.58425102040814,-153.458,0.2505188545399068,153.458,60.41574897959186,3.581751020408138,2.9610000000000127,3.581751020408138,2.9610000000000127,1.4169224378402385,107.0,True
4-9-18_Schnable_49-375-js76-3-108_2018-04-11_03-37-10_9978200,2,21.4804,32.2364,26.42882857142856,24.079999999999927,0.35119184633850037,335.9200000000001,63.57117142857144,4.948428571428561,-8.156400000000076,4.948428571428561,8.156400000000076,3.430264443786081,170.0,True
4-9-18_Schnable_49-375-js76-3-108_2018-04-11_03-37-10_9978200,3,29.1941,-134.853,28.432036734693867,-137.2249,0.3957969135446918,137.2249,61.56796326530613,-0.7620632653061321,-2.3718999999999824,0.7620632653061321,2.3718999999999824,2.440791582125283,183.0,True
4-9-18_Schnable_49-375-js76-3-108_2018-04-11_03-37-10_9978200,4,25.5446,21.8674,17.687110204081606,46.011700000000076,0.2927323819184324,313.9882999999999,72.3128897959184,-7.857489795918394,24.144300000000072,7.857489795918394,24.144300000000072,2.0215277919052266,139.0,True
4-9-18_Schnable_49-375-js76-3-108_2018-04-11_03-37-10_9978200,5,10.5753,-134.243,15.682508163265297,-152.8024,0.3748986016240545,152.8024,74.3174918367347,5.107208163265296,-18.55940000000001,5.107208163265296,18.55940000000001,3.5867068179729755,161.0,True
4-9-18_Schnable_49-376-js10-3-19_2018-04-11_03-39-23_9978300,0,33.3669,134.879,92.14910408163266,-12.273200000000003,0.3097486392793711,12.273199999999997,-2.1491040816326534,58.782204081632656,-147.1522,58.782204081632656,147.1522,2.160863474753711,141.0,True
4-9-18_Schnable_49-376-js10-3-19_2018-04-11_03-39-23_9978300,1,48.1562,-19.0845,91.67251632653063,-1.1102999999999952,0.37505031113376375,1.1102999999999996,-1.6725163265306204,43.51631632653063,17.974199999999996,43.51631632653063,17.974199999999996,3.763041186606083,174.0,True
4-9-18_Schnable_49-376-js10-3-19_2018-04-11_03-39-23_9978300,2,34.6922,161.535,19.21707551020407,-4.7505999999999915,0.35941466233665187,4.750600000000001,70.78292448979593,-15.475124489795931,-166.2856,15.475124489795931,166.2856,2.101777002991629,161.0,True
4-9-18_Schnable_49-376-js10-3-19_2018-04-11_03-39-23_9978300,3,37.4347,-0.679952,33.44300816326531,-26.8074,0.5012856087631892,26.8074,56.55699183673469,-3.991691836734688,-26.127448000000015,3.991691836734688,26.127448000000015,9.183309236075468,236.0,False
4-9-18_Schnable_49-376-js10-3-19_2018-04-11_03-39-23_9978300,4,20.387,0.693428,52.42341020408166,26.356299999999976,0.2695994958442622,333.6437,37.57658979591834,32.03641020408166,25.662871999999965,32.03641020408166,25.662871999999965,,,False
4-9-18_Schnable_49-376-js10-3-19_2018-04-11_03-39-23_9978300,5,43.4463,-53.0104,90.63827755102041,17.71120000000002,0.35208008105666067,342.2888,-0.6382775510204063,47.19197755102041,70.72160000000002,47.19197755102041,70.72160000000002,,,False
4-9-18_Schnable_49-377-js219-343_2018-04-11_03-41-39_9978400,0,15.541,-33.0344,2.4238326530611545,-144.5764999999996,0.04043092883660349,144.5764999999996,87.57616734693885,-13.117167346938846,-111.5420999999996,13.117167346938846,111.5420999999996,2.073099608560099,20.0,True
4-9-18_Schnable_49-377-js219-343_2018-04-11_03-41-39_9978400,1,28.0296,73.5568,29.053348979591817,88.34200000000004,0.15783942600282666,271.65799999999996,60.94665102040818,1.0237489795918187,14.785200000000032,1.0237489795918187,14.785200000000032,3.3907230469966034,70.0,True
4-9-18_Schnable_49-377-js219-343_2018-04-11_03-41-39_9978400,2,26.9826,49.9158,27.892808163265308,47.36970000000002,0.33728794054372274,312.6303,62.10719183673469,0.9102081632653061,-2.546099999999967,0.9102081632653061,2.546099999999967,2.155759139546345,151.0,True
4-9-18_Schnable_49-377-js219-343_2018-04-11_03-41-39_9978400,3,22.9249,-108.12,24.595477551020423,-123.63959999999999,0.32127314464303075,123.63959999999999,65.40452244897958,1.670577551020422,-15.519599999999969,1.670577551020422,15.519599999999969,2.6173151437619406,152.0,True
4-9-18_Schnable_49-377-js219-343_2018-04-11_03-41-39_9978400,4,25.7328,43.4338,30.238383673469393,37.5419,0.45394819883562176,322.4581,59.76161632653061,4.505583673469392,-5.891899999999993,4.505583673469392,5.891899999999993,8.423211958922153,210.0,False
4-9-18_Schnable_49-377-js219-343_2018-04-11_03-41-39_9978400,5,36.5997,-137.163,28.76966122448981,-122.12569999999998,0.5419044413943048,122.12569999999998,61.23033877551019,-7.8300387755101895,15.037300000000016,7.8300387755101895,15.037300000000016,5.099544343195403,247.0,True
4-9-18_Schnable_49-377-js219-343_2018-04-11_03-41-39_9978400,6,42.0868,-2.91374,45.27721632653066,-33.398499999999984,0.2202071708557052,33.39849999999999,44.72278367346934,3.1904163265306664,-30.484759999999994,3.1904163265306664,30.484759999999994,1.8091675007228722,110.0,True
4-9-18_Schnable_49-377-js219-343_2018-04-11_03-41-39_9978400,7,57.4896,-147.464,27.550391836734704,-131.0311,0.5067102261049663,131.0311,62.449608163265296,-29.9392081632653,16.43289999999999,29.9392081632653,16.43289999999999,4.129240461219047,224.0,True
4-9-18_Schnable_49-377-js219-343_2018-04-11_03-41-39_9978400,8,42.2442,2.10684,30.57707346938775,-3.789999999999992,0.4432240034729407,3.7900000000000005,59.42292653061225,-11.66712653061225,-5.896839999999997,11.66712653061225,5.896839999999997,4.406916647673073,195.0,True
4-9-18_Schnable_49-377-js219-343_2018-04-11_03-41-39_9978400,9,21.7544,-0.126644,18.10550408163266,-11.269400000000019,0.3092668196035308,11.269400000000005,71.89449591836734,-3.648895918367341,-11.14275600000002,3.648895918367341,11.14275600000002,2.023755429675805,148.0,True
4-9-18_Schnable_49-379-js104-3-150_2018-04-11_03-46-04_9978600,0,65.3232,-148.237,76.52635918367346,-147.9019,0.30935483920942713,147.9019,13.473640816326544,11.203159183673463,0.33509999999998286,11.203159183673463,0.33509999999998286,1.4872255537077808,148.0,True
4-9-18_Schnable_49-379-js104-3-150_2018-04-11_03-46-04_9978600,1,63.6581,-19.3336,74.78785102040814,-15.951700000000017,0.3408012577086777,15.951700000000004,15.212148979591866,11.129751020408143,3.3818999999999733,11.129751020408143,3.3818999999999733,2.6758511060628978,151.0,True
4-9-18_Schnable_49-379-js104-3-150_2018-04-11_03-46-04_9978600,2,31.3934,-137.602,40.449279591836735,-141.8329,0.442859793361206,141.8329,49.550720408163265,9.055879591836735,-4.230899999999991,9.055879591836735,4.230899999999991,4.15983868869764,212.0,True
4-9-18_Schnable_49-379-js104-3-150_2018-04-11_03-46-04_9978600,3,42.8756,13.0113,53.17829387755104,11.92960000000005,0.46277418826894007,348.07039999999995,36.82170612244896,10.302693877551043,-1.0816999999999553,10.302693877551043,1.0816999999999553,3.4626959201656318,210.0,True
4-9-18_Schnable_49-379-js104-3-150_2018-04-11_03-46-04_9978600,4,24.6916,-149.475,31.766563265306104,-152.15490000000003,0.48269072835412863,152.15490000000003,58.233436734693896,7.074963265306103,-2.679900000000032,7.074963265306103,2.679900000000032,4.1577449664436195,227.0,True
4-9-18_Schnable_49-379-js104-3-150_2018-04-11_03-46-04_9978600,5,30.106,1.9735,33.063608163265314,10.568399999999997,0.5610910922720853,349.4316,56.936391836734686,2.957608163265313,8.594899999999996,2.957608163265313,8.594899999999996,3.7619249613071655,261.0,True
4-9-18_Schnable_49-379-js104-3-150_2018-04-11_03-46-04_9978600,6,23.1924,-145.723,19.35534693877554,-156.3029,0.43803076264073004,156.3029,70.64465306122446,-3.8370530612244593,-10.57989999999998,3.8370530612244593,10.57989999999998,3.155068820579666,212.0,True
4-9-18_Schnable_49-379-js104-3-150_2018-04-11_03-46-04_9978600,7,23.8506,58.4146,14.391091836734674,56.95130000000006,0.2637783775166164,303.04869999999994,75.60890816326533,-9.459508163265326,-1.463299999999947,9.459508163265326,1.463299999999947,4.097991717927453,119.0,True
4-9-18_Schnable_49-380-js29-51_2018-04-11_03-48-17_9978700,0,35.0906,73.7699,35.818134693877504,68.9434,0.20623978217363154,291.0566,54.181865306122496,0.7275346938775016,-4.82650000000001,0.7275346938775016,4.82650000000001,0.7434481220747912,80.0,True
4-9-18_Schnable_49-380-js29-51_2018-04-11_03-48-17_9978700,1,25.9748,-13.6707,28.086495918367348,-28.644199999999984,0.2715579013306007,28.64419999999999,61.91350408163265,2.1116959183673494,-14.973499999999973,2.1116959183673494,14.973499999999973,1.7959233060241757,116.0,True
4-9-18_Schnable_49-380-js29-51_2018-04-11_03-48-17_9978700,2,28.6633,119.478,31.43721020408163,122.76030000000003,0.34714168040491666,237.23969999999997,58.56278979591837,2.7739102040816306,3.2823000000000206,2.7739102040816306,3.2823000000000206,2.6861033766523645,160.0,True
4-9-18_Schnable_49-380-js29-51_2018-04-11_03-48-17_9978700,3,18.1759,-35.9595,27.623428571428583,-41.47550000000001,0.44210696042724756,41.4755,62.37657142857142,9.447528571428585,-5.5160000000000196,9.447528571428585,5.5160000000000196,6.174944288310451,196.0,False
4-9-18_Schnable_49-380-js29-51_2018-04-11_03-48-17_9978700,4,31.5014,107.715,34.080065306122464,117.05160000000001,0.49897561404223206,242.9484,55.919934693877536,2.5786653061224634,9.336600000000004,2.5786653061224634,9.336600000000004,2.7118441711202084,227.0,True
4-9-18_Schnable_49-380-js29-51_2018-04-11_03-48-17_9978700,5,46.3609,157.825,15.502675510204085,161.6037,0.3396558714747734,198.39629999999997,74.49732448979591,-30.858224489795916,3.778700000000015,30.858224489795916,3.778700000000015,3.583436531254881,166.0,True
4-9-18_Schnable_49-380-js29-51_2018-04-11_03-48-17_9978700,6,30.4193,-70.7787,23.138363265306126,-44.389700000000005,0.4643115086441394,44.38969999999999,66.86163673469387,-7.280936734693874,26.38900000000001,7.280936734693874,26.38900000000001,6.754393262001604,211.0,False
4-9-18_Schnable_49-381-js16-1-29_2018-04-11_03-50-31_9978800,0,20.0773,48.2671,9.842114285714288,44.248699999999985,0.24143574959499858,315.7513,80.15788571428571,-10.235185714285713,-4.018400000000014,10.235185714285713,4.018400000000014,2.5455569077933804,111.0,True
4-9-18_Schnable_49-381-js16-1-29_2018-04-11_03-50-31_9978800,1,25.7862,175.878,26.58605510204081,174.35250000000002,0.25294975512778567,185.64749999999998,63.41394489795919,0.7998551020408087,-1.5254999999999654,0.7998551020408087,1.5254999999999654,1.5759624956118328,121.0,True
4-9-18_Schnable_49-381-js16-1-29_2018-04-11_03-50-31_9978800,2,29.518,-4.56482,23.722391836734673,-0.037700000000000955,0.3142256435766996,0.037700000000000004,66.27760816326533,-5.795608163265328,4.5271199999999965,5.795608163265328,4.5271199999999965,2.152058549166273,147.0,True
4-9-18_Schnable_49-381-js16-1-29_2018-04-11_03-50-31_9978800,3,32.4496,-168.749,21.885348979591868,174.1648,0.3788786193162441,185.8352,68.11465102040813,-10.564251020408129,-17.086199999999963,10.564251020408129,17.086199999999963,4.121342515268825,189.0,True
4-9-18_Schnable_49-381-js16-1-29_2018-04-11_03-50-31_9978800,4,39.7523,-4.94363,19.69165714285714,-14.021900000000016,0.43353375383917797,14.021900000000004,70.30834285714286,-20.06064285714286,-9.078270000000032,20.06064285714286,9.078270000000032,2.9149732634269,216.0,True
4-9-18_Schnable_49-381-js16-1-29_2018-04-11_03-50-31_9978800,5,27.1395,161.957,17.638955102040825,179.19020000000006,0.4694738851289299,180.80979999999994,72.36104489795918,-9.500544897959177,17.233200000000068,9.500544897959177,17.233200000000068,3.5824515242669808,230.0,True
4-9-18_Schnable_49-381-js16-1-29_2018-04-11_03-50-31_9978800,6,53.6518,-8.23306,95.62244897959201,162.35380000000004,0.038788908672662235,197.64619999999996,-5.622448979592014,41.970648979592006,170.58686,41.970648979592006,170.58686,2.5432002905305393,12.0,False
4-9-18_Schnable_49-381-js16-1-29_2018-04-11_03-50-31_9978800,7,37.2409,-122.402,43.65154693877771,9.443500000000029,0.001990054842319544,350.55649999999997,46.34845306122229,6.41064693877771,131.84550000000002,6.41064693877771,131.84550000000002,1.368556860060015,2.0,False
4-9-18_Schnable_49-381-js16-1-29_2018-04-11_03-50-31_9978800,8,22.7359,134.719,19.927595918367416,156.5929,0.16739248537853255,203.4071,70.07240408163258,-2.808304081632585,21.873899999999992,2.808304081632585,21.873899999999992,1.407909663028778,72.0,True
4-9-18_Schnable_49-381-js16-1-29_2018-04-11_03-50-31_9978800,9,42.9773,-19.8217,29.53470408163271,-154.6197,0.38540252375618367,154.6197,60.46529591836729,-13.442595918367289,-134.798,13.442595918367289,134.798,4.0825326030974916,171.0,True
4-9-18_Schnable_49-381-js16-1-29_2018-04-11_03-50-31_9978800,10,7.72423,-30.0165,27.177324489795872,-9.38470000000001,0.34460173677946204,9.384700000000002,62.82267551020413,19.453094489795873,20.6318,19.453094489795873,20.6318,2.0667029111282957,166.0,True
4-9-18_Schnable_49-382-js16-2-29_2018-04-11_03-52-44_9978900,0,17.4785,-177.174,12.11769387755102,174.26080000000002,0.23486592195821318,185.73919999999998,77.88230612244898,-5.360806122448981,-8.565200000000004,5.360806122448981,8.565200000000004,2.4429084758686326,114.0,True
4-9-18_Schnable_49-382-js16-2-29_2018-04-11_03-52-44_9978900,1,24.407,7.72271,25.25169387755102,10.031300000000044,0.2643993634405182,349.96869999999996,64.74830612244898,0.8446938775510198,2.308590000000038,0.8446938775510198,2.308590000000038,1.74525143795497,118.0,True
4-9-18_Schnable_49-382-js16-2-29_2018-04-11_03-52-44_9978900,2,22.4046,164.302,20.13627346938776,178.067,0.36518129867019605,181.93299999999996,69.86372653061224,-2.2683265306122387,13.765000000000015,2.2683265306122387,13.765000000000015,1.8370703869287957,171.0,True
4-9-18_Schnable_49-382-js16-2-29_2018-04-11_03-52-44_9978900,3,31.8729,7.57473,29.53157346938773,5.871100000000013,0.3369939864233011,354.1289,60.46842653061227,-2.341326530612271,-1.7036299999999756,2.341326530612271,1.7036299999999756,1.8729067170198577,155.0,True
4-9-18_Schnable_49-382-js16-2-29_2018-04-11_03-52-44_9978900,4,32.2605,9.78706,24.398034693877563,-1.5270999999999901,0.42978366864369294,1.5270999999999992,65.60196530612244,-7.862465306122438,-11.314159999999987,7.862465306122438,11.314159999999987,1.8918915159630714,192.0,True
4-9-18_Schnable_49-382-js16-2-29_2018-04-11_03-52-44_9978900,5,37.731,-162.652,23.704720408163254,-170.9841,0.40098353176077245,170.9841,66.29527959183675,-14.026279591836747,-8.332100000000025,14.026279591836747,8.332100000000025,2.006430672089187,183.0,True
4-9-18_Schnable_49-382-js16-2-29_2018-04-11_03-52-44_9978900,6,25.5345,33.5599,26.394283673469367,-7.885300000000001,0.5353645492296267,7.885299999999996,63.60571632653063,0.8597836734693658,-41.4452,0.8597836734693658,41.4452,2.9359606198258956,234.0,True
4-9-18_Schnable_49-382-js16-2-29_2018-04-11_03-52-44_9978900,7,43.8589,-151.285,19.17008163265308,163.5156,0.24362791124271976,196.4844,70.82991836734692,-24.68881836734692,-45.19939999999997,24.68881836734692,45.19939999999997,1.3731100839727755,112.0,True
4-9-18_Schnable_49-382-js16-2-29_2018-04-11_03-52-44_9978900,8,19.6566,118.049,30.684469387755136,-163.2776,0.4036685927955747,163.2776,59.315530612244864,11.027869387755135,78.67340000000002,11.027869387755135,78.67340000000002,2.20693553640848,185.0,True
4-9-18_Schnable_49-383-js113-168_2018-04-11_03-54-58_9979000,0,21.316,146.647,16.04641224489795,146.69390000000004,0.20736598486483968,213.30609999999996,73.95358775510205,-5.269587755102048,0.04690000000005057,5.269587755102048,0.04690000000005057,0.5955064047204207,93.0,True
4-9-18_Schnable_49-383-js113-168_2018-04-11_03-54-58_9979000,1,31.0741,-21.3028,33.57124081632654,-24.5711,0.2626342324782152,24.5711,56.42875918367346,2.497140816326535,-3.2683000000000106,2.497140816326535,3.2683000000000106,1.2441981152109083,115.0,True
4-9-18_Schnable_49-383-js113-168_2018-04-11_03-54-58_9979000,2,25.3169,157.66,26.557832653061247,-173.8249,0.32174048467775634,173.8249,63.44216734693875,1.2409326530612468,28.51509999999996,1.2409326530612468,28.51509999999996,2.4640124455720813,136.0,True
4-9-18_Schnable_49-383-js113-168_2018-04-11_03-54-58_9979000,3,25.41,-40.7049,32.88908163265307,-22.369100000000003,0.3532701429314669,22.3691,57.11091836734693,7.479081632653067,18.335800000000006,7.479081632653067,18.335800000000006,2.393835382243805,166.0,True
4-9-18_Schnable_49-383-js113-168_2018-04-11_03-54-58_9979000,4,16.9443,162.891,22.768589795918373,175.77030000000002,0.35002568711627047,184.2297,67.23141020408163,5.824289795918375,12.879300000000029,5.824289795918375,12.879300000000029,4.17244899465987,168.0,True
4-9-18_Schnable_49-383-js113-168_2018-04-11_03-54-58_9979000,5,25.1413,-14.3436,25.237571428571414,-11.409500000000008,0.4402432130094689,11.409499999999996,64.76242857142859,0.0962714285714128,2.934100000000001,0.0962714285714128,2.934100000000001,2.686928463163787,186.0,True
4-9-18_Schnable_49-383-js113-168_2018-04-11_03-54-58_9979000,6,38.5457,136.191,22.162928571428594,119.89670000000001,0.3657622123935145,240.1033,67.8370714285714,-16.382771428571402,-16.294299999999993,16.382771428571402,16.294299999999993,3.6505052603021095,171.0,True
4-9-18_Schnable_49-383-js113-168_2018-04-11_03-54-58_9979000,7,34.6417,-19.9295,22.137155102040808,6.523900000000026,0.3656105855264806,353.4761,67.86284489795919,-12.504544897959192,26.453400000000016,12.504544897959192,26.453400000000016,3.428247099740124,161.0,True
4-9-18_Schnable_49-384-js81-1-113_2018-04-11_03-57-11_9979100,0,36.2807,92.9808,20.249912244897985,87.33109999999999,0.20896463377311653,272.6689,69.75008775510202,-16.03078775510202,-5.649699999999996,16.03078775510202,5.649699999999996,4.155774970086631,97.0,True
4-9-18_Schnable_49-384-js81-1-113_2018-04-11_03-57-11_9979100,1,26.3992,-93.5799,21.084830612244915,-89.3377,0.2931309246568427,89.3377,68.91516938775509,-5.314369387755086,4.242199999999997,5.314369387755086,4.242199999999997,4.587937896339689,136.0,True
4-9-18_Schnable_49-384-js81-1-113_2018-04-11_03-57-11_9979100,2,25.0533,66.0916,13.289455102040833,53.09410000000008,0.3417879695052745,306.9058999999999,76.71054489795917,-11.763844897959167,-12.997499999999917,11.763844897959167,12.997499999999917,6.745922633272143,157.0,False
4-9-18_Schnable_49-384-js81-1-113_2018-04-11_03-57-11_9979100,3,21.977,-113.75,28.16527346938775,-110.24470000000001,0.40652578135518347,110.24470000000001,61.83472653061225,6.188273469387749,3.505299999999977,6.188273469387749,3.505299999999977,4.761865749981136,178.0,True
4-9-18_Schnable_49-384-js81-1-113_2018-04-11_03-57-11_9979100,4,22.9711,82.821,23.443812244897984,47.88710000000003,0.44883666131193545,312.11289999999997,66.55618775510202,0.47271224489798414,-34.933899999999966,0.47271224489798414,34.933899999999966,5.533075139080243,204.0,False
4-9-18_Schnable_49-384-js81-1-113_2018-04-11_03-57-11_9979100,5,27.8054,-104.114,21.50252448979593,-119.73909999999998,0.4626992161517212,119.73909999999998,68.49747551020407,-6.302875510204068,-15.625099999999975,6.302875510204068,15.625099999999975,4.112007801573511,193.0,True
4-9-18_Schnable_49-384-js81-1-113_2018-04-11_03-57-11_9979100,6,16.5751,68.1601,0.7560591836734716,140.14039999999954,0.23917462166851752,219.85960000000048,89.24394081632653,-15.819040816326527,71.98029999999954,15.819040816326527,71.98029999999954,3.796878846812167,124.0,True
4-9-18_Schnable_49-384-js81-1-113_2018-04-11_03-57-11_9979100,7,12.1289,128.436,10.533830612244898,62.611500000000035,0.4114611291829274,297.38849999999996,79.4661693877551,-1.5950693877551014,-65.82449999999997,1.5950693877551014,65.82449999999997,4.5080176049478995,191.0,True
4-9-18_Schnable_49-385-js205-320_2018-04-11_03-59-24_9979200,0,16.2455,-154.782,25.496726530612236,-145.408,0.30127357571816515,145.408,64.50327346938776,9.251226530612236,9.374000000000024,9.251226530612236,9.374000000000024,1.3697944183312982,138.0,True
4-9-18_Schnable_49-385-js205-320_2018-04-11_03-59-24_9979200,1,32.2495,-4.61317,38.361671428571434,-10.53309999999999,0.37646855117438577,10.5331,51.638328571428566,6.112171428571436,-5.919929999999994,6.112171428571436,5.919929999999994,1.7490170402238652,180.0,True
4-9-18_Schnable_49-385-js205-320_2018-04-11_03-59-24_9979200,2,25.1976,-156.962,32.97916734693878,-154.7593,0.3573629718480021,154.7593,57.02083265306122,7.781567346938779,2.202699999999993,7.781567346938779,2.202699999999993,1.9194146153757858,168.0,True
4-9-18_Schnable_49-385-js205-320_2018-04-11_03-59-24_9979200,3,25.1648,1.8299,32.317467346938784,-5.300399999999996,0.4228262495755634,5.300400000000001,57.682532653061216,7.1526673469387845,-7.130300000000005,7.1526673469387845,7.130300000000005,2.8235365487365676,202.0,True
4-9-18_Schnable_49-385-js205-320_2018-04-11_03-59-24_9979200,4,27.0934,-171.927,23.737230612244915,176.8981,0.4879877311443354,183.10189999999997,66.26276938775509,-3.3561693877550844,-11.17489999999998,3.3561693877550844,11.17489999999998,3.662120446652977,224.0,True
4-9-18_Schnable_49-385-js205-320_2018-04-11_03-59-24_9979200,5,19.3679,-72.5204,18.011281632653052,5.075500000000034,0.45560697066840156,354.92449999999997,71.98871836734695,-1.3566183673469467,77.59590000000003,1.3566183673469467,77.59590000000003,4.279633806331819,214.0,True
4-9-18_Schnable_49-385-js205-320_2018-04-11_03-59-24_9979200,6,25.3924,12.2707,4.656140816326527,-84.98019999999998,0.11016659460615548,84.98019999999998,85.34385918367347,-20.73625918367347,-97.25089999999999,20.73625918367347,97.25089999999999,0.7484704974159965,56.0,True
4-9-18_Schnable_49-385-js205-320_2018-04-11_03-59-24_9979200,7,28.2417,-176.419,25.63895102040817,164.06940000000003,0.5147978849059495,195.93059999999997,64.36104897959183,-2.60274897959183,-19.51159999999993,2.60274897959183,19.51159999999993,3.8080634547421672,237.0,True
4-9-18_Schnable_49-385-js205-320_2018-04-11_03-59-24_9979200,8,29.3088,21.3268,20.15784081632654,43.72519999999997,0.3869162727891178,316.2748,69.84215918367346,-9.15095918367346,22.39839999999998,9.15095918367346,22.39839999999998,4.509636017534066,183.0,True
4-9-18_Schnable_49-386-JS176-257_2018-04-11_04-01-37_9979300,0,35.2956,19.2183,42.932181632653034,21.939100000000053,0.2634379310845518,338.06089999999995,47.067818367346966,7.636581632653034,2.720800000000054,7.636581632653034,2.720800000000054,1.788111290385773,122.0,True
4-9-18_Schnable_49-386-JS176-257_2018-04-11_04-01-37_9979300,1,37.5796,-174.85,51.910900000000005,-178.867,0.3057140546500288,178.867,38.089099999999995,14.331300000000006,-4.016999999999996,14.331300000000006,4.016999999999996,1.4483673212778512,133.0,True
4-9-18_Schnable_49-386-JS176-257_2018-04-11_04-01-37_9979300,2,32.9757,1.65463,44.5509306122449,-0.9612999999999943,0.34822684796856296,0.9613000000000002,45.4490693877551,11.575230612244894,-2.6159299999999917,11.575230612244894,2.6159299999999917,3.01998221439894,153.0,True
4-9-18_Schnable_49-386-JS176-257_2018-04-11_04-01-37_9979300,3,30.9553,-171.415,38.663002040816316,-172.1147,0.37250756222265247,172.1147,51.336997959183684,7.707702040816315,-0.6997000000000071,7.707702040816315,0.6997000000000071,2.6985398555915845,167.0,True
4-9-18_Schnable_49-386-JS176-257_2018-04-11_04-01-37_9979300,4,24.1274,6.51815,25.535757142857136,0.13610000000005584,0.4688747036480028,359.86389999999994,64.46424285714286,1.4083571428571346,-6.382049999999936,1.4083571428571346,6.382049999999936,4.532731109981772,220.0,True
4-9-18_Schnable_49-386-JS176-257_2018-04-11_04-01-37_9979300,5,25.9758,-166.257,17.198077551020404,-165.54509999999996,0.34856850539460127,165.54509999999996,72.8019224489796,-8.777722448979596,0.7119000000000426,8.777722448979596,0.7119000000000426,2.5596482406932046,156.0,True
4-9-18_Schnable_49-386-JS176-257_2018-04-11_04-01-37_9979300,6,19.2529,-14.6675,11.52063673469388,-41.99419999999998,0.23651274206639172,41.99419999999998,78.47936326530612,-7.73226326530612,-27.326699999999988,7.73226326530612,27.326699999999988,1.88075505157233,121.0,True
4-9-18_Schnable_49-387-js261-419_2018-04-11_04-03-51_9979400,0,30.2162,-88.4828,27.50012653061225,-91.36729999999999,0.3259774278383495,91.36729999999999,62.49987346938775,-2.7160734693877515,-2.8845000000000027,2.7160734693877515,2.8845000000000027,2.6445296348706786,139.0,True
4-9-18_Schnable_49-387-js261-419_2018-04-11_04-03-51_9979400,1,31.9849,97.895,34.292087755102024,99.3698,0.3737273850219404,260.6302,55.707912244897976,2.3071877551020243,1.474800000000016,2.3071877551020243,1.474800000000016,2.5495551992988608,179.0,True
4-9-18_Schnable_49-387-js261-419_2018-04-11_04-03-51_9979400,2,28.9825,-95.5303,26.93404693877553,-96.0706,0.42731443816425263,96.0706,63.06595306122447,-2.048453061224471,-0.540300000000002,2.048453061224471,0.540300000000002,3.334047262576123,186.0,True
4-9-18_Schnable_49-387-js261-419_2018-04-11_04-03-51_9979400,3,22.8602,108.94,23.29912040816326,105.97400000000005,0.28052401385950565,254.02599999999995,66.70087959183674,0.4389204081632627,-2.9659999999999513,0.4389204081632627,2.9659999999999513,1.971575955470961,131.0,True
4-9-18_Schnable_49-387-js261-419_2018-04-11_04-03-51_9979400,4,30.7058,-32.1023,11.466477551020418,-109.503,0.35631228420640887,109.503,78.53352244897958,-19.239322448979582,-77.4007,19.239322448979582,77.4007,2.861968527913793,183.0,True
4-9-18_Schnable_49-387-js261-419_2018-04-11_04-03-51_9979400,5,29.7134,99.6735,14.972677551020396,112.23169999999999,0.3562613996908441,247.7683,75.0273224489796,-14.740722448979604,12.5582,14.740722448979604,12.5582,3.1849194396124427,169.0,True
4-9-18_Schnable_49-388-js203-316_2018-04-11_04-06-05_9979500,0,40.0958,-20.1084,48.806830612244894,-20.25569999999999,0.34360110043580805,20.2557,41.193169387755106,8.711030612244897,-0.14730000000000132,8.711030612244897,0.14730000000000132,2.5629138043243995,156.0,True
4-9-18_Schnable_49-388-js203-316_2018-04-11_04-06-05_9979500,1,35.5755,-23.6541,28.48117959183675,-18.086799999999982,0.16299760385206438,18.086799999999986,61.51882040816325,-7.094320408163249,5.567300000000017,7.094320408163249,5.567300000000017,1.1437836485260515,69.0,True
4-9-18_Schnable_49-388-js203-316_2018-04-11_04-06-05_9979500,2,30.845,147.799,28.778873469387733,152.1338,0.272136418183852,207.8662,61.22112653061227,-2.066126530612266,4.334800000000001,2.066126530612266,4.334800000000001,1.4518942112505866,119.0,True
4-9-18_Schnable_49-388-js203-316_2018-04-11_04-06-05_9979500,3,24.4377,-34.5089,24.65126530612244,-39.93180000000001,0.3947946561084125,39.9318,65.34873469387756,0.2135653061224403,-5.422900000000027,0.2135653061224403,5.422900000000027,5.808008943690633,186.0,False
4-9-18_Schnable_49-388-js203-316_2018-04-11_04-06-05_9979500,4,29.084,173.134,19.963181632653047,165.99,0.2986879554640886,194.01,70.03681836734695,-9.120818367346953,-7.143999999999977,9.120818367346953,7.143999999999977,6.410242587399141,129.0,False
4-9-18_Schnable_49-388-js203-316_2018-04-11_04-06-05_9979500,5,18.7595,76.2538,5.060134693877572,93.77159999999998,0.11495493656567798,266.2284,84.93986530612243,-13.699365306122427,17.517799999999966,13.699365306122427,17.517799999999966,0.8263276868888315,54.0,True
4-9-18_Schnable_49-389-js140-203_2018-04-11_04-08-18_9979600,0,39.8061,-157.836,38.663624489795936,-145.6934,0.3159929461746474,145.6934,51.336375510204064,-1.142475510204065,12.142600000000016,1.142475510204065,12.142600000000016,1.483996200418212,140.0,True
4-9-18_Schnable_49-389-js140-203_2018-04-11_04-08-18_9979600,1,27.7521,-10.3607,35.741016326530605,-15.81389999999999,0.3657664560316026,15.813900000000004,54.258983673469395,7.988916326530607,-5.453199999999981,7.988916326530607,5.453199999999981,2.1859227112531814,174.0,True
4-9-18_Schnable_49-389-js140-203_2018-04-11_04-08-18_9979600,2,36.2272,-177.184,40.99364081632655,-175.634,0.42468568230366455,175.634,49.00635918367345,4.7664408163265435,1.5500000000000114,4.7664408163265435,1.5500000000000114,4.050608471885567,193.0,True
4-9-18_Schnable_49-389-js140-203_2018-04-11_04-08-18_9979600,3,42.8104,-164.493,45.454620408163265,-167.71830000000003,0.5331904486301597,167.71830000000003,44.545379591836735,2.644220408163264,-3.2253000000000327,2.644220408163264,3.2253000000000327,4.628395652160144,223.0,True
4-9-18_Schnable_49-389-js140-203_2018-04-11_04-08-18_9979600,4,31.8029,19.4671,29.26964489795921,16.428900000000056,0.532453006303552,343.57109999999994,60.73035510204079,-2.5332551020407905,-3.0381999999999323,2.5332551020407905,3.0381999999999323,4.428416416766567,251.0,True
4-9-18_Schnable_49-389-js140-203_2018-04-11_04-08-18_9979600,5,51.9132,3.42201,53.63931020408168,-0.6459999999999866,0.27809179057574573,0.6460000000000001,36.36068979591832,1.726110204081678,-4.068009999999987,1.726110204081678,4.068009999999987,2.451225495401604,144.0,True
4-9-18_Schnable_49-389-js140-203_2018-04-11_04-08-18_9979600,6,81.2772,-85.3668,85.07411836734698,-65.6343,0.1521512993827917,65.6343,4.9258816326530175,3.79691836734699,19.732500000000016,3.79691836734699,19.732500000000016,4.495530504479745,80.0,True
4-9-18_Schnable_49-389-js140-203_2018-04-11_04-08-18_9979600,7,55.0641,-165.966,24.10597551020406,-92.6642,0.5564295493059691,92.6642,65.89402448979594,-30.958124489795942,73.30180000000001,30.958124489795942,73.30180000000001,6.781429873158255,249.0,False
4-9-18_Schnable_49-389-js140-203_2018-04-11_04-08-18_9979600,8,25.699,-14.5677,16.004622448979546,136.9588,0.17805161539473024,223.0412,73.99537755102045,-9.694377551020455,151.5265,9.694377551020455,151.5265,1.5651603324044996,85.0,True
4-9-18_Schnable_49-389-js140-203_2018-04-11_04-08-18_9979600,9,27.7009,163.016,24.379563265306174,-41.0163,0.4328854049241443,41.016299999999994,65.62043673469383,-3.3213367346938263,155.96770000000004,3.3213367346938263,155.96770000000004,4.450484250118781,201.0,True
4-9-18_Schnable_49-390-js179-269_2018-04-11_04-10-32_9979700,0,31.3108,-167.749,24.550667346938795,-167.5809,0.14936819417397348,167.5809,65.4493326530612,-6.760132653061206,0.16809999999998126,6.760132653061206,0.16809999999998126,0.8457976389608088,66.0,True
4-9-18_Schnable_49-390-js179-269_2018-04-11_04-10-32_9979700,1,25.0433,-5.8353,26.402491836734704,-9.780900000000003,0.23192773086958046,9.7809,63.597508163265296,1.3591918367347056,-3.945600000000013,1.3591918367347056,3.945600000000013,1.3616473815865324,103.0,True
4-9-18_Schnable_49-390-js179-269_2018-04-11_04-10-32_9979700,2,16.9081,0.748406,18.442124489795916,15.873400000000004,0.24402444169952653,344.1266,71.55787551020408,1.5340244897959145,15.124994000000015,1.5340244897959145,15.124994000000015,1.861617751435913,108.0,True
4-9-18_Schnable_49-390-js179-269_2018-04-11_04-10-32_9979700,3,26.9271,165.851,11.859138775510203,14.146800000000042,0.22156649848019322,345.85319999999996,78.1408612244898,-15.067961224489796,-151.70419999999996,15.067961224489796,151.70419999999996,2.0669345874711373,106.0,True
4-9-18_Schnable_49-390-js179-269_2018-04-11_04-10-32_9979700,4,25.7627,10.8729,30.190522448979586,-179.4344,0.2860444529756253,179.4344,59.809477551020414,4.427822448979587,169.6927,4.427822448979587,169.6927,2.5877766624997793,118.0,True
4-9-18_Schnable_49-393-js154-223_2018-04-11_04-17-11_9980000,0,18.0164,-80.1495,64.30511836734702,-164.82439999999997,0.3380844056924357,164.82439999999997,25.694881632652983,46.288718367347016,-84.67489999999997,46.288718367347016,84.67489999999997,3.7149567993885477,146.0,True
4-9-18_Schnable_49-393-js154-223_2018-04-11_04-17-11_9980000,1,129.579,17.1508,95.62244897959198,-20.996499999999997,0.12009732667635468,20.996499999999997,-5.622448979591986,-33.95655102040803,-38.1473,33.95655102040803,38.1473,5.999551864881054,55.0,False
4-9-18_Schnable_49-393-js154-223_2018-04-11_04-17-11_9980000,2,107.216,-174.652,90.82223061224492,-171.5898,0.30492181250582423,171.5898,-0.8222306122449251,-16.39376938775507,3.06219999999999,16.39376938775507,3.06219999999999,4.237666394114715,148.0,True
4-9-18_Schnable_49-393-js154-223_2018-04-11_04-17-11_9980000,3,107.563,-166.233,95.62244897959175,141.95050000000003,0.26253063261366105,218.0495,-5.622448979591756,-11.94055102040825,-51.81649999999996,11.94055102040825,51.81649999999996,12.582803597983636,132.0,False
4-9-18_Schnable_49-393-js154-223_2018-04-11_04-17-11_9980000,4,166.314,61.7985,92.03069999999987,-169.6087,0.19240136659152662,169.6087,-2.030699999999873,-74.28330000000012,128.5928,74.28330000000012,128.5928,2.1979822721243565,98.0,True
4-9-18_Schnable_49-394-js112-165_2018-04-11_04-19-26_9980100,0,24.0068,49.0985,7.301983673469422,52.70249999999993,0.09880517133540627,307.29750000000007,82.69801632653058,-16.704816326530576,3.603999999999928,16.704816326530576,3.603999999999928,0.3823550776523786,47.0,True
4-9-18_Schnable_49-394-js112-165_2018-04-11_04-19-26_9980100,1,23.1715,-132.117,20.423614285714308,-146.77450000000002,0.2519543536833925,146.77450000000002,69.57638571428569,-2.747885714285694,-14.657500000000027,2.747885714285694,14.657500000000027,1.7242694925520077,118.0,True
4-9-18_Schnable_49-394-js112-165_2018-04-11_04-19-26_9980100,2,16.3132,55.642,19.03411836734695,55.96940000000001,0.2911147177343597,304.0306,70.96588163265305,2.7209183673469504,0.32740000000001146,2.7209183673469504,0.32740000000001146,2.5360384079594223,131.0,True
4-9-18_Schnable_49-394-js112-165_2018-04-11_04-19-26_9980100,3,19.7742,132.237,0.8437693877551311,110.08209999999997,0.08763359815369938,249.91790000000006,89.15623061224487,-18.93043061224487,-22.154900000000026,18.93043061224487,22.154900000000026,1.070658768966355,36.0,True
4-9-18_Schnable_49-394-js112-165_2018-04-11_04-19-26_9980100,4,23.7663,54.8595,19.541146938775498,40.63510000000008,0.4177008250495986,319.3648999999999,70.4588530612245,-4.225153061224503,-14.224399999999918,4.225153061224503,14.224399999999918,3.335868328437143,193.0,True
4-9-18_Schnable_49-394-js112-165_2018-04-11_04-19-26_9980100,5,24.6971,-122.23,12.747008163265292,-138.30640000000002,0.3892563734278574,138.30640000000002,77.25299183673471,-11.950091836734707,-16.076400000000035,11.950091836734707,16.076400000000035,2.904774578165221,177.0,True
4-9-18_Schnable_49-394-js112-165_2018-04-11_04-19-26_9980100,6,40.0245,56.9326,18.449955102040818,86.67090000000007,0.4408978145885798,273.3290999999999,71.55004489795918,-21.574544897959186,29.738300000000066,21.574544897959186,29.738300000000066,4.4589593172801285,194.0,True
4-9-18_Schnable_49-394-js112-165_2018-04-11_04-19-26_9980100,7,34.9837,-102.559,19.828906122449013,-145.0373,0.3976264762223345,145.0373,70.17109387755099,-15.154793877550986,-42.47829999999999,15.154793877550986,42.47829999999999,3.320359864115472,180.0,True
4-9-18_Schnable_49-395-js106-154_2018-04-11_04-21-39_9980200,0,23.4063,-12.9854,19.45621632653061,-9.695300000000003,0.2236831265863249,9.695300000000001,70.54378367346939,-3.9500836734693934,3.2900999999999954,3.9500836734693934,3.2900999999999954,1.242815371998505,96.0,True
4-9-18_Schnable_49-395-js106-154_2018-04-11_04-21-39_9980200,1,24.2734,177.133,23.208463265306136,-157.4071,0.316676045161557,157.4071,66.79153673469386,-1.0649367346938625,25.459899999999948,1.0649367346938625,25.459899999999948,3.1726847489485106,155.0,True
4-9-18_Schnable_49-395-js106-154_2018-04-11_04-21-39_9980200,2,14.9352,-3.99766,18.977506122448972,-12.616799999999984,0.36711881785978356,12.616799999999996,71.02249387755103,4.042306122448972,-8.619139999999987,4.042306122448972,8.619139999999987,4.535792376838377,162.0,True
4-9-18_Schnable_49-395-js106-154_2018-04-11_04-21-39_9980200,3,22.067,154.754,16.220628571428563,169.5595,0.31565621005296984,190.4405,73.77937142857144,-5.846371428571437,14.805500000000023,5.846371428571437,14.805500000000023,2.2368580949789783,156.0,True
4-9-18_Schnable_49-395-js106-154_2018-04-11_04-21-39_9980200,4,37.8151,129.834,14.429179591836743,137.0543,0.13828380288570746,222.94569999999996,75.57082040816326,-23.38592040816326,7.220300000000009,23.38592040816326,7.220300000000009,0.801502115121639,64.0,True
4-9-18_Schnable_49-395-js106-154_2018-04-11_04-21-39_9980200,5,19.5944,-99.2777,10.748622448979589,178.54660000000007,0.37681775554566355,181.45339999999993,79.25137755102041,-8.845777551020412,-82.17569999999995,8.845777551020412,82.17569999999995,5.30081924668627,188.0,True
4-9-18_Schnable_49-395-js106-154_2018-04-11_04-21-39_9980200,6,30.1804,2.85511,17.35850204081632,36.360000000000014,0.3270614774521273,323.64,72.64149795918368,-12.82189795918368,33.50489000000002,12.82189795918368,33.50489000000002,2.273640920837817,146.0,True
4-9-18_Schnable_49-396-js239-382_2018-04-11_04-23-53_9980300,0,43.8251,171.351,46.82352653061222,179.88550000000004,0.2621014903270083,180.11449999999996,43.17647346938778,2.998426530612221,8.534500000000037,2.998426530612221,8.534500000000037,1.7391140992685485,128.0,True
4-9-18_Schnable_49-396-js239-382_2018-04-11_04-23-53_9980300,1,35.2932,8.4963,34.55563877551026,9.492200000000025,0.18637168695680925,350.5078,55.44436122448974,-0.7375612244897383,0.9959000000000344,0.7375612244897383,0.9959000000000344,1.394734043026791,87.0,True
4-9-18_Schnable_49-396-js239-382_2018-04-11_04-23-53_9980300,2,37.1987,164.427,40.877930612244924,170.9235,0.35092688828146723,189.0765,49.122069387755076,3.679230612244922,6.4964999999999975,3.679230612244922,6.4964999999999975,2.5207743530108053,171.0,True
4-9-18_Schnable_49-396-js239-382_2018-04-11_04-23-53_9980300,3,18.9078,-42.0423,22.294942857142843,-31.51490000000001,0.34951173617217285,31.514900000000004,67.70505714285716,3.387142857142841,10.5274,3.387142857142841,10.5274,2.40142786910199,160.0,True
4-9-18_Schnable_49-396-js239-382_2018-04-11_04-23-53_9980300,4,23.4906,179.894,18.20253877551022,-176.8011,0.1886877232738821,176.8011,71.79746122448978,-5.28806122448978,3.304899999999975,5.28806122448978,3.304899999999975,1.2561608216653446,87.0,True
4-9-18_Schnable_49-398-js264-422_2018-04-11_04-28-19_9980500,0,21.3165,-21.5921,19.335142857142884,-4.691900000000004,0.28161710134559587,4.691899999999999,70.66485714285712,-1.9813571428571173,16.900199999999984,1.9813571428571173,16.900199999999984,3.2708930250179673,139.0,True
4-9-18_Schnable_49-398-js264-422_2018-04-11_04-28-19_9980500,1,23.204,-174.466,26.322222448979588,-171.4713,0.31269550350185,171.4713,63.67777755102041,3.118222448979587,2.9946999999999946,3.118222448979587,2.9946999999999946,2.061377155579154,135.0,True
4-9-18_Schnable_49-398-js264-422_2018-04-11_04-28-19_9980500,2,19.0392,-27.0559,16.664993877551026,-10.31389999999999,0.42569651682949566,10.313899999999999,73.33500612244897,-2.3742061224489746,16.74200000000002,2.3742061224489746,16.74200000000002,3.2408844274217175,211.0,True
4-9-18_Schnable_49-398-js264-422_2018-04-11_04-28-19_9980500,3,19.2683,-164.319,17.471667346938787,-162.4046,0.39778364877668765,162.4046,72.52833265306121,-1.796632653061213,1.9144000000000005,1.796632653061213,1.9144000000000005,3.1867370586381476,173.0,True
4-9-18_Schnable_49-398-js264-422_2018-04-11_04-28-19_9980500,4,12.4401,5.18581,18.19892653061224,35.05939999999998,0.4586785139094896,324.9406,71.80107346938776,5.758826530612241,29.87358999999998,5.758826530612241,29.87358999999998,3.6283049369542733,219.0,True
4-9-18_Schnable_49-398-js264-422_2018-04-11_04-28-19_9980500,5,11.1929,173.421,13.35751020408162,-165.7186,0.43579364530817305,165.7186,76.64248979591838,2.1646102040816206,20.860400000000027,2.1646102040816206,20.860400000000027,2.58366795704897,196.0,True
4-9-18_Schnable_49-399-JS179-269_2018-04-11_04-30-33_9980600,0,25.4701,-53.0738,1.2446244897959247,-74.0402999999999,0.05852619792774889,74.0402999999999,88.75537551020408,-24.225475510204074,-20.96649999999991,24.225475510204074,20.96649999999991,0.7556035521059503,27.0,True
4-9-18_Schnable_49-399-JS179-269_2018-04-11_04-30-33_9980600,1,20.1637,-160.457,18.414365306122434,-166.0538,0.27304687420613166,166.0538,71.58563469387757,-1.7493346938775645,-5.596800000000002,1.7493346938775645,5.596800000000002,1.1635699087009108,124.0,True
4-9-18_Schnable_49-399-JS179-269_2018-04-11_04-30-33_9980600,2,31.0572,168.586,28.003869387755103,167.8976,0.25392863262712584,192.1024,61.9961306122449,-3.053330612244899,-0.6884000000000015,3.053330612244899,0.6884000000000015,1.6005123330708169,116.0,True
4-9-18_Schnable_49-399-JS179-269_2018-04-11_04-30-33_9980600,3,73.3269,-14.0451,57.54055714285715,-16.564599999999984,0.3048590345747511,16.5646,32.45944285714285,-15.786342857142841,-2.5194999999999936,15.786342857142841,2.5194999999999936,1.6647168730774975,140.0,True
4-9-18_Schnable_49-399-JS179-269_2018-04-11_04-30-33_9980600,4,19.9475,-123.013,1.0121122448979776,-4.295399999999972,0.16169155364174811,4.295399999999969,88.98788775510202,-18.935387755102024,118.71760000000006,18.935387755102024,118.71760000000006,1.5845320755904675,79.0,True
4-9-18_Schnable_49-399-JS179-269_2018-04-11_04-30-33_9980600,5,30.6745,-3.67943,21.975671428571445,4.1831000000000245,0.155044643610629,355.8169,68.02432857142855,-8.698828571428553,7.862530000000021,8.698828571428553,7.862530000000021,0.8437582453223921,73.0,True
4-9-18_Schnable_49-400-js31-3-53_2018-04-11_04-32-46_9980700,0,34.4287,-168.78,27.083071428571422,-146.87900000000002,0.2138026799477821,146.87900000000002,62.91692857142858,-7.345628571428577,21.900999999999982,7.345628571428577,21.900999999999982,1.2382984009287439,93.0,True
4-9-18_Schnable_49-400-js31-3-53_2018-04-11_04-32-46_9980700,1,28.4443,9.60895,26.933112244897963,9.562500000000057,0.2623982806368343,350.43749999999994,63.06688775510204,-1.5111877551020356,-0.046449999999936153,1.5111877551020356,0.046449999999936153,2.51067194530194,115.0,True
4-9-18_Schnable_49-400-js31-3-53_2018-04-11_04-32-46_9980700,2,19.8351,179.265,19.8543224489796,-171.2187,0.25157264316352296,171.2187,70.1456775510204,0.019222448979601126,9.516300000000001,0.019222448979601126,9.516300000000001,1.851494560010064,111.0,True
4-9-18_Schnable_49-400-js31-3-53_2018-04-11_04-32-46_9980700,3,19.1023,2.60099,17.076679591836765,1.1388000000000034,0.19936783511881964,358.8612,72.92332040816324,-2.0256204081632347,-1.4621899999999926,2.0256204081632347,1.4621899999999926,1.4729763468320183,90.0,True
4-9-18_Schnable_49-400-js31-3-53_2018-04-11_04-32-46_9980700,4,5.36637,-42.0066,4.630340816326537,11.65179999999998,0.2588096183846679,348.3482,85.36965918367346,-0.7360291836734625,53.65839999999997,0.7360291836734625,53.65839999999997,2.180610159087417,133.0,True
4-9-18_Schnable_49-400-js31-3-53_2018-04-11_04-32-46_9980700,5,21.0116,-149.239,14.499289795918372,-159.4703,0.1843302633620893,159.4703,75.50071020408163,-6.512310204081629,-10.231300000000005,6.512310204081629,10.231300000000005,1.3184589730725127,93.0,True
4-9-18_Schnable_49-401-js182-272_2018-04-11_04-35-03_9980800,0,24.9759,-12.2844,17.17967346938775,-12.37129999999999,0.20021857789623615,12.371299999999986,72.82032653061225,-7.796226530612248,-0.08689999999998577,7.796226530612248,0.08689999999998577,0.5841576361198836,94.0,True
4-9-18_Schnable_49-401-js182-272_2018-04-11_04-35-03_9980800,1,27.3457,151.107,20.986285714285714,176.90910000000002,0.293517670691371,183.09089999999998,69.01371428571429,-6.359414285714287,25.802100000000024,6.359414285714287,25.802100000000024,1.7035459089611766,133.0,True
4-9-18_Schnable_49-401-js182-272_2018-04-11_04-35-03_9980800,2,23.557,-12.0466,23.459322448979606,-5.061800000000005,0.3400682478239225,5.061800000000001,66.5406775510204,-0.09767755102039288,6.984800000000007,0.09767755102039288,6.984800000000007,1.802234698663412,158.0,True
4-9-18_Schnable_49-401-js182-272_2018-04-11_04-35-03_9980800,3,18.9178,37.692,0.828726530612272,45.50660000000016,0.06724538653328188,314.49339999999984,89.17127346938773,-18.089073469387728,7.814600000000155,18.089073469387728,7.814600000000155,0.6743332596350183,33.0,True
4-9-18_Schnable_49-401-js182-272_2018-04-11_04-35-03_9980800,4,30.1764,96.9731,30.993795918367304,138.16650000000004,0.1026365980573348,221.8335,59.006204081632696,0.8173959183673034,41.193400000000054,0.8173959183673034,41.193400000000054,1.9041979996652167,45.0,True
4-9-18_Schnable_49-401-js182-272_2018-04-11_04-35-03_9980800,5,33.094,176.869,14.069806122448966,165.50740000000008,0.36214854513094175,194.49259999999995,75.93019387755103,-19.024193877551035,-11.361599999999925,19.024193877551035,11.361599999999925,4.336699982692612,184.0,True
4-9-18_Schnable_49-401-js182-272_2018-04-11_04-35-03_9980800,6,45.506,-7.31227,18.749181632653077,-3.6387,0.1865152035595737,3.6387000000000005,71.25081836734692,-26.756818367346924,3.673570000000012,26.756818367346924,3.673570000000012,2.020940292394024,86.0,True
4-9-18_Schnable_49-401-js182-272_2018-04-11_04-35-03_9980800,7,27.2415,136.775,24.28117346938778,148.34130000000005,0.47013421363483093,211.65869999999998,65.71882653061222,-2.9603265306122175,11.56630000000004,2.9603265306122175,11.56630000000004,4.0096653864310285,225.0,True
4-9-18_Schnable_49-401-js182-272_2018-04-11_04-35-03_9980800,8,52.694,-2.15481,49.19432244897978,3.44380000000001,0.1251034030631005,356.5562,40.80567755102022,-3.49967755102022,5.598610000000008,3.49967755102022,5.598610000000008,1.099044770286965,61.0,True
4-9-18_Schnable_49-401-js182-272_2018-04-11_04-35-03_9980800,9,18.522,-42.5735,23.9684326530612,6.460500000000081,0.5409052318946903,353.5394999999999,66.0315673469388,5.446432653061201,49.03400000000008,5.446432653061201,49.03400000000008,3.473192927149197,262.0,True
4-9-18_Schnable_49-402-js41-3-68_2018-04-11_04-37-15_9980900,0,47.4538,121.946,50.59238163265303,119.25650000000002,0.22963042731781474,240.74349999999998,39.40761836734697,3.138581632653029,-2.689499999999981,3.138581632653029,2.689499999999981,1.223141817902097,96.0,True
4-9-18_Schnable_49-402-js41-3-68_2018-04-11_04-37-15_9980900,1,41.0437,-73.9119,37.15601836734697,-81.2115,0.18595765889479443,81.2115,52.84398163265303,-3.8876816326530346,-7.299599999999998,3.8876816326530346,7.299599999999998,1.8754780433874518,88.0,True
4-9-18_Schnable_49-402-js41-3-68_2018-04-11_04-37-15_9980900,2,13.5831,-105.292,44.54419387755106,103.29240000000004,0.2549731125270085,256.70759999999996,45.45580612244894,30.961093877551058,-151.41559999999993,30.961093877551058,151.41559999999993,1.3584092921229605,116.0,True
4-9-18_Schnable_49-402-js41-3-68_2018-04-11_04-37-15_9980900,3,29.5277,4.67369,23.479038775510205,-55.4838,0.19922206294285144,55.48380000000001,66.5209612244898,-6.048661224489795,-60.157489999999996,6.048661224489795,60.157489999999996,2.108183114222849,87.0,True
4-9-18_Schnable_49-402-js41-3-68_2018-04-11_04-37-15_9980900,4,36.5985,106.557,17.822548979591915,-9.84839999999997,0.09564438328711268,9.848399999999984,72.17745102040809,-18.775951020408087,-116.40539999999997,18.775951020408087,116.40539999999997,2.6480987628552395,43.0,True
4-9-18_Schnable_49-402-js41-3-68_2018-04-11_04-37-15_9980900,5,41.2221,114.827,42.9983183673469,106.20370000000003,0.31558650717684356,253.7963,47.0016816326531,1.7762183673468996,-8.623299999999972,1.7762183673468996,8.623299999999972,3.834317348476958,150.0,True
4-9-18_Schnable_49-402-js41-3-68_2018-04-11_04-37-15_9980900,6,30.0373,-75.2107,26.974563265306074,-75.81049999999999,0.2910097466251898,75.81049999999999,63.025436734693926,-3.0627367346939245,-0.5997999999999877,3.0627367346939245,0.5997999999999877,1.163188432862069,128.0,True
4-9-18_Schnable_49-402-js41-3-68_2018-04-11_04-37-15_9980900,7,34.5244,119.57,0.6402346938775594,4.321499999999958,0.12404742991597233,355.67850000000004,89.35976530612244,-33.88416530612244,-115.24850000000004,33.88416530612244,115.24850000000004,1.9651086355459293,63.0,True
4-9-18_Schnable_49-402-js41-3-68_2018-04-11_04-37-15_9980900,8,12.5644,-32.5646,30.26579387755106,99.2713,0.26488015817597954,260.7287,59.73420612244894,17.701393877551062,131.83589999999998,17.701393877551062,131.83589999999998,1.2932958460798039,111.0,True
4-9-18_Schnable_49-403-js69-1-98_2018-04-11_04-39-28_9981000,0,35.6895,134.259,19.85581020408162,141.99130000000002,0.21204943127089662,218.00869999999998,70.14418979591838,-15.833689795918382,7.732300000000038,15.833689795918382,7.732300000000038,2.0391993188017428,101.0,True
4-9-18_Schnable_49-403-js69-1-98_2018-04-11_04-39-28_9981000,1,41.3726,-43.1392,41.003210204081604,-43.820899999999995,0.26819453332906473,43.82089999999999,48.996789795918396,-0.36938979591839427,-0.681699999999978,0.36938979591839427,0.681699999999978,2.2492915621773015,111.0,True
4-9-18_Schnable_49-403-js69-1-98_2018-04-11_04-39-28_9981000,2,18.1783,-98.3817,1.4183775510204129,-99.40149999999998,0.07788490912128158,99.40149999999998,88.58162244897959,-16.759922448979587,-1.0197999999999752,16.759922448979587,1.0197999999999752,0.996804793800646,36.0,True
4-9-18_Schnable_49-403-js69-1-98_2018-04-11_04-39-28_9981000,3,32.2696,131.878,22.053685714285706,128.7394,0.1657439017938424,231.2606,67.9463142857143,-10.215914285714291,-3.1385999999999967,10.215914285714291,3.1385999999999967,0.8112119057959296,72.0,True
4-9-18_Schnable_49-403-js69-1-98_2018-04-11_04-39-28_9981000,4,28.2816,-52.3288,33.83768979591835,-56.35730000000001,0.37189690354554417,56.3573,56.16231020408165,5.55608979591835,-4.028500000000008,5.55608979591835,4.028500000000008,4.0982522603972775,155.0,True
4-9-18_Schnable_49-403-js69-1-98_2018-04-11_04-39-28_9981000,5,31.7648,124.733,30.048412244897932,134.66560000000004,0.37933052050073973,225.3344,59.95158775510207,-1.716387755102069,9.932600000000036,1.716387755102069,9.932600000000036,2.2781214742908307,167.0,True
4-9-18_Schnable_49-403-js69-1-98_2018-04-11_04-39-28_9981000,6,14.6326,-88.4024,11.982736734693873,-61.96849999999998,0.3236381999811722,61.96849999999997,78.01726326530613,-2.649863265306127,26.433900000000023,2.649863265306127,26.433900000000023,4.085329342365471,159.0,True
4-9-18_Schnable_49-403-js69-1-98_2018-04-11_04-39-28_9981000,7,20.1879,166.809,14.149938775510222,138.28230000000002,0.30635322080073696,221.71769999999998,75.85006122448978,-6.037961224489777,-28.526699999999977,6.037961224489777,28.526699999999977,2.3660593662511475,151.0,True
4-9-18_Schnable_49-404-js189-296_2018-04-11_04-41-42_9981100,0,37.729,-169.779,11.677742857142846,-168.9955,0.1670487755861179,168.9955,78.32225714285715,-26.051257142857153,0.7835000000000036,26.051257142857153,0.7835000000000036,2.926032843587676,62.0,True
4-9-18_Schnable_49-404-js189-296_2018-04-11_04-41-42_9981100,1,15.0557,44.5741,11.25570612244897,37.05270000000007,0.23139154505977752,322.9472999999999,78.74429387755103,-3.79999387755103,-7.521399999999915,3.79999387755103,7.521399999999915,2.5063649995654655,109.0,True
4-9-18_Schnable_49-404-js189-296_2018-04-11_04-41-42_9981100,2,17.6553,-171.531,10.604081632653063,-177.0292,0.1779238192006556,177.0292,79.39591836734694,-7.051218367346937,-5.498199999999997,7.051218367346937,5.498199999999997,1.24161899932763,86.0,True
4-9-18_Schnable_49-404-js189-296_2018-04-11_04-41-42_9981100,3,13.5834,64.6585,10.500944897959172,48.27859999999998,0.2012886455231103,311.7214,79.49905510204083,-3.082455102040827,-16.37990000000002,3.082455102040827,16.37990000000002,1.7134515642109414,95.0,True
4-9-18_Schnable_49-404-js189-296_2018-04-11_04-41-42_9981100,4,19.7334,-120.534,10.017342857142864,-152.3784,0.209413510765509,152.3784,79.98265714285714,-9.716057142857135,-31.844400000000007,9.716057142857135,31.844400000000007,1.6877569780940178,104.0,True
4-9-18_Schnable_49-404-js189-296_2018-04-11_04-41-42_9981100,5,32.2231,-160.46,19.3941836734694,-172.45940000000002,0.3139139581211277,172.45940000000002,70.6058163265306,-12.828916326530603,-11.999400000000009,12.828916326530603,11.999400000000009,3.603347588074901,149.0,True
4-9-18_Schnable_49-404-js189-296_2018-04-11_04-41-42_9981100,6,2.73058,27.4534,20.037381632653023,40.845399999999984,0.29998622267274666,319.1546,69.96261836734698,17.306801632653023,13.391999999999996,17.306801632653023,13.391999999999996,1.735291397623006,149.0,True
4-9-18_Schnable_49-405-js229-361_2018-04-11_04-43-55_9981200,0,105.493,-2.51234,91.87429795918366,0.6669999999999732,0.09685053551245126,359.333,-1.874297959183668,-13.61870204081633,3.179339999999968,13.61870204081633,3.179339999999968,1.177110261393186,41.0,True
4-9-18_Schnable_49-405-js229-361_2018-04-11_04-43-55_9981200,1,25.3839,-128.602,24.34651020408164,-121.782,0.26911435449607857,121.782,65.65348979591836,-1.0373897959183616,6.819999999999993,1.0373897959183616,6.819999999999993,2.2562540485351743,130.0,True
4-9-18_Schnable_49-405-js229-361_2018-04-11_04-43-55_9981200,2,24.8536,19.9948,16.748767346938777,25.30250000000001,0.3113524753061978,334.6975,73.25123265306122,-8.104832653061223,5.307700000000011,8.104832653061223,5.307700000000011,6.111532560133315,143.0,False
4-9-18_Schnable_49-405-js229-361_2018-04-11_04-43-55_9981200,3,24.1622,-146.767,24.35239591836735,-145.9253,0.34316255836240395,145.9253,65.64760408163265,0.19019591836735117,0.841700000000003,0.19019591836735117,0.841700000000003,2.06630392002888,158.0,True
4-9-18_Schnable_49-405-js229-361_2018-04-11_04-43-55_9981200,4,47.9663,27.6458,24.37423877551018,45.44240000000002,0.305152914066048,314.5576,65.62576122448982,-23.592061224489818,17.796600000000012,23.592061224489818,17.796600000000012,3.9809963707883997,136.0,True
4-9-18_Schnable_49-405-js229-361_2018-04-11_04-43-55_9981200,5,26.6456,25.4169,27.257267346938754,51.30580000000003,0.4088636915667173,308.69419999999997,62.742732653061246,0.6116673469387521,25.888900000000035,0.6116673469387521,25.888900000000035,3.663344951701749,197.0,True
4-9-18_Schnable_49-405-js229-361_2018-04-11_04-43-55_9981200,6,30.6763,-82.3501,0.5903551020408173,97.33280000000002,0.1249186847526339,262.6672,89.40964489795918,-30.085944897959184,179.68290000000002,30.085944897959184,179.68290000000002,0.7629109088098277,61.0,True
4-9-18_Schnable_49-405-js229-361_2018-04-11_04-43-55_9981200,7,44.8155,-126.344,21.10041428571428,137.41280000000006,0.3062033843262225,222.58719999999997,68.89958571428572,-23.71508571428572,-96.24319999999994,23.71508571428572,96.24319999999994,5.010326210636164,150.0,True
4-9-18_Schnable_49-405-js229-361_2018-04-11_04-43-55_9981200,8,27.5855,107.242,26.364730612244884,-138.2183,0.40034106741447195,138.2183,63.635269387755116,-1.2207693877551158,114.53969999999998,1.2207693877551158,114.53969999999998,1.8920107754016,189.0,True
4-9-18_Schnable_49-407-JS225-357_2018-04-11_04-48-23_9981400,0,17.2178,-177.442,20.432155102040824,171.16220000000004,0.19781082859983382,188.83779999999996,69.56784489795918,3.214355102040823,-11.395800000000008,3.214355102040823,11.395800000000008,2.516872060504973,90.0,True
4-9-18_Schnable_49-407-JS225-357_2018-04-11_04-48-23_9981400,1,20.7566,-54.1111,22.30558775510204,-49.067200000000014,0.25182273210360123,49.067200000000014,67.69441224489796,1.54898775510204,5.043899999999979,1.54898775510204,5.043899999999979,2.0118014949489345,123.0,True
4-9-18_Schnable_49-407-JS225-357_2018-04-11_04-48-23_9981400,2,15.5369,10.6958,0.16930816326528486,-128.36360000000064,0.0669038456694304,128.36360000000064,89.83069183673472,-15.367591836734714,-139.05940000000064,15.367591836734714,139.05940000000064,1.4209535095591517,33.0,True
4-9-18_Schnable_49-407-JS225-357_2018-04-11_04-48-23_9981400,3,23.3177,147.817,23.182371428571415,139.78680000000003,0.3401855697550781,220.21319999999997,66.81762857142859,-0.1353285714285839,-8.03019999999998,0.1353285714285839,8.03019999999998,3.9397104087495567,167.0,True
4-9-18_Schnable_49-407-JS225-357_2018-04-11_04-48-23_9981400,4,20.4433,2.49682,26.551018367346934,-12.7406,0.41917873210752854,12.740600000000002,63.448981632653066,6.1077183673469335,-15.237419999999986,6.1077183673469335,15.237419999999986,4.129725932371859,186.0,True
4-9-18_Schnable_49-407-JS225-357_2018-04-11_04-48-23_9981400,5,32.8522,151.881,26.079816326530597,165.37310000000002,0.4643523892016172,194.62689999999995,63.9201836734694,-6.772383673469406,13.492100000000022,6.772383673469406,13.492100000000022,5.452225519399758,219.0,False
4-9-18_Schnable_49-407-JS225-357_2018-04-11_04-48-23_9981400,6,22.9883,-27.4169,20.925810204081614,-17.020700000000005,0.4235375248607925,17.0207,69.07418979591839,-2.0624897959183848,10.396199999999993,2.0624897959183848,10.396199999999993,3.877816302545782,210.0,True
4-9-18_Schnable_49-407-JS225-357_2018-04-11_04-48-23_9981400,7,24.6358,161.372,13.000046938775554,164.71119999999996,0.19009286058699365,195.28880000000004,76.99995306122445,-11.635753061224445,3.3391999999999484,11.635753061224445,3.3391999999999484,1.5430176259708712,91.0,True
4-9-18_Schnable_49-408-js19-32_2018-04-11_04-50-37_9981500,0,20.6752,-166.4,14.783559183673475,17.276999999999987,0.19032433838086874,162.723,75.21644081632653,-5.891640816326525,-176.32299999999998,5.891640816326525,176.32299999999998,2.3053042947245217,85.0,True
4-9-18_Schnable_49-408-js19-32_2018-04-11_04-50-37_9981500,1,18.2057,0.683415,21.78380408163264,-13.380999999999972,0.31924921603003675,193.381,68.21619591836736,3.578104081632638,-14.064414999999968,3.578104081632638,14.064414999999968,1.8893900673721968,140.0,True
4-9-18_Schnable_49-408-js19-32_2018-04-11_04-50-37_9981500,2,26.9121,156.343,30.431291836734694,160.71550000000002,0.18967464679158358,19.28450000000001,59.568708163265306,3.519191836734695,4.372500000000031,3.519191836734695,4.372500000000031,,,False
4-9-18_Schnable_49-408-js19-32_2018-04-11_04-50-37_9981500,3,17.586,16.4562,26.687667346938802,-174.6778,0.35172598166265645,354.6778,63.3123326530612,9.101667346938804,168.86599999999999,9.101667346938804,168.86599999999999,,,False
4-9-18_Schnable_49-408-js19-32_2018-04-11_04-50-37_9981500,4,35.615,-24.1608,18.75895918367347,-10.219000000000051,0.45947796089760956,190.219,71.24104081632653,-16.856040816326534,13.941799999999944,16.856040816326534,13.941799999999944,2.444810133326153,89.0,True
4-9-18_Schnable_49-408-js19-32_2018-04-11_04-50-37_9981500,5,24.7808,174.385,15.189159183673482,-163.57009999999997,0.41923888175229873,343.57009999999997,74.81084081632652,-9.591640816326517,22.04490000000004,9.591640816326517,22.04490000000004,2.3092667638607653,149.0,True
4-9-18_Schnable_49-408-js19-32_2018-04-11_04-50-37_9981500,6,16.1754,-26.9153,15.705679591836713,28.877099999999984,0.39228284256013934,151.12290000000002,74.29432040816329,-0.46972040816328686,55.79239999999999,0.46972040816328686,55.79239999999999,6.150969296608463,211.0,False
4-9-18_Schnable_49-408-js19-32_2018-04-11_04-50-37_9981500,7,33.4051,-172.874,14.077469387755102,119.68560000000002,0.2546817763174831,60.314399999999985,75.9225306122449,-19.327630612244896,-67.44039999999995,19.327630612244896,67.44039999999995,5.3414190486825674,203.0,True
4-9-18_Schnable_49-409-js67-96_2018-04-11_04-52-51_9981600,0,69.1216,16.0424,67.79441020408167,17.913099999999986,0.16518744953849993,342.0869,22.205589795918332,-1.3271897959183292,1.8706999999999994,1.3271897959183292,1.8706999999999994,1.2381692487494633,77.0,True
4-9-18_Schnable_49-409-js67-96_2018-04-11_04-52-51_9981600,1,59.8801,-170.975,68.03448367346938,-168.78189999999998,0.30989013572012575,168.78189999999998,21.965516326530622,8.154383673469383,2.1931000000000154,8.154383673469383,2.1931000000000154,2.507767700970508,137.0,True
4-9-18_Schnable_49-409-js67-96_2018-04-11_04-52-51_9981600,2,34.0373,3.71137,41.39489795918369,4.917200000000037,0.33749120748450995,355.08279999999996,48.60510204081631,7.3575979591836855,1.2058300000000486,7.3575979591836855,1.2058300000000486,1.8972189635795014,135.0,True
4-9-18_Schnable_49-409-js67-96_2018-04-11_04-52-51_9981600,3,17.3596,-170.412,27.584377551020417,-163.1346,0.43188646703207134,163.1346,62.41562244897958,10.224777551020416,7.2774,10.224777551020416,7.2774,6.872116761998884,205.0,False
4-9-18_Schnable_49-409-js67-96_2018-04-11_04-52-51_9981600,4,23.5096,11.2684,11.018722448979617,-113.75470000000001,0.13056652889874287,113.75470000000001,78.98127755102038,-12.490877551020382,-125.02310000000001,12.490877551020382,125.02310000000001,0.8360514952755339,67.0,True
4-9-18_Schnable_49-409-js67-96_2018-04-11_04-52-51_9981600,5,19.1212,-109.411,15.736646938775479,-8.584699999999998,0.312899182874694,8.584700000000002,74.26335306122452,-3.3845530612245227,100.8263,3.3845530612245227,100.8263,1.837902786588371,135.0,True
4-9-18_Schnable_49-410-js209-328_2018-04-11_04-55-04_9981700,0,36.9834,-31.0091,36.24131020408165,-33.81579999999997,0.19883285172744755,33.81579999999998,53.75868979591835,-0.7420897959183534,-2.806699999999978,0.7420897959183534,2.806699999999978,1.5243573173923715,77.0,True
4-9-18_Schnable_49-410-js209-328_2018-04-11_04-55-04_9981700,1,22.6634,142.427,22.713138775510217,139.8401,0.2938842553450071,220.1599,67.28686122448978,0.04973877551021744,-2.5868999999999858,0.04973877551021744,2.5868999999999858,1.740999640049295,129.0,True
4-9-18_Schnable_49-410-js209-328_2018-04-11_04-55-04_9981700,2,23.2636,-63.7749,20.56701632653062,-63.96260000000001,0.2484318817298189,63.9626,69.43298367346938,-2.69658367346938,-0.18770000000000664,2.69658367346938,0.18770000000000664,1.7228201077281236,119.0,True
4-9-18_Schnable_49-410-js209-328_2018-04-11_04-55-04_9981700,3,22.7059,114.738,20.6680224489796,132.61800000000005,0.3327015721222642,227.38199999999998,69.3319775510204,-2.037877551020401,17.880000000000052,2.037877551020401,17.880000000000052,2.6673569449281556,155.0,True
4-9-18_Schnable_49-410-js209-328_2018-04-11_04-55-04_9981700,4,29.5452,-106.465,3.6327265306122456,-95.77350000000001,0.41591713883179915,95.77350000000001,86.36727346938775,-25.912473469387756,10.69149999999999,25.912473469387756,10.69149999999999,10.29860469466961,195.0,False
4-9-18_Schnable_49-410-js209-328_2018-04-11_04-55-04_9981700,5,11.0073,169.344,14.496904081632664,142.1248,0.39497221754348716,217.8752,75.50309591836734,3.4896040816326632,-27.2192,3.4896040816326632,27.2192,2.647732101303843,182.0,True
4-9-18_Schnable_49-411-JS225-357_2018-04-11_04-57-23_9981800,0,172.321,8.47604,61.20189591836741,48.19639999999998,0.009752243927078495,311.8036,28.79810408163259,-111.11910408163259,39.72035999999997,111.11910408163259,39.72035999999997,1.4367470217159515,4.0,False
4-9-18_Schnable_49-411-JS225-357_2018-04-11_04-57-23_9981800,1,28.9598,-179.686,21.400351020408166,-171.7847,0.23715889877751914,171.7847,68.59964897959183,-7.559448979591835,7.90130000000002,7.559448979591835,7.90130000000002,1.1237130428978108,110.0,True
4-9-18_Schnable_49-411-JS225-357_2018-04-11_04-57-23_9981800,2,10.804,-22.6459,7.7643571428571505,-9.900900000000007,0.2935663759389903,9.900900000000005,82.23564285714285,-3.0396428571428498,12.745000000000005,3.0396428571428498,12.745000000000005,3.1261053409757054,140.0,True
4-9-18_Schnable_49-411-JS225-357_2018-04-11_04-57-23_9981800,3,25.9325,161.131,16.090693877551033,173.87610000000006,0.41291739862878646,186.12389999999996,73.90930612244897,-9.841806122448968,12.745100000000065,9.841806122448968,12.745100000000065,2.8451064307800604,207.0,True
4-9-18_Schnable_49-411-JS225-357_2018-04-11_04-57-23_9981800,4,4.61354,-80.8707,15.240371428571436,170.68380000000002,0.4844164288258945,189.3162,74.75962857142856,10.626831428571435,-108.44549999999998,10.626831428571435,108.44549999999998,5.8954502071686825,229.0,False
4-9-18_Schnable_49-411-JS225-357_2018-04-11_04-57-23_9981800,5,15.1736,79.0063,1.6552448979591787,25.11390000000017,0.2233483716708158,334.88609999999983,88.34475510204082,-13.518355102040822,-53.892399999999824,13.518355102040822,53.892399999999824,1.3433843916463073,101.0,True
4-9-18_Schnable_49-411-JS225-357_2018-04-11_04-57-23_9981800,6,16.4599,15.3502,11.549067346938799,19.765199999999993,0.1502132331808666,340.2348,78.4509326530612,-4.9108326530612025,4.414999999999992,4.9108326530612025,4.414999999999992,1.1793139588533663,67.0,True
4-9-18_Schnable_49-412-JS225-357_2018-04-11_04-59-31_9981900,0,32.3153,165.547,30.23619795918367,167.39300000000003,0.18739467522272346,192.607,59.76380204081633,-2.0791020408163305,1.846000000000032,2.0791020408163305,1.846000000000032,0.8980641180102444,81.0,True
4-9-18_Schnable_49-412-JS225-357_2018-04-11_04-59-31_9981900,1,34.3588,-10.388,39.6265224489796,-10.760400000000004,0.24982163891897902,10.760400000000004,50.3734775510204,5.2677224489795975,-0.37239999999999895,5.2677224489795975,0.37239999999999895,2.250120468058382,119.0,True
4-9-18_Schnable_49-412-JS225-357_2018-04-11_04-59-31_9981900,2,32.7587,142.411,37.18696530612243,138.46180000000004,0.28419827772773826,221.53819999999993,52.81303469387757,4.428265306122434,-3.949199999999962,4.428265306122434,3.949199999999962,2.128208233985337,133.0,True
4-9-18_Schnable_49-412-JS225-357_2018-04-11_04-59-31_9981900,3,23.377,-15.9551,30.135293877551014,-25.466700000000003,0.3673303830923862,25.4667,59.864706122448986,6.758293877551015,-9.511600000000016,6.758293877551015,9.511600000000016,3.286099686145401,168.0,True
4-9-18_Schnable_49-412-JS225-357_2018-04-11_04-59-31_9981900,4,29.7337,163.773,28.913767346938762,156.80220000000003,0.25571477179624974,203.19779999999997,61.08623265306124,-0.8199326530612367,-6.970799999999969,0.8199326530612367,6.970799999999969,1.6582036881530406,122.0,True
4-9-18_Schnable_49-412-JS225-357_2018-04-11_04-59-31_9981900,5,24.0129,-172.297,15.38960816326535,168.9991,0.20722536556460197,191.00089999999997,74.61039183673465,-8.623291836734648,-18.703899999999976,8.623291836734648,18.703899999999976,1.5161490955211843,107.0,True
4-9-18_Schnable_49-412-JS225-357_2018-04-11_04-59-31_9981900,6,15.1174,-68.9084,0.7110448979591695,138.36770000000047,0.17395085926908177,221.6322999999995,89.28895510204083,-14.40635510204083,-152.7238999999995,14.40635510204083,152.7238999999995,1.5080155371031314,87.0,True
4-9-18_Schnable_49-413-js146-212_2018-04-11_05-01-45_9982000,0,37.2732,17.3711,38.20513673469387,16.252700000000004,0.29353667105014947,343.7473,51.79486326530613,0.9319367346938705,-1.1184000000000083,0.9319367346938705,1.1184000000000083,1.6436666010340213,128.0,True
4-9-18_Schnable_49-413-js146-212_2018-04-11_05-01-45_9982000,1,24.1407,141.499,26.580318367346912,148.9937,0.31155574353132964,211.00629999999998,63.41968163265309,2.439618367346913,7.494699999999995,2.439618367346913,7.494699999999995,2.0353494559729466,149.0,True
4-9-18_Schnable_49-413-js146-212_2018-04-11_05-01-45_9982000,2,31.6405,-23.1733,20.504346938775512,9.194299999999998,0.4238586191108063,350.8057,69.49565306122449,-11.136153061224487,32.36759999999998,11.136153061224487,32.36759999999998,11.009372070734173,199.0,False
4-9-18_Schnable_49-413-js146-212_2018-04-11_05-01-45_9982000,3,17.5457,32.0346,18.738308163265316,-45.0703,0.404815582054436,45.070299999999996,71.26169183673468,1.1926081632653158,-77.1049,1.1926081632653158,77.1049,8.976244018578235,192.0,False
4-9-18_Schnable_49-413-js146-212_2018-04-11_05-01-45_9982000,4,25.948,176.844,1.8604183673469379,147.40410000000008,0.2148357389176484,212.59589999999992,88.13958163265306,-24.087581632653063,-29.43989999999991,24.087581632653063,29.43989999999991,1.8914420098961375,95.0,True
4-9-18_Schnable_49-413-js146-212_2018-04-11_05-01-45_9982000,5,8.26223,8.98611,21.755238775510236,-177.26949999999997,0.3515142125870624,177.26949999999997,68.24476122448976,13.493008775510235,173.74439000000007,13.493008775510235,173.74439000000007,2.4860147035416786,156.0,True
4-9-18_Schnable_49-415-js92-129_2018-04-11_05-06-13_9982200,0,140.935,-173.098,91.49494897959181,-10.413800000000009,0.11688406087774547,10.4138,-1.494948979591805,-49.44005102040819,162.68420000000003,49.44005102040819,162.68420000000003,3.5880980479894533,56.0,True
4-9-18_Schnable_49-415-js92-129_2018-04-11_05-06-13_9982200,1,15.5728,110.689,33.55801020408165,178.8725,0.3106871437022412,181.1275,56.44198979591835,17.985210204081646,68.18350000000001,17.985210204081646,68.18350000000001,1.2896858443354036,140.0,True
4-9-18_Schnable_49-415-js92-129_2018-04-11_05-06-13_9982200,2,50.2735,-23.6397,35.19722040816325,-7.592700000000008,0.34246301408232566,7.5927000000000024,54.80277959183675,-15.076279591836752,16.046999999999997,15.076279591836752,16.046999999999997,1.8672329031891217,147.0,True
4-9-18_Schnable_49-415-js92-129_2018-04-11_05-06-13_9982200,3,9.05358,160.867,22.23342448979595,-173.44919999999996,0.16546991368632535,173.44919999999996,67.76657551020405,13.17984448979595,25.68380000000002,13.17984448979595,25.68380000000002,1.0631055280725281,66.0,True
4-9-18_Schnable_49-415-js92-129_2018-04-11_05-06-13_9982200,4,33.7097,-14.0038,0.5308999999999884,17.466699999999094,0.14160498683289463,342.5333000000009,89.46910000000001,-33.17880000000001,31.470499999999106,33.17880000000001,31.470499999999106,1.050678730445321,63.0,True
4-9-18_Schnable_49-415-js92-129_2018-04-11_05-06-13_9982200,5,10.4736,-1.80424,18.06483469387757,-8.301500000000004,0.2555395272572751,8.301500000000003,71.93516530612243,7.591234693877572,-6.497260000000011,7.591234693877572,6.497260000000011,2.019744412170571,121.0,True
4-9-18_Schnable_49-416-js230-367_2018-04-11_05-08-26_9982300,0,18.8683,29.0322,14.992242857142884,9.075600000000009,0.2391156680038618,350.9244,75.00775714285712,-3.8760571428571176,-19.95659999999998,3.8760571428571176,19.95659999999998,2.457901401014649,114.0,True
4-9-18_Schnable_49-416-js230-367_2018-04-11_05-08-26_9982300,1,22.0409,-178.443,14.959597959183682,151.726,0.3323477966204465,208.274,75.04040204081632,-7.081302040816318,-29.831000000000017,7.081302040816318,29.831000000000017,4.3817585989407055,151.0,True
4-9-18_Schnable_49-416-js230-367_2018-04-11_05-08-26_9982300,2,19.9263,-26.2669,19.722528571428597,-11.372600000000006,0.38428699388859083,11.372600000000002,70.2774714285714,-0.20377142857140385,14.894299999999987,0.20377142857140385,14.894299999999987,2.162751955228686,168.0,True
4-9-18_Schnable_49-416-js230-367_2018-04-11_05-08-26_9982300,3,15.235,43.1735,1.107200000000006,48.307100000000105,0.14450917741375444,311.6928999999999,88.8928,-14.127799999999993,5.133600000000115,14.127799999999993,5.133600000000115,1.1549774025062445,52.0,True
4-9-18_Schnable_49-416-js230-367_2018-04-11_05-08-26_9982300,4,28.4146,154.526,19.921481632653098,148.47910000000002,0.40035334473765616,211.52089999999998,70.0785183673469,-8.493118367346902,-6.046899999999994,8.493118367346902,6.046899999999994,4.066448463538882,194.0,True
4-9-18_Schnable_49-416-js230-367_2018-04-11_05-08-26_9982300,5,26.3501,-14.2002,20.833238775510225,-8.061000000000007,0.5144813381007272,8.060999999999996,69.16676122448978,-5.516861224489777,6.139199999999988,5.516861224489777,6.139199999999988,4.5052577980828135,228.0,True
4-9-18_Schnable_49-416-js230-367_2018-04-11_05-08-26_9982300,6,44.0662,30.3917,69.45495102040806,-2.901299999999992,0.04366156805573204,2.901299999999999,20.545048979591947,25.38875102040806,-33.293000000000006,25.38875102040806,33.293000000000006,1.6375534531381575,19.0,False
4-9-18_Schnable_49-416-js230-367_2018-04-11_05-08-26_9982300,7,50.4916,162.786,23.3100775510204,130.8562,0.5290225074376274,229.1438,66.6899224489796,-27.1815224489796,-31.9298,27.1815224489796,31.9298,5.065856769099265,238.0,True
4-9-18_Schnable_49-416-js230-367_2018-04-11_05-08-26_9982300,8,33.397,160.617,17.686393877551055,140.78690000000006,0.23060032782515325,219.21309999999994,72.31360612244895,-15.710606122448944,-19.83009999999993,15.710606122448944,19.83009999999993,1.634409304312446,108.0,True
4-9-18_Schnable_49-416-js230-367_2018-04-11_05-08-26_9982300,9,19.967,-98.0454,0.07299387755102771,-120.6414000000044,0.14245133901259868,120.6414000000044,89.92700612244897,-19.89400612244897,-22.59600000000438,19.89400612244897,22.59600000000438,2.374482018949457,73.0,True
4-9-18_Schnable_49-416-js230-367_2018-04-11_05-08-26_9982300,10,35.1524,31.8192,24.97453469387753,36.024,0.4486413192520108,323.976,65.02546530612247,-10.17786530612247,4.204800000000006,10.17786530612247,4.204800000000006,3.3931308378930076,195.0,True
4-9-18_Schnable_49-417-JS225-357_2018-04-11_05-10-42_9982400,0,79.907,28.3883,0.7399244897958823,32.310999999998955,0.11569563115130914,147.68900000000104,89.26007551020412,-79.16707551020411,3.9226999999989403,79.16707551020411,3.9226999999989403,1.4964215134147385,56.0,True
4-9-18_Schnable_49-417-JS225-357_2018-04-11_05-10-42_9982400,1,20.5797,169.169,50.936116326530595,-169.68,0.2017258746805586,349.68,39.063883673469405,30.356416326530596,21.150999999999954,30.356416326530596,21.150999999999954,1.1859194150503982,96.0,True
4-9-18_Schnable_49-417-JS225-357_2018-04-11_05-10-42_9982400,2,23.0772,23.2017,46.57775510204086,178.257,0.2887082129394503,1.7429999999999999,43.42224489795914,23.50055510204086,155.0553,23.50055510204086,155.0553,0.9956249289847525,131.0,True
4-9-18_Schnable_49-417-JS225-357_2018-04-11_05-10-42_9982400,3,15.6527,-163.61,0.2340775510204054,-2.913000000000011,0.2539196273935547,182.91300000000004,89.7659224489796,-15.418622448979594,160.697,15.418622448979594,160.697,2.5426832700163953,125.0,True
4-9-18_Schnable_49-417-JS225-357_2018-04-11_05-10-42_9982400,4,16.871,-8.61021,0.6721938775510239,176.22090000000003,0.12284817612804055,3.7790999999999735,89.32780612244898,-16.198806122448975,-175.16888999999998,16.198806122448975,175.16888999999998,1.3999772372657018,64.0,True
4-9-18_Schnable_49-417-JS225-357_2018-04-11_05-10-42_9982400,5,25.5891,-168.46,36.304355102040816,172.49,0.3685306306686545,7.509999999999999,53.695644897959184,10.715255102040818,-19.049999999999955,10.715255102040818,19.049999999999955,1.9037717651294923,160.0,True
4-9-18_Schnable_49-417-JS225-357_2018-04-11_05-10-42_9982400,6,23.3452,6.39732,67.89119591837552,-14.918499999999995,0.0028266214846549317,194.91850000000002,22.108804081624488,44.54599591837552,-21.315820000000002,44.54599591837552,21.315820000000002,1.268253627154677,2.0,False
4-9-18_Schnable_49-417-JS225-357_2018-04-11_05-10-42_9982400,7,11.5204,-158.358,89.55115306123696,-104.09410000000014,0.0019900548423195377,284.09410000000014,0.44884693876303666,78.03075306123696,54.263899999999865,78.03075306123696,54.263899999999865,1.2456586126901916,2.0,False
4-9-18_Schnable_49-418-js33-3-57_2018-04-11_05-12-56_9982500,0,58.1216,7.01286,43.55471428571426,-34.86799999999994,0.18649237532531224,214.86799999999994,46.44528571428574,-14.566885714285739,-41.88085999999993,14.566885714285739,41.88085999999993,0.6937650711175068,88.0,True
4-9-18_Schnable_49-418-js33-3-57_2018-04-11_05-12-56_9982500,1,44.1259,144.505,42.47994285714286,177.6259,0.2574900853150873,2.3741000000000008,47.52005714285714,-1.6459571428571422,33.120900000000006,1.6459571428571422,33.120900000000006,2.1976671694794265,119.0,True
4-9-18_Schnable_49-418-js33-3-57_2018-04-11_05-12-56_9982500,2,37.9887,-5.30048,43.826430612244856,4.716399999999965,0.27586884994996386,175.28360000000004,46.173569387755144,5.8377306122448545,10.016879999999958,5.8377306122448545,10.016879999999958,1.753488620703287,122.0,True
4-9-18_Schnable_49-418-js33-3-57_2018-04-11_05-12-56_9982500,3,39.982,-173.75,17.40716734693879,-147.11329999999998,0.35853122588972236,327.1133,72.59283265306121,-22.574832653061208,26.63670000000002,22.574832653061208,26.63670000000002,2.2376796437400444,163.0,True
4-9-18_Schnable_49-418-js33-3-57_2018-04-11_05-12-56_9982500,4,15.2395,-102.628,4.647432653061216,-5.4868999999999915,0.3834791045110839,185.48689999999996,85.35256734693878,-10.592067346938784,97.1411,10.592067346938784,97.1411,5.659061056888588,185.0,False
4-9-18_Schnable_49-419-js220-345_2018-04-11_05-15-09_9982600,0,37.4119,27.4164,22.364836734693895,-24.343799999999987,0.16983324770933042,204.34379999999996,67.6351632653061,-15.047063265306107,-51.7602,15.047063265306107,51.7602,0.8244518199768857,72.0,True
4-9-18_Schnable_49-419-js220-345_2018-04-11_05-15-09_9982600,1,29.5305,160.438,23.455683673469423,-147.2606,0.23163754508063625,327.2606,66.54431632653058,-6.074816326530577,52.3014,6.074816326530577,52.3014,1.0937257817856048,109.0,True
4-9-18_Schnable_49-419-js220-345_2018-04-11_05-15-09_9982600,2,25.4934,33.533,27.79392448979589,1.0124999999999886,0.33691566664522593,178.9875,62.20607551020411,2.3005244897958903,-32.52050000000003,2.3005244897958903,32.52050000000003,2.2259356748018515,153.0,True
4-9-18_Schnable_49-419-js220-345_2018-04-11_05-15-09_9982600,3,24.3799,176.033,20.206661224489793,175.6596,0.37302061735872266,4.340399999999997,69.79333877551021,-4.173238775510207,-0.3733999999999753,4.173238775510207,0.3733999999999753,3.151316521504398,177.0,True
4-9-18_Schnable_49-419-js220-345_2018-04-11_05-15-09_9982600,4,20.1125,21.4699,25.144036734693856,11.85499999999999,0.28612063739104926,168.145,64.85596326530614,5.031536734693855,-9.614900000000006,5.031536734693855,9.614900000000006,2.0700240585486247,143.0,True
4-9-18_Schnable_49-419-js220-345_2018-04-11_05-15-09_9982600,5,14.8964,167.738,9.466075510204092,-175.20409999999998,0.2470645866796075,355.2041,80.53392448979591,-5.4303244897959075,17.057900000000018,5.4303244897959075,17.057900000000018,1.8451985564293092,129.0,True
4-9-18_Schnable_49-419-js220-345_2018-04-11_05-15-09_9982600,6,21.8532,-7.98016,0.6512040816326703,50.195499999999186,0.1296804457246717,129.80450000000081,89.34879591836733,-21.20199591836733,58.1756599999992,21.20199591836733,58.1756599999992,1.949796098477705,68.0,True
4-9-18_Schnable_49-420-js49-1-78_2018-04-11_05-17-23_9982700,0,49.8755,155.35,44.045712244897985,153.1246,0.16283654364966355,206.87540000000004,45.954287755102015,-5.829787755102018,-2.2254000000000076,5.829787755102018,2.2254000000000076,0.8869902630298623,71.0,True
4-9-18_Schnable_49-420-js49-1-78_2018-04-11_05-17-23_9982700,1,48.9205,65.4648,53.24484285714286,65.02960000000002,0.21795251896642326,294.9704,36.75515714285714,4.3243428571428595,-0.4351999999999805,4.3243428571428595,0.4351999999999805,1.179027483969503,91.0,True
4-9-18_Schnable_49-420-js49-1-78_2018-04-11_05-17-23_9982700,2,47.8312,-178.854,52.13593877551016,179.8669,0.23257631217584726,180.1331,37.86406122448984,4.30473877551016,-1.2790999999999713,4.30473877551016,1.2790999999999713,1.0393606272417288,94.0,True
4-9-18_Schnable_49-420-js49-1-78_2018-04-11_05-17-23_9982700,3,36.157,57.701,41.991946938775534,53.24680000000001,0.26816393090991875,306.7532,48.008053061224466,5.834946938775538,-4.454199999999986,5.834946938775538,4.454199999999986,2.2413594328323105,131.0,True
4-9-18_Schnable_49-420-js49-1-78_2018-04-11_05-17-23_9982700,4,32.9754,-172.44,31.782391836734675,-173.1358,0.2849922394697256,173.1358,58.217608163265325,-1.1930081632653255,-0.6957999999999913,1.1930081632653255,0.6957999999999913,1.5222565705784865,129.0,True
4-9-18_Schnable_49-420-js49-1-78_2018-04-11_05-17-23_9982700,5,35.3788,35.5467,26.133485714285705,-148.35399999999998,0.24025083102954786,148.35399999999998,63.866514285714295,-9.245314285714294,176.09930000000003,9.245314285714294,176.09930000000003,1.5877952236019437,111.0,True
4-9-18_Schnable_49-420-js49-1-78_2018-04-11_05-17-23_9982700,6,28.3231,-146.205,33.094981632653074,28.91020000000003,0.33021836890072387,331.08979999999997,56.905018367346926,4.7718816326530735,175.11520000000007,4.7718816326530735,175.11520000000007,2.162054525579385,165.0,True
4-9-18_Schnable_49-421-js80-112_2018-04-11_05-19-37_9982800,0,39.7165,-175.588,42.88457346938779,-178.99750000000003,0.28911708243552914,178.99750000000003,47.11542653061221,3.1680734693877852,-3.409500000000037,3.1680734693877852,3.409500000000037,2.045024550238835,119.0,True
4-9-18_Schnable_49-421-js80-112_2018-04-11_05-19-37_9982800,1,27.795,-6.13468,37.99728571428573,-9.444799999999987,0.40908690602365017,9.444799999999995,52.00271428571427,10.202285714285729,-3.3101199999999835,10.202285714285729,3.3101199999999835,3.207568525502312,186.0,True
4-9-18_Schnable_49-421-js80-112_2018-04-11_05-19-37_9982800,2,21.7967,-167.581,31.699144897959172,177.10790000000003,0.490852079067569,182.89209999999997,58.30085510204083,9.902444897959171,-15.31110000000001,9.902444897959171,15.31110000000001,4.909421832590494,224.0,True
4-9-18_Schnable_49-421-js80-112_2018-04-11_05-19-37_9982800,3,4.00917,148.366,19.51767142857146,2.4534000000000447,0.4434491686610611,357.54659999999996,70.48232857142854,15.50850142857146,-145.91259999999997,15.50850142857146,145.91259999999997,2.9964736441412883,200.0,True
4-9-18_Schnable_49-421-js80-112_2018-04-11_05-19-37_9982800,4,15.7596,2.1275,3.722504081632664,-178.2878,0.5102422639144617,178.2878,86.27749591836734,-12.037095918367337,179.5847,12.037095918367337,179.5847,9.37973919945651,238.0,False
4-9-18_Schnable_49-422-js158-227_2018-04-11_05-21-52_9982900,0,45.046,38.116,20.890022448979593,68.85059999999999,0.18387854413285384,111.14940000000001,69.1099775510204,-24.155977551020406,30.7346,24.155977551020406,30.7346,1.9578246049832715,89.0,True
4-9-18_Schnable_49-422-js158-227_2018-04-11_05-21-52_9982900,1,25.6137,-118.644,26.193308163265293,179.89250000000004,0.30777896499975005,0.10750000000000003,63.80669183673471,0.5796081632652914,-61.463499999999954,0.5796081632652914,61.463499999999954,4.207188029249009,142.0,True
4-9-18_Schnable_49-422-js158-227_2018-04-11_05-21-52_9982900,2,26.3369,-0.0803145,22.67566938775512,8.246100000000013,0.29002560978973885,171.7539,67.32433061224488,-3.6612306122448786,8.326414499999998,3.6612306122448786,8.326414499999998,2.6560321008855863,138.0,True
4-9-18_Schnable_49-422-js158-227_2018-04-11_05-21-52_9982900,3,26.0147,-163.052,27.580512244897946,175.22860000000003,0.30540341928901105,4.771399999999999,62.419487755102054,1.5658122448979448,-21.71939999999995,1.5658122448979448,21.71939999999995,2.3418360703793906,143.0,True
4-9-18_Schnable_49-422-js158-227_2018-04-11_05-21-52_9982900,4,33.0419,-29.0841,23.68333469387757,-3.155999999999949,0.43809357449389247,183.156,66.31666530612243,-9.35856530612243,25.928100000000057,9.35856530612243,25.928100000000057,4.557563914555289,211.0,True
4-9-18_Schnable_49-422-js158-227_2018-04-11_05-21-52_9982900,5,21.5028,170.775,26.817353061224495,177.2423,0.37490216503512563,2.7577000000000007,63.182646938775505,5.314553061224494,6.4672999999999945,5.314553061224494,6.4672999999999945,5.497633128673239,180.0,False
4-9-18_Schnable_49-422-js158-227_2018-04-11_05-21-52_9982900,6,29.0059,4.99694,25.121375510204075,-87.48319999999995,0.29445441531303135,267.48319999999995,64.87862448979593,-3.8845244897959255,-92.48013999999995,3.8845244897959255,92.48013999999995,3.578902444896522,117.0,True
4-9-18_Schnable_49-423-js174-3-252_2018-04-11_05-24-06_9983000,0,23.7889,-11.8805,21.082975510204093,-3.2589000000000112,0.2445084945497911,3.2588999999999992,68.9170244897959,-2.7059244897959083,8.6216,2.7059244897959083,8.6216,1.597010492802286,106.0,True
4-9-18_Schnable_49-423-js174-3-252_2018-04-11_05-24-06_9983000,1,32.8992,176.958,35.00035714285716,176.06470000000002,0.2700396001751221,183.93529999999998,54.99964285714284,2.1011571428571614,-0.8932999999999822,2.1011571428571614,0.8932999999999822,1.1467208412465422,123.0,True
4-9-18_Schnable_49-423-js174-3-252_2018-04-11_05-24-06_9983000,2,23.7974,-1.6751,21.414265306122473,-9.442000000000007,0.31488050494398456,9.442,68.58573469387753,-2.383134693877526,-7.766900000000021,2.383134693877526,7.766900000000021,1.799895441369699,141.0,True
4-9-18_Schnable_49-423-js174-3-252_2018-04-11_05-24-06_9983000,3,31.4521,-179.222,27.885732653061183,175.40180000000004,0.26078020068016783,184.59819999999996,62.11426734693882,-3.5663673469388186,-5.376199999999926,3.5663673469388186,5.376199999999926,1.089954497839938,109.0,True
4-9-18_Schnable_49-423-js174-3-252_2018-04-11_05-24-06_9983000,4,15.5929,4.12749,19.42743265306123,-26.327499999999986,0.39293720818912675,26.327499999999993,70.57256734693877,3.834532653061231,-30.45498999999998,3.834532653061231,30.45498999999998,4.868413328074162,179.0,True
4-9-18_Schnable_49-423-js174-3-252_2018-04-11_05-24-06_9983000,5,19.4966,163.706,24.067308163265352,-175.28880000000004,0.3558265203522364,175.28880000000004,65.93269183673465,4.570708163265351,21.005199999999945,4.570708163265351,21.005199999999945,4.516250807546969,152.0,True
4-9-18_Schnable_49-423-js174-3-252_2018-04-11_05-24-06_9983000,6,29.9037,-15.2822,18.818514285714286,-21.093099999999993,0.20388852275923328,21.093099999999996,71.18148571428571,-11.085185714285714,-5.810900000000004,11.085185714285714,5.810900000000004,2.1265648160152284,89.0,True
4-9-18_Schnable_49-424-js256-410_2018-04-11_05-26-20_9983100,0,20.8385,157.696,22.18783673469389,167.68150000000003,0.2442355749028505,192.3185,67.81216326530611,1.349336734693889,9.98550000000003,1.349336734693889,9.98550000000003,1.4610938339905943,114.0,True
4-9-18_Schnable_49-424-js256-410_2018-04-11_05-26-20_9983100,1,22.3485,-14.3166,23.376197959183642,-14.554000000000002,0.2901605543062372,14.554,66.62380204081636,1.0276979591836408,-0.23740000000000805,1.0276979591836408,0.23740000000000805,1.7709533103628132,134.0,True
4-9-18_Schnable_49-424-js256-410_2018-04-11_05-26-20_9983100,2,25.5122,-179.119,21.806965306122464,171.183,0.32604734889251524,188.81699999999998,68.19303469387754,-3.705234693877536,-9.697999999999979,3.705234693877536,9.697999999999979,2.4902490433610183,148.0,True
4-9-18_Schnable_49-424-js256-410_2018-04-11_05-26-20_9983100,3,24.1252,-42.2869,19.464693877551028,-37.03359999999998,0.3109131348405139,37.03359999999999,70.53530612244897,-4.660506122448972,5.253300000000024,4.660506122448972,5.253300000000024,3.2859161882949657,149.0,True
4-9-18_Schnable_49-424-js256-410_2018-04-11_05-26-20_9983100,4,19.5559,169.633,16.112587755102027,160.64430000000004,0.2849667798282718,199.35569999999998,73.88741224489797,-3.4433122448979745,-8.988699999999966,3.4433122448979745,8.988699999999966,2.7394859140387036,140.0,True
4-9-18_Schnable_49-424-js256-410_2018-04-11_05-26-20_9983100,5,36.9831,-55.5764,32.2453040816326,-63.54089999999999,0.11021654965899202,63.5409,57.7546959183674,-4.737795918367404,-7.964499999999987,4.737795918367404,7.964499999999987,0.9439170430206109,54.0,True
4-9-18_Schnable_49-424-js256-410_2018-04-11_05-26-20_9983100,6,25.0206,-46.0527,18.65211224489795,-33.48690000000002,0.24193615926824888,33.48690000000001,71.34788775510205,-6.368487755102052,12.565799999999967,6.368487755102052,12.565799999999967,3.3513163283476346,106.0,True
4-9-18_Schnable_49-424-js256-410_2018-04-11_05-26-20_9983100,7,11.4683,-170.516,0.9378959183673459,-148.13379999999944,0.11504866948945909,148.13379999999944,89.06210408163265,-10.530404081632653,22.38220000000055,10.530404081632653,22.38220000000055,0.9811471415271087,57.0,True
4-9-18_Schnable_49-425-JS233-371_2018-04-11_05-28-33_9983200,0,32.9872,171.205,30.30843265306124,170.88200000000006,0.2073708354211564,189.11799999999997,59.69156734693876,-2.6787673469387627,-0.32299999999995066,2.6787673469387627,0.32299999999995066,1.5245793163997636,84.0,True
4-9-18_Schnable_49-425-JS233-371_2018-04-11_05-28-33_9983200,1,43.4755,0.211048,48.53538163265304,-4.282900000000012,0.2759741909929991,4.282900000000001,41.46461836734696,5.059881632653045,-4.493948000000017,5.059881632653045,4.493948000000017,2.36702162300664,123.0,True
4-9-18_Schnable_49-425-JS233-371_2018-04-11_05-28-33_9983200,2,29.7055,179.873,39.398244897959174,176.85750000000002,0.33127780443871463,183.14249999999998,50.601755102040826,9.692744897959173,-3.0154999999999745,9.692744897959173,3.0154999999999745,2.6900214021293003,139.0,True
4-9-18_Schnable_49-425-JS233-371_2018-04-11_05-28-33_9983200,3,26.8073,-4.88057,31.31146734693877,-8.474400000000003,0.3923679247520859,8.4744,58.68853265306123,4.504167346938768,-3.593829999999997,4.504167346938768,3.593829999999997,3.7995547388913398,185.0,True
4-9-18_Schnable_49-425-JS233-371_2018-04-11_05-28-33_9983200,4,34.2282,-175.209,24.473851020408205,-159.4538,0.3656577588989056,159.4538,65.5261489795918,-9.754348979591796,15.755200000000002,9.754348979591796,15.755200000000002,2.5416156026099928,169.0,True
4-9-18_Schnable_49-425-JS233-371_2018-04-11_05-28-33_9983200,5,27.1379,-11.8303,4.58803469387756,-39.23939999999999,0.29012733343302693,39.23939999999999,85.41196530612244,-22.549865306122438,-27.409099999999995,22.549865306122438,27.409099999999995,3.882000006834798,132.0,True
4-9-18_Schnable_49-425-JS233-371_2018-04-11_05-28-33_9983200,6,23.4334,160.038,8.68593877551018,158.7303,0.14079273875849557,201.2697,81.31406122448982,-14.747461224489818,-1.3077000000000112,14.747461224489818,1.3077000000000112,1.8317996473269007,68.0,True
4-9-18_Schnable_49-426-js15-28_2018-04-11_05-30-47_9983300,0,17.4131,-101.815,11.24839591836735,-98.52080000000001,0.20214644939174373,98.52080000000001,78.75160408163265,-6.1647040816326495,3.2941999999999894,6.1647040816326495,3.2941999999999894,1.415993163775265,98.0,True
4-9-18_Schnable_49-426-js15-28_2018-04-11_05-30-47_9983300,1,27.1085,-33.9133,23.294612244897948,-34.168300000000016,0.2579175246691472,34.168300000000016,66.70538775510205,-3.8138877551020514,-0.2550000000000239,3.8138877551020514,0.2550000000000239,1.4664547899095892,126.0,True
4-9-18_Schnable_49-426-js15-28_2018-04-11_05-30-47_9983300,2,13.1661,-126.71,12.790553061224514,-153.28429999999997,0.3403869059677033,153.28429999999997,77.20944693877549,-0.37554693877548573,-26.574299999999994,0.37554693877548573,26.574299999999994,2.3302884232494954,153.0,True
4-9-18_Schnable_49-426-js15-28_2018-04-11_05-30-47_9983300,3,31.503,-2.77775,21.842887755102055,10.619500000000016,0.33291933293775366,349.3805,68.15711224489795,-9.660112244897945,13.397250000000014,9.660112244897945,13.397250000000014,2.0795965378904633,157.0,True
4-9-18_Schnable_49-426-js15-28_2018-04-11_05-30-47_9983300,4,20.3814,4.32864,11.781012244897951,20.841600000000028,0.5595587074188452,339.1584,78.21898775510205,-8.600387755102048,16.51296000000002,8.600387755102048,16.51296000000002,4.833739214064038,278.0,True
4-9-18_Schnable_49-426-js15-28_2018-04-11_05-30-47_9983300,5,39.4398,-161.692,8.52673877551021,137.4696,0.49795952555701645,222.53039999999996,81.47326122448979,-30.913061224489788,-60.83839999999998,30.913061224489788,60.83839999999998,2.7222717378680326,228.0,True
4-9-18_Schnable_49-426-js15-28_2018-04-11_05-30-47_9983300,6,8.58291,3.18186,25.47325714285718,-174.8581,0.3129350903624949,174.8581,64.52674285714282,16.89034714285718,-178.03996,16.89034714285718,178.03996,3.9628190380512622,148.0,True
4-9-18_Schnable_49-427-js5-13_2018-04-11_05-33-01_9983400,0,27.5941,10.0466,20.2971306122449,12.519999999999925,0.16368555536446935,347.4800000000001,69.7028693877551,-7.296969387755102,2.473399999999913,7.296969387755102,2.473399999999913,0.9213197957462899,76.0,True
4-9-18_Schnable_49-427-js5-13_2018-04-11_05-33-01_9983400,1,14.1264,2.67304,27.457426530612224,17.049300000000073,0.3348619365618627,342.9506999999999,62.542573469387776,13.331026530612224,14.376260000000059,13.331026530612224,14.376260000000059,1.686895884291754,164.0,True
4-9-18_Schnable_49-427-js5-13_2018-04-11_05-33-01_9983400,2,22.4604,135.055,12.830071428571443,126.18629999999996,0.2230896556087441,233.8137,77.16992857142856,-9.630328571428556,-8.868700000000047,9.630328571428556,8.868700000000047,2.9699156450282254,99.0,True
4-9-18_Schnable_49-427-js5-13_2018-04-11_05-33-01_9983400,3,21.4122,-36.7548,13.276669387755106,23.10559999999998,0.4312518716496037,336.8944,76.7233306122449,-8.135530612244892,59.86039999999997,8.135530612244892,59.86039999999997,5.008555373913885,213.0,True
4-9-18_Schnable_49-427-js5-13_2018-04-11_05-33-01_9983400,4,26.4503,167.983,6.5766142857142995,148.3297,0.332153997128755,211.67029999999997,83.4233857142857,-19.8736857142857,-19.6533,19.8736857142857,19.6533,7.534051414013371,160.0,False
4-9-18_Schnable_49-427-js5-13_2018-04-11_05-33-01_9983400,5,42.2591,27.5026,25.167967346938795,4.300799999999981,0.41349676221554377,355.6992,64.8320326530612,-17.0911326530612,-23.20180000000002,17.0911326530612,23.20180000000002,2.051986701463191,206.0,True
4-9-18_Schnable_49-427-js5-13_2018-04-11_05-33-01_9983400,6,21.2914,-22.1054,17.04118571428576,-25.33420000000001,0.16437850820619967,25.334199999999996,72.95881428571424,-4.2502142857142395,-3.2288000000000068,4.2502142857142395,3.2288000000000068,1.084932661640118,79.0,True
4-9-18_Schnable_49-427-js5-13_2018-04-11_05-33-01_9983400,7,26.3344,-95.8436,22.550559183673442,-118.86889999999998,0.27681453501136727,118.86889999999998,67.44944081632656,-3.7838408163265562,-23.025299999999987,3.7838408163265562,23.025299999999987,1.2020203036596602,130.0,True
4-9-18_Schnable_49-427-js5-13_2018-04-11_05-33-01_9983400,8,66.5097,172.424,24.10496530612248,-139.3641,0.3080908894946627,139.3641,65.89503469387752,-42.404734693877515,48.211900000000014,42.404734693877515,48.211900000000014,2.223126837229916,146.0,True
4-9-18_Schnable_49-428-js293-385_2018-04-11_05-35-14_9983500,0,12.1625,-141.235,23.617100000000008,-152.7404,0.31188314772131637,152.7404,66.38289999999999,11.454600000000008,-11.50539999999998,11.454600000000008,11.50539999999998,1.6946314957309812,147.0,True
4-9-18_Schnable_49-428-js293-385_2018-04-11_05-35-14_9983500,1,24.1575,49.7426,28.654818367346955,57.40379999999999,0.35181175397765657,302.5962,61.345181632653045,4.497318367346956,7.66119999999998,4.497318367346956,7.66119999999998,2.628069010364692,157.0,True
4-9-18_Schnable_49-428-js293-385_2018-04-11_05-35-14_9983500,2,30.1439,-135.975,27.96491836734691,-162.0348,0.37007403322899735,162.0348,62.03508163265309,-2.1789816326530875,-26.059799999999996,2.1789816326530875,26.059799999999996,2.38134229226177,172.0,True
4-9-18_Schnable_49-428-js293-385_2018-04-11_05-35-14_9983500,3,28.8476,-167.156,18.4862693877551,-168.3937,0.21755374244396794,168.3937,71.5137306122449,-10.361330612244899,-1.2376999999999896,10.361330612244899,1.2376999999999896,1.6655994173430573,107.0,True
4-9-18_Schnable_49-428-js293-385_2018-04-11_05-35-14_9983500,4,31.0042,77.53,20.48215306122451,11.776900000000069,0.33856101217993845,348.22309999999993,69.51784693877549,-10.522046938775492,-65.75309999999993,10.522046938775492,65.75309999999993,4.830665764978897,148.0,True
4-9-18_Schnable_49-428-js293-385_2018-04-11_05-35-14_9983500,5,19.8824,22.4717,12.847299999999962,8.377000000000066,0.21625174860304344,351.62299999999993,77.15270000000004,-7.035100000000039,-14.094699999999932,7.035100000000039,14.094699999999932,1.9963094848420428,109.0,True
4-9-18_Schnable_49-428-js293-385_2018-04-11_05-35-14_9983500,6,19.0869,-116.481,3.5207183673469586,-118.16149999999998,0.1320331058075825,118.16149999999998,86.47928163265304,-15.566181632653041,-1.680499999999995,15.566181632653041,1.680499999999995,0.8256279874038024,69.0,True
4-9-18_Schnable_49-429-JS233-371_2018-04-11_05-37-28_9983600,0,22.6076,-50.3745,17.029538775510204,-66.78939999999999,0.21371956542665874,66.78939999999999,72.9704612244898,-5.578061224489797,-16.41489999999999,5.578061224489797,16.41489999999999,2.553007176363713,97.0,True
4-9-18_Schnable_49-429-JS233-371_2018-04-11_05-37-28_9983600,1,29.2713,-123.735,31.352979591836757,-124.1706,0.2652069833749626,124.1706,58.64702040816324,2.0816795918367568,-0.43559999999999377,2.0816795918367568,0.43559999999999377,1.3576264906068436,121.0,True
4-9-18_Schnable_49-429-JS233-371_2018-04-11_05-37-28_9983600,2,25.5053,8.50224,21.292448979591825,13.73660000000001,0.3426763821352087,346.2634,68.70755102040818,-4.2128510204081735,5.2343600000000094,4.2128510204081735,5.2343600000000094,4.345069503416839,158.0,True
4-9-18_Schnable_49-429-JS233-371_2018-04-11_05-37-28_9983600,3,23.0531,-169.521,24.475495918367344,-163.8659,0.3368831818220964,163.8659,65.52450408163266,1.422395918367343,5.655099999999976,1.422395918367343,5.655099999999976,2.1730726052517664,155.0,True
4-9-18_Schnable_49-429-JS233-371_2018-04-11_05-37-28_9983600,4,24.2142,43.0668,20.069948979591842,33.298400000000015,0.4040249658647102,326.7016,69.93005102040816,-4.144251020408159,-9.768399999999986,4.144251020408159,9.768399999999986,3.926649211972673,196.0,True
4-9-18_Schnable_49-429-JS233-371_2018-04-11_05-37-28_9983600,5,21.8944,-50.3978,16.06146734693874,-47.12790000000001,0.12172958798339209,47.12790000000002,73.93853265306126,-5.83293265306126,3.2698999999999785,5.83293265306126,3.2698999999999785,0.5446435396638092,62.0,True
4-9-18_Schnable_49-429-JS233-371_2018-04-11_05-37-28_9983600,6,35.2663,-63.7696,15.196332653061233,-174.461,0.43679906438941063,174.461,74.80366734693877,-20.069967346938768,-110.69140000000002,20.069967346938768,110.69140000000002,3.241357902786994,193.0,True
4-9-18_Schnable_49-429-JS233-371_2018-04-11_05-37-28_9983600,7,38.7652,-13.6981,20.48997755102043,55.64840000000004,0.34874000049634507,304.35159999999996,69.51002244897957,-18.27522244897957,69.34650000000005,18.27522244897957,69.34650000000005,3.445359146546524,164.0,True
4-9-18_Schnable_49-430-js32-54_2018-04-11_05-39-43_9983700,0,26.1593,-43.0988,35.139971428571435,162.55180000000001,0.2724060972149873,17.448199999999996,54.860028571428565,8.980671428571434,-154.3494,8.980671428571434,154.3494,1.1532783454384192,117.0,True
4-9-18_Schnable_49-430-js32-54_2018-04-11_05-39-43_9983700,1,43.5858,147.995,24.921948979591875,173.76330000000002,0.22299257950678397,6.236699999999998,65.07805102040813,-18.663851020408124,25.76830000000001,18.663851020408124,25.76830000000001,1.4237457629781285,113.0,True
4-9-18_Schnable_49-430-js32-54_2018-04-11_05-39-43_9983700,2,23.1352,-43.0102,54.972595918367354,7.16900000000004,0.15490915542713202,172.83099999999996,35.027404081632646,31.837395918367353,50.17920000000004,31.837395918367353,50.17920000000004,1.243473282753098,74.0,True
4-9-18_Schnable_49-430-js32-54_2018-04-11_05-39-43_9983700,3,21.7925,158.415,86.41044693877477,68.82570000000004,0.006794047231678861,111.17429999999997,3.589553061225235,64.61794693877476,-89.58929999999995,64.61794693877476,89.58929999999995,1.2410609333697926,4.0,False
4-9-18_Schnable_49-430-js32-54_2018-04-11_05-39-43_9983700,4,11.6107,32.6377,0.5908224489795941,31.98269999999988,0.17444330434232463,148.01730000000012,89.4091775510204,-11.019877551020405,-0.6550000000001148,11.019877551020405,0.6550000000001148,1.8377720013076047,91.0,True
4-9-18_Schnable_49-431-js118-173_2018-04-11_05-41-56_9983800,0,32.7748,81.5875,26.71957755102042,-54.84279999999998,0.23638330075590697,54.84279999999999,63.28042244897958,-6.055222448979578,-136.4303,6.055222448979578,136.4303,2.0627303706377424,106.0,True
4-9-18_Schnable_49-431-js118-173_2018-04-11_05-41-56_9983800,1,28.4931,38.8744,16.236351020408165,60.356100000000026,0.28640625592311,299.6439,73.76364897959184,-12.256748979591833,21.481700000000018,12.256748979591833,21.481700000000018,2.9914751509889403,144.0,True
4-9-18_Schnable_49-431-js118-173_2018-04-11_05-41-56_9983800,2,19.6065,149.788,85.70385306122328,96.35110000000003,0.0028139375470398135,263.64889999999997,4.296146938776716,66.09735306122329,-53.43689999999998,66.09735306122329,53.43689999999998,,,False
4-9-18_Schnable_49-431-js118-173_2018-04-11_05-41-56_9983800,3,22.1283,-3.45406,24.080895918367347,-89.97439999999999,0.3412114078873081,89.97439999999999,65.91910408163265,1.9525959183673471,-86.52033999999999,1.9525959183673471,86.52033999999999,1.3444136879574304,2.0,False
4-9-18_Schnable_49-431-js118-173_2018-04-11_05-41-56_9983800,4,18.2318,154.898,12.080369387755113,85.98320000000001,0.4764470899735335,274.0168,77.91963061224489,-6.151430612244887,-68.91479999999999,6.151430612244887,68.91479999999999,2.3181701956825953,155.0,True
4-9-18_Schnable_49-431-js118-173_2018-04-11_05-41-56_9983800,5,16.9871,7.30727,17.423820408163266,-70.0133,0.43002557937803804,70.0133,72.57617959183673,0.4367204081632643,-77.32057,0.4367204081632643,77.32057,6.774858243023509,218.0,False
4-9-18_Schnable_49-431-js118-173_2018-04-11_05-41-56_9983800,6,32.509,-28.4975,11.599679591836747,-116.271,0.14409735887715058,116.271,78.40032040816325,-20.909320408163254,-87.7735,20.909320408163254,87.7735,2.9843840506842856,211.0,True
4-9-18_Schnable_49-431-js118-173_2018-04-11_05-41-56_9983800,7,32.352,-152.861,19.830016326530625,147.7428,0.40573644615863386,212.25719999999998,70.16998367346937,-12.521983673469371,-59.39620000000002,12.521983673469371,59.39620000000002,2.8393635439259253,63.0,True
4-9-18_Schnable_49-432-js232-370_2018-04-11_05-44-09_9983900,0,33.6039,149.616,46.94313265306124,160.50670000000002,0.27064018822529823,199.49329999999998,43.05686734693876,13.339232653061238,10.89070000000001,13.339232653061238,10.89070000000001,1.4879839149459477,127.0,True
4-9-18_Schnable_49-432-js232-370_2018-04-11_05-44-09_9983900,1,48.3273,-34.3819,60.571,-36.28029999999998,0.38466357449453015,36.28029999999999,29.429000000000006,12.243699999999997,-1.898399999999981,12.243699999999997,1.898399999999981,2.4312432701059583,182.0,True
4-9-18_Schnable_49-432-js232-370_2018-04-11_05-44-09_9983900,2,46.7823,133.629,56.693400000000004,133.18820000000005,0.4221784399462603,226.81179999999998,33.306599999999996,9.911100000000005,-0.440799999999939,9.911100000000005,0.440799999999939,3.7588290312159387,200.0,True
4-9-18_Schnable_49-432-js232-370_2018-04-11_05-44-09_9983900,3,39.7553,-27.1028,51.76726938775513,-27.564699999999988,0.4413508133219546,27.5647,38.23273061224487,12.01196938775513,-0.46189999999998577,12.01196938775513,0.46189999999998577,3.5955017846738437,215.0,True
4-9-18_Schnable_49-432-js232-370_2018-04-11_05-44-09_9983900,4,25.8237,130.009,25.38758571428572,139.6789,0.5614475970407479,220.32109999999997,64.61241428571428,-0.4361142857142788,9.669900000000013,0.4361142857142788,9.669900000000013,7.93237113088206,262.0,False
4-9-18_Schnable_49-432-js232-370_2018-04-11_05-44-09_9983900,5,31.4963,-38.9555,20.333702040816334,-57.930100000000024,0.5179262850467163,57.930100000000024,69.66629795918367,-11.162597959183667,-18.97460000000001,11.162597959183667,18.97460000000001,4.459908912874089,235.0,True
4-9-18_Schnable_49-432-js232-370_2018-04-11_05-44-09_9983900,6,70.2277,-116.043,59.02702857142846,-137.61409999999998,0.17071945912857847,137.61409999999998,30.972971428571544,-11.200671428571539,-21.571099999999973,11.200671428571539,21.571099999999973,2.2382855677254843,78.0,True
4-9-18_Schnable_49-432-js232-370_2018-04-11_05-44-09_9983900,7,21.796,-142.718,27.2526836734694,-141.0686,0.3629453698987119,141.0686,62.7473163265306,5.456683673469399,1.6493999999999858,5.456683673469399,1.6493999999999858,3.152470326414366,157.0,True
4-9-18_Schnable_49-435-js231-368_2018-04-11_05-50-50_9984200,0,36.6593,-37.4719,38.85316938775511,-41.7466,0.2950161344964199,41.746599999999994,51.14683061224489,2.1938693877551074,-4.274699999999996,2.1938693877551074,4.274699999999996,1.6661166455055194,133.0,True
4-9-18_Schnable_49-435-js231-368_2018-04-11_05-50-50_9984200,1,44.3048,155.233,36.29996530612244,161.4557000000001,0.4431831083068712,198.54429999999994,53.70003469387756,-8.004834693877562,6.2227000000000885,8.004834693877562,6.2227000000000885,4.913529984362198,190.0,True
4-9-18_Schnable_49-435-js231-368_2018-04-11_05-50-50_9984200,2,30.723,0.294192,29.282451020408168,-36.488200000000006,0.4013843800873463,36.4882,60.71754897959183,-1.4405489795918314,-36.782392000000016,1.4405489795918314,36.782392000000016,3.0865360698263866,188.0,True
4-9-18_Schnable_49-435-js231-368_2018-04-11_05-50-50_9984200,3,37.901,160.949,34.1895244897959,162.82320000000004,0.2330168501311647,197.17679999999996,55.8104755102041,-3.711475510204103,1.8742000000000303,3.711475510204103,1.8742000000000303,1.2782030318602724,97.0,True
4-9-18_Schnable_49-435-js231-368_2018-04-11_05-50-50_9984200,4,25.5554,-64.178,28.83802857142858,-44.149399999999986,0.4944515206176212,44.14939999999999,61.16197142857142,3.2826285714285817,20.02860000000001,3.2826285714285817,20.02860000000001,4.853153619152715,239.0,True
4-9-18_Schnable_49-435-js231-368_2018-04-11_05-50-50_9984200,5,27.9749,155.348,19.746138775510204,153.1114,0.5060366123956006,206.8886,70.2538612244898,-8.228761224489798,-2.23660000000001,8.228761224489798,2.23660000000001,5.62369321210643,235.0,False
4-9-18_Schnable_49-435-js231-368_2018-04-11_05-50-50_9984200,6,39.8655,-141.533,25.29749387755095,-147.1051,0.11574189131592595,147.1051,64.70250612244905,-14.568006122449049,-5.572100000000006,14.568006122449049,5.572100000000006,0.5242386830998081,59.0,True
4-9-18_Schnable_49-435-js231-368_2018-04-11_05-50-50_9984200,7,47.9065,-15.8563,18.99536734693875,9.589699999999993,0.5031289644499132,350.4103,71.00463265306125,-28.91113265306125,25.445999999999998,28.91113265306125,25.445999999999998,8.27837310529115,241.0,False
4-9-18_Schnable_49-435-js231-368_2018-04-11_05-50-50_9984200,8,45.6741,142.56,14.656351020408167,-95.28329999999997,0.24862805662791013,95.28329999999997,75.34364897959183,-31.017748979591836,122.1567,31.017748979591836,122.1567,1.702615272268996,116.0,True
4-9-18_Schnable_49-435-js231-368_2018-04-11_05-50-50_9984200,9,31.8034,-56.0259,22.367167346938814,151.94190000000003,0.2826117370138529,208.05809999999997,67.63283265306119,-9.436232653061186,-152.0322,9.436232653061186,152.0322,1.836106186595277,133.0,True
4-9-18_Schnable_49-436-js69-3-98_2018-04-11_05-53-05_9984300,0,39.5047,-79.2065,30.712595918367356,-83.08790000000002,0.16160057557735358,83.08790000000002,59.287404081632644,-8.792104081632644,-3.8814000000000135,8.792104081632644,3.8814000000000135,1.093315450367038,74.0,True
4-9-18_Schnable_49-436-js69-3-98_2018-04-11_05-53-05_9984300,1,33.7528,-20.9878,29.416457142857148,-18.1738,0.2501021839838968,18.173800000000007,60.58354285714285,-4.336342857142853,2.813999999999993,4.336342857142853,2.813999999999993,3.4089471296224847,116.0,True
4-9-18_Schnable_49-436-js69-3-98_2018-04-11_05-53-05_9984300,2,39.4397,-153.364,46.631740816326534,-149.1375,0.29209847189252414,149.1375,43.368259183673466,7.192040816326532,4.226500000000016,7.192040816326532,4.226500000000016,1.7158690789581634,135.0,True
4-9-18_Schnable_49-436-js69-3-98_2018-04-11_05-53-05_9984300,3,30.2369,-3.44703,34.28030816326532,-10.808099999999996,0.38157494864835567,10.808099999999998,55.71969183673468,4.043408163265319,-7.361069999999984,4.043408163265319,7.361069999999984,3.4863028804481258,181.0,True
4-9-18_Schnable_49-436-js69-3-98_2018-04-11_05-53-05_9984300,4,27.8365,179.258,32.66727551020408,173.9819,0.3957014739053574,186.01809999999998,57.33272448979592,4.830775510204077,-5.276100000000014,4.830775510204077,5.276100000000014,3.17681870549757,175.0,True
4-9-18_Schnable_49-436-js69-3-98_2018-04-11_05-53-05_9984300,5,30.5768,-28.8153,25.07404693877551,-23.89949999999999,0.36271967478077977,23.89949999999999,64.92595306122449,-5.502753061224489,4.915800000000019,5.502753061224489,4.915800000000019,3.3252199192824317,177.0,True
4-9-18_Schnable_49-436-js69-3-98_2018-04-11_05-53-05_9984300,6,26.1331,164.877,17.21731428571435,15.642499999999984,0.197449437618932,344.3575,72.78268571428565,-8.915785714285647,-149.23450000000003,8.915785714285647,149.23450000000003,1.2480823324947965,102.0,True
4-9-18_Schnable_49-436-js69-3-98_2018-04-11_05-53-05_9984300,7,26.0967,22.2546,19.670600000000036,147.03200000000004,0.3981150902424801,212.96799999999996,70.32939999999996,-6.426099999999963,124.77740000000006,6.426099999999963,124.77740000000006,3.2378782837050633,167.0,True
4-9-18_Schnable_49-437-js107-157_2018-04-11_05-55-18_9984400,0,30.1742,-159.82,26.55573265306124,-150.61009999999996,0.18054008094875532,150.61009999999996,63.44426734693876,-3.6184673469387576,9.209900000000033,3.6184673469387576,9.209900000000033,2.4206142726574065,80.0,True
4-9-18_Schnable_49-437-js107-157_2018-04-11_05-55-18_9984400,1,31.2498,40.6992,25.70542040816329,40.770399999999995,0.23237670584035613,319.2296,64.29457959183671,-5.544379591836709,0.07120000000000459,5.544379591836709,0.07120000000000459,2.36539777860578,106.0,True
4-9-18_Schnable_49-437-js107-157_2018-04-11_05-55-18_9984400,2,27.6833,-135.561,26.364367346938778,-139.8904,0.3049705460648309,139.8904,63.63563265306122,-1.3189326530612213,-4.329399999999993,1.3189326530612213,4.329399999999993,1.8377503606799943,136.0,True
4-9-18_Schnable_49-437-js107-157_2018-04-11_05-55-18_9984400,3,21.6918,-143.982,17.00005714285716,-153.22740000000002,0.25483530999398063,153.22740000000002,72.99994285714284,-4.691742857142842,-9.245400000000018,4.691742857142842,9.245400000000018,1.8686622702393048,113.0,True
4-9-18_Schnable_49-437-js107-157_2018-04-11_05-55-18_9984400,4,14.6293,27.6035,18.72605918367347,25.187700000000063,0.4855887213638507,334.81229999999994,71.27394081632653,4.09675918367347,-2.4157999999999333,4.09675918367347,2.4157999999999333,4.395187446020461,223.0,True
4-9-18_Schnable_49-437-js107-157_2018-04-11_05-55-18_9984400,5,27.9688,138.059,17.939922448979573,118.39050000000003,0.2966786862892561,241.60949999999997,72.06007755102043,-10.028877551020429,-19.668499999999966,10.028877551020429,19.668499999999966,4.976656106197691,136.0,True
4-9-18_Schnable_49-437-js107-157_2018-04-11_05-55-18_9984400,6,23.9684,-10.6845,9.146389795918367,12.772600000000011,0.18520530412099756,347.2274,80.85361020408163,-14.822010204081632,23.457100000000025,14.822010204081632,23.457100000000025,2.2393412828558628,97.0,True
4-9-18_Schnable_49-438-JS234-375_2018-04-11_05-57-32_9984500,0,25.7716,124.685,21.474961224489817,123.78650000000005,0.23779377593250142,236.21349999999998,68.52503877551018,-4.296638775510182,-0.8984999999999559,4.296638775510182,0.8984999999999559,1.7788478359648312,102.0,True
4-9-18_Schnable_49-438-JS234-375_2018-04-11_05-57-32_9984500,1,28.1135,-68.0855,33.17188979591839,-87.65610000000001,0.28763405401585956,87.65610000000001,56.82811020408161,5.058389795918391,-19.570600000000013,5.058389795918391,19.570600000000013,1.4661509314001715,131.0,True
4-9-18_Schnable_49-438-JS234-375_2018-04-11_05-57-32_9984500,2,20.53,82.4808,20.526322448979613,140.99630000000002,0.33610257111526776,219.0037,69.47367755102039,-0.0036775510203881367,58.51550000000003,0.0036775510203881367,58.51550000000003,2.1226251577704676,140.0,True
4-9-18_Schnable_49-438-JS234-375_2018-04-11_05-57-32_9984500,3,23.7282,-66.4398,3.623530612244906,123.7713,0.21475394087886737,236.2287,86.3764693877551,-20.104669387755095,-169.7889,20.104669387755095,169.7889,1.5662372809933485,113.0,True
4-9-18_Schnable_49-438-JS234-375_2018-04-11_05-57-32_9984500,4,8.95848,66.7398,14.063606122449002,-76.148,0.19703036229790277,76.148,75.936393877551,5.105126122449002,-142.8878,5.105126122449002,142.8878,1.166694162231534,97.0,True
4-9-18_Schnable_49-439-js30-52_2018-04-11_05-59-46_9984600,0,35.7169,120.454,5.679077551020441,144.37710000000004,0.08728860734530038,215.6229,84.32092244897956,-30.03782244897956,23.923100000000034,30.03782244897956,23.923100000000034,1.2838125865555243,41.0,True
4-9-18_Schnable_49-439-js30-52_2018-04-11_05-59-46_9984600,1,33.7466,-107.805,17.408520408163284,-114.66579999999995,0.09749941699571793,114.66579999999995,72.59147959183672,-16.338079591836717,-6.8607999999999265,16.338079591836717,6.8607999999999265,0.897931373330061,46.0,True
4-9-18_Schnable_49-439-js30-52_2018-04-11_05-59-46_9984600,2,24.2599,-127.833,16.66394081632656,-127.9596,0.14816585173777516,127.9596,73.33605918367344,-7.59595918367344,-0.12659999999999627,7.59595918367344,0.12659999999999627,1.7084142062713743,70.0,True
4-9-18_Schnable_49-439-js30-52_2018-04-11_05-59-46_9984600,3,16.5839,151.19,2.567961224489821,156.22759999999994,0.1667495733150931,203.7724000000001,87.43203877551018,-14.015938775510179,5.037599999999941,14.015938775510179,5.037599999999941,1.9137383330517774,82.0,True
4-9-18_Schnable_49-440-JS234-375_2018-04-11_06-02-00_9984700,0,19.2461,7.60695,15.84578571428571,24.013100000000065,0.3284831243113186,335.98689999999993,74.15421428571429,-3.4003142857142876,16.406150000000054,3.4003142857142876,16.406150000000054,2.864839613227605,157.0,True
4-9-18_Schnable_49-440-JS234-375_2018-04-11_06-02-00_9984700,1,23.1618,-147.501,24.012702040816322,-156.8032,0.33876365560664967,156.8032,65.98729795918368,0.8509020408163224,-9.3022,0.8509020408163224,9.3022,2.7179559650547183,147.0,True
4-9-18_Schnable_49-440-JS234-375_2018-04-11_06-02-00_9984700,2,29.421,6.84568,26.168155102040842,24.97460000000001,0.3599019574784068,335.0254,63.83184489795916,-3.2528448979591573,18.128919999999994,3.2528448979591573,18.128919999999994,4.856254066084529,163.0,True
4-9-18_Schnable_49-440-JS234-375_2018-04-11_06-02-00_9984700,3,12.3953,102.678,0.6257673469387726,9.22670000000005,0.21490563191899953,350.77329999999995,89.37423265306123,-11.769532653061228,-93.45129999999995,11.769532653061228,93.45129999999995,2.6658725097620946,102.0,True
4-9-18_Schnable_49-440-JS234-375_2018-04-11_06-02-00_9984700,4,20.9345,-32.2013,1.3306102040816512,-11.046299999999832,0.10168055531250711,11.046299999999844,88.66938979591835,-19.60388979591835,21.15500000000017,19.60388979591835,21.15500000000017,0.8934735922165356,49.0,True
4-9-18_Schnable_49-441-js253-406_2018-04-11_06-04-14_9984800,0,36.0084,158.865,38.0073306122449,158.4572,0.2332200336389967,201.5428,51.9926693877551,1.998930612244898,-0.4078000000000088,1.998930612244898,0.4078000000000088,1.1922627494747677,106.0,True
4-9-18_Schnable_49-441-js253-406_2018-04-11_06-04-14_9984800,1,27.4018,-31.8291,30.225863265306124,-35.31819999999999,0.2829311676421006,35.3182,59.774136734693876,2.8240632653061226,-3.489099999999979,2.8240632653061226,3.489099999999979,2.2130231396910336,132.0,True
4-9-18_Schnable_49-441-js253-406_2018-04-11_06-04-14_9984800,2,28.7035,151.301,31.854777551020398,145.6642,0.33965837567820584,214.3358,58.1452224489796,3.1512775510203994,-5.636799999999994,3.1512775510203994,5.636799999999994,2.0004928855163464,155.0,True
4-9-18_Schnable_49-441-js253-406_2018-04-11_06-04-14_9984800,3,28.2768,-48.1349,23.91841836734693,-39.801500000000004,0.2587110255739597,39.8015,66.08158163265307,-4.358381632653071,8.333399999999983,4.358381632653071,8.333399999999983,1.6340405039723949,116.0,True
4-9-18_Schnable_49-441-js253-406_2018-04-11_06-04-14_9984800,4,22.1426,114.743,17.90120612244901,127.8143,0.3840732096489924,232.1857,72.09879387755099,-4.2413938775509905,13.071300000000008,4.2413938775509905,13.071300000000008,2.5385124895982933,181.0,True
4-9-18_Schnable_49-441-js253-406_2018-04-11_06-04-14_9984800,5,33.0915,-22.3139,17.969779591836712,-38.47840000000002,0.4040021137511552,38.47840000000001,72.03022040816329,-15.121720408163291,-16.164500000000032,15.121720408163291,16.164500000000032,2.2873906098053247,198.0,True
4-9-18_Schnable_49-441-js253-406_2018-04-11_06-04-14_9984800,6,21.0455,175.339,13.28504897959182,-159.3332,0.2486229624387007,159.3332,76.71495102040818,-7.76045102040818,25.327800000000025,7.76045102040818,25.327800000000025,2.0118974333780395,115.0,True
4-9-18_Schnable_49-442-js251-404_2018-04-11_06-06-27_9984900,0,47.9231,-124.89,55.648587755102064,-122.5053,0.2912313156385848,122.5053,34.351412244897936,7.7254877551020655,2.3847000000000094,7.7254877551020655,2.3847000000000094,1.3285254477490087,132.0,True
4-9-18_Schnable_49-442-js251-404_2018-04-11_06-06-27_9984900,1,43.9144,67.8483,58.32698979591838,74.93820000000005,0.31048400146421096,285.06179999999995,31.673010204081624,14.412589795918379,7.089900000000057,14.412589795918379,7.089900000000057,1.372009789406833,141.0,True
4-9-18_Schnable_49-442-js251-404_2018-04-11_06-06-27_9984900,2,41.2371,-116.015,49.83236734693876,-119.0637,0.3197511407733746,119.0637,40.16763265306124,8.595267346938762,-3.0486999999999966,8.595267346938762,3.0486999999999966,1.6428897047713638,138.0,True
4-9-18_Schnable_49-442-js251-404_2018-04-11_06-06-27_9984900,3,35.1192,61.9403,45.453406122449,64.70389999999998,0.3667348196432258,295.2961,44.546593877551,10.334206122449004,2.7635999999999683,10.334206122449004,2.7635999999999683,2.5048718533697585,161.0,True
4-9-18_Schnable_49-442-js251-404_2018-04-11_06-06-27_9984900,4,18.7568,-143.031,22.63536734693878,-124.67709999999998,0.43128426356511806,124.67709999999998,67.36463265306122,3.8785673469387802,18.35390000000001,3.8785673469387802,18.35390000000001,3.408664746992849,198.0,True
4-9-18_Schnable_49-442-js251-404_2018-04-11_06-06-27_9984900,5,20.484,89.8154,19.11204285714288,56.85309999999998,0.34561649711680126,303.1469,70.88795714285712,-1.37195714285712,-32.96230000000003,1.37195714285712,32.96230000000003,2.6853496078963275,155.0,True
4-9-18_Schnable_49-442-js251-404_2018-04-11_06-06-27_9984900,6,30.999,-86.3504,15.44081836734695,-91.6487,0.2864475813007339,91.6487,74.55918163265305,-15.55818163265305,-5.298300000000012,15.55818163265305,5.298300000000012,3.1792138564221806,136.0,True
4-9-18_Schnable_49-443-js1-6_2018-04-11_06-08-41_9985000,0,44.6303,-176.584,39.796606122449006,175.46360000000004,0.22276013786097187,184.53639999999996,50.203393877550994,-4.833693877550992,-7.952399999999898,4.833693877550992,7.952399999999898,0.9774715722021373,104.0,True
4-9-18_Schnable_49-443-js1-6_2018-04-11_06-08-41_9985000,1,7.32204,-63.185,3.3606163265306037,-47.83480000000009,0.29028269146401414,47.83480000000007,86.6393836734694,-3.9614236734693966,15.350199999999916,3.9614236734693966,15.350199999999916,2.271478461592249,134.0,True
4-9-18_Schnable_49-443-js1-6_2018-04-11_06-08-41_9985000,2,40.9415,-165.814,36.75686326530614,175.35400000000004,0.418986461200603,184.64599999999996,53.24313673469386,-4.184636734693861,-18.831999999999994,4.184636734693861,18.831999999999994,3.484802287162423,204.0,True
4-9-18_Schnable_49-443-js1-6_2018-04-11_06-08-41_9985000,3,6.42547,-24.4394,0.6893122448979625,56.866800000000126,0.35242433803343975,303.1331999999999,89.31068775510204,-5.736157755102037,81.3062000000001,5.736157755102037,81.3062000000001,5.581143789600663,162.0,False
4-9-18_Schnable_49-443-js1-6_2018-04-11_06-08-41_9985000,4,45.0321,-176.74,42.69016530612243,174.38010000000003,0.485792596391649,185.61989999999997,47.30983469387757,-2.341934693877569,-8.879899999999907,2.341934693877569,8.879899999999907,2.6850923537027276,234.0,True
4-9-18_Schnable_49-443-js1-6_2018-04-11_06-08-41_9985000,5,12.6914,12.9811,42.29636530612248,170.38100000000003,0.48015016433476293,189.61899999999997,47.70363469387752,29.60496530612248,157.3999,29.60496530612248,157.3999,3.3741042804805623,236.0,True
4-9-18_Schnable_49-443-js1-6_2018-04-11_06-08-41_9985000,6,57.573,172.078,1.8611653061224445,27.706300000000056,0.34418870377114197,332.29369999999994,88.13883469387756,-55.711834693877556,-144.37169999999995,55.711834693877556,144.37169999999995,2.568669956176512,155.0,True
4-9-18_Schnable_49-443-js1-6_2018-04-11_06-08-41_9985000,7,69.2233,54.3536,6.622448979592008,62.83000000000004,0.039686307229030555,297.16999999999996,83.37755102040799,-62.60085102040799,8.47640000000004,62.60085102040799,8.47640000000004,0.9073138947838582,19.0,False
4-9-18_Schnable_49-443-js1-6_2018-04-11_06-08-41_9985000,8,44.1904,-18.0652,38.66775918367334,-11.091999999999985,0.15184149850991766,11.091999999999999,51.33224081632666,-5.522640816326657,6.97320000000002,5.522640816326657,6.97320000000002,1.6375124239310188,78.0,True
4-9-18_Schnable_49-444-js98-140_2018-04-11_06-10-55_9985100,0,9.51579,155.503,14.121075510204093,147.16250000000002,0.250811284608497,212.83749999999995,75.8789244897959,4.605285510204093,-8.340499999999963,4.605285510204093,8.340499999999963,2.870592724957399,102.0,True
4-9-18_Schnable_49-444-js98-140_2018-04-11_06-10-55_9985100,1,25.6781,16.0841,22.925985714285716,10.651999999999987,0.259829593253832,349.348,67.07401428571428,-2.752114285714285,-5.43210000000002,2.752114285714285,5.43210000000002,3.2045018746760077,125.0,True
4-9-18_Schnable_49-444-js98-140_2018-04-11_06-10-55_9985100,2,26.8194,159.353,25.152097959183692,150.5842,0.32410757588169714,209.4158,64.84790204081631,-1.6673020408163097,-8.768799999999999,1.6673020408163097,8.768799999999999,2.159105975697514,147.0,True
4-9-18_Schnable_49-444-js98-140_2018-04-11_06-10-55_9985100,3,15.6519,-13.5099,13.941840816326547,2.316500000000019,0.41723098446793705,357.6835,76.05815918367345,-1.7100591836734527,15.826400000000007,1.7100591836734527,15.826400000000007,7.228926448382681,194.0,False
4-9-18_Schnable_49-444-js98-140_2018-04-11_06-10-55_9985100,4,21.3818,-46.2746,4.725561224489795,-56.194999999999936,0.12393368665797928,56.194999999999936,85.2744387755102,-16.656238775510204,-9.920399999999944,16.656238775510204,9.920399999999944,1.27385124832816,63.0,True
4-9-18_Schnable_49-444-js98-140_2018-04-11_06-10-55_9985100,5,18.9823,138.764,9.83334081632654,39.20679999999999,0.36882998747362417,320.7932,80.16665918367346,-9.148959183673458,-99.55720000000002,9.148959183673458,99.55720000000002,7.089674801501161,164.0,False
4-9-18_Schnable_49-444-js98-140_2018-04-11_06-10-55_9985100,6,13.1559,43.0856,16.590534693877544,158.37980000000005,0.3676458393392246,201.62019999999998,73.40946530612246,3.434634693877543,115.29420000000005,3.434634693877543,115.29420000000005,2.627343900608672,173.0,True
4-9-18_Schnable_49-445-js253-406_2018-04-11_06-13-09_9985200,0,37.6895,-159.036,17.633271428571433,-167.3691,0.11492332378349725,167.3691,72.36672857142857,-20.05622857142857,-8.333100000000002,20.05622857142857,8.333100000000002,1.4743861302027115,37.0,True
4-9-18_Schnable_49-445-js253-406_2018-04-11_06-13-09_9985200,1,21.0158,20.6143,10.138379591836767,23.0813,0.14199353517681218,336.9187,79.86162040816323,-10.877420408163232,2.4669999999999845,10.877420408163232,2.4669999999999845,0.8776526166391841,67.0,True
4-9-18_Schnable_49-445-js253-406_2018-04-11_06-13-09_9985200,2,9.06638,-128.11,1.365567346938775,-120.38240000000012,0.1221615039139089,120.38240000000012,88.63443265306122,-7.7008126530612255,7.727599999999882,7.7008126530612255,7.727599999999882,1.110164981277011,60.0,True
4-9-18_Schnable_49-446-js95-132_2018-04-11_06-15-23_9985300,0,24.9733,-5.16721,16.49419183673473,-0.7238000000000113,0.1474323823378854,0.7238,73.50580816326527,-8.47910816326527,4.44341,8.47910816326527,4.44341,1.0697493378610468,66.0,True
4-9-18_Schnable_49-446-js95-132_2018-04-11_06-15-23_9985300,1,9.89652,166.895,0.7107285714285609,149.85789999999895,0.09412916931605443,210.14210000000108,89.28927142857144,-9.18579142857144,-17.03710000000106,9.18579142857144,17.03710000000106,1.1515926758093347,48.0,True
4-9-18_Schnable_49-447-js284-177_2018-04-11_06-17-37_9985400,0,41.4097,-150.204,20.570067346938757,-153.84350000000003,0.15695923184726432,153.84350000000003,69.42993265306124,-20.839632653061244,-3.6395000000000266,20.839632653061244,3.6395000000000266,2.5085265595523984,55.0,True
4-9-18_Schnable_49-447-js284-177_2018-04-11_06-17-37_9985400,1,28.1116,-15.6834,27.66738163265306,-16.200400000000002,0.21592116603795042,16.200399999999988,62.33261836734694,-0.444218367346938,-0.5169999999999959,0.444218367346938,0.5169999999999959,2.7819090830672764,108.0,True
4-9-18_Schnable_49-447-js284-177_2018-04-11_06-17-37_9985400,2,28.8602,-165.084,29.794338775510205,-162.968,0.2636177444881239,162.968,60.205661224489795,0.9341387755102062,2.116000000000014,0.9341387755102062,2.116000000000014,1.2607663905398203,127.0,True
4-9-18_Schnable_49-447-js284-177_2018-04-11_06-17-37_9985400,3,22.4862,6.98838,24.976706122449002,0.40709999999995716,0.3087451412991224,359.59290000000004,65.023293877551,2.490506122449002,-6.581280000000049,2.490506122449002,6.581280000000049,1.9621318104992034,148.0,True
4-9-18_Schnable_49-447-js284-177_2018-04-11_06-17-37_9985400,4,16.8951,-9.86371,8.417700000000025,-153.94070000000002,0.11138983952612007,153.94070000000002,81.58229999999998,-8.477399999999975,-144.07699000000002,8.477399999999975,144.07699000000002,0.5324877740322953,57.0,True
4-9-18_Schnable_49-447-js284-177_2018-04-11_06-17-37_9985400,5,22.8701,-150.703,9.90784693877552,-12.485600000000005,0.17823270243063585,12.485600000000003,80.09215306122448,-12.96225306122448,138.2174,12.96225306122448,138.2174,1.593272591086159,92.0,True
4-9-18_Schnable_49-448-js284-177_2018-04-11_06-19-51_9985500,0,30.6312,169.961,27.10346938775512,172.77390000000003,0.16049450801172882,187.2261,62.89653061224488,-3.5277306122448806,2.8129000000000133,3.5277306122448806,2.8129000000000133,1.0566685982427786,68.0,True
4-9-18_Schnable_49-448-js284-177_2018-04-11_06-19-51_9985500,1,39.4076,5.75002,38.71391224489797,8.613900000000058,0.21033611996079804,351.38609999999994,51.28608775510203,-0.6936877551020331,2.8638800000000515,0.6936877551020331,2.8638800000000515,2.084995382350841,95.0,True
4-9-18_Schnable_49-448-js284-177_2018-04-11_06-19-51_9985500,2,34.6167,162.645,39.41006122448979,155.8048,0.2784480413112008,204.1952,50.58993877551021,4.793361224489786,-6.84020000000001,4.793361224489786,6.84020000000001,2.3876926334714623,123.0,True
4-9-18_Schnable_49-448-js284-177_2018-04-11_06-19-51_9985500,3,30.0052,-0.160181,26.31165714285715,7.8202,0.2901903827368969,352.1798,63.68834285714285,-3.693542857142848,7.980380999999994,3.693542857142848,7.980380999999994,3.2538331682990673,141.0,True
4-9-18_Schnable_49-448-js284-177_2018-04-11_06-19-51_9985500,4,20.5982,-1.16567,2.778171428571426,-36.09690000000023,0.17184170928484832,36.096900000000225,87.22182857142857,-17.820028571428573,-34.93123000000023,17.820028571428573,34.93123000000023,3.992712161692349,84.0,True
4-9-18_Schnable_49-448-js284-177_2018-04-11_06-19-51_9985500,5,14.3659,-124.846,18.541585714285688,1.1148999999999774,0.23586084436082974,358.8851,71.45841428571431,4.175685714285688,125.96089999999998,4.175685714285688,125.96089999999998,1.9003808456612696,112.0,True
4-9-18_Schnable_49-448-js284-177_2018-04-11_06-19-51_9985500,6,34.9613,0.376413,10.267253061224494,-158.6999,0.2211497654277645,158.6999,79.7327469387755,-24.694046938775507,-159.07631300000003,24.694046938775507,159.07631300000003,1.72590324924409,112.0,True
4-9-18_Schnable_49-449-js162-232_2018-04-11_06-22-05_9985600,0,47.0733,-172.321,14.816042857142861,-155.9737,0.39322218387594987,155.9737,75.18395714285714,-32.25725714285714,16.34729999999999,32.25725714285714,16.34729999999999,4.36075799916049,170.0,True
4-9-18_Schnable_49-449-js162-232_2018-04-11_06-22-05_9985600,1,40.2408,20.0771,92.20368979591838,18.389499999999998,0.44427139305722346,341.6105,-2.203689795918382,51.96288979591838,-1.6876000000000033,51.96288979591838,1.6876000000000033,4.166785752570912,223.0,True
4-9-18_Schnable_49-449-js162-232_2018-04-11_06-22-05_9985600,2,31.0367,179.391,8.82771020408164,-149.24120000000002,0.5949321378790162,149.24120000000002,81.17228979591836,-22.20898979591836,31.36779999999999,22.20898979591836,31.36779999999999,9.643107627966225,289.0,False
4-9-18_Schnable_49-449-js162-232_2018-04-11_06-22-05_9985600,3,27.1748,3.53985,77.88855306122451,4.874199999999973,0.5641710978842781,355.1258,12.111446938775485,50.71375306122451,1.3343499999999722,50.71375306122451,1.3343499999999722,2.8701539308785677,270.0,True
4-9-18_Schnable_49-449-js162-232_2018-04-11_06-22-05_9985600,4,30.2396,175.525,0.4298979591836769,121.46560000000005,0.5363028476653277,238.53439999999995,89.57010204081632,-29.809702040816322,-54.059399999999954,29.809702040816322,54.059399999999954,10.556087384020014,238.0,False
4-9-18_Schnable_49-449-js162-232_2018-04-11_06-22-05_9985600,5,43.1658,-15.9101,67.92843469387758,-18.41380000000001,0.5729521187780853,18.4138,22.07156530612242,24.76263469387758,-2.503700000000009,24.76263469387758,2.503700000000009,6.7289641084219305,268.0,False
4-9-18_Schnable_49-449-js162-232_2018-04-11_06-22-05_9985600,6,41.2368,127.043,18.93223469387756,-4.4406999999999925,0.17881076308878296,4.4407000000000005,71.06776530612244,-22.30456530612244,-131.4837,22.30456530612244,131.4837,1.8220877530546444,81.0,True
4-9-18_Schnable_49-449-js162-232_2018-04-11_06-22-05_9985600,7,27.1366,35.3699,56.26658367346944,-6.222199999999987,0.3712474710023896,6.222200000000001,33.73341632653056,29.12998367346944,-41.59209999999999,29.12998367346944,41.59209999999999,3.5899461175733163,187.0,True
4-9-18_Schnable_49-449-js162-232_2018-04-11_06-22-05_9985600,8,19.0173,-143.73,72.31124693877268,-37.64819999999975,0.004803992389359369,37.648199999999754,17.688753061227313,53.293946938772685,106.08180000000027,53.293946938772685,106.08180000000027,1.396606525912801,3.0,False
4-9-18_Schnable_49-450-js61-90_2018-04-11_06-24-22_9985700,0,31.1448,30.4784,40.371910204081615,27.38069999999999,0.33546491997135114,332.6193,49.628089795918385,9.227110204081615,-3.0977000000000032,9.227110204081615,3.0977000000000032,1.8323408636309129,154.0,True
4-9-18_Schnable_49-450-js61-90_2018-04-11_06-24-22_9985700,1,11.464,47.9581,28.315238775510203,29.109699999999975,0.47174376052424744,330.8903,61.6847612244898,16.851238775510204,-18.848400000000026,16.851238775510204,18.848400000000026,4.208924266278206,211.0,True
4-9-18_Schnable_49-450-js61-90_2018-04-11_06-24-22_9985700,2,7.92338,-12.4685,18.992257142857156,-161.7897,0.5001496615956805,161.7897,71.00774285714284,11.068877142857156,-149.3212,11.068877142857156,149.3212,4.911836438562644,227.0,True
4-9-18_Schnable_49-450-js61-90_2018-04-11_06-24-22_9985700,3,35.295,177.049,28.127477551020377,-170.29770000000002,0.308788032053323,170.29770000000002,61.87252244897962,-7.167522448979625,12.653299999999945,7.167522448979625,12.653299999999945,2.6693300626402805,138.0,True
4-9-18_Schnable_49-450-js61-90_2018-04-11_06-24-22_9985700,4,28.9024,39.7268,27.800273469387747,24.192999999999984,0.5574393845111982,335.807,62.19972653061225,-1.102126530612253,-15.533800000000014,1.102126530612253,15.533800000000014,6.834508272821579,260.0,False
4-9-18_Schnable_49-450-js61-90_2018-04-11_06-24-22_9985700,5,29.2801,-172.54,18.068206122448984,-118.8975,0.5866244277575822,118.8975,71.93179387755102,-11.211893877551017,53.642499999999984,11.211893877551017,53.642499999999984,4.053258777404033,275.0,True
4-9-18_Schnable_49-450-js61-90_2018-04-11_06-24-22_9985700,6,33.9492,-8.88118,22.514128571428614,-13.868500000000012,0.41301457357005633,13.8685,67.48587142857139,-11.435071428571383,-4.987320000000011,11.435071428571383,4.987320000000011,3.573485736489735,196.0,True
4-9-18_Schnable_49-450-js61-90_2018-04-11_06-24-22_9985700,7,17.7252,161.601,6.669381632653057,175.09230000000002,0.23714176040978352,184.90769999999998,83.33061836734694,-11.055818367346944,13.491300000000024,11.055818367346944,13.491300000000024,2.3984723020871224,116.0,True
4-9-18_Schnable_49-451-js284-177_2018-04-11_06-26-32_9985800,0,40.3346,75.6548,32.242877551020406,68.52319999999997,0.0959224570877129,291.4768,57.757122448979594,-8.091722448979596,-7.13160000000002,8.091722448979596,7.13160000000002,0.4908964299199457,40.0,True
4-9-18_Schnable_49-451-js284-177_2018-04-11_06-26-32_9985800,1,29.5657,150.476,16.53258571428573,154.36130000000003,0.10450211386275368,205.63869999999997,73.46741428571427,-13.03311428571427,3.8853000000000293,13.03311428571427,3.8853000000000293,0.4329274922600172,43.0,True
4-9-18_Schnable_49-451-js284-177_2018-04-11_06-26-32_9985800,2,29.1972,21.6517,25.24250000000002,22.836799999999982,0.16581629615251314,337.1632,64.75749999999998,-3.9546999999999777,1.1850999999999772,3.9546999999999777,1.1850999999999772,0.713106060959917,77.0,True
4-9-18_Schnable_49-451-js284-177_2018-04-11_06-26-32_9985800,3,32.2734,-178.913,34.4370448979592,-177.1897,0.23301533885328815,177.1897,55.5629551020408,2.1636448979591947,1.7233000000000231,2.1636448979591947,1.7233000000000231,2.777912482773716,111.0,True
4-9-18_Schnable_49-451-js284-177_2018-04-11_06-26-32_9985800,4,23.4695,-9.38104,23.37134489795919,-1.4113000000000113,0.2716690485188846,1.4113000000000004,66.62865510204081,-0.0981551020408098,7.969740000000002,0.0981551020408098,7.969740000000002,2.190696283983246,119.0,True
4-9-18_Schnable_49-451-js284-177_2018-04-11_06-26-32_9985800,5,25.1536,-161.946,20.19038775510205,-150.2101,0.35875923669462306,150.2101,69.80961224489795,-4.963212244897949,11.735899999999987,4.963212244897949,11.735899999999987,6.664219775361782,164.0,False
4-9-18_Schnable_49-451-js284-177_2018-04-11_06-26-32_9985800,6,21.9971,22.4891,18.894281632653062,33.00850000000008,0.2936714962037406,326.9914999999999,71.10571836734694,-3.102818367346938,10.519400000000076,3.102818367346938,10.519400000000076,2.48536890609636,134.0,True
4-9-18_Schnable_49-451-js284-177_2018-04-11_06-26-32_9985800,7,29.085,-25.3302,7.280824489795933,-27.92590000000007,0.13172514322031914,27.925900000000055,82.71917551020407,-21.804175510204068,-2.595700000000079,21.804175510204068,2.595700000000079,0.9268906704905991,59.0,True
4-9-18_Schnable_49-451-js284-177_2018-04-11_06-26-32_9985800,8,37.1163,-154.164,19.90716734693879,-107.2222,0.3415321703475599,107.2222,70.09283265306121,-17.20913265306121,46.9418,17.20913265306121,46.9418,1.9113559490527243,153.0,True
4-9-18_Schnable_49-451-js284-177_2018-04-11_06-26-32_9985800,9,19.1188,8.68778,20.312004081632693,8.499199999999973,0.22934066312773088,351.5008,69.6879959183673,1.1932040816326932,-0.18858000000003017,1.1932040816326932,0.18858000000003017,2.7831955228699323,93.0,True
4-9-18_Schnable_49-452-js234-375_2018-04-11_06-28-45_9985900,0,42.0789,4.49415,38.414522448979604,4.122799999999984,0.1722628647951252,355.8772,51.585477551020396,-3.6643775510203938,-0.37135000000000673,3.6643775510203938,0.37135000000000673,1.5371395787511137,72.0,True
4-9-18_Schnable_49-452-js234-375_2018-04-11_06-28-45_9985900,1,25.6745,-135.212,31.94194285714285,-130.58279999999996,0.2799929449891715,130.58279999999996,58.05805714285715,6.26744285714285,4.629200000000026,6.26744285714285,4.629200000000026,1.6214543900650482,129.0,True
4-9-18_Schnable_49-452-js234-375_2018-04-11_06-28-45_9985900,2,21.1099,33.1763,17.71352244897959,39.5283,0.3480533779229926,320.4717,72.28647755102041,-3.396377551020411,6.352000000000004,3.396377551020411,6.352000000000004,6.915494780222121,159.0,False
4-9-18_Schnable_49-452-js234-375_2018-04-11_06-28-45_9985900,3,18.7146,-134.598,24.077895918367346,-131.59689999999998,0.3769372876248797,131.59689999999998,65.92210408163265,5.363295918367346,3.0011000000000365,5.363295918367346,3.0011000000000365,2.025848508604772,173.0,True
4-9-18_Schnable_49-452-js234-375_2018-04-11_06-28-45_9985900,4,54.9533,37.2723,20.2592673469388,74.46200000000005,0.419677167862954,285.53799999999995,69.7407326530612,-34.6940326530612,37.189700000000045,34.6940326530612,37.189700000000045,6.153074338051448,194.0,False
4-9-18_Schnable_49-452-js234-375_2018-04-11_06-28-45_9985900,5,25.8325,-133.842,24.63879183673471,-135.78929999999997,0.4162151024726772,135.78929999999997,65.36120816326529,-1.1937081632652884,-1.9472999999999558,1.1937081632652884,1.9472999999999558,2.9310783782810512,197.0,True
4-9-18_Schnable_49-452-js234-375_2018-04-11_06-28-45_9985900,6,33.0782,26.9416,9.689997959183685,36.82960000000003,0.23201177936896683,323.1704,80.31000204081631,-23.388202040816317,9.888000000000034,23.388202040816317,9.888000000000034,3.9502674635842316,109.0,True
4-9-18_Schnable_49-453-js155-3-224_2018-04-11_06-30-59_9986000,0,31.0169,12.8134,34.554289795918386,17.646900000000016,0.2548747621466048,342.3531,55.445710204081614,3.5373897959183864,4.833500000000015,3.5373897959183864,4.833500000000015,1.332179875694254,119.0,True
4-9-18_Schnable_49-453-js155-3-224_2018-04-11_06-30-59_9986000,1,37.0369,-153.922,35.787740816326526,-154.1903,0.2955632589878762,154.1903,54.212259183673474,-1.249159183673477,-0.26830000000001064,1.249159183673477,0.26830000000001064,1.8785923439726238,144.0,True
4-9-18_Schnable_49-453-js155-3-224_2018-04-11_06-30-59_9986000,2,38.53,-6.69815,40.60302040816326,-6.898699999999991,0.3555765168171534,6.898699999999998,49.39697959183674,2.0730204081632593,-0.20054999999999268,2.0730204081632593,0.20054999999999268,2.6305996309155013,170.0,True
4-9-18_Schnable_49-453-js155-3-224_2018-04-11_06-30-59_9986000,3,33.1267,-166.084,39.878716326530636,-162.0208,0.38359362538014974,162.0208,50.121283673469364,6.7520163265306365,4.063199999999995,6.7520163265306365,4.063199999999995,4.030796704812152,183.0,True
4-9-18_Schnable_49-453-js155-3-224_2018-04-11_06-30-59_9986000,4,37.8668,12.4851,43.50988367346937,15.862199999999973,0.4456935238510704,344.1378,46.49011632653063,5.64308367346937,3.3770999999999844,5.64308367346937,3.3770999999999844,3.9288417188620075,210.0,True
4-9-18_Schnable_49-453-js155-3-224_2018-04-11_06-30-59_9986000,5,34.0153,-161.216,40.877832653061226,-169.5226,0.49652471330762044,169.5226,49.122167346938774,6.862532653061223,-8.306600000000003,6.862532653061223,8.306600000000003,4.987785559281069,224.0,True
4-9-18_Schnable_49-453-js155-3-224_2018-04-11_06-30-59_9986000,6,28.8611,22.8957,30.03549591836734,24.810500000000047,0.5836540753933235,335.18949999999995,59.96450408163266,1.1743959183673383,1.9148000000000422,1.1743959183673383,1.9148000000000422,7.989795830194598,261.0,False
4-9-18_Schnable_49-453-js155-3-224_2018-04-11_06-30-59_9986000,7,5.84426,-110.427,19.92676326530612,61.4246,0.32274502008195394,298.5754,70.07323673469388,14.082503265306121,171.85160000000002,14.082503265306121,171.85160000000002,3.2075123201518125,146.0,True
4-9-18_Schnable_49-453-js155-3-224_2018-04-11_06-30-59_9986000,8,36.5348,25.2969,15.397824489795923,165.66660000000002,0.4214144387187959,194.33339999999998,74.60217551020408,-21.136975510204074,140.36970000000002,21.136975510204074,140.36970000000002,4.122919531847621,199.0,True
4-9-18_Schnable_49-454-js101-145_2018-04-11_06-33-13_9986100,0,13.7224,177.041,19.25439591836735,157.2373,0.3486652641357177,202.76269999999997,70.74560408163265,5.53199591836735,-19.803699999999992,5.53199591836735,19.803699999999992,4.23513635203427,147.0,True
4-9-18_Schnable_49-454-js101-145_2018-04-11_06-33-13_9986100,1,22.1399,18.0448,17.268242857142866,19.24010000000004,0.20944991902547627,340.75989999999996,72.73175714285713,-4.871657142857135,1.1953000000000316,4.871657142857135,1.1953000000000316,1.5119576803364816,81.0,True
4-9-18_Schnable_49-454-js101-145_2018-04-11_06-33-13_9986100,2,38.5176,-161.547,13.352448979591884,-171.0004,0.14444266682410595,171.0004,76.64755102040812,-25.165151020408118,-9.453400000000016,25.165151020408118,9.453400000000016,0.654923225262643,72.0,True
4-9-18_Schnable_49-455-js185-288_2018-04-11_06-35-28_9986200,0,34.5457,22.6248,31.058777551020384,18.666499999999985,0.28961061254335774,341.3335,58.941222448979616,-3.4869224489796125,-3.9583000000000084,3.4869224489796125,3.9583000000000084,1.3929336898156635,131.0,True
4-9-18_Schnable_49-455-js185-288_2018-04-11_06-35-28_9986200,1,26.9147,-170.761,27.538897959183686,-171.6853,0.2889535357161116,171.6853,62.461102040816314,0.6241979591836859,-0.9243000000000166,0.6241979591836859,0.9243000000000166,1.530499109402548,121.0,True
4-9-18_Schnable_49-455-js185-288_2018-04-11_06-35-28_9986200,2,38.9782,20.9387,13.571451020408162,11.749700000000018,0.08459462348475524,348.2503,76.42854897959184,-25.40674897959184,-9.188999999999993,25.40674897959184,9.188999999999993,0.5378824660757023,39.0,True
4-9-18_Schnable_49-455-js185-288_2018-04-11_06-35-28_9986200,3,27.1533,-166.717,31.152377551020393,-164.8449,0.3197533769593735,164.8449,58.84762244897961,3.9990775510203918,1.8721000000000174,3.9990775510203918,1.8721000000000174,1.8809802744129918,144.0,True
4-9-18_Schnable_49-455-js185-288_2018-04-11_06-35-28_9986200,4,36.7805,7.73605,25.06503265306118,16.411000000000058,0.19575885860857145,343.58899999999994,64.93496734693882,-11.715467346938823,8.674950000000052,11.715467346938823,8.674950000000052,0.815763000877547,96.0,True
4-9-18_Schnable_49-455-js185-288_2018-04-11_06-35-28_9986200,5,24.7585,-93.596,0.43476326530611686,-145.57979999999952,0.19831541888149382,145.57979999999952,89.56523673469388,-24.323736734693885,-51.98379999999952,24.323736734693885,51.98379999999952,1.5600418361194512,96.0,True
4-9-18_Schnable_49-455-js185-288_2018-04-11_06-35-28_9986200,6,18.3737,-165.115,15.889404081632648,7.1387000000000285,0.41402106841075625,352.86129999999997,74.11059591836735,-2.4842959183673514,172.25370000000004,2.4842959183673514,172.25370000000004,3.953145813258976,209.0,True
4-9-18_Schnable_49-455-js185-288_2018-04-11_06-35-28_9986200,7,11.9539,-13.5775,21.554761224489823,-174.7798,0.33417657522269845,174.7798,68.44523877551018,9.600861224489822,-161.20229999999998,9.600861224489822,161.20229999999998,2.079344983621755,134.0,True
4-9-18_Schnable_49-456-js76-2-108_2018-04-11_06-37-41_9986300,0,42.9356,-7.48026,4.593832653061327,-175.10800000000012,0.014088520599928716,175.10800000000012,85.40616734693867,-38.341767346938674,-167.62774000000013,38.341767346938674,167.62774000000013,0.8000312621985775,6.0,False
4-9-18_Schnable_49-456-js76-2-108_2018-04-11_06-37-41_9986300,1,31.5243,-179.646,41.83973469387756,-176.0546,0.2812669767622516,176.0546,48.16026530612244,10.31543469387756,3.591399999999993,10.31543469387756,3.591399999999993,1.615632745872659,125.0,True
4-9-18_Schnable_49-456-js76-2-108_2018-04-11_06-37-41_9986300,2,36.8792,13.3101,37.85624489795917,8.868400000000008,0.26689934232404877,351.1316,52.14375510204083,0.9770448979591748,-4.441699999999997,0.9770448979591748,4.441699999999997,1.342354910632472,115.0,True
4-9-18_Schnable_49-456-js76-2-108_2018-04-11_06-37-41_9986300,3,29.8972,-163.242,26.392012244897984,-170.3026,0.21004207521489107,170.3026,63.607987755102016,-3.5051877551020176,-7.060600000000022,3.5051877551020176,7.060600000000022,1.3931641582265455,96.0,True
4-9-18_Schnable_49-456-js76-2-108_2018-04-11_06-37-41_9986300,4,26.7884,8.87099,26.823620408163293,11.82729999999998,0.29460248814207723,348.1727,63.17637959183671,0.03522040816329408,2.9563099999999736,0.03522040816329408,2.9563099999999736,2.041813357978439,140.0,True
4-9-18_Schnable_49-456-js76-2-108_2018-04-11_06-37-41_9986300,5,25.2896,-170.409,6.666726530612237,14.656100000000038,0.2293690882221425,345.34389999999996,83.33327346938776,-18.622873469387763,-174.93489999999997,18.622873469387763,174.93489999999997,2.2160186748500164,121.0,True
4-9-18_Schnable_49-456-js76-2-108_2018-04-11_06-37-41_9986300,6,20.4786,9.90423,24.70494285714284,-167.91229999999996,0.3908687824565974,167.91229999999996,65.29505714285716,4.226342857142839,-177.81652999999997,4.226342857142839,177.81652999999997,3.307729859188533,189.0,True
4-9-18_Schnable_49-457-js170-243_2018-04-11_06-39-55_9986400,0,32.4218,15.8877,62.30631632653059,-164.44119999999998,0.25672181356551443,344.4412,27.693683673469405,29.884516326530594,179.67110000000002,29.884516326530594,179.67110000000002,3.145875221986211,118.0,True
4-9-18_Schnable_49-457-js170-243_2018-04-11_06-39-55_9986400,1,25.252,164.501,61.63337551020411,-161.57279999999992,0.36563788457992663,341.5727999999999,28.36662448979589,36.38137551020411,33.92620000000011,36.38137551020411,33.92620000000011,2.615868932334394,169.0,True
4-9-18_Schnable_49-457-js170-243_2018-04-11_06-39-55_9986400,2,19.1558,63.4545,18.337173469387764,171.8601,0.44965547455976723,8.1399,71.66282653061224,-0.8186265306122351,108.40559999999999,0.8186265306122351,108.40559999999999,5.573311152807047,194.0,False
4-9-18_Schnable_49-457-js170-243_2018-04-11_06-39-55_9986400,3,31.8766,-167.404,63.98451224489792,-164.72930000000002,0.35966248902449016,344.7293,26.01548775510208,32.10791224489792,2.674699999999973,32.10791224489792,2.674699999999973,1.418279143417541,167.0,True
4-9-18_Schnable_49-457-js170-243_2018-04-11_06-39-55_9986400,4,32.754,-1.77401,74.70744693878358,42.95099999999974,0.0028139375470398274,137.04900000000026,15.292553061216426,41.95344693878358,44.72500999999974,41.95344693878358,44.72500999999974,,,False
4-9-18_Schnable_49-457-js170-243_2018-04-11_06-39-55_9986400,5,42.485,139.504,25.895544897959184,159.7967,0.33284508455020523,20.2033,64.10445510204082,-16.589455102040816,20.292699999999996,16.589455102040816,20.292699999999996,1.2854922263319062,2.0,False
4-9-18_Schnable_49-457-js170-243_2018-04-11_06-39-55_9986400,6,46.5536,45.0244,1.1421591836734706,-105.3014,0.132175879480974,285.3014,88.85784081632653,-45.41144081632653,-150.32580000000002,45.41144081632653,150.32580000000002,6.1794405304031095,152.0,False
4-9-18_Schnable_49-458-js251-404_2018-04-11_06-42-10_9986500,0,48.6863,-121.524,53.527571428571406,-124.59040000000002,0.22111128560358542,124.59040000000002,36.472428571428594,4.841271428571403,-3.066400000000016,4.841271428571403,3.066400000000016,1.196117091500865,103.0,True
4-9-18_Schnable_49-458-js251-404_2018-04-11_06-42-10_9986500,1,34.6334,24.3508,45.56255918367348,22.067000000000007,0.32160221471567474,337.933,44.43744081632652,10.929159183673477,-2.283799999999985,10.929159183673477,2.283799999999985,1.4201311685978648,137.0,True
4-9-18_Schnable_49-458-js251-404_2018-04-11_06-42-10_9986500,2,34.0691,-143.777,42.9310224489796,-145.2594,0.3154759964799651,145.2594,47.0689775510204,8.861922448979598,-1.4824000000000126,8.861922448979598,1.4824000000000126,2.4150794960150956,138.0,True
4-9-18_Schnable_49-458-js251-404_2018-04-11_06-42-10_9986500,3,24.8206,41.6323,35.32132448979591,31.32619999999997,0.4282790589761476,328.6738,54.67867551020409,10.500724489795914,-10.306100000000015,10.500724489795914,10.306100000000015,2.4099424132387544,186.0,True
4-9-18_Schnable_49-458-js251-404_2018-04-11_06-42-10_9986500,4,18.669,-114.973,22.213975510204065,-138.2226,0.4115554295025265,138.2226,67.78602448979593,3.5449755102040648,-23.249599999999987,3.5449755102040648,23.249599999999987,2.959022182192492,179.0,True
4-9-18_Schnable_49-458-js251-404_2018-04-11_06-42-10_9986500,5,28.838,37.0209,12.201228571428558,39.91609999999997,0.34400631390849745,320.0839,77.79877142857144,-16.636771428571443,2.8951999999999884,16.636771428571443,2.8951999999999884,2.638579341449667,174.0,True
4-9-18_Schnable_49-458-js251-404_2018-04-11_06-42-10_9986500,6,20.976,173.495,10.048602040816348,172.57240000000002,0.1711739593690801,187.4276,79.95139795918365,-10.92739795918365,-0.9225999999999885,10.92739795918365,0.9225999999999885,1.5487000192260394,79.0,True
4-9-18_Schnable_49-459-js151-218_2018-04-11_06-44-23_9986600,0,21.4453,-1.40672,13.940455102040815,-15.522400000000005,0.3143673285114529,15.522400000000006,76.05954489795919,-7.504844897959185,-14.115679999999998,7.504844897959185,14.115679999999998,6.098925969800399,155.0,False
4-9-18_Schnable_49-459-js151-218_2018-04-11_06-44-23_9986600,1,52.049,148.113,29.022091836734653,166.46809999999994,0.2812010704423246,193.53190000000004,60.97790816326535,-23.026908163265347,18.355099999999936,23.026908163265347,18.355099999999936,1.550389252936752,123.0,True
4-9-18_Schnable_49-459-js151-218_2018-04-11_06-44-23_9986600,2,29.3596,178.934,48.099979591836714,145.61390000000006,0.15410292225215186,214.38609999999997,41.900020408163286,18.740379591836714,-33.32009999999994,18.740379591836714,33.32009999999994,0.557087501251715,68.0,True
4-9-18_Schnable_49-459-js151-218_2018-04-11_06-44-23_9986600,3,25.1899,55.8948,3.2143306122448934,32.82460000000003,0.3331156254920675,327.17539999999997,86.7856693877551,-21.975569387755108,-23.07019999999997,21.975569387755108,23.07019999999997,5.780286097533689,157.0,False
4-9-18_Schnable_49-459-js151-218_2018-04-11_06-44-23_9986600,4,14.101,147.18,31.880173469387763,82.25420000000008,0.32802560205893205,277.7457999999999,58.11982653061224,17.779173469387764,-64.92579999999992,17.779173469387764,64.92579999999992,7.0704363094260385,154.0,False
4-9-18_Schnable_49-459-js151-218_2018-04-11_06-44-23_9986600,5,47.0698,-154.315,34.54619591836735,-177.9338,0.34644459044701736,177.9338,55.45380408163265,-12.523604081632648,-23.618799999999993,12.523604081632648,23.618799999999993,1.7067465625039246,148.0,True
4-9-18_Schnable_49-459-js151-218_2018-04-11_06-44-23_9986600,6,19.3634,154.182,5.503518367346956,155.36569999999995,0.1432283733424641,204.63430000000005,84.49648163265304,-13.859881632653043,1.1836999999999591,13.859881632653043,1.1836999999999591,1.1586638512954572,61.0,True
4-9-18_Schnable_49-460-js23-2-38_2018-04-11_06-46-38_9986700,0,37.0905,95.057,36.41659387755101,92.9889,0.24427098957229065,267.0111,53.58340612244899,-0.6739061224489902,-2.0681000000000154,0.6739061224489902,2.0681000000000154,1.6103812538053135,108.0,True
4-9-18_Schnable_49-460-js23-2-38_2018-04-11_06-46-38_9986700,1,35.2875,-139.992,34.359973469387754,-151.7049,0.2847068412852839,151.7049,55.640026530612246,-0.9275265306122478,-11.712900000000019,0.9275265306122478,11.712900000000019,2.1549271721413334,131.0,True
4-9-18_Schnable_49-460-js23-2-38_2018-04-11_06-46-38_9986700,2,27.4812,68.1539,33.539710204081615,76.94639999999998,0.32851785635632214,283.0536,56.460289795918385,6.058510204081614,8.79249999999999,6.058510204081614,8.79249999999999,3.3112069957211956,149.0,True
4-9-18_Schnable_49-460-js23-2-38_2018-04-11_06-46-38_9986700,3,32.0956,-129.027,32.67366938775512,-132.3782,0.3638533724340559,132.3782,57.32633061224488,0.5780693877551215,-3.3512000000000057,0.5780693877551215,3.3512000000000057,2.4711882014638498,173.0,True
4-9-18_Schnable_49-460-js23-2-38_2018-04-11_06-46-38_9986700,4,39.3109,56.3578,27.500512244897948,66.7749,0.24978870638401204,293.2251,62.49948775510205,-11.810387755102049,10.417100000000005,11.810387755102049,10.417100000000005,1.6719630231619893,107.0,True
4-9-18_Schnable_49-460-js23-2-38_2018-04-11_06-46-38_9986700,5,36.0543,-91.2796,10.409167346938816,109.93939999999998,0.10980506461741525,250.0606,79.59083265306118,-25.645132653061182,-158.781,25.645132653061182,158.781,0.8672449828316606,36.0,True
4-9-18_Schnable_49-460-js23-2-38_2018-04-11_06-46-38_9986700,6,29.1508,104.972,3.820677551020111,-38.63250000000147,0.010743375591649278,38.63250000000148,86.17932244897989,-25.33012244897989,-143.60450000000145,25.33012244897989,143.60450000000145,1.1397724510206042,5.0,False
4-9-18_Schnable_49-460-js23-2-38_2018-04-11_06-46-38_9986700,7,31.8275,175.845,95.6224489795919,96.2133,0.022050231125417062,263.7867,-5.6224489795918915,63.794948979591894,-79.6317,63.794948979591894,79.6317,1.3169236733242697,8.0,False
4-9-18_Schnable_49-460-js23-2-38_2018-04-11_06-46-38_9986700,8,33.6475,82.0887,24.994175510204073,-128.64820000000003,0.43825162115087024,128.64820000000003,65.00582448979593,-8.653324489795928,149.26309999999995,8.653324489795928,149.26309999999995,4.189037548031021,202.0,True
4-9-18_Schnable_49-460-js23-2-38_2018-04-11_06-46-38_9986700,9,33.4557,-114.287,11.466865306122486,173.05279999999993,0.09546404131778767,186.94720000000004,78.53313469387751,-21.988834693877514,-72.66020000000003,21.988834693877514,72.66020000000003,0.7545973944509468,45.0,True
4-9-18_Schnable_49-460-js23-2-38_2018-04-11_06-46-38_9986700,10,33.4995,53.4471,28.100406122448973,74.39610000000005,0.3845310752891558,285.60389999999995,61.89959387755103,-5.399093877551024,20.94900000000004,5.399093877551024,20.94900000000004,3.3658300964968344,164.0,True
4-9-18_Schnable_49-463-js159-2-228_2018-04-11_06-53-18_9987000,0,23.3779,170.48,17.867118367346947,168.06309999999996,0.23886778851807175,191.9369,72.13288163265305,-5.510781632653053,-2.4169000000000267,5.510781632653053,2.4169000000000267,2.1715330993614175,112.0,True
4-9-18_Schnable_49-463-js159-2-228_2018-04-11_06-53-18_9987000,1,35.8066,9.37114,13.777599999999993,44.468999999999994,0.2742701441710216,315.531,76.22240000000001,-22.02900000000001,35.09786,22.02900000000001,35.09786,3.728727677845199,130.0,True
4-9-18_Schnable_49-463-js159-2-228_2018-04-11_06-53-18_9987000,2,14.167,-94.3588,8.279410204081628,-157.3079,0.21638101119774222,157.3079,81.72058979591837,-5.887589795918371,-62.94909999999999,5.887589795918371,62.94909999999999,1.9128125811263257,105.0,True
4-9-18_Schnable_49-463-js159-2-228_2018-04-11_06-53-18_9987000,3,42.5852,-113.25,17.372032653061297,-104.41400000000002,0.12841852210980545,104.41400000000002,72.6279673469387,-25.213167346938704,8.835999999999984,25.213167346938704,8.835999999999984,1.7311921295352453,57.0,True
4-9-18_Schnable_49-464-js278-105_2018-04-11_06-55-32_9987100,0,39.2096,111.177,44.65302448979589,113.8474,0.27696672298377645,246.1526,45.34697551020411,5.443424489795888,2.6703999999999724,5.443424489795888,2.6703999999999724,1.2910281031293471,124.0,True
4-9-18_Schnable_49-464-js278-105_2018-04-11_06-55-32_9987100,1,39.3619,-69.8592,45.989618367346935,-67.21980000000002,0.3342188539698566,67.21980000000002,44.010381632653065,6.627718367346937,2.6393999999999664,6.627718367346937,2.6393999999999664,2.7283902178239265,145.0,True
4-9-18_Schnable_49-464-js278-105_2018-04-11_06-55-32_9987100,2,35.8069,95.5024,48.89074285714285,105.88730000000004,0.38194906642505055,254.11269999999996,41.10925714285715,13.083842857142848,10.384900000000044,13.083842857142848,10.384900000000044,2.34978704638684,176.0,True
4-9-18_Schnable_49-464-js278-105_2018-04-11_06-55-32_9987100,3,31.4308,-59.6923,35.34782244897959,-71.4428,0.5002517402366148,71.4428,54.65217755102041,3.9170224489795906,-11.750499999999988,3.9170224489795906,11.750499999999988,8.514700770420646,228.0,False
4-9-18_Schnable_49-464-js278-105_2018-04-11_06-55-32_9987100,4,26.3636,99.1407,36.85173265306121,107.51320000000004,0.5296634697055553,252.48679999999996,53.14826734693879,10.48813265306121,8.37250000000006,10.48813265306121,8.37250000000006,5.1143589305924735,253.0,True
4-9-18_Schnable_49-464-js278-105_2018-04-11_06-55-32_9987100,5,23.9689,-85.3855,26.357530612244915,-88.85559999999998,0.5100172337651906,88.85559999999998,63.642469387755085,2.3886306122449135,-3.470100000000002,2.3886306122449135,3.470100000000002,5.382990589833654,231.0,True
4-9-18_Schnable_49-464-js278-105_2018-04-11_06-55-32_9987100,6,35.9602,151.514,19.84123265306124,-174.6286,0.3830591161897337,174.6286,70.15876734693876,-16.11896734693876,33.857399999999984,16.11896734693876,33.857399999999984,5.672733627268904,186.0,False
4-9-18_Schnable_49-464-js278-105_2018-04-11_06-55-32_9987100,7,31.3334,-85.355,21.763361224489785,-117.5853,0.22776443800414511,117.5853,68.23663877551022,-9.570038775510216,-32.2303,9.570038775510216,32.2303,4.115915348239678,103.0,True
4-9-18_Schnable_49-466-js110-162_2018-04-11_07-00-04_9987300,0,27.297,-133.391,26.64760408163268,-114.37599999999999,0.27098850663568597,114.37599999999999,63.35239591836732,-0.6493959183673219,19.014999999999986,0.6493959183673219,19.014999999999986,3.354900273415634,123.0,True
4-9-18_Schnable_49-466-js110-162_2018-04-11_07-00-04_9987300,1,26.134,-35.915,22.25095510204082,-14.501599999999996,0.2917392578282717,14.501599999999998,67.74904489795918,-3.8830448979591807,21.413399999999996,3.8830448979591807,21.413399999999996,2.128335669599177,136.0,True
4-9-18_Schnable_49-466-js110-162_2018-04-11_07-00-04_9987300,2,29.3162,-73.0282,19.25566938775509,-18.375,0.3601600544959827,18.375,70.74433061224491,-10.060530612244907,54.6532,10.060530612244907,54.6532,3.8510490890663274,159.0,True
4-9-18_Schnable_49-466-js110-162_2018-04-11_07-00-04_9987300,3,35.2138,167.958,20.339783673469412,161.2636,0.13221027484046854,198.73639999999997,69.66021632653059,-14.874016326530587,-6.694400000000002,14.874016326530587,6.694400000000002,1.6459775880808043,60.0,True
4-9-18_Schnable_49-466-js110-162_2018-04-11_07-00-04_9987300,4,30.2426,164.502,30.34836530612244,159.05130000000003,0.334533313028856,200.94869999999997,59.65163469387756,0.10576530612243928,-5.4506999999999834,0.10576530612243928,5.4506999999999834,2.1392178152122616,157.0,True
4-9-18_Schnable_49-466-js110-162_2018-04-11_07-00-04_9987300,5,30.0981,-54.8501,25.704114285714297,-38.41730000000001,0.5360009795444671,38.4173,64.2958857142857,-4.3939857142857015,16.432799999999986,4.3939857142857015,16.432799999999986,3.5345673323680007,245.0,True
4-9-18_Schnable_49-466-js110-162_2018-04-11_07-00-04_9987300,6,23.3756,-13.8054,17.016367346938765,13.47930000000008,0.28542738769113796,346.5206999999999,72.98363265306124,-6.359232653061234,27.284700000000072,6.359232653061234,27.284700000000072,2.3692563686185584,134.0,True
4-9-18_Schnable_49-466-js110-162_2018-04-11_07-00-04_9987300,7,35.6248,103.699,25.256140816326564,106.40539999999999,0.45887539767602276,253.5946,64.74385918367344,-10.368659183673437,2.7063999999999737,10.368659183673437,2.7063999999999737,7.588544771197581,223.0,False
4-9-18_Schnable_49-467-js96-133_2018-04-11_07-02-18_9987400,0,47.2485,157.081,42.42377142857143,149.44260000000003,0.1967795628286539,210.55739999999997,47.57622857142857,-4.824728571428572,-7.638399999999962,4.824728571428572,7.638399999999962,1.4690512207189927,72.0,True
4-9-18_Schnable_49-467-js96-133_2018-04-11_07-02-18_9987400,1,43.2761,-27.6955,47.48451020408165,-14.35499999999999,0.2589226345186751,14.355,42.51548979591835,4.208410204081652,13.34050000000002,4.208410204081652,13.34050000000002,1.2585599396900884,112.0,True
4-9-18_Schnable_49-467-js96-133_2018-04-11_07-02-18_9987400,2,53.8145,164.956,58.20436938775515,161.91719999999998,0.30551583096743556,198.0828,31.795630612244853,4.389869387755148,-3.038800000000009,4.389869387755148,3.038800000000009,1.2140603980569773,123.0,True
4-9-18_Schnable_49-467-js96-133_2018-04-11_07-02-18_9987400,3,45.8727,-48.4584,54.12681224489796,-42.62110000000001,0.39124386591900695,42.6211,35.87318775510204,8.25411224489796,5.837299999999971,8.25411224489796,5.837299999999971,2.6900255923280443,180.0,True
4-9-18_Schnable_49-467-js96-133_2018-04-11_07-02-18_9987400,4,32.5556,162.845,42.77150816326534,149.29070000000002,0.47561589946118726,210.70929999999998,47.22849183673466,10.21590816326534,-13.554299999999984,10.21590816326534,13.554299999999984,2.6647019991317085,197.0,True
4-9-18_Schnable_49-467-js96-133_2018-04-11_07-02-18_9987400,5,35.6244,-38.2852,42.668442857142864,-34.78050000000002,0.5833454672177283,34.7805,47.331557142857136,7.044042857142863,3.5046999999999855,7.044042857142863,3.5046999999999855,3.656918491473845,254.0,True
4-9-18_Schnable_49-467-js96-133_2018-04-11_07-02-18_9987400,6,24.1159,153.493,29.77261224489793,159.5367,0.5732943781376605,200.46329999999998,60.22738775510207,5.656712244897928,6.043700000000001,5.656712244897928,6.043700000000001,3.628570975028484,248.0,True
4-9-18_Schnable_49-467-js96-133_2018-04-11_07-02-18_9987400,7,19.7784,137.077,11.147979591836744,146.6674,0.25479514024756905,213.3326,78.85202040816326,-8.630420408163257,9.590399999999988,8.630420408163257,9.590399999999988,2.2383892387351545,120.0,True
4-9-18_Schnable_49-467-js96-133_2018-04-11_07-02-18_9987400,8,27.1184,-27.5077,14.63407959183671,18.504399999999976,0.39043109143203936,341.4956,75.36592040816329,-12.484320408163292,46.012099999999975,12.484320408163292,46.012099999999975,3.4290983565569135,187.0,True
4-9-18_Schnable_49-469-js37-1-63_2018-04-11_07-06-46_9987600,0,28.2705,-25.6111,22.64272857142859,-34.995599999999996,0.14698840345527098,34.9956,67.35727142857141,-5.627771428571407,-9.384500000000003,5.627771428571407,9.384500000000003,0.7950541787227934,73.0,True
4-9-18_Schnable_49-469-js37-1-63_2018-04-11_07-06-46_9987600,1,41.1581,-173.057,33.57821836734697,-172.58489999999998,0.2527088427002357,172.58489999999998,56.42178163265303,-7.579881632653027,0.47210000000001173,7.579881632653027,0.47210000000001173,1.1193174432582724,108.0,True
4-9-18_Schnable_49-469-js37-1-63_2018-04-11_07-06-46_9987600,2,20.3219,-166.924,25.213748979591827,171.5797,0.4011324331826766,188.42029999999997,64.78625102040817,4.891848979591828,-21.49630000000002,4.891848979591828,21.49630000000002,4.370098684361732,186.0,True
4-9-18_Schnable_49-469-js37-1-63_2018-04-11_07-06-46_9987600,3,31.9608,-79.9788,8.509369387755115,-69.4071,0.1452413043213002,69.4071,81.49063061224489,-23.451430612244884,10.571700000000021,23.451430612244884,10.571700000000021,0.9733606439647996,70.0,True
4-9-18_Schnable_49-469-js37-1-63_2018-04-11_07-06-46_9987600,4,22.9227,73.1235,6.894199999999984,40.609800000000064,0.1784512265259516,319.39019999999994,83.10580000000002,-16.028500000000015,-32.51369999999994,16.028500000000015,32.51369999999994,1.4369464558919676,89.0,True
4-9-18_Schnable_49-469-js37-1-63_2018-04-11_07-06-46_9987600,5,33.1217,-12.7407,17.94787959183668,-13.935200000000009,0.08907536412467906,13.935200000000004,72.05212040816332,-15.173820408163316,-1.194500000000005,15.173820408163316,1.194500000000005,0.2972154941424912,45.0,True
4-9-18_Schnable_49-469-js37-1-63_2018-04-11_07-06-46_9987600,6,24.0685,63.0419,2.8935755102041156,153.47530000000006,0.1790335914300047,206.52469999999997,87.10642448979588,-21.174924489795885,90.43340000000006,21.174924489795885,90.43340000000006,3.5926512618801225,79.0,True
4-9-18_Schnable_49-469-js37-1-63_2018-04-11_07-06-46_9987600,7,21.0352,158.577,16.01653469387753,64.67309999999998,0.3294020683697721,295.3269,73.98346530612247,-5.018665306122468,-93.90390000000002,5.018665306122468,93.90390000000002,3.6612036060845496,149.0,True
4-9-18_Schnable_49-470-js154-223_2018-04-11_07-09-00_9987700,0,32.5782,-163.542,34.68532653061226,-164.287,0.26879675311582074,164.287,55.31467346938774,2.1071265306122555,-0.7450000000000045,2.1071265306122555,0.7450000000000045,1.1917888954123146,112.0,True
4-9-18_Schnable_49-470-js154-223_2018-04-11_07-09-00_9987700,1,24.9956,32.987,25.843373469387743,24.8331,0.30029504754727787,335.1669,64.15662653061226,0.847773469387743,-8.153899999999993,0.847773469387743,8.153899999999993,2.8800432878285434,128.0,True
4-9-18_Schnable_49-470-js154-223_2018-04-11_07-09-00_9987700,2,26.2959,-172.969,26.70381632653065,-178.2351,0.3442848676930724,178.2351,63.29618367346935,0.4079163265306498,-5.2660999999999945,0.4079163265306498,5.2660999999999945,1.9857131875451315,150.0,True
4-9-18_Schnable_49-470-js154-223_2018-04-11_07-09-00_9987700,3,16.1971,-168.361,7.1090530612245,-156.9118,0.27302824806613507,156.9118,82.8909469387755,-9.088046938775499,11.44919999999999,9.088046938775499,11.44919999999999,2.7806995643067,139.0,True
4-9-18_Schnable_49-470-js154-223_2018-04-11_07-09-00_9987700,4,24.1691,37.0007,22.069787755102055,27.851999999999975,0.32867509932443256,332.148,67.93021224489794,-2.099312244897945,-9.14870000000002,2.099312244897945,9.14870000000002,4.622183827878914,146.0,True
4-9-18_Schnable_49-471-js154-223_2018-04-11_07-11-14_9987800,0,31.5947,-144.799,30.334673469387738,-147.7029,0.21451296750881765,147.7029,59.66532653061226,-1.2600265306122616,-2.903899999999993,1.2600265306122616,2.903899999999993,1.2091334224334809,91.0,True
4-9-18_Schnable_49-471-js154-223_2018-04-11_07-11-14_9987800,1,28.2004,23.9655,24.046487755102063,21.444000000000074,0.29080744712524687,338.5559999999999,65.95351224489794,-4.153912244897935,-2.521499999999918,4.153912244897935,2.521499999999918,1.4595775969874718,124.0,True
4-9-18_Schnable_49-471-js154-223_2018-04-11_07-11-14_9987800,2,25.6167,-143.299,27.29570816326531,-139.0217,0.31602182027496506,139.0217,62.70429183673469,1.6790081632653084,4.277299999999997,1.6790081632653084,4.277299999999997,2.1775181342517373,136.0,True
4-9-18_Schnable_49-471-js154-223_2018-04-11_07-11-14_9987800,3,26.461,41.9523,24.844314285714276,43.570299999999975,0.31160425139622516,316.4297,65.15568571428572,-1.6166857142857225,1.6179999999999666,1.6166857142857225,1.6179999999999666,1.6292620190256797,147.0,True
4-9-18_Schnable_49-471-js154-223_2018-04-11_07-11-14_9987800,4,29.2008,-131.104,14.418714285714273,72.1875,0.3184733269207219,287.8125,75.58128571428573,-14.782085714285728,-156.70849999999996,14.782085714285728,156.70849999999996,3.8611362754940504,152.0,True
4-9-18_Schnable_49-471-js154-223_2018-04-11_07-11-14_9987800,5,27.5448,63.9722,22.996432653061248,-144.5547,0.3489142779563578,144.5547,67.00356734693875,-4.54836734693875,151.4731,4.54836734693875,151.4731,3.055129600154824,151.0,True
4-9-18_Schnable_49-472-js68-97_2018-04-11_07-13-27_9987900,0,63.9305,-46.6073,30.648571428571373,-80.43759999999997,0.24479575483582253,260.4376,59.35142857142863,-33.28192857142863,-33.830299999999966,33.28192857142863,33.830299999999966,6.259043179647776,118.0,False
4-9-18_Schnable_49-472-js68-97_2018-04-11_07-13-27_9987900,1,5.35793,-65.4905,4.66600408163265,-32.762699999999995,0.3191679586175882,212.7627,85.33399591836735,-0.6919259183673496,32.7278,0.6919259183673496,32.7278,6.031381618871577,145.0,False
4-9-18_Schnable_49-472-js68-97_2018-04-11_07-13-27_9987900,2,88.0161,-176.426,92.53920612244897,-178.0519,0.3871798080972633,358.0519,-2.539206122448977,4.523106122448979,-1.6259000000000015,4.523106122448979,1.6259000000000015,3.101479118636005,173.0,True
4-9-18_Schnable_49-472-js68-97_2018-04-11_07-13-27_9987900,3,7.76473,-152.566,8.630110204081646,24.80710000000002,0.5163426992293187,155.19289999999998,81.36988979591835,0.8653802040816458,177.37310000000002,0.8653802040816458,177.37310000000002,3.966528567391027,249.0,True
4-9-18_Schnable_49-472-js68-97_2018-04-11_07-13-27_9987900,4,67.3937,177.061,74.9203285714286,174.2865,0.5112989726950661,5.7135,15.079671428571395,7.526628571428603,-2.7745000000000175,7.526628571428603,2.7745000000000175,4.11385271516961,226.0,True
4-9-18_Schnable_49-472-js68-97_2018-04-11_07-13-27_9987900,5,28.1251,132.358,33.7205224489796,146.02949999999998,0.4698806932445035,33.9705,56.2794775510204,5.595422448979601,13.67149999999998,5.595422448979601,13.67149999999998,8.85731492130734,222.0,False
4-9-18_Schnable_49-472-js68-97_2018-04-11_07-13-27_9987900,6,75.7257,-172.329,70.44978163265303,176.7624,0.2801416745356562,3.237599999999999,19.550218367346975,-5.275918367346975,-10.908599999999979,5.275918367346975,10.908599999999979,0.9711587435566836,122.0,True
4-9-18_Schnable_49-473-js233-371_2018-04-11_07-15-41_9988000,0,40.1264,148.75,41.13761020408164,149.25090000000006,0.2133054515994107,210.74909999999994,48.86238979591836,1.0112102040816424,0.5009000000000583,1.0112102040816424,0.5009000000000583,1.9228296720627525,97.0,True
4-9-18_Schnable_49-473-js233-371_2018-04-11_07-15-41_9988000,1,32.7117,-22.1751,35.173402040816335,-21.1815,0.28464463828237635,21.181500000000003,54.826597959183665,2.461702040816334,0.9936000000000149,2.461702040816334,0.9936000000000149,1.5803351827963794,132.0,True
4-9-18_Schnable_49-473-js233-371_2018-04-11_07-15-41_9988000,2,38.6589,174.937,45.324402040816345,178.02440000000007,0.30466669752160574,181.97559999999993,44.675597959183655,6.665502040816342,3.087400000000059,6.665502040816342,3.087400000000059,1.672379162676963,145.0,True
4-9-18_Schnable_49-473-js233-371_2018-04-11_07-15-41_9988000,3,35.439,-11.3197,41.6610612244898,-15.987500000000011,0.3603652879782177,15.9875,48.3389387755102,6.222061224489799,-4.6678,6.222061224489799,4.6678,2.590470740627723,163.0,True
4-9-18_Schnable_49-473-js233-371_2018-04-11_07-15-41_9988000,4,53.2277,175.111,48.12209183673475,-177.8751,0.14825993296443107,177.8751,41.87790816326525,-5.105608163265252,7.013900000000035,5.105608163265252,7.013900000000035,1.3716219599879047,67.0,True
4-9-18_Schnable_49-473-js233-371_2018-04-11_07-15-41_9988000,5,36.057,-11.6771,32.3422918367347,-179.4445,0.2767087413760902,179.4445,57.6577081632653,-3.7147081632653,-167.7674,3.7147081632653,167.7674,3.313894831261302,138.0,True
4-9-18_Schnable_49-473-js233-371_2018-04-11_07-15-41_9988000,6,25.4051,166.592,21.34134693877553,-15.315200000000004,0.34811767674870814,15.315199999999997,68.65865306122447,-4.063753061224471,178.0928,4.063753061224471,178.0928,2.2005069675888067,146.0,True
4-9-18_Schnable_49-474-js64-93_2018-04-11_07-17-55_9988100,0,82.4396,-116.301,95.62244897959182,-127.13309999999997,0.0424410686663736,127.13309999999997,-5.6224489795918275,13.182848979591824,-10.832099999999969,13.182848979591824,10.832099999999969,1.8530005999806958,19.0,False
4-9-18_Schnable_49-474-js64-93_2018-04-11_07-17-55_9988100,1,43.7288,-21.4519,45.25023061224489,-24.359200000000016,0.3261605691296701,24.359200000000005,44.74976938775511,1.5214306122448917,-2.9073000000000206,1.5214306122448917,2.9073000000000206,2.1112909573674936,157.0,True
4-9-18_Schnable_49-474-js64-93_2018-04-11_07-17-55_9988100,2,26.6444,145.357,36.37741836734692,134.6477,0.38764621509671554,225.35229999999999,53.62258163265308,9.733018367346919,-10.709300000000013,9.733018367346919,10.709300000000013,4.973763768076863,172.0,True
4-9-18_Schnable_49-474-js64-93_2018-04-11_07-17-55_9988100,3,39.2682,-44.5176,46.05186938775509,-45.36070000000001,0.43041146660076657,45.3607,43.94813061224491,6.78366938775509,-0.8430999999999926,6.78366938775509,0.8430999999999926,3.481524842961052,203.0,True
4-9-18_Schnable_49-474-js64-93_2018-04-11_07-17-55_9988100,4,32.4902,125.388,35.05198979591837,130.7033,0.48294331867328294,229.29669999999996,54.94801020408163,2.561789795918365,5.315300000000008,2.561789795918365,5.315300000000008,6.8942610838192415,227.0,False
4-9-18_Schnable_49-474-js64-93_2018-04-11_07-17-55_9988100,5,34.0845,-36.4264,25.635955102040782,-114.1296,0.12554751683562215,114.1296,64.36404489795922,-8.448544897959216,-77.7032,8.448544897959216,77.7032,1.2048222083097366,64.0,True
4-9-18_Schnable_49-474-js64-93_2018-04-11_07-17-55_9988100,6,46.7965,-111.326,27.610981632653036,-26.92859999999999,0.5237182393046553,26.928599999999996,62.389018367346964,-19.185518367346965,84.3974,19.185518367346965,84.3974,9.004421183122268,236.0,False
4-9-18_Schnable_49-474-js64-93_2018-04-11_07-17-55_9988100,7,55.3151,106.4,28.120418367346957,125.39839999999998,0.5272679495755233,234.60160000000002,61.87958163265304,-27.194681632653044,18.998399999999975,27.194681632653044,18.998399999999975,8.746034352283424,237.0,False
4-9-18_Schnable_49-474-js64-93_2018-04-11_07-17-55_9988100,8,38.2662,12.3604,27.761704081632637,46.296299999999974,0.4295606024822523,313.7037,62.23829591836736,-10.504495918367361,33.935899999999975,10.504495918367361,33.935899999999975,2.8546633448348375,207.0,True
4-9-18_Schnable_49-474-js64-93_2018-04-11_07-17-55_9988100,9,43.4668,134.12,29.602016326530574,132.48260000000005,0.2667953314653727,227.51739999999998,60.397983673469426,-13.864783673469425,-1.637399999999957,13.864783673469425,1.637399999999957,3.336043024645477,115.0,True
4-9-18_Schnable_49-474-js64-93_2018-04-11_07-17-55_9988100,10,31.2732,-126.964,16.725236734693908,-133.48899999999998,0.17849090571610446,133.48899999999998,73.27476326530609,-14.547963265306091,-6.524999999999977,14.547963265306091,6.524999999999977,2.5675345544533537,79.0,True
4-9-18_Schnable_49-475-js159-1-228_2018-04-11_07-20-09_9988200,0,45.8013,-25.4781,38.736951020408135,-22.858100000000007,0.2631637319442293,22.858100000000007,51.263048979591865,-7.064348979591863,2.6200000000000045,7.064348979591863,2.6200000000000045,1.5061179017066053,127.0,True
4-9-18_Schnable_49-475-js159-1-228_2018-04-11_07-20-09_9988200,1,40.5068,154.089,38.36847551020409,161.9876,0.29492408439453205,198.0124,51.63152448979591,-2.138324489795906,7.898599999999988,2.138324489795906,7.898599999999988,3.841383304703472,137.0,True
4-9-18_Schnable_49-475-js159-1-228_2018-04-11_07-20-09_9988200,2,17.7178,163.704,18.123781632653063,165.7174,0.2846535054152723,194.28259999999997,71.87621836734694,0.405981632653063,2.01339999999999,0.405981632653063,2.01339999999999,1.4520537894323022,125.0,True
4-9-18_Schnable_49-475-js159-1-228_2018-04-11_07-20-09_9988200,3,33.1888,-30.9875,36.84277142857146,-43.877700000000004,0.30956208133661506,43.877700000000004,53.15722857142854,3.6539714285714595,-12.890199999999993,3.6539714285714595,12.890199999999993,2.7389639883177117,140.0,True
4-9-18_Schnable_49-475-js159-1-228_2018-04-11_07-20-09_9988200,4,30.3833,57.7541,6.709510204081639,58.619500000000016,0.10616199018457394,301.3805,83.29048979591836,-23.67378979591836,0.8654000000000224,23.67378979591836,0.8654000000000224,2.745835796404008,50.0,True
4-9-18_Schnable_49-475-js159-1-228_2018-04-11_07-20-09_9988200,5,53.228,-27.3227,35.842124489795935,-37.913099999999986,0.39071480869916714,37.9131,54.157875510204065,-17.385875510204066,-10.590399999999988,17.385875510204066,10.590399999999988,2.4634975172277205,155.0,True
4-9-18_Schnable_49-475-js159-1-228_2018-04-11_07-20-09_9988200,6,32.0603,160.564,33.891644897959196,-176.1044,0.44640793877886825,176.1044,56.108355102040804,1.8313448979591982,23.33159999999998,1.8313448979591982,23.33159999999998,8.682999923942301,216.0,False
4-9-18_Schnable_49-475-js159-1-228_2018-04-11_07-20-09_9988200,7,33.5187,-37.0233,18.925083673469402,-56.2509,0.4130091086671678,56.25090000000001,71.0749163265306,-14.5936163265306,-19.227599999999995,14.5936163265306,19.227599999999995,5.876038285767045,186.0,False
4-9-18_Schnable_49-477-js45-73_2018-04-11_07-24-37_9988400,0,18.6221,165.402,15.145740816326537,145.60019999999997,0.2376488572077905,214.3998,74.85425918367346,-3.4763591836734626,-19.801800000000014,3.4763591836734626,19.801800000000014,2.2487014667518657,112.0,True
4-9-18_Schnable_49-477-js45-73_2018-04-11_07-24-37_9988400,1,44.5522,-1.72112,34.215383673469375,-6.853499999999997,0.14650080410594035,6.853500000000003,55.784616326530625,-10.336816326530624,-5.1323799999999835,10.336816326530624,5.1323799999999835,1.308051365070677,63.0,True
4-9-18_Schnable_49-477-js45-73_2018-04-11_07-24-37_9988400,2,8.09461,-55.7649,17.749059183673452,-13.401399999999995,0.3932089153141564,13.401400000000008,72.25094081632655,9.654449183673453,42.36349999999999,9.654449183673453,42.36349999999999,2.3922120485282554,185.0,True
4-9-18_Schnable_49-477-js45-73_2018-04-11_07-24-37_9988400,3,32.2639,-14.0989,31.197681632653072,-4.324700000000007,0.218283501020011,4.324700000000003,58.80231836734693,-1.0662183673469272,9.774200000000008,1.0662183673469272,9.774200000000008,1.0729793209185932,100.0,True
4-9-18_Schnable_49-477-js45-73_2018-04-11_07-24-37_9988400,4,21.0153,154.049,4.958077551020423,-158.20559999999998,0.1623121398362126,158.20559999999998,85.04192244897958,-16.057222448979577,47.74540000000002,16.057222448979577,47.74540000000002,1.2155021930936651,72.0,True
4-9-18_Schnable_49-477-js45-73_2018-04-11_07-24-37_9988400,5,5.54602,-89.1834,28.315918367346924,157.0204,0.21639227250243828,202.9796,61.684081632653076,22.769898367346926,-113.7962,22.769898367346926,113.7962,1.1824166888656982,98.0,True
4-9-18_Schnable_49-479-js271-27_2018-04-11_07-29-04_9988600,0,19.395,24.4668,8.341163265306122,26.670199999999966,0.1250819898008229,333.32980000000003,81.65883673469388,-11.053836734693878,2.2033999999999594,11.053836734693878,2.2033999999999594,1.0561963887066559,59.0,True
4-9-18_Schnable_49-479-js271-27_2018-04-11_07-29-04_9988600,1,17.2096,179.335,16.574253061224482,175.15180000000004,0.22735238841429292,184.84819999999996,73.42574693877552,-0.6353469387755162,-4.183199999999971,0.6353469387755162,4.183199999999971,1.8877107619350544,96.0,True
4-9-18_Schnable_49-479-js271-27_2018-04-11_07-29-04_9988600,2,5.76521,24.9889,12.618795918367368,161.48970000000003,0.21883651576184257,198.51029999999997,77.38120408163263,6.853585918367369,136.50080000000003,6.853585918367369,136.50080000000003,1.4837581849171246,101.0,True
4-9-18_Schnable_49-479-js271-27_2018-04-11_07-29-04_9988600,3,19.1388,155.408,0.5653816326530432,151.67590000000064,0.19926116194050028,208.32409999999936,89.43461836734696,-18.573418367346957,-3.732099999999349,18.573418367346957,3.732099999999349,1.7807274295205053,102.0,True
4-9-18_Schnable_49-480-js236-377_2018-04-11_07-31-19_9988700,0,49.6671,-3.28191,47.406171428571454,-8.219400000000007,0.3300584443470485,8.2194,42.593828571428546,-2.2609285714285434,-4.937489999999997,2.2609285714285434,4.937489999999997,2.8593979275489185,156.0,True
4-9-18_Schnable_49-480-js236-377_2018-04-11_07-31-19_9988700,1,39.5124,157.43,47.76549183673469,162.60300000000007,0.32972817735794485,197.39699999999996,42.23450816326531,8.25309183673469,5.173000000000059,8.25309183673469,5.173000000000059,3.2361261667211103,145.0,True
4-9-18_Schnable_49-480-js236-377_2018-04-11_07-31-19_9988700,2,39.1581,7.90019,35.49886122448981,-9.082999999999998,0.44068101495013534,9.083,54.50113877551019,-3.6592387755101896,-16.983190000000008,3.6592387755101896,16.983190000000008,4.903192948462845,214.0,True
4-9-18_Schnable_49-480-js236-377_2018-04-11_07-31-19_9988700,3,32.5425,149.261,42.94753673469388,151.96850000000006,0.49979059240224055,208.03149999999997,47.05246326530612,10.40503673469388,2.707500000000067,10.40503673469388,2.707500000000067,9.130699177285937,230.0,False
4-9-18_Schnable_49-480-js236-377_2018-04-11_07-31-19_9988700,4,33.902,-13.5055,28.31238775510206,-18.978800000000007,0.5287020532550667,18.978799999999996,61.68761224489794,-5.589612244897943,-5.473299999999995,5.589612244897943,5.473299999999995,7.849128291194758,254.0,False
4-9-18_Schnable_49-480-js236-377_2018-04-11_07-31-19_9988700,5,39.7325,-169.046,30.214457142857178,-168.3304,0.45603755534557705,168.3304,59.78554285714282,-9.518042857142824,0.7155999999999949,9.518042857142824,0.7155999999999949,6.548769912434531,223.0,False
4-9-18_Schnable_49-480-js236-377_2018-04-11_07-31-19_9988700,6,32.8118,-42.4255,29.398797959183725,-80.3847,0.3731453561588355,80.3847,60.601202040816275,-3.4130020408162736,-37.95920000000001,3.4130020408162736,37.95920000000001,3.747620303760225,161.0,True
4-9-18_Schnable_49-480-js236-377_2018-04-11_07-31-19_9988700,7,34.9167,172.402,16.10270204081631,-162.4089,0.17728321873166125,162.4089,73.89729795918369,-18.813997959183688,25.189100000000053,18.813997959183688,25.189100000000053,1.6015801350780186,85.0,True
4-9-18_Schnable_49-481-js290-299_2018-04-11_07-33-33_9988800,0,48.6343,-152.429,48.65996326530611,-146.6682,0.23902444905853512,146.6682,41.34003673469389,0.02566326530610752,5.760799999999989,0.02566326530610752,5.760799999999989,1.261751559430811,106.0,True
4-9-18_Schnable_49-481-js290-299_2018-04-11_07-33-33_9988800,1,38.9382,-17.2936,41.96992653061224,-8.828900000000004,0.27010175551383453,8.828899999999999,48.03007346938776,3.0317265306122394,8.464699999999993,3.0317265306122394,8.464699999999993,3.591895613364503,111.0,True
4-9-18_Schnable_49-481-js290-299_2018-04-11_07-33-33_9988800,2,30.9507,-168.255,25.694987755102062,-163.409,0.30822788934110235,163.409,64.30501224489794,-5.255712244897939,4.846000000000004,5.255712244897939,4.846000000000004,4.295007226491081,144.0,True
4-9-18_Schnable_49-481-js290-299_2018-04-11_07-33-33_9988800,3,22.685,171.916,5.452367346938772,-163.6953,0.3580564206116219,163.6953,84.54763265306123,-17.232632653061227,24.38869999999997,17.232632653061227,24.38869999999997,5.09865931377547,179.0,True
4-9-18_Schnable_49-481-js290-299_2018-04-11_07-33-33_9988800,4,14.7621,26.2967,4.700365306122464,-37.0312999999999,0.2174335305531907,37.031299999999895,85.29963469387754,-10.061734693877536,-63.3279999999999,10.061734693877536,63.3279999999999,1.4910712460080504,107.0,True
4-9-18_Schnable_49-481-js290-299_2018-04-11_07-33-33_9988800,5,2.54445,17.8442,18.61962040816327,40.481299999999976,0.23801233279611067,319.5187,71.38037959183673,16.07517040816327,22.637099999999975,16.07517040816327,22.637099999999975,2.255322622504901,116.0,True
4-9-18_Schnable_49-482-js37-2-63_2018-04-11_07-35-47_9988900,0,39.0664,-176.456,33.46902857142858,-178.5026,0.3056968628653974,178.5026,56.53097142857142,-5.597371428571421,-2.046600000000012,5.597371428571421,2.046600000000012,2.4678167279083345,135.0,True
4-9-18_Schnable_49-482-js37-2-63_2018-04-11_07-35-47_9988900,1,34.5275,-6.45443,29.319089795918345,-8.508199999999988,0.30984308656859716,8.5082,60.680910204081655,-5.208410204081659,-2.053769999999986,5.208410204081659,2.053769999999986,2.175160591714562,136.0,True
4-9-18_Schnable_49-482-js37-2-63_2018-04-11_07-35-47_9988900,2,27.6327,177.205,30.85285510204084,166.7305,0.4016376540099904,193.26949999999997,59.14714489795916,3.2201551020408417,-10.474500000000006,3.2201551020408417,10.474500000000006,4.113238576354011,190.0,True
4-9-18_Schnable_49-482-js37-2-63_2018-04-11_07-35-47_9988900,3,40.5956,8.63233,29.66657551020409,23.28120000000007,0.49519482964237005,336.71879999999993,60.33342448979591,-10.929024489795907,14.648870000000073,10.929024489795907,14.648870000000073,2.962877313336355,235.0,True
4-9-18_Schnable_49-482-js37-2-63_2018-04-11_07-35-47_9988900,4,43.1548,82.2625,33.124206122449024,78.55009999999999,0.12694767773851612,281.4499,56.875793877550976,-10.030593877550977,-3.7124000000000024,10.030593877550977,3.7124000000000024,0.8926825275298221,64.0,True
4-9-18_Schnable_49-482-js37-2-63_2018-04-11_07-35-47_9988900,5,25.4191,157.36,22.865534693877578,154.6893,0.39490980682337534,205.3107,67.13446530612242,-2.5535653061224224,-2.6707000000000107,2.5535653061224224,2.6707000000000107,2.942796102981145,182.0,True
4-9-18_Schnable_49-482-js37-2-63_2018-04-11_07-35-47_9988900,6,65.4627,34.6658,5.004283673469374,151.10019999999997,0.24275403612227728,208.89980000000003,84.99571632653063,-60.458416326530624,116.43439999999998,60.458416326530624,116.43439999999998,2.901974206612835,108.0,True
4-9-18_Schnable_49-482-js37-2-63_2018-04-11_07-35-47_9988900,7,33.2552,-165.258,27.31401632653057,55.44040000000007,0.4044105441715872,304.55959999999993,62.68598367346943,-5.941183673469432,-139.3015999999999,5.941183673469432,139.3015999999999,2.2607016476434376,193.0,True
4-9-18_Schnable_49-484-js167-239_2018-04-11_07-40-14_9989100,0,28.8242,147.734,34.162467346938776,149.95500000000004,0.24090038116137208,210.04499999999996,55.837532653061224,5.338267346938775,2.221000000000032,5.338267346938775,2.221000000000032,2.615472932360705,121.0,True
4-9-18_Schnable_49-484-js167-239_2018-04-11_07-40-14_9989100,1,39.8087,-168.96,11.835555102040829,-179.99850000000004,0.07740515988556555,179.99850000000004,78.16444489795917,-27.973144897959173,-11.038500000000028,27.973144897959173,11.038500000000028,0.59778336460312,30.0,True
4-9-18_Schnable_49-484-js167-239_2018-04-11_07-40-14_9989100,2,30.3239,4.90859,31.725879591836716,8.372299999999996,0.33477043744877244,351.6277,58.274120408163284,1.4019795918367173,3.463709999999992,1.4019795918367173,3.463709999999992,2.9341448952341898,155.0,True
4-9-18_Schnable_49-484-js167-239_2018-04-11_07-40-14_9989100,3,33.0807,59.1118,33.03757142857144,70.52780000000001,0.38764334125835326,289.4722,56.96242857142856,-0.04312857142856075,11.415999999999997,0.04312857142856075,11.415999999999997,4.1980043037128905,160.0,True
4-9-18_Schnable_49-484-js167-239_2018-04-11_07-40-14_9989100,4,24.1978,161.795,1.1036020408163552,-116.49369999999978,0.12038682311732232,116.49369999999978,88.89639795918364,-23.094197959183646,81.71130000000022,23.094197959183646,81.71130000000022,1.8751206147624675,63.0,True
4-9-18_Schnable_49-484-js167-239_2018-04-11_07-40-14_9989100,5,18.5063,-86.6656,21.451875510204047,152.7894,0.2310665669680692,207.2106,68.54812448979595,2.9455755102040477,-120.54500000000002,2.9455755102040477,120.54500000000002,1.5923154453281894,110.0,True
4-9-18_Schnable_49-485-js151-218_2018-04-11_07-42-28_9989200,0,51.061,156.677,42.16043673469386,156.8442,0.36766226036539346,203.1558,47.83956326530614,-8.90056326530614,0.16720000000000823,8.90056326530614,0.16720000000000823,6.4849822074709085,179.0,False
4-9-18_Schnable_49-485-js151-218_2018-04-11_07-42-28_9989200,1,49.7488,-162.124,42.78403061224485,-147.4924,0.08651171037590288,147.4924,47.21596938775515,-6.964769387755155,14.631599999999992,6.964769387755155,14.631599999999992,1.6549332626038735,45.0,True
4-9-18_Schnable_49-485-js151-218_2018-04-11_07-42-28_9989200,2,18.1843,-102.671,37.125730612244936,-106.0344,0.28736258381016927,106.0344,52.874269387755064,18.941430612244936,-3.363400000000013,18.941430612244936,3.363400000000013,4.344566890333936,133.0,True
4-9-18_Schnable_49-485-js151-218_2018-04-11_07-42-28_9989200,3,58.8342,-111.345,18.849191836734676,-71.9727,0.37571486778894125,71.9727,71.15080816326532,-39.98500816326533,39.372299999999996,39.98500816326533,39.372299999999996,6.573113104974507,176.0,False
4-9-18_Schnable_49-485-js151-218_2018-04-11_07-42-28_9989200,4,51.0775,152.578,39.85644897959183,147.7575,0.4277396419942822,212.2425,50.14355102040817,-11.221051020408169,-4.82050000000001,11.221051020408169,4.82050000000001,8.237552690348421,207.0,False
4-9-18_Schnable_49-485-js151-218_2018-04-11_07-42-28_9989200,5,30.0577,-146.701,17.911140816326565,-163.8862,0.14716402827684777,163.8862,72.08885918367343,-12.146559183673435,-17.18520000000001,12.146559183673435,17.18520000000001,1.5695465458534226,74.0,True
4-9-18_Schnable_49-485-js151-218_2018-04-11_07-42-28_9989200,6,48.8676,144.212,37.53882653061225,143.73610000000002,0.4766072844420741,216.26389999999998,52.46117346938775,-11.328773469387755,-0.47589999999996735,11.328773469387755,0.47589999999996735,8.514153072154913,230.0,False
4-9-18_Schnable_49-485-js151-218_2018-04-11_07-42-28_9989200,7,37.5497,77.0203,14.514073469387768,74.75689999999997,0.1497032447804744,285.2431,75.48592653061223,-23.035626530612234,-2.263400000000047,23.035626530612234,2.263400000000047,1.5356351729648392,60.0,True
4-9-18_Schnable_49-485-js151-218_2018-04-11_07-42-28_9989200,8,29.6186,31.9743,43.45428979591855,33.644600000000025,0.11971627753631771,326.3554,46.54571020408145,13.835689795918547,1.6703000000000259,13.835689795918547,1.6703000000000259,1.9138905477104486,57.0,True
4-9-18_Schnable_49-485-js151-218_2018-04-11_07-42-28_9989200,9,48.8743,-34.6034,44.34631224489792,123.50999999999999,0.3225159593627862,236.49,45.65368775510208,-4.527987755102075,158.11339999999996,4.527987755102075,158.11339999999996,3.024159157440269,138.0,True
4-9-18_Schnable_49-485-js151-218_2018-04-11_07-42-28_9989200,10,55.3097,134.811,16.5013448979592,-37.06739999999999,0.15712838737618784,37.0674,73.4986551020408,-38.8083551020408,-171.8784,38.8083551020408,171.8784,4.2393748181976125,70.0,True
4-9-18_Schnable_49-485-js151-218_2018-04-11_07-42-28_9989200,11,37.9275,37.9312,41.06066734693869,43.69200000000001,0.2565343549713453,316.308,48.93933265306131,3.1331673469386914,5.7608000000000175,3.1331673469386914,5.7608000000000175,2.5407297905572923,118.0,True
4-9-18_Schnable_49-485-js151-218_2018-04-11_07-42-28_9989200,12,31.8013,170.466,12.005202040816343,35.434500000000014,0.3390933383976389,324.5655,77.99479795918366,-19.79609795918366,-135.0315,19.79609795918366,135.0315,4.205378536219938,147.0,True
4-9-18_Schnable_49-486-js97-138_2018-04-11_07-44-41_9989300,0,30.4417,47.726,28.52925918367346,47.197900000000004,0.2815378908057575,312.8021,61.47074081632654,-1.9124408163265407,-0.5280999999999949,1.9124408163265407,0.5280999999999949,4.094087171611075,133.0,True
4-9-18_Schnable_49-486-js97-138_2018-04-11_07-44-41_9989300,1,40.711,34.9119,28.75725306122449,46.22100000000006,0.3769053392433093,313.77899999999994,61.24274693877551,-11.95374693877551,11.309100000000058,11.95374693877551,11.309100000000058,3.641739880217247,180.0,True
4-9-18_Schnable_49-486-js97-138_2018-04-11_07-44-41_9989300,2,41.3341,-136.698,35.54868571428571,-132.7183,0.28885164706580574,132.7183,54.45131428571429,-5.785414285714289,3.9797000000000082,5.785414285714289,3.9797000000000082,1.2602928463617082,134.0,True
4-9-18_Schnable_49-486-js97-138_2018-04-11_07-44-41_9989300,3,31.1139,14.5388,23.868563265306136,21.945899999999995,0.2458219468907932,338.0541,66.13143673469386,-7.245336734693865,7.407099999999986,7.245336734693865,7.407099999999986,1.601876999536412,109.0,True
4-9-18_Schnable_49-486-js97-138_2018-04-11_07-44-41_9989300,4,28.4222,-155.65,17.47237346938776,-162.8602,0.13158999663031867,162.8602,72.52762653061224,-10.949826530612238,-7.210199999999986,10.949826530612238,7.210199999999986,1.8344250194913112,58.0,True
4-9-18_Schnable_49-487-js155-2-224_2018-04-11_07-46-56_9989400,0,14.9362,52.6955,46.49246122448979,70.40899999999999,0.32531975585187684,289.591,43.50753877551021,31.556261224489788,17.713499999999982,31.556261224489788,17.713499999999982,4.185930755198681,161.0,True
4-9-18_Schnable_49-487-js155-2-224_2018-04-11_07-46-56_9989400,1,42.7367,141.938,70.04289795918368,-22.012699999999995,0.43770851138945643,22.01270000000001,19.957102040816324,27.306197959183677,-163.95069999999998,27.306197959183677,163.95069999999998,6.328734022366883,189.0,False
4-9-18_Schnable_49-487-js155-2-224_2018-04-11_07-46-56_9989400,2,32.7186,6.74502,38.027636734693886,89.07000000000005,0.40757430563350355,270.92999999999995,51.972363265306114,5.309036734693883,82.32498000000004,5.309036734693883,82.32498000000004,5.7561694265245915,193.0,False
4-9-18_Schnable_49-487-js155-2-224_2018-04-11_07-46-56_9989400,3,42.1591,150.192,68.68724285714285,-35.074600000000004,0.5646601628992427,35.0746,21.31275714285715,26.528142857142846,174.73339999999996,26.528142857142846,174.73339999999996,8.978769943438676,269.0,False
4-9-18_Schnable_49-487-js155-2-224_2018-04-11_07-46-56_9989400,4,33.0217,-15.4631,30.61365714285717,55.123800000000074,0.5336239623124489,304.8761999999999,59.38634285714283,-2.4080428571428314,70.58690000000007,2.4080428571428314,70.58690000000007,11.317304778377812,245.0,False
4-9-18_Schnable_49-487-js155-2-224_2018-04-11_07-46-56_9989400,5,28.5224,125.15,52.252322448979584,-22.376100000000008,0.5360959246744849,22.3761,37.747677551020416,23.729922448979583,-147.5261,23.729922448979583,147.5261,7.202580481124511,262.0,False
4-9-18_Schnable_49-487-js155-2-224_2018-04-11_07-46-56_9989400,6,34.6895,6.89601,17.976097959183647,48.923100000000034,0.37147457549607205,311.07689999999997,72.02390204081635,-16.713402040816355,42.027090000000044,16.713402040816355,42.027090000000044,3.038511822463865,169.0,True
4-9-18_Schnable_49-487-js155-2-224_2018-04-11_07-46-56_9989400,7,33.7013,-51.2219,30.280555102040836,-46.93190000000001,0.19040599442470205,46.93190000000001,59.719444897959164,-3.4207448979591675,4.289999999999992,3.4207448979591675,4.289999999999992,0.7651893597634682,92.0,True
4-9-18_Schnable_49-488-js44-71_2018-04-11_07-49-10_9989500,0,36.5784,158.792,29.772599999999997,154.41780000000006,0.14675867951217314,205.58219999999997,60.2274,-6.805800000000005,-4.374199999999945,6.805800000000005,4.374199999999945,0.5691287076288419,71.0,True
4-9-18_Schnable_49-488-js44-71_2018-04-11_07-49-10_9989500,1,32.5141,172.321,0.3831938775509798,167.23120000000023,0.044789534774773876,192.76879999999977,89.61680612244902,-32.13090612244902,-5.089799999999769,32.13090612244902,5.089799999999769,1.5302428025953383,19.0,False
4-9-18_Schnable_49-488-js44-71_2018-04-11_07-49-10_9989500,2,39.0825,20.0332,48.22705306122449,-0.545899999999989,0.09040598565552256,0.5459,41.77294693877551,9.144553061224485,-20.579099999999983,9.144553061224485,20.579099999999983,1.159981777957071,46.0,True
4-9-18_Schnable_49-488-js44-71_2018-04-11_07-49-10_9989500,3,52.8563,4.24893,31.777848979591845,178.08730000000003,0.2560696477481392,181.9127,58.222151020408155,-21.078451020408153,173.83837000000005,21.078451020408153,173.83837000000005,1.4342806631152132,130.0,True
4-9-18_Schnable_49-488-js44-71_2018-04-11_07-49-10_9989500,4,71.3938,12.3624,3.6081959183673433,12.206900000000019,0.0755037809478736,347.7931,86.39180408163266,-67.78560408163266,-0.1554999999999893,67.78560408163266,0.1554999999999893,1.1080398553237547,33.0,True
4-9-18_Schnable_49-488-js44-71_2018-04-11_07-49-10_9989500,5,42.9086,13.4336,44.47391224489797,2.7719999999999914,0.214797794003075,357.228,45.52608775510203,1.5653122448979673,-10.661600000000021,1.5653122448979673,10.661600000000021,4.15534087983836,96.0,True
4-9-18_Schnable_49-488-js44-71_2018-04-11_07-49-10_9989500,6,35.8921,-174.068,29.411065306122453,-172.9528,0.19990450602421486,172.9528,60.58893469387755,-6.481034693877547,1.1152000000000157,6.481034693877547,1.1152000000000157,0.8216517115096735,102.0,True
4-9-18_Schnable_49-488-js44-71_2018-04-11_07-49-10_9989500,7,28.1634,-2.17339,25.877432653061234,-3.8540999999999883,0.3183379320045757,3.8541000000000007,64.12256734693877,-2.285967346938765,-1.6807099999999764,2.285967346938765,1.6807099999999764,1.9829885899544617,163.0,True
4-9-18_Schnable_49-488-js44-71_2018-04-11_07-49-10_9989500,8,29.1804,-178.874,14.261493877551018,-12.04740000000001,0.31446663249621026,12.047400000000003,75.73850612244898,-14.91890612244898,166.82659999999998,14.91890612244898,166.82659999999998,3.808366136919942,151.0,True
4-9-18_Schnable_49-488-js44-71_2018-04-11_07-49-10_9989500,9,26.5761,-2.57048,21.92949591836738,161.1515,0.3264738987128326,198.8485,68.07050408163262,-4.646604081632621,163.72198000000003,4.646604081632621,163.72198000000003,4.780909508207717,162.0,True
4-9-18_Schnable_49-489-js285-207_2018-04-11_07-51-28_9989600,0,22.1074,137.061,21.013885714285706,136.20930000000004,0.3151604975262109,223.79069999999996,68.9861142857143,-1.093514285714292,-0.8516999999999655,1.093514285714292,0.8516999999999655,1.8583167796938176,154.0,True
4-9-18_Schnable_49-489-js285-207_2018-04-11_07-51-28_9989600,1,32.7185,120.371,21.649704081632635,142.41320000000002,0.3167472460805219,217.58679999999998,68.35029591836737,-11.068795918367364,22.042200000000037,11.068795918367364,22.042200000000037,2.5026562984418943,157.0,True
4-9-18_Schnable_49-489-js285-207_2018-04-11_07-51-28_9989600,2,61.5574,-21.8929,25.16118163265304,-18.09729999999999,0.32898257584960505,18.097299999999997,64.83881836734696,-36.39621836734696,3.7956000000000074,36.39621836734696,3.7956000000000074,4.751711326600848,143.0,True
4-9-18_Schnable_49-489-js285-207_2018-04-11_07-51-28_9989600,3,29.1095,-26.2486,20.44937959183673,1.1089000000000055,0.4025771476439978,358.8911,69.55062040816327,-8.66012040816327,27.357500000000016,8.66012040816327,27.357500000000016,4.560738572009939,187.0,True
4-9-18_Schnable_49-489-js285-207_2018-04-11_07-51-28_9989600,4,27.0875,159.82,18.81938367346939,169.44230000000005,0.32689777509450535,190.55769999999998,71.18061632653061,-8.26811632653061,9.622300000000052,8.26811632653061,9.622300000000052,2.9465520761761583,166.0,True
4-9-18_Schnable_49-489-js285-207_2018-04-11_07-51-28_9989600,5,66.4108,45.3337,5.470773469387751,29.911299999999983,0.18518620904757474,330.0887,84.52922653061225,-60.94002653061224,-15.42240000000001,60.94002653061224,15.42240000000001,4.547419595832604,99.0,True
4-9-18_Schnable_49-489-js285-207_2018-04-11_07-51-28_9989600,6,40.6175,176.647,23.883208163265294,6.86910000000006,0.36743217786868376,353.13089999999994,66.1167918367347,-16.734291836734705,-169.77789999999993,16.734291836734705,169.77789999999993,2.7758155788804584,151.0,True
4-9-18_Schnable_49-489-js285-207_2018-04-11_07-51-28_9989600,7,41.0352,-23.9157,27.293585714285697,59.00350000000003,0.30922072919152355,300.99649999999997,62.7064142857143,-13.741614285714306,82.91920000000005,13.741614285714306,82.91920000000005,5.113873570182673,139.0,True
4-9-18_Schnable_49-491-js262-420_2018-04-11_07-55-51_9989800,0,37.7725,171.206,43.69080408163265,175.99620000000004,0.3056636588123253,184.00379999999996,46.30919591836735,5.918304081632648,4.7902000000000555,5.918304081632648,4.7902000000000555,1.762345698755182,142.0,True
4-9-18_Schnable_49-491-js262-420_2018-04-11_07-55-51_9989800,1,34.7097,-65.0013,29.449691836734686,-77.3618,0.3806777673756859,77.3618,60.55030816326531,-5.2600081632653115,-12.360500000000002,5.2600081632653115,12.360500000000002,2.1810840016055386,178.0,True
4-9-18_Schnable_49-491-js262-420_2018-04-11_07-55-51_9989800,2,39.2892,142.74,41.799193877551026,146.77360000000004,0.4041867374600232,213.22639999999996,48.200806122448974,2.5099938775510253,4.033600000000035,2.5099938775510253,4.033600000000035,2.510614297224524,167.0,True
4-9-18_Schnable_49-491-js262-420_2018-04-11_07-55-51_9989800,3,30.8243,168.246,18.388467346938782,130.41870000000006,0.23304181713930552,229.58129999999994,71.61153265306122,-12.435832653061219,-37.82729999999995,12.435832653061219,37.82729999999995,2.4241968239890355,104.0,True
4-9-18_Schnable_49-491-js262-420_2018-04-11_07-55-51_9989800,4,26.4627,-2.44832,27.701785714285755,3.6204000000000747,0.33757536624210754,356.3795999999999,62.298214285714245,1.2390857142857534,6.06872000000007,1.2390857142857534,6.06872000000007,2.840756374705172,146.0,True
4-9-18_Schnable_49-491-js262-420_2018-04-11_07-55-51_9989800,5,30.2464,154.235,20.07963265306121,134.8671,0.30116805133581886,225.1329,69.92036734693879,-10.16676734693879,-19.36790000000002,10.16676734693879,19.36790000000002,1.8248476353557217,137.0,True
4-9-18_Schnable_49-493-js254-408_2018-04-11_08-00-19_9990000,0,15.5677,129.52,5.207934693877576,128.78689999999995,0.1512969090245385,231.21310000000003,84.79206530612242,-10.359765306122425,-0.7331000000000643,10.359765306122425,0.7331000000000643,0.978400832228004,59.0,True
4-9-18_Schnable_49-493-js254-408_2018-04-11_08-00-19_9990000,1,32.6385,-7.18058,9.127328571428563,-16.5848,0.20296595800335937,16.584800000000012,80.87267142857144,-23.511171428571437,-9.40422000000001,23.511171428571437,9.40422000000001,1.1492385146165602,99.0,True
4-9-18_Schnable_49-493-js254-408_2018-04-11_08-00-19_9990000,2,19.2505,-29.5362,5.412599999999998,151.44780000000003,0.2768900517186399,208.5522,84.5874,-13.837900000000001,-179.01599999999996,13.837900000000001,179.01599999999996,2.214207073758851,124.0,True
4-9-18_Schnable_49-493-js254-408_2018-04-11_08-00-19_9990000,3,13.805,158.421,12.453118367346946,-17.32419999999999,0.2529103500022617,17.324199999999987,77.54688163265305,-1.351881632653054,-175.74519999999998,1.351881632653054,175.74519999999998,1.7658999126389365,128.0,True
4-9-18_Schnable_49-493-js254-408_2018-04-11_08-00-19_9990000,4,27.4543,-39.2459,18.112859183673507,176.31120000000004,0.31806520849682907,183.68879999999996,71.8871408163265,-9.341440816326493,-144.44289999999995,9.341440816326493,144.44289999999995,1.7333667730139632,149.0,True
4-9-18_Schnable_49-493-js254-408_2018-04-11_08-00-19_9990000,5,43.1979,165.31,12.912977551020404,163.30690000000004,0.42979227220119626,196.6931,77.0870224489796,-30.284922448979593,-2.003099999999961,30.284922448979593,2.003099999999961,4.540528179656903,195.0,True
4-9-18_Schnable_49-493-js254-408_2018-04-11_08-00-19_9990000,6,12.2155,-108.801,8.956571428571479,84.7663,0.15267458505713308,275.2337,81.04342857142852,-3.2589285714285214,-166.4327,3.2589285714285214,166.4327,1.1485248258137424,67.0,True
4-9-18_Schnable_49-493-js254-408_2018-04-11_08-00-19_9990000,7,33.8799,-32.0306,12.52072448979591,-5.125799999999998,0.21298772261630647,5.125800000000003,77.47927551020409,-21.35917551020409,26.904799999999994,21.35917551020409,26.904799999999994,2.0875585479253767,113.0,True
4-9-18_Schnable_49-494-js59-2-88_2018-04-11_08-02-32_9990100,0,50.863,-144.477,44.97555918367346,-141.7034,0.27539842232512163,141.7034,45.02444081632654,-5.887440816326539,2.773600000000016,5.887440816326539,2.773600000000016,1.0575211926315056,124.0,True
4-9-18_Schnable_49-494-js59-2-88_2018-04-11_08-02-32_9990100,1,36.9765,-14.3381,40.424834693877564,-21.628800000000012,0.3963278458769524,21.628800000000002,49.575165306122436,3.4483346938775625,-7.290700000000015,3.4483346938775625,7.290700000000015,1.99080221413898,178.0,True
4-9-18_Schnable_49-494-js59-2-88_2018-04-11_08-02-32_9990100,2,30.6397,-5.0218,29.179491836734705,-19.37639999999999,0.4665493117080857,19.3764,60.820508163265295,-1.4602081632652961,-14.354600000000005,1.4602081632652961,14.354600000000005,5.204330987191506,208.0,True
4-9-18_Schnable_49-494-js59-2-88_2018-04-11_08-02-32_9990100,3,41.3521,150.041,35.159289795918355,175.72800000000007,0.41946434878208205,184.27199999999996,54.840710204081645,-6.1928102040816455,25.68700000000007,6.1928102040816455,25.68700000000007,5.726783822307594,178.0,False
4-9-18_Schnable_49-494-js59-2-88_2018-04-11_08-02-32_9990100,4,42.3002,-111.488,29.675389795918377,-121.7957,0.1914179659310113,121.7957,60.32461020408162,-12.62481020408162,-10.307700000000011,12.62481020408162,10.307700000000011,1.2655438956232685,86.0,True
4-9-18_Schnable_49-494-js59-2-88_2018-04-11_08-02-32_9990100,5,27.0761,179.499,24.896681632653056,172.24710000000005,0.570983947532545,187.75289999999995,65.10331836734694,-2.179418367346944,-7.251899999999949,2.179418367346944,7.251899999999949,9.649158134831389,279.0,False
4-9-18_Schnable_49-494-js59-2-88_2018-04-11_08-02-32_9990100,6,22.9097,-8.56031,1.2658224489796055,154.32320000000004,0.23919225869380825,205.67679999999996,88.7341775510204,-21.643877551020395,162.88351,21.643877551020395,162.88351,3.1797893706337113,123.0,True
4-9-18_Schnable_49-494-js59-2-88_2018-04-11_08-02-32_9990100,7,32.2717,-153.673,20.952277551020387,-26.115700000000004,0.4779743011473289,26.115699999999997,69.04772244897961,-11.319422448979616,127.5573,11.319422448979616,127.5573,4.651902609198784,219.0,True
4-9-18_Schnable_49-494-js59-2-88_2018-04-11_08-02-32_9990100,8,47.0447,-15.0351,29.479022448979606,-0.8651999999999873,0.42223630005664436,0.8651999999999999,60.520977551020394,-17.565677551020393,14.169900000000013,17.565677551020393,14.169900000000013,2.9504013267122464,182.0,True
4-9-18_Schnable_49-494-js59-2-88_2018-04-11_08-02-32_9990100,9,31.1788,74.7329,19.514642857142874,84.15600000000006,0.42906993223572965,275.84399999999994,70.48535714285713,-11.664157142857125,9.423100000000062,11.664157142857125,9.423100000000062,5.296584666049742,192.0,True
4-9-18_Schnable_49-494-js59-2-88_2018-04-11_08-02-32_9990100,10,24.0362,-125.7,7.047755102040824,-125.25039999999994,0.17544714877131173,125.25039999999994,82.95224489795918,-16.988444897959177,0.4496000000000606,16.988444897959177,0.4496000000000606,1.4198846036708868,89.0,True
4-9-18_Schnable_49-495-js28-2-48_2018-04-11_08-04-45_9990200,0,49.0296,115.733,49.0017775510204,72.87020000000007,0.20745706697176156,287.12979999999993,40.9982224489796,-0.027822448979598846,-42.862799999999936,0.027822448979598846,42.862799999999936,0.5839245924898003,99.0,True
4-9-18_Schnable_49-495-js28-2-48_2018-04-11_08-04-45_9990200,1,36.2164,77.9689,37.86580000000001,22.294500000000028,0.24762085717059557,337.7055,52.13419999999999,1.649400000000007,-55.67439999999998,1.649400000000007,55.67439999999998,1.491036352369109,112.0,True
4-9-18_Schnable_49-495-js28-2-48_2018-04-11_08-04-45_9990200,2,37.9825,-176.763,45.81493469387755,120.21530000000007,0.32768507254307555,239.78469999999993,44.18506530612245,7.832434693877545,-63.021699999999896,7.832434693877545,63.021699999999896,3.1198278028972584,140.0,True
4-9-18_Schnable_49-495-js28-2-48_2018-04-11_08-04-45_9990200,3,34.419,34.9551,38.18506326530613,-22.06020000000001,0.37514612420926846,22.0602,51.81493673469387,3.76606326530613,-57.01530000000001,3.76606326530613,57.01530000000001,2.1343053815882382,168.0,True
4-9-18_Schnable_49-495-js28-2-48_2018-04-11_08-04-45_9990200,4,38.5209,-172.728,41.93274693877551,126.28930000000003,0.2952244722661335,233.71069999999997,48.06725306122449,3.4118469387755113,-60.982699999999966,3.4118469387755113,60.982699999999966,1.5753710562383565,127.0,True
4-9-18_Schnable_49-495-js28-2-48_2018-04-11_08-04-45_9990200,5,34.1814,38.0794,2.2502673469387986,83.7002,0.09283674248808986,276.2998,87.7497326530612,-31.931132653061198,45.6208,31.931132653061198,45.6208,1.3161151712072015,37.0,True
4-9-18_Schnable_49-495-js28-2-48_2018-04-11_08-04-45_9990200,6,24.7594,100.456,12.586622448979625,18.718799999999874,0.02785816844856755,341.2812000000001,77.41337755102037,-12.172777551020374,-81.73720000000013,12.172777551020374,81.73720000000013,1.1373887214992953,11.0,False
4-9-18_Schnable_49-495-js28-2-48_2018-04-11_08-04-45_9990200,7,39.807,-170.141,35.610473469387756,139.56450000000007,0.3632849440607899,220.43549999999993,54.389526530612244,-4.196526530612246,-50.29449999999997,4.196526530612246,50.29449999999997,,,False
4-9-18_Schnable_49-495-js28-2-48_2018-04-11_08-04-45_9990200,8,39.4853,169.04,35.13159591836732,125.73519999999996,0.323010200216099,234.26480000000004,54.86840408163268,-4.353704081632685,-43.30480000000003,4.353704081632685,43.30480000000003,2.4030441184533102,166.0,True
4-9-18_Schnable_49-495-js28-2-48_2018-04-11_08-04-45_9990200,9,41.1315,33.6107,26.22169999999999,-42.908800000000014,0.38512101278240396,42.90880000000001,63.77830000000001,-14.909800000000011,-76.51950000000002,14.909800000000011,76.51950000000002,1.500388764469793,135.0,True
4-9-18_Schnable_49-495-js28-2-48_2018-04-11_08-04-45_9990200,10,24.7586,-34.8418,18.560616326530607,-67.6087,0.18429743592248254,67.6087,71.4393836734694,-6.197983673469395,-32.76689999999999,6.197983673469395,32.76689999999999,2.0818630673596568,168.0,True
4-9-18_Schnable_49-496-js233-371_2018-04-11_08-06-59_9990300,0,36.6123,-147.538,39.94472857142855,-151.2863,0.2035955364851887,151.2863,50.05527142857145,3.332428571428551,-3.7483000000000004,3.332428571428551,3.7483000000000004,0.7810586370204587,101.0,True
4-9-18_Schnable_49-496-js233-371_2018-04-11_08-06-59_9990300,1,38.4721,55.8421,42.143079591836745,53.257600000000025,0.28089609848906305,306.7424,47.856920408163255,3.6709795918367476,-2.5844999999999914,3.6709795918367476,2.5844999999999914,1.1378714594647144,124.0,True
4-9-18_Schnable_49-496-js233-371_2018-04-11_08-06-59_9990300,2,34.4375,-120.872,39.024861224489804,-124.99280000000002,0.3155327674289604,124.99280000000002,50.975138775510196,4.587361224489804,-4.120800000000031,4.587361224489804,4.120800000000031,1.6285132738126151,141.0,True
4-9-18_Schnable_49-496-js233-371_2018-04-11_08-06-59_9990300,3,55.2944,55.1941,52.01733469387757,56.738699999999994,0.34219638625960375,303.2613,37.98266530612243,-3.277065306122431,1.5446000000000026,3.277065306122431,1.5446000000000026,1.9288229656626914,150.0,True
4-9-18_Schnable_49-496-js233-371_2018-04-11_08-06-59_9990300,4,35.4597,-128.755,42.60196530612245,-123.2752,0.41093572810408563,123.2752,47.39803469387755,7.142265306122454,5.4798000000000116,7.142265306122454,5.4798000000000116,1.978619529396983,179.0,True
4-9-18_Schnable_49-496-js233-371_2018-04-11_08-06-59_9990300,5,29.9592,34.1175,32.137904081632655,36.335199999999986,0.47966603888257014,323.6648,57.862095918367345,2.178704081632656,2.2176999999999794,2.178704081632656,2.2176999999999794,5.894455494293136,232.0,False
4-9-18_Schnable_49-496-js233-371_2018-04-11_08-06-59_9990300,6,40.2053,-98.3235,9.677067346938799,-18.73739999999998,0.3649030398512136,18.737399999999983,80.3229326530612,-30.528232653061202,79.58609999999999,30.528232653061202,79.58609999999999,6.75324075677797,178.0,False
4-9-18_Schnable_49-496-js233-371_2018-04-11_08-06-59_9990300,7,4.07102,-30.5156,34.55499387755104,-101.7036,0.4392357527249523,101.7036,55.44500612244896,30.48397387755104,-71.18799999999999,30.48397387755104,71.18799999999999,5.987056317727796,211.0,False
4-9-18_Schnable_49-497-js243-388_2018-04-11_08-09-13_9990400,0,41.9996,-144.135,43.909842857142856,-135.0882,0.2791380469327061,135.0882,46.090157142857144,1.9102428571428547,9.04679999999999,1.9102428571428547,9.04679999999999,1.2192093623930678,120.0,True
4-9-18_Schnable_49-497-js243-388_2018-04-11_08-09-13_9990400,1,49.1923,9.53067,47.08387755102044,11.334099999999978,0.25003680465087036,348.6659,42.91612244897956,-2.10842244897956,1.8034299999999917,2.10842244897956,1.8034299999999917,1.311568922045401,122.0,True
4-9-18_Schnable_49-497-js243-388_2018-04-11_08-09-13_9990400,2,39.1324,-162.291,40.874651020408095,-164.6922,0.18221749590499753,164.6922,49.125348979591905,1.7422510204080979,-2.401200000000017,1.7422510204080979,2.401200000000017,0.8976595824062834,81.0,True
4-9-18_Schnable_49-497-js243-388_2018-04-11_08-09-13_9990400,3,30.8653,5.4665,19.212685714285712,-132.4232,0.3242111451655214,132.4232,70.78731428571429,-11.65261428571429,-137.8897,11.65261428571429,137.8897,2.35211722336215,148.0,True
4-9-18_Schnable_49-497-js243-388_2018-04-11_08-09-13_9990400,4,31.2419,-154.709,38.43725918367348,7.713000000000022,0.31680527576679685,352.287,51.56274081632652,7.195359183673482,162.42200000000003,7.195359183673482,162.42200000000003,2.724228206179284,158.0,True
4-9-18_Schnable_49-498-js169-241_2018-04-11_08-11-26_9990500,0,57.0962,179.145,61.97798775510205,-178.06059999999997,0.2449669457806728,178.06059999999997,28.022012244897947,4.881787755102046,2.794399999999996,4.881787755102046,2.794399999999996,1.824357438177364,121.0,True
4-9-18_Schnable_49-498-js169-241_2018-04-11_08-11-26_9990500,1,46.3416,33.2802,56.42711224489794,34.84100000000001,0.2909961003712245,325.159,33.57288775510206,10.085512244897942,1.5608000000000004,10.085512244897942,1.5608000000000004,2.8223957661468075,131.0,True
4-9-18_Schnable_49-498-js169-241_2018-04-11_08-11-26_9990500,2,41.845,-173.425,53.8320918367347,-173.2624,0.3247166351296792,173.2624,36.1679081632653,11.987091836734699,0.16259999999999764,11.987091836734699,0.16259999999999764,1.8050921471507226,153.0,True
4-9-18_Schnable_49-498-js169-241_2018-04-11_08-11-26_9990500,3,36.429,24.0325,40.563255102040856,16.186000000000035,0.23893206308668416,343.81399999999996,49.436744897959144,4.134255102040854,-7.846499999999963,4.134255102040854,7.846499999999963,1.0883485457342121,95.0,True
4-9-18_Schnable_49-498-js169-241_2018-04-11_08-11-26_9990500,4,22.4032,7.32724,16.616159183673503,1.1988999999999805,0.23131153234997875,358.8011,73.3838408163265,-5.7870408163264955,-6.128340000000009,5.7870408163264955,6.128340000000009,1.4883958214168662,106.0,True
4-9-18_Schnable_49-498-js169-241_2018-04-11_08-11-26_9990500,5,15.5327,-135.855,0.6878428571428543,-112.34199999999998,0.1786951878299596,112.34199999999998,89.31215714285715,-14.844857142857146,23.513000000000005,14.844857142857146,23.513000000000005,2.2551720463986875,91.0,True
4-9-18_Schnable_49-500-js234-375_2018-04-11_08-15-54_9990700,0,29.6294,-10.2711,28.480036734693883,-15.432999999999993,0.17216777078951728,15.432999999999993,61.51996326530612,-1.1493632653061177,-5.161900000000003,1.1493632653061177,5.161900000000003,0.8165474688212514,83.0,True
4-9-18_Schnable_49-500-js234-375_2018-04-11_08-15-54_9990700,1,29.0392,109.27,25.558363265306127,111.36629999999997,0.18882656348335464,248.63370000000003,64.44163673469387,-3.480836734693874,2.096299999999985,3.480836734693874,2.096299999999985,0.9622489580712781,74.0,True
4-9-18_Schnable_49-500-js234-375_2018-04-11_08-15-54_9990700,2,34.76,-52.6038,14.474065306122455,-35.62810000000002,0.26952402800752023,35.62810000000001,75.52593469387755,-20.285934693877543,16.97569999999999,20.285934693877543,16.97569999999999,3.8911379256117944,133.0,True
4-9-18_Schnable_49-500-js234-375_2018-04-11_08-15-54_9990700,3,44.147,151.647,33.752126530612216,141.61860000000001,0.27036716106919517,218.38139999999999,56.247873469387784,-10.394873469387782,-10.028399999999976,10.394873469387782,10.028399999999976,1.5660907572796539,127.0,True
4-9-18_Schnable_49-500-js234-375_2018-04-11_08-15-54_9990700,4,32.8072,118.795,14.254981632653084,-36.69749999999996,0.21361547402428793,36.69749999999996,75.74501836734692,-18.552218367346917,-155.49249999999995,18.552218367346917,155.49249999999995,1.7276991931057348,115.0,True
4-9-18_Schnable_49-500-js234-375_2018-04-11_08-15-54_9990700,5,24.1183,-46.2487,26.690465306122512,117.57820000000004,0.2682136049702942,242.42179999999996,63.30953469387749,2.5721653061225105,163.82690000000002,2.5721653061225105,163.82690000000002,1.4943387325243853,111.0,True
4-9-18_Schnable_49-501-js196-305_2018-04-11_08-18-10_9990800,0,26.335,-80.2051,14.135036734693912,-63.23170000000002,0.1870830631061385,63.231700000000025,75.86496326530609,-12.199963265306089,16.97339999999997,12.199963265306089,16.97339999999997,4.502127678399515,94.0,True
4-9-18_Schnable_49-501-js196-305_2018-04-11_08-18-10_9990800,1,38.0589,-11.9709,33.6197448979592,-19.1173,0.2524420857438311,19.1173,56.3802551020408,-4.4391551020408,-7.1464,4.4391551020408,7.1464,1.8910129202375976,122.0,True
4-9-18_Schnable_49-501-js196-305_2018-04-11_08-18-10_9990800,2,36.3828,19.1809,1.4455816326530595,40.21090000000015,0.06256217946433855,319.78909999999985,88.55441836734694,-34.937218367346944,21.030000000000143,34.937218367346944,21.030000000000143,1.2878708166369977,30.0,True
4-9-18_Schnable_49-501-js196-305_2018-04-11_08-18-10_9990800,3,8.39744,-168.416,6.10091224489797,-157.5372,0.2851165430443409,157.5372,83.89908775510203,-2.29652775510203,10.878799999999984,2.29652775510203,10.878799999999984,3.2998635569324497,133.0,True
4-9-18_Schnable_49-501-js196-305_2018-04-11_08-18-10_9990800,4,34.347,-4.03791,34.637818367346924,8.343400000000031,0.3779706803180727,351.65659999999997,55.362181632653076,0.29081836734692246,12.381310000000042,0.29081836734692246,12.381310000000042,3.4992223623754612,172.0,True
4-9-18_Schnable_49-501-js196-305_2018-04-11_08-18-10_9990800,5,26.263,-7.84616,17.636130612244912,6.050100000000043,0.475376503102467,353.94989999999996,72.36386938775509,-8.62686938775509,13.89626000000004,8.62686938775509,13.89626000000004,11.982302819422564,232.0,False
4-9-18_Schnable_49-501-js196-305_2018-04-11_08-18-10_9990800,6,17.2718,-13.6455,0.12932244897959322,31.89510000000189,0.18504436689414416,328.1048999999981,89.8706775510204,-17.142477551020406,45.54060000000189,17.142477551020406,45.54060000000189,2.5162865421511076,93.0,True
4-9-18_Schnable_49-501-js196-305_2018-04-11_08-18-10_9990800,7,43.7782,26.2747,4.231112244897943,121.83330000000007,0.39761047635739494,238.16669999999993,85.76888775510206,-39.547087755102055,95.55860000000007,39.547087755102055,95.55860000000007,3.2798091605172495,195.0,True
4-9-18_Schnable_49-501-js196-305_2018-04-11_08-18-10_9990800,8,55.3562,94.1375,47.86508163265304,151.1012,0.17896237956112995,208.8988,42.13491836734696,-7.491118367346964,56.96370000000002,7.491118367346964,56.96370000000002,1.1031582032428264,94.0,True
4-9-18_Schnable_49-501-js196-305_2018-04-11_08-18-10_9990800,9,47.8788,149.591,45.36557346938786,132.11599999999999,0.18021085314618082,227.884,44.63442653061214,-2.513226530612137,-17.475000000000023,2.513226530612137,17.475000000000023,2.0089198719355177,92.0,True
4-9-18_Schnable_49-502-js8-16_2018-04-11_08-20-23_9990900,0,33.6175,-6.74354,35.47598367346937,-18.556899999999985,0.3327056990434811,18.5569,54.52401632653063,1.8584836734693724,-11.813359999999989,1.8584836734693724,11.813359999999989,2.2294791011794532,158.0,True
4-9-18_Schnable_49-502-js8-16_2018-04-11_08-20-23_9990900,1,37.3428,-165.764,45.27191020408163,-163.0726,0.36446227549192983,163.0726,44.72808979591837,7.929110204081631,2.691400000000016,7.929110204081631,2.691400000000016,2.798475502595069,167.0,True
4-9-18_Schnable_49-502-js8-16_2018-04-11_08-20-23_9990900,2,28.4147,8.33557,38.95785714285713,-5.954199999999986,0.46834654683370125,5.954199999999999,51.04214285714287,10.54315714285713,-14.289769999999976,10.54315714285713,14.289769999999976,2.350059479760689,220.0,True
4-9-18_Schnable_49-502-js8-16_2018-04-11_08-20-23_9990900,3,36.0154,-163.338,39.51865714285715,-152.8664,0.4716742843026047,152.8664,50.48134285714285,3.5032571428571515,10.471599999999995,3.5032571428571515,10.471599999999995,3.5811884568227725,218.0,True
4-9-18_Schnable_49-502-js8-16_2018-04-11_08-20-23_9990900,4,21.5849,24.9969,24.326026530612225,-13.813500000000005,0.5932306574424354,13.813499999999998,65.67397346938778,2.741126530612224,-38.810400000000016,2.741126530612224,38.810400000000016,3.409868813063293,285.0,True
4-9-18_Schnable_49-502-js8-16_2018-04-11_08-20-23_9990900,5,39.614,22.6872,27.61469387755102,-157.2926,0.5165475475574507,157.2926,62.38530612244898,-11.999306122448978,-179.97979999999998,11.999306122448978,179.97979999999998,2.1606584836194545,218.0,True
4-9-18_Schnable_49-502-js8-16_2018-04-11_08-20-23_9990900,6,58.011,-159.172,22.614473469387775,13.740000000000009,0.38073916771715877,346.26,67.38552653061222,-35.39652653061223,172.91200000000003,35.39652653061223,172.91200000000003,5.578956894569647,174.0,False
4-9-18_Schnable_49-503-js261-419_2018-04-11_08-22-36_9991000,0,31.7209,32.6271,23.992565306122444,39.794800000000066,0.14884383783600127,320.20519999999993,66.00743469387756,-7.728334693877557,7.167700000000082,7.728334693877557,7.167700000000082,1.3185741240475537,64.0,True
4-9-18_Schnable_49-503-js261-419_2018-04-11_08-22-36_9991000,1,28.0315,163.036,26.091781632653074,160.01230000000004,0.2519449061659577,199.98769999999996,63.908218367346926,-1.9397183673469272,-3.0236999999999625,1.9397183673469272,3.0236999999999625,1.0469743087425805,116.0,True
4-9-18_Schnable_49-503-js261-419_2018-04-11_08-22-36_9991000,2,25.1318,-12.3906,25.285446938775493,-12.733699999999999,0.36510230185608533,12.733700000000002,64.7145530612245,0.15364693877549485,-0.34309999999999263,0.15364693877549485,0.34309999999999263,2.757562607923072,172.0,True
4-9-18_Schnable_49-503-js261-419_2018-04-11_08-22-36_9991000,3,25.2213,167.262,22.552938775510214,156.8834,0.3408841710555319,203.1166,67.44706122448979,-2.668361224489786,-10.378600000000006,2.668361224489786,10.378600000000006,2.391329833097842,153.0,True
4-9-18_Schnable_49-503-js261-419_2018-04-11_08-22-36_9991000,4,26.1009,6.12729,20.639122448979606,-13.79249999999999,0.44786841201203387,13.7925,69.3608775510204,-5.461777551020393,-19.919789999999978,5.461777551020393,19.919789999999978,4.193393976341303,203.0,True
4-9-18_Schnable_49-503-js261-419_2018-04-11_08-22-36_9991000,5,23.3619,-158.028,14.434973469387785,-165.95489999999998,0.3621676264997819,165.95489999999998,75.56502653061222,-8.926926530612214,-7.926899999999989,8.926926530612214,7.926899999999989,3.2034193262208173,183.0,True
4-9-18_Schnable_49-503-js261-419_2018-04-11_08-22-36_9991000,6,16.4084,-28.5139,7.981569387755101,-80.12410000000001,0.23294526473553728,80.12410000000001,82.0184306122449,-8.426830612244899,-51.61020000000002,8.426830612244899,51.61020000000002,1.8397044270034306,121.0,True
4-9-18_Schnable_49-505-js54-83_2018-04-11_08-27-04_9991200,0,35.8846,168.734,14.147683673469402,0.5743999999999971,0.0833669827038219,179.4256,75.8523163265306,-21.736916326530597,-168.1596,21.736916326530597,168.1596,0.7809037199381863,37.0,True
4-9-18_Schnable_49-505-js54-83_2018-04-11_08-27-04_9991200,1,34.9878,-14.2856,8.871124489795918,-13.091999999999985,0.08148473338867457,193.092,81.12887551020408,-26.116675510204082,1.1936000000000035,26.116675510204082,1.1936000000000035,0.646432642973192,35.0,True
4-9-18_Schnable_49-505-js54-83_2018-04-11_08-27-04_9991200,2,34.8843,-28.5737,20.6478775510204,-12.615800000000036,0.22264148568250028,192.61579999999998,69.3521224489796,-14.236422448979603,15.957899999999967,14.236422448979603,15.957899999999967,1.3699544386606537,96.0,True
4-9-18_Schnable_49-505-js54-83_2018-04-11_08-27-04_9991200,3,34.317,160.25,21.447969387755094,161.01819999999998,0.2935790460690981,18.981799999999996,68.5520306122449,-12.869030612244906,0.7681999999999789,12.869030612244906,0.7681999999999789,1.8842925842659155,146.0,True
4-9-18_Schnable_49-506-js58-87_2018-04-11_08-29-17_9991300,0,65.3471,142.056,58.19112040816326,144.7944,0.2516459894842766,215.2056,31.808879591836746,-7.15597959183674,2.7383999999999844,7.15597959183674,2.7383999999999844,1.3051139834857186,112.0,True
4-9-18_Schnable_49-506-js58-87_2018-04-11_08-29-17_9991300,1,31.2986,-63.3733,1.439026530612253,-55.827300000000605,0.09119431903342057,55.827300000000605,88.56097346938775,-29.859573469387747,7.545999999999395,29.859573469387747,7.545999999999395,1.5030246050010132,40.0,True
4-9-18_Schnable_49-506-js58-87_2018-04-11_08-29-17_9991300,2,51.2274,166.253,51.6689714285714,140.94140000000004,0.44499558661464983,219.05859999999998,38.3310285714286,0.4415714285714003,-25.31159999999994,0.4415714285714003,25.31159999999994,4.567537446649363,215.0,True
4-9-18_Schnable_49-506-js58-87_2018-04-11_08-29-17_9991300,3,6.50861,61.655,20.655148979591843,-83.4618,0.5828885596107335,83.4618,69.34485102040816,14.146538979591842,-145.1168,14.146538979591842,145.1168,12.945623341031846,269.0,False
4-9-18_Schnable_49-506-js58-87_2018-04-11_08-29-17_9991300,4,47.2557,161.841,45.44862040816326,148.20000000000005,0.5464595122119554,211.79999999999998,44.55137959183674,-1.8070795918367395,-13.640999999999963,1.8070795918367395,13.640999999999963,6.686650638615338,247.0,False
4-9-18_Schnable_49-506-js58-87_2018-04-11_08-29-17_9991300,5,44.6012,-144.991,28.069867346938842,-161.7236,0.14242172083230628,161.7236,61.93013265306116,-16.531332653061156,-16.73259999999999,16.531332653061156,16.73259999999999,1.3372559820210828,73.0,True
4-9-18_Schnable_49-506-js58-87_2018-04-11_08-29-17_9991300,6,51.3327,146.77,35.36814285714283,146.91340000000002,0.4018391787232314,213.08659999999998,54.63185714285717,-15.964557142857174,0.14340000000001396,15.964557142857174,0.14340000000001396,6.638993304821837,186.0,False
4-9-18_Schnable_49-506-js58-87_2018-04-11_08-29-17_9991300,7,2.37067,-107.223,0.7262387755101969,24.08639999999997,0.3112681531667874,335.91360000000003,89.2737612244898,-1.6444312244898032,131.30939999999998,1.6444312244898032,131.30939999999998,2.8587630737243677,130.0,True
4-9-18_Schnable_49-506-js58-87_2018-04-11_08-29-17_9991300,8,44.759,63.9293,34.86340408163289,51.13319999999999,0.15520318382219442,308.8668,55.13659591836711,-9.895595918367107,-12.796100000000024,9.895595918367107,12.796100000000024,3.0612115722316946,81.0,True
4-9-18_Schnable_49-506-js58-87_2018-04-11_08-29-17_9991300,9,45.4687,30.1476,26.609608163265293,15.612100000000055,0.10462980179715992,344.38789999999995,63.39039183673471,-18.859091836734706,-14.535499999999956,18.859091836734706,14.535499999999956,0.9576953121248164,57.0,True
4-9-18_Schnable_49-507-js72-102_2018-04-11_08-31-31_9991400,0,30.4701,127.167,36.46332653061223,131.47430000000003,0.3300929501344352,228.52569999999997,53.53667346938777,5.99322653061223,4.307300000000026,5.99322653061223,4.307300000000026,2.0311353621197172,147.0,True
4-9-18_Schnable_49-507-js72-102_2018-04-11_08-31-31_9991400,1,28.9147,-136.216,36.81708979591835,-120.31879999999998,0.3805141050446387,120.31879999999998,53.18291020408165,7.902389795918349,15.897200000000026,7.902389795918349,15.897200000000026,3.164439294396587,172.0,True
4-9-18_Schnable_49-507-js72-102_2018-04-11_08-31-31_9991400,2,33.9174,66.9225,41.19431632653062,79.1968,0.4560526915576055,280.8032,48.80568367346938,7.276916326530618,12.274299999999982,7.276916326530618,12.274299999999982,1.9708106966569297,201.0,True
4-9-18_Schnable_49-507-js72-102_2018-04-11_08-31-31_9991400,3,25.7686,-130.049,32.79444285714283,-115.3978,0.5377645775467198,115.3978,57.20555714285717,7.025842857142834,14.651200000000017,7.025842857142834,14.651200000000017,4.2618327882558935,230.0,True
4-9-18_Schnable_49-507-js72-102_2018-04-11_08-31-31_9991400,4,26.8893,80.6903,26.42463673469389,70.52910000000008,0.4740735824914344,289.4708999999999,63.57536326530611,-0.4646632653061076,-10.161199999999894,0.4646632653061076,10.161199999999894,2.5790159713042864,229.0,True
4-9-18_Schnable_49-507-js72-102_2018-04-11_08-31-31_9991400,5,33.7319,-98.1146,23.70696326530613,-117.6212,0.5544645434525598,117.6212,66.29303673469387,-10.024936734693874,-19.50659999999999,10.024936734693874,19.50659999999999,4.449264959139524,236.0,True
4-9-18_Schnable_49-507-js72-102_2018-04-11_08-31-31_9991400,6,18.6026,59.2808,17.507140816326512,62.21950000000004,0.5474343939640998,297.78049999999996,72.49285918367349,-1.095459183673487,2.93870000000004,1.095459183673487,2.93870000000004,4.55774326381529,283.0,True
4-9-18_Schnable_49-507-js72-102_2018-04-11_08-31-31_9991400,7,16.6538,-114.045,10.914395918367362,-110.3373,0.3734628272407174,110.3373,79.08560408163264,-5.739404081632639,3.7076999999999884,5.739404081632639,3.7076999999999884,3.2083896360353545,185.0,True
4-9-18_Schnable_49-507-js72-102_2018-04-11_08-31-31_9991400,8,1.8251,26.8162,0.48694285714285,126.65719999999965,0.2258849278549473,233.34280000000032,89.51305714285715,-1.33815714285715,99.84099999999967,1.33815714285715,99.84099999999967,2.5178798207078144,118.0,True
4-9-18_Schnable_49-508-js75-107_2018-04-11_08-33-45_9991500,0,48.4698,-51.1844,17.12038367346939,-61.786699999999996,0.27200839353085204,61.7867,72.87961632653061,-31.34941632653061,-10.602300000000014,31.34941632653061,10.602300000000014,8.01466283066485,142.0,False
4-9-18_Schnable_49-508-js75-107_2018-04-11_08-33-45_9991500,1,116.323,3.63369,94.07311020408163,4.065200000000004,0.22276446954176699,355.9348,-4.073110204081635,-22.249889795918364,0.43151000000000295,22.249889795918364,0.43151000000000295,4.973270337541555,103.0,True
4-9-18_Schnable_49-508-js75-107_2018-04-11_08-33-45_9991500,2,50.1814,-34.9258,39.60674081632653,-45.83000000000001,0.2544117889985563,45.83000000000001,50.39325918367347,-10.574659183673468,-10.904200000000003,10.574659183673468,10.904200000000003,4.493556169265673,126.0,True
4-9-18_Schnable_49-508-js75-107_2018-04-11_08-33-45_9991500,3,91.6877,3.69078,56.10376734693877,-2.0782000000000096,0.3082719596403802,2.0782,33.89623265306123,-35.58393265306124,-5.768979999999999,35.58393265306124,5.768979999999999,3.5163919245507533,151.0,True
4-9-18_Schnable_49-508-js75-107_2018-04-11_08-33-45_9991500,4,70.3079,-4.21991,94.59406530612253,9.391900000000021,0.3927036729931469,350.6081,-4.594065306122523,24.286165306122527,13.61181000000002,24.286165306122527,13.61181000000002,3.58897032470169,184.0,True
4-9-18_Schnable_49-509-js241-386_2018-04-11_08-35-58_9991600,0,22.593,127.676,29.9499081632653,117.0865,0.30255814030488337,242.9135,60.0500918367347,7.356908163265299,-10.589499999999987,7.356908163265299,10.589499999999987,1.4627475742231575,145.0,True
4-9-18_Schnable_49-509-js241-386_2018-04-11_08-35-58_9991600,1,25.8803,-93.3444,36.004506122448994,-95.1928,0.3147942677461114,95.1928,53.995493877551006,10.124206122448996,-1.8484000000000265,10.124206122448996,1.8484000000000265,1.7890989188402786,142.0,True
4-9-18_Schnable_49-509-js241-386_2018-04-11_08-35-58_9991600,2,33.7741,-82.856,26.46458367346939,-100.1888,0.27616785934877597,100.1888,63.53541632653061,-7.309516326530606,-17.33280000000002,7.309516326530606,17.33280000000002,3.233595442731451,130.0,True
4-9-18_Schnable_49-509-js241-386_2018-04-11_08-35-58_9991600,3,29.7531,105.665,28.550267346938817,118.74420000000003,0.37800980752568947,241.25579999999997,61.44973265306118,-1.2028326530611828,13.079200000000014,1.2028326530611828,13.079200000000014,3.5504757704347285,161.0,True
4-9-18_Schnable_49-509-js241-386_2018-04-11_08-35-58_9991600,4,25.7339,124.252,15.586720408163274,-65.4957,0.40929744964415965,65.4957,74.41327959183673,-10.147179591836725,170.2523,10.147179591836725,170.2523,3.563015329623296,197.0,True
4-9-18_Schnable_49-509-js241-386_2018-04-11_08-35-58_9991600,5,9.31167,-64.9897,14.355442857142862,111.7586,0.4116827511407636,248.24139999999997,75.64455714285714,5.043772857142862,176.74829999999997,5.043772857142862,176.74829999999997,4.398879832819856,197.0,True
4-9-18_Schnable_49-510-js100-144_2018-04-11_08-38-12_9991700,0,27.3989,67.4256,20.186467346938784,62.97810000000004,0.14543796550328275,297.02189999999996,69.81353265306122,-7.212432653061217,-4.4474999999999625,7.212432653061217,4.4474999999999625,0.8439758201364213,68.0,True
4-9-18_Schnable_49-510-js100-144_2018-04-11_08-38-12_9991700,1,29.2587,112.734,25.892267346938766,127.88300000000004,0.3510726176532418,232.11699999999993,64.10773265306123,-3.366432653061235,15.149000000000058,3.366432653061235,15.149000000000058,5.555750744104669,157.0,False
4-9-18_Schnable_49-510-js100-144_2018-04-11_08-38-12_9991700,2,45.1507,-30.2521,35.419963265306095,-4.295999999999992,0.22998041980966252,4.295999999999999,54.580036734693905,-9.730736734693906,25.956099999999992,9.730736734693906,25.956099999999992,2.190012828320957,98.0,True
4-9-18_Schnable_49-510-js100-144_2018-04-11_08-38-12_9991700,3,23.4278,37.0818,9.94450000000002,36.383899999999926,0.11554373750553422,323.6161000000001,80.05549999999998,-13.483299999999982,-0.697900000000061,13.483299999999982,0.697900000000061,1.779856954761729,48.0,True
4-9-18_Schnable_49-510-js100-144_2018-04-11_08-38-12_9991700,4,33.8837,-45.6993,25.331008163265324,-46.56139999999999,0.2966660235282104,46.56139999999999,64.66899183673468,-8.552691836734674,-0.8620999999999981,8.552691836734674,0.8620999999999981,1.365380789290907,130.0,True
4-9-18_Schnable_49-510-js100-144_2018-04-11_08-38-12_9991700,5,22.901,98.4864,0.40701836734693586,119.92719999999974,0.31947151646047983,240.07280000000026,89.59298163265306,-22.493981632653064,21.44079999999974,22.493981632653064,21.44079999999974,3.2137993294054485,167.0,True
4-9-18_Schnable_49-510-js100-144_2018-04-11_08-38-12_9991700,6,6.53243,-17.3012,28.215559183673484,128.0996,0.46501222974266426,231.90039999999996,61.784440816326516,21.683129183673486,145.4008,21.683129183673486,145.4008,3.332528262117731,202.0,True
4-9-18_Schnable_49-511-js26-45_2018-04-11_08-40-25_9991800,0,7.29116,-4.26292,83.37755102040825,-2.0598999999999705,0.1814622056911201,182.0599,6.622448979591752,76.08639102040824,2.2030200000000377,76.08639102040824,2.2030200000000377,4.270035279957274,105.0,True
4-9-18_Schnable_49-511-js26-45_2018-04-11_08-40-25_9991800,1,35.6779,-138.065,39.22876326530613,176.6755,0.3824103011528027,3.3245,50.77123673469387,3.550863265306127,-45.2595,3.550863265306127,45.2595,4.988867437817337,184.0,True
4-9-18_Schnable_49-511-js26-45_2018-04-11_08-40-25_9991800,2,35.703,21.6264,93.67376122448974,175.33029999999997,0.38985385051230687,4.6697,-3.673761224489733,57.970761224489735,153.70389999999998,57.970761224489735,153.70389999999998,6.702057212594002,188.0,False
4-9-18_Schnable_49-511-js26-45_2018-04-11_08-40-25_9991800,3,35.2158,-134.43,91.50894285714277,174.4189,0.3108669116507521,5.5811,-1.508942857142764,56.29314285714277,-51.151099999999985,56.29314285714277,51.151099999999985,3.1962138129052917,137.0,True
4-9-18_Schnable_49-511-js26-45_2018-04-11_08-40-25_9991800,4,31.5865,-146.637,91.9058102040817,154.4178,0.21363473642441191,25.5822,-1.905810204081709,60.3193102040817,-58.9452,60.3193102040817,58.9452,3.5796913072603713,94.0,True
4-9-18_Schnable_49-511-js26-45_2018-04-11_08-40-25_9991800,5,26.2517,52.0157,56.32202653061227,169.22040000000004,0.28308973659218706,10.7796,33.67797346938773,30.07032653061227,117.2047,30.07032653061227,117.2047,2.946007724225999,134.0,True
4-9-18_Schnable_49-512-js271-27_2018-04-11_08-42-39_9991900,0,25.4932,-174.838,23.338977551020406,-171.73970000000003,0.29622842864551663,171.73970000000003,66.6610224489796,-2.1542224489795956,3.0982999999999663,2.1542224489795956,3.0982999999999663,1.5976878969965844,130.0,True
4-9-18_Schnable_49-512-js271-27_2018-04-11_08-42-39_9991900,1,22.4706,38.5649,22.86242857142858,22.13299999999998,0.35684020097308883,337.867,67.13757142857142,0.3918285714285794,-16.431900000000013,0.3918285714285794,16.431900000000013,2.154612412269573,169.0,True
4-9-18_Schnable_49-512-js271-27_2018-04-11_08-42-39_9991900,2,16.7801,29.1997,6.556326530612253,36.188999999999965,0.188663831115898,323.81100000000004,83.44367346938775,-10.223773469387748,6.989299999999957,10.223773469387748,6.989299999999957,1.8910279319933807,94.0,True
4-9-18_Schnable_49-512-js271-27_2018-04-11_08-42-39_9991900,3,20.9432,-163.507,0.3926265306122474,-137.4426999999991,0.1099406254757347,137.4426999999991,89.60737346938775,-20.550573469387754,26.064300000000912,20.550573469387754,26.064300000000912,1.138230142505846,58.0,True
4-9-18_Schnable_49-513-js151-218_2018-04-11_08-44-52_9992000,0,31.6343,23.8732,27.370038775510224,23.447099999999978,0.2643012585205674,336.5529,62.629961224489776,-4.2642612244897755,-0.42610000000001946,4.2642612244897755,0.42610000000001946,3.474689031211023,124.0,True
4-9-18_Schnable_49-513-js151-218_2018-04-11_08-44-52_9992000,1,20.255,-139.538,19.58841020408164,-141.3201,0.346257766559386,141.3201,70.41158979591836,-0.6665897959183589,-1.7820999999999856,0.6665897959183589,1.7820999999999856,2.733761955810187,155.0,True
4-9-18_Schnable_49-513-js151-218_2018-04-11_08-44-52_9992000,2,18.1118,13.6562,16.90852244897961,-6.174499999999995,0.377770561155234,6.1745000000000045,73.09147755102039,-1.2032775510203884,-19.83069999999998,1.2032775510203884,19.83069999999998,5.966824737386534,176.0,False
4-9-18_Schnable_49-513-js151-218_2018-04-11_08-44-52_9992000,3,14.6897,-107.99,14.068997959183704,-153.0999,0.38498620171246245,153.0999,75.9310020408163,-0.6207020408162958,-45.10989999999998,0.6207020408162958,45.10989999999998,8.514573355296317,179.0,False
4-9-18_Schnable_49-513-js151-218_2018-04-11_08-44-52_9992000,4,19.2025,28.7711,14.710683673469376,-16.419299999999993,0.43090806504229845,16.419300000000003,75.28931632653062,-4.491816326530625,-45.19040000000001,4.491816326530625,45.19040000000001,3.491627053820525,210.0,True
4-9-18_Schnable_49-513-js151-218_2018-04-11_08-44-52_9992000,5,27.5626,-68.6493,1.9623489795918516,-64.71069999999982,0.11847937410075335,64.71069999999982,88.03765102040815,-25.600251020408148,3.9386000000001786,25.600251020408148,3.9386000000001786,1.507478217273365,57.0,True
4-9-18_Schnable_49-513-js151-218_2018-04-11_08-44-52_9992000,6,32.4566,-149.738,4.930293877551023,-49.457700000000045,0.25619179062794434,49.457700000000045,85.06970612244898,-27.52630612244898,100.28029999999995,27.52630612244898,100.28029999999995,2.2315148536470626,126.0,True
4-9-18_Schnable_49-513-js151-218_2018-04-11_08-44-52_9992000,7,23.746,98.4906,16.842867346938775,-159.75,0.3558484280456906,159.75,73.15713265306123,-6.903132653061224,101.75940000000003,6.903132653061224,101.75940000000003,5.719606186156035,160.0,False
4-9-18_Schnable_49-514-js83-120_2018-04-11_08-47-05_9992100,0,34.3575,154.386,37.026010204081636,153.21950000000004,0.2454480618314708,206.78049999999996,52.973989795918364,2.6685102040816346,-1.1664999999999566,2.6685102040816346,1.1664999999999566,1.4487577698687941,118.0,True
4-9-18_Schnable_49-514-js83-120_2018-04-11_08-47-05_9992100,1,28.1473,-7.33512,31.82993265306122,-21.7432,0.28443348251791023,21.7432,58.17006734693878,3.6826326530612192,-14.408080000000012,3.6826326530612192,14.408080000000012,1.7136133241603069,135.0,True
4-9-18_Schnable_49-514-js83-120_2018-04-11_08-47-05_9992100,2,33.8426,157.708,37.07555918367347,150.3986,0.2590508878659733,209.6014,52.92444081632653,3.232959183673472,-7.309400000000011,3.232959183673472,7.309400000000011,1.3899261778300505,127.0,True
4-9-18_Schnable_49-514-js83-120_2018-04-11_08-47-05_9992100,3,27.8362,-30.1924,0.509479591836751,-146.67440000000022,0.23823095989482118,146.67440000000022,89.49052040816325,-27.32672040816325,-116.48200000000023,27.32672040816325,116.48200000000023,1.9702688877242163,126.0,True
4-9-18_Schnable_49-514-js83-120_2018-04-11_08-47-05_9992100,4,22.4973,169.427,30.168479591836736,-25.17840000000001,0.270485070545135,25.1784,59.831520408163264,7.6711795918367365,165.39459999999997,7.6711795918367365,165.39459999999997,1.732270826647588,129.0,True
4-9-18_Schnable_49-515-js234-375_2018-04-11_08-49-20_9992200,0,61.9147,-8.52158,67.36835714285715,-5.6240999999999985,0.24251370229628028,5.624099999999998,22.631642857142854,5.453657142857146,2.8974800000000016,5.453657142857146,2.8974800000000016,1.0857872246401612,108.0,True
4-9-18_Schnable_49-515-js234-375_2018-04-11_08-49-20_9992200,1,7.58551,-50.9909,3.2188877551020454,-162.39810000000003,0.29562144440747595,162.39810000000003,86.78111224489795,-4.366622244897955,-111.40720000000002,4.366622244897955,111.40720000000002,2.127552458258377,141.0,True
4-9-18_Schnable_49-515-js234-375_2018-04-11_08-49-20_9992200,2,67.6799,-2.22372,59.0415469387755,-13.7046,0.33848003779598534,13.704600000000005,30.9584530612245,-8.638353061224507,-11.480880000000013,8.638353061224507,11.480880000000013,7.116530489015773,156.0,False
4-9-18_Schnable_49-515-js234-375_2018-04-11_08-49-20_9992200,3,3.72867,-172.643,1.5468183673469298,-97.8953,0.37552484216558807,97.8953,88.45318163265307,-2.1818516326530704,74.74770000000001,2.1818516326530704,74.74770000000001,9.11682632260345,178.0,False
4-9-18_Schnable_49-515-js234-375_2018-04-11_08-49-20_9992200,4,73.3506,-22.4278,49.46785918367347,-18.39519999999999,0.47469405447132434,18.395200000000003,40.53214081632653,-23.882740816326532,4.032600000000002,23.882740816326532,4.032600000000002,10.709093994409733,245.0,False
4-9-18_Schnable_49-515-js234-375_2018-04-11_08-49-20_9992200,5,81.2457,-63.8868,33.93535918367343,-43.218199999999996,0.5804302920025696,43.2182,56.06464081632657,-47.31034081632657,20.668599999999998,47.31034081632657,20.668599999999998,15.778875926276593,284.0,False
4-9-18_Schnable_49-515-js234-375_2018-04-11_08-49-20_9992200,6,72.6844,-10.9814,58.98237959183673,-13.932299999999998,0.37728036305280027,13.932299999999998,31.017620408163268,-13.702020408163264,-2.95089999999999,13.702020408163264,2.95089999999999,4.688715589030187,169.0,True
4-9-18_Schnable_49-515-js234-375_2018-04-11_08-49-20_9992200,7,146.418,-158.878,93.40386938775507,160.47540000000004,0.1361553875765633,199.5246,-3.4038693877550696,-53.01413061224494,-40.64659999999998,53.01413061224494,40.64659999999998,2.218606261086001,69.0,True
4-9-18_Schnable_49-515-js234-375_2018-04-11_08-49-20_9992200,8,119.238,166.408,95.21136530612289,-156.3824,0.1001917574104517,156.3824,-5.211365306122892,-24.026634693877114,37.20960000000002,24.026634693877114,37.20960000000002,3.5746017477736065,54.0,True
4-9-18_Schnable_49-515-js234-375_2018-04-11_08-49-20_9992200,9,19.1136,-144.886,3.482646938775531,157.57550000000003,0.25026463762057954,202.42449999999997,86.51735306122447,-15.63095306122447,-57.5385,15.63095306122447,57.5385,6.155221810463006,121.0,False
4-9-18_Schnable_49-515-js234-375_2018-04-11_08-49-20_9992200,10,105.369,-87.9901,95.62244897959229,-86.2684,0.11426937205586063,86.2684,-5.622448979592299,-9.746551020407708,1.7216999999999985,9.746551020407708,1.7216999999999985,2.3521308449736575,51.0,True
4-9-18_Schnable_49-516-js157-226_2018-04-11_08-51-32_9992300,0,41.7594,-177.534,45.075042857142854,-168.0957,0.3274786550409053,168.0957,44.924957142857146,3.315642857142855,9.438299999999998,3.315642857142855,9.438299999999998,1.838576182290789,142.0,True
4-9-18_Schnable_49-516-js157-226_2018-04-11_08-51-32_9992300,1,29.6581,31.0506,32.11743469387753,21.684300000000007,0.38163967677749583,338.3157,57.88256530612247,2.4593346938775262,-9.366299999999995,2.4593346938775262,9.366299999999995,6.029736353557567,185.0,False
4-9-18_Schnable_49-516-js157-226_2018-04-11_08-51-32_9992300,2,33.4908,-153.051,41.4888306122449,-166.1188,0.41173155858333055,166.1188,48.5111693877551,7.9980306122448965,-13.067800000000005,7.9980306122448965,13.067800000000005,4.305422929496751,184.0,True
4-9-18_Schnable_49-516-js157-226_2018-04-11_08-51-32_9992300,3,37.2067,36.8272,28.090838775510186,15.964200000000005,0.42715517972991934,344.0358,61.909161224489814,-9.115861224489812,-20.863,9.115861224489812,20.863,6.9737678555515785,204.0,False
4-9-18_Schnable_49-516-js157-226_2018-04-11_08-51-32_9992300,4,22.3739,-24.7453,41.231351020408184,-8.568299999999994,0.13868402893021065,8.568299999999995,48.768648979591816,18.857451020408185,16.17700000000002,18.857451020408185,16.17700000000002,4.229889904145481,65.0,True
4-9-18_Schnable_49-516-js157-226_2018-04-11_08-51-32_9992300,5,36.1425,-170.615,33.036112244897964,-157.1142,0.49485911766888346,157.1142,56.963887755102036,-3.106387755102034,13.500799999999998,3.106387755102034,13.500799999999998,5.568833903502137,222.0,False
4-9-18_Schnable_49-516-js157-226_2018-04-11_08-51-32_9992300,6,25.5603,-32.1331,23.848738775510213,-27.74290000000002,0.4164297163591898,27.74290000000001,66.15126122448979,-1.7115612244897882,4.390199999999993,1.7115612244897882,4.390199999999993,6.780763154368069,188.0,False
4-9-18_Schnable_49-516-js157-226_2018-04-11_08-51-32_9992300,7,18.9085,119.372,1.134863265306123,-16.357600000000048,0.1387855485267473,16.35760000000006,88.86513673469388,-17.773636734693877,-135.72960000000006,17.773636734693877,135.72960000000006,1.6476191665826792,68.0,True
4-9-18_Schnable_49-516-js157-226_2018-04-11_08-51-32_9992300,8,24.7245,-132.469,22.19736122448984,-120.19630000000001,0.4109363206642145,120.19630000000001,67.80263877551016,-2.52713877551016,12.272699999999986,2.52713877551016,12.272699999999986,2.4783102124047036,189.0,True
4-9-18_Schnable_49-516-js157-226_2018-04-11_08-51-32_9992300,9,43.1386,14.7023,19.143148979591814,-28.07589999999999,0.2727276565866594,28.075899999999994,70.85685102040819,-23.995451020408183,-42.7782,23.995451020408183,42.7782,1.3912138833838086,129.0,True
4-9-18_Schnable_49-517-js192-301_2018-04-11_08-53-46_9992400,0,38.677,169.851,33.84946326530612,172.3451,0.2006210046216756,187.6549,56.15053673469388,-4.827536734693879,2.494100000000003,4.827536734693879,2.494100000000003,1.7883270213425544,98.0,True
4-9-18_Schnable_49-517-js192-301_2018-04-11_08-53-46_9992400,1,22.1509,159.704,25.188483673469406,169.91100000000006,0.25185674642614403,190.08899999999994,64.8115163265306,3.037583673469406,10.20700000000005,3.037583673469406,10.20700000000005,1.7598853665230099,109.0,True
4-9-18_Schnable_49-517-js192-301_2018-04-11_08-53-46_9992400,2,35.2645,168.078,21.966787755102033,177.21270000000004,0.22485832594520744,182.7873,68.03321224489797,-13.297712244897966,9.134700000000038,13.297712244897966,9.134700000000038,1.0868803236912095,102.0,True
4-9-18_Schnable_49-517-js192-301_2018-04-11_08-53-46_9992400,3,43.7967,10.8865,37.93478367346936,21.78660000000002,0.4392732849400404,338.2134,52.06521632653064,-5.86191632653064,10.900100000000009,5.86191632653064,10.900100000000009,4.838289277433567,217.0,True
4-9-18_Schnable_49-517-js192-301_2018-04-11_08-53-46_9992400,4,39.4222,-159.473,35.431697959183715,-171.04709999999997,0.30009875439746087,171.04709999999997,54.568302040816285,-3.9905020408162812,-11.574099999999959,3.9905020408162812,11.574099999999959,2.3647831499068594,154.0,True
4-9-18_Schnable_49-517-js192-301_2018-04-11_08-53-46_9992400,5,49.4247,-111.428,22.635028571428563,133.57100000000003,0.3601616573464107,226.42899999999997,67.36497142857144,-26.789671428571438,-115.00099999999998,26.789671428571438,115.00099999999998,7.129513279885064,165.0,False
4-9-18_Schnable_49-517-js192-301_2018-04-11_08-53-46_9992400,6,36.7694,105.988,29.38385510204079,-107.91829999999999,0.22709361941934686,107.91829999999999,60.61614489795921,-7.385544897959207,146.0937,7.385544897959207,146.0937,1.8741990524799628,98.0,True
4-9-18_Schnable_49-519-js228-360_2018-04-11_08-58-14_9992600,0,13.558,12.3463,23.855222448979603,3.8682999999999765,0.2709297250494865,356.1317,66.1447775510204,10.297222448979603,-8.478000000000009,10.297222448979603,8.478000000000009,1.4638810030879832,127.0,True
4-9-18_Schnable_49-519-js228-360_2018-04-11_08-58-14_9992600,1,16.5441,3.56594,0.7785836734693845,2.9436000000000604,0.11897770144817271,357.05639999999994,89.22141632653062,-15.765516326530616,-0.6223399999999515,15.765516326530616,0.6223399999999515,0.8804928642453934,59.0,True
4-9-18_Schnable_49-519-js228-360_2018-04-11_08-58-14_9992600,2,30.3068,-174.25,21.184895918367403,-175.5413,0.12453504084757563,175.5413,68.8151040816326,-9.121904081632596,-1.2913000000000068,9.121904081632596,1.2913000000000068,0.7635924358270906,56.0,True
4-9-18_Schnable_49-520-js294-413_2018-04-11_09-00-27_9992700,0,31.5658,172.194,31.35054693877553,172.0294,0.44924911806699835,187.97059999999996,58.64945306122447,-0.21525306122446963,-0.16459999999997876,0.21525306122446963,0.16459999999997876,2.168128407760835,197.0,True
4-9-18_Schnable_49-520-js294-413_2018-04-11_09-00-27_9992700,1,15.3836,-15.3429,13.142485714285712,-23.18640000000002,0.4459746448181783,23.18640000000001,76.85751428571429,-2.2411142857142874,-7.843500000000006,2.2411142857142874,7.843500000000006,4.0234038923745175,217.0,True
4-9-18_Schnable_49-520-js294-413_2018-04-11_09-00-27_9992700,2,38.9945,154.122,29.954191836734715,175.84020000000004,0.47586059955854293,184.15979999999996,60.045808163265285,-9.040308163265287,21.718200000000024,9.040308163265287,21.718200000000024,3.7332569817962438,221.0,True
4-9-18_Schnable_49-520-js294-413_2018-04-11_09-00-27_9992700,3,16.6272,-179.053,21.574730612244906,157.17590000000007,0.5857994944233531,202.82409999999996,68.4252693877551,4.947530612244908,-23.771099999999933,4.947530612244908,23.771099999999933,3.9494333994088255,272.0,True
4-9-18_Schnable_49-520-js294-413_2018-04-11_09-00-27_9992700,4,14.0326,17.6781,0.18875510204081536,79.05210000000028,0.21692563133795154,280.9478999999997,89.81124489795918,-13.843844897959185,61.37400000000028,13.843844897959185,61.37400000000028,2.5918588941693037,111.0,True
4-9-18_Schnable_49-520-js294-413_2018-04-11_09-00-27_9992700,5,16.2799,155.752,15.514995918367333,13.10899999999998,0.41674693703941507,346.891,74.48500408163267,-0.7649040816326682,-142.64300000000003,0.7649040816326682,142.64300000000003,5.717841893382413,179.0,False
4-9-18_Schnable_49-521-js76-1-108_2018-04-11_09-02-41_9992800,0,12.6748,-169.705,21.747869387755088,-131.4852,0.30644997328132656,131.4852,68.25213061224491,9.073069387755089,38.21980000000002,9.073069387755089,38.21980000000002,2.4005029369361215,139.0,True
4-9-18_Schnable_49-521-js76-1-108_2018-04-11_09-02-41_9992800,1,30.5957,4.33458,32.69118775510204,12.473600000000033,0.24022769492310947,347.52639999999997,57.30881224489796,2.0954877551020417,8.139020000000045,2.0954877551020417,8.139020000000045,1.5756815377228321,117.0,True
4-9-18_Schnable_49-521-js76-1-108_2018-04-11_09-02-41_9992800,2,24.6342,0.0914142,9.754693877551048,6.921600000000069,0.09727240848438608,353.07839999999993,80.24530612244895,-14.879506122448952,6.830185800000066,14.879506122448952,6.830185800000066,0.6242603866904659,46.0,True
4-9-18_Schnable_49-521-js76-1-108_2018-04-11_09-02-41_9992800,3,20.6095,-170.72,17.98807142857143,-171.6137,0.23927168200102264,171.6137,72.01192857142857,-2.62142857142857,-0.8936999999999955,2.62142857142857,0.8936999999999955,1.5770374460197238,113.0,True
4-9-18_Schnable_49-521-js76-1-108_2018-04-11_09-02-41_9992800,4,30.4827,-4.94807,24.121836734693886,-16.4555,0.32929735131356275,16.4555,65.87816326530611,-6.360863265306115,-11.50743,6.360863265306115,11.50743,3.4674746908866982,153.0,True
4-9-18_Schnable_49-521-js76-1-108_2018-04-11_09-02-41_9992800,5,18.6708,-136.384,9.266936734693871,-128.59380000000002,0.22494061210464658,128.59380000000002,80.73306326530613,-9.403863265306128,7.79019999999997,9.403863265306128,7.79019999999997,2.1162519486834985,118.0,True
4-9-18_Schnable_49-522-js269-428_2018-04-11_09-04-56_9992900,0,19.8767,37.5168,14.151355102040824,24.633899999999983,0.24311212623031198,335.3661,75.84864489795918,-5.725344897959175,-12.882900000000006,5.725344897959175,12.882900000000006,4.179679618488162,114.0,True
4-9-18_Schnable_49-522-js269-428_2018-04-11_09-04-56_9992900,1,23.6255,-172.964,28.912375510204072,179.90990000000005,0.2813743454381168,180.09009999999995,61.08762448979593,5.286875510204073,-7.126099999999951,5.286875510204073,7.126099999999951,1.8827182644769926,139.0,True
4-9-18_Schnable_49-522-js269-428_2018-04-11_09-04-56_9992900,2,40.6387,-22.4827,26.973808163265296,-21.57679999999999,0.11986837164359283,21.57679999999999,63.026191836734704,-13.664891836734704,0.9059000000000026,13.664891836734704,0.9059000000000026,0.4981645298792035,51.0,True
4-9-18_Schnable_49-522-js269-428_2018-04-11_09-04-56_9992900,3,23.0587,179.925,22.474004081632657,169.9576,0.21321586439402632,190.0424,67.52599591836734,-0.5846959183673448,-9.967399999999998,0.5846959183673448,9.967399999999998,1.1851922670861743,107.0,True
4-9-18_Schnable_49-522-js269-428_2018-04-11_09-04-56_9992900,4,25.1934,156.068,17.936159183673496,147.00490000000002,0.35191576668206237,212.9951,72.0638408163265,-7.2572408163265045,-9.063099999999991,7.2572408163265045,9.063099999999991,3.793502062843352,160.0,True
4-9-18_Schnable_49-522-js269-428_2018-04-11_09-04-56_9992900,5,31.4633,1.76255,29.53132040816334,9.529400000000066,0.23822641054688232,350.47059999999993,60.46867959183666,-1.9319795918366616,7.766850000000062,1.9319795918366616,7.766850000000062,1.8249840267691726,103.0,True
4-9-18_Schnable_49-522-js269-428_2018-04-11_09-04-56_9992900,6,13.4542,-14.7299,11.801002040816357,-2.072800000000001,0.22131910726167983,2.0728,78.19899795918364,-1.6531979591836432,12.657100000000014,1.6531979591836432,12.657100000000014,1.3484553714164362,98.0,True
4-9-18_Schnable_49-523-js261-419_2018-04-11_09-07-11_9993000,0,30.6542,15.6049,26.275783673469384,11.600700000000018,0.25804707110491476,348.3993,63.724216326530616,-4.3784163265306155,-4.004199999999969,4.3784163265306155,4.004199999999969,1.4545964369818116,111.0,True
4-9-18_Schnable_49-523-js261-419_2018-04-11_09-07-11_9993000,1,27.2321,-176.86,29.50820408163267,-174.9245,0.37480451249506036,174.9245,60.49179591836733,2.2761040816326705,1.9355000000000189,2.2761040816326705,1.9355000000000189,3.436897369597686,156.0,True
4-9-18_Schnable_49-523-js261-419_2018-04-11_09-07-11_9993000,2,26.99,23.8859,24.959908163265297,23.30509999999998,0.45302653056289977,336.6949,65.0400918367347,-2.0300918367347016,-0.5808000000000106,2.0300918367347016,0.5808000000000106,3.5661141965598606,213.0,True
4-9-18_Schnable_49-523-js261-419_2018-04-11_09-07-11_9993000,3,3.78982,-43.6832,0.3943142857142874,-30.78269999999992,0.4850026532405314,30.782699999999906,89.60568571428571,-3.395505714285713,12.90050000000008,3.395505714285713,12.90050000000008,5.045253712795517,250.0,True
4-9-18_Schnable_49-523-js261-419_2018-04-11_09-07-11_9993000,4,24.4532,170.344,19.063879591836766,173.0367,0.2523275196355023,186.96329999999998,70.93612040816323,-5.389320408163233,2.692700000000002,5.389320408163233,2.692700000000002,2.115259098670853,114.0,True
4-9-18_Schnable_49-524-js21-35_2018-04-11_09-09-26_9993100,0,34.1588,-164.885,32.751518367346954,-168.6145,0.23428417923476505,168.6145,57.248481632653046,-1.4072816326530457,-3.7295000000000016,1.4072816326530457,3.7295000000000016,1.206465649392883,114.0,True
4-9-18_Schnable_49-524-js21-35_2018-04-11_09-09-26_9993100,1,16.2406,19.0158,14.838991836734706,31.964,0.3000730085169674,328.036,75.1610081632653,-1.4016081632652941,12.948199999999986,1.4016081632652941,12.948199999999986,1.7527986673132303,139.0,True
4-9-18_Schnable_49-524-js21-35_2018-04-11_09-09-26_9993100,2,16.9137,83.591,0.10251836734694564,-107.6858999999967,0.06500078920195018,107.6858999999967,89.89748163265305,-16.811181632653053,168.72310000000329,16.811181632653053,168.72310000000329,0.8880424141034358,31.0,True
4-9-18_Schnable_49-524-js21-35_2018-04-11_09-09-26_9993100,3,39.9785,-176.729,38.04624897959185,-170.83949999999996,0.29060400568804046,170.83949999999996,51.95375102040815,-1.9322510204081453,5.889500000000055,1.9322510204081453,5.889500000000055,1.5358518847608313,133.0,True
4-9-18_Schnable_49-524-js21-35_2018-04-11_09-09-26_9993100,4,60.7537,-136.369,26.377738775510288,-149.5241,0.09564419116532216,149.5241,63.62226122448971,-34.375961224489714,-13.155100000000004,34.375961224489714,13.155100000000004,1.4007253972576879,45.0,True
4-9-18_Schnable_49-524-js21-35_2018-04-11_09-09-26_9993100,5,33.5675,-107.728,16.33448571428572,-167.227,0.5640973884297716,167.227,73.66551428571428,-17.233014285714283,-59.49900000000001,17.233014285714283,59.49900000000001,8.113562714595728,299.0,False
4-9-18_Schnable_49-524-js21-35_2018-04-11_09-09-26_9993100,6,50.4421,-127.135,38.484024489795914,-171.5239,0.39095943980268516,171.5239,51.515975510204086,-11.95807551020409,-44.38889999999998,11.95807551020409,44.38889999999998,3.8589964547891715,176.0,True
4-9-18_Schnable_49-524-js21-35_2018-04-11_09-09-26_9993100,7,40.1023,18.2337,36.06074285714291,23.814500000000066,0.2518946225496477,336.18549999999993,53.93925714285709,-4.041557142857087,5.5808000000000675,4.041557142857087,5.5808000000000675,1.4774848271870928,108.0,True
4-9-18_Schnable_49-524-js21-35_2018-04-11_09-09-26_9993100,8,21.0072,-177.626,2.0285224489796008,52.87560000000002,0.39212653609710274,307.1244,87.9714775510204,-18.9786775510204,-129.49839999999995,18.9786775510204,129.49839999999995,4.33317359324484,174.0,True
4-9-18_Schnable_49-524-js21-35_2018-04-11_09-09-26_9993100,9,28.6671,25.5402,15.412987755102037,32.490700000000004,0.2113843282120434,327.5093,74.58701224489796,-13.254112244897964,6.950500000000005,13.254112244897964,6.950500000000005,1.886347293358281,93.0,True
4-9-18_Schnable_49-525-js121-176_2018-04-11_09-11-40_9993200,0,49.1924,-86.9072,56.26844897959186,-90.1887,0.22911174085280947,90.1887,33.73155102040814,7.07604897959186,-3.281499999999994,7.07604897959186,3.281499999999994,2.542370039802749,107.0,True
4-9-18_Schnable_49-525-js121-176_2018-04-11_09-11-40_9993200,1,56.6951,-16.4189,67.54448571428568,-20.7089,0.2929122220219317,20.708899999999996,22.45551428571431,10.849385714285688,-4.289999999999992,10.849385714285688,4.289999999999992,1.7709121479547612,132.0,True
4-9-18_Schnable_49-525-js121-176_2018-04-11_09-11-40_9993200,2,32.7886,-135.188,42.53759591836732,-138.0128,0.3624919018354256,138.0128,47.46240408163268,9.74899591836732,-2.8248000000000104,9.74899591836732,2.8248000000000104,3.2849441714052268,157.0,True
4-9-18_Schnable_49-525-js121-176_2018-04-11_09-11-40_9993200,3,45.7439,4.64481,74.8370408163265,5.108099999999979,0.4681742609101556,354.8919,15.162959183673497,29.09314081632651,0.4632899999999722,29.09314081632651,0.4632899999999722,3.1941243092665292,225.0,True
4-9-18_Schnable_49-525-js121-176_2018-04-11_09-11-40_9993200,4,51.7556,3.76254,46.40214693877555,4.21670000000006,0.452365322587081,355.78329999999994,43.59785306122445,-5.3534530612244495,0.4541600000000585,5.3534530612244495,0.4541600000000585,2.7771102056719137,225.0,True
4-9-18_Schnable_49-525-js121-176_2018-04-11_09-11-40_9993200,5,23.1966,160.865,9.629104081632661,147.77150000000006,0.19826339462242382,212.22849999999997,80.37089591836734,-13.567495918367339,-13.093499999999949,13.567495918367339,13.093499999999949,2.3973283136549344,93.0,True
4-9-18_Schnable_49-525-js121-176_2018-04-11_09-11-40_9993200,6,38.7346,150.978,44.40354897959183,141.61840000000007,0.24158323988061745,218.38159999999996,45.59645102040817,5.668948979591832,-9.359599999999944,5.668948979591832,9.359599999999944,8.08035650042518,112.0,False
4-9-18_Schnable_49-525-js121-176_2018-04-11_09-11-40_9993200,7,30.0262,-157.526,27.99294081632656,153.24620000000004,0.31285882719881764,206.75379999999998,62.00705918367344,-2.03325918367344,-49.227799999999945,2.03325918367344,49.227799999999945,3.096850699632006,141.0,True
4-9-18_Schnable_49-526-js79-1-111_2018-04-11_09-13-55_9993300,0,30.3972,-2.62853,34.6374306122449,-10.893399999999986,0.3104393286645681,10.8934,55.3625693877551,4.240230612244897,-8.264869999999974,4.240230612244897,8.264869999999974,4.499772254060088,151.0,True
4-9-18_Schnable_49-526-js79-1-111_2018-04-11_09-13-55_9993300,1,23.8645,-151.078,29.111059183673483,-141.8851,0.36002029227377347,141.8851,60.88894081632652,5.246559183673483,9.192900000000009,5.246559183673483,9.192900000000009,4.4193139743703425,170.0,True
4-9-18_Schnable_49-526-js79-1-111_2018-04-11_09-13-55_9993300,2,25.7742,25.9984,9.107859183673511,40.26990000000001,0.09102725377971033,319.7301,80.89214081632649,-16.66634081632649,14.271500000000003,16.66634081632649,14.271500000000003,1.7476243429299863,44.0,True
4-9-18_Schnable_49-526-js79-1-111_2018-04-11_09-13-55_9993300,3,51.2795,-44.9845,24.203875510204043,-44.39920000000001,0.10352470979793149,44.3992,65.79612448979596,-27.075624489795956,0.5852999999999895,27.075624489795956,0.5852999999999895,0.889323383721272,45.0,True
4-9-18_Schnable_49-526-js79-1-111_2018-04-11_09-13-55_9993300,4,38.6973,33.2932,26.009348979591863,38.99829999999997,0.2647545041588173,321.0017,63.99065102040814,-12.687951020408136,5.705099999999959,12.687951020408136,5.705099999999959,2.1631854359912563,127.0,True
4-9-18_Schnable_49-526-js79-1-111_2018-04-11_09-13-55_9993300,5,21.2506,-152.371,8.00783061224493,159.5697,0.4583885113359704,200.43029999999996,81.99216938775507,-13.242769387755068,-48.05930000000001,13.242769387755068,48.05930000000001,12.561456131048798,221.0,False
4-9-18_Schnable_49-526-js79-1-111_2018-04-11_09-13-55_9993300,6,19.8231,22.7723,15.555900000000022,-11.616600000000005,0.4632928852523364,11.616600000000005,74.44409999999998,-4.267199999999978,-34.38890000000001,4.267199999999978,34.38890000000001,5.25838395355409,228.0,True
4-9-18_Schnable_49-527-js38-64_2018-04-11_09-16-10_9993400,0,28.832,89.0487,15.715734693877579,79.44850000000002,0.27034994156173064,280.5515,74.28426530612242,-13.116265306122422,-9.600199999999973,13.116265306122422,9.600199999999973,3.6395482550607103,133.0,True
4-9-18_Schnable_49-527-js38-64_2018-04-11_09-16-10_9993400,1,43.2196,-83.8779,29.940289795918346,-99.1887,0.29982683840224533,99.1887,60.059710204081654,-13.279310204081654,-15.3108,13.279310204081654,15.3108,2.0228217771499444,138.0,True
4-9-18_Schnable_49-527-js38-64_2018-04-11_09-16-10_9993400,2,20.4719,18.1305,22.992553061224484,-65.6684,0.3350393042592555,65.6684,67.00744693877552,2.5206530612244826,-83.7989,2.5206530612244826,83.7989,5.008378297136124,145.0,True
4-9-18_Schnable_49-527-js38-64_2018-04-11_09-16-10_9993400,3,36.58,-69.6709,16.840438775510222,-89.66099999999999,0.5098163410195751,89.66099999999999,73.15956122448978,-19.739561224489776,-19.990099999999984,19.739561224489776,19.990099999999984,2.9933090280242993,228.0,True
4-9-18_Schnable_49-527-js38-64_2018-04-11_09-16-10_9993400,4,11.0362,124.667,14.596200000000039,-144.44239999999996,0.120223489114577,144.44239999999996,75.40379999999996,3.5600000000000396,90.89060000000006,3.5600000000000396,90.89060000000006,2.057230580788097,52.0,True
4-9-18_Schnable_49-527-js38-64_2018-04-11_09-16-10_9993400,5,43.4766,-151.556,14.020995918367333,120.75690000000003,0.29400003759741683,239.24309999999997,75.97900408163267,-29.455604081632664,-87.68709999999999,29.455604081632664,87.68709999999999,2.990012214061837,130.0,True
4-9-18_Schnable_49-527-js38-64_2018-04-11_09-16-10_9993400,6,21.3686,38.9528,1.1174795918367266,154.18100000000038,0.16196729716152736,205.81899999999965,88.88252040816327,-20.251120408163274,115.22820000000036,20.251120408163274,115.22820000000036,3.447823584333657,77.0,True
4-9-18_Schnable_49-527-js38-64_2018-04-11_09-16-10_9993400,7,11.1705,-119.219,9.529669387755078,141.1687,0.3053725700799284,218.8313,80.47033061224492,-1.6408306122449225,-99.6123,1.6408306122449225,99.6123,3.721563128093168,139.0,True
4-9-18_Schnable_49-527-js38-64_2018-04-11_09-16-10_9993400,8,25.4673,153.74,13.754759183673514,-83.4906,0.12304478840120069,83.4906,76.24524081632649,-11.712540816326488,122.76940000000002,11.712540816326488,122.76940000000002,1.4345679694478504,55.0,True
4-9-18_Schnable_49-527-js38-64_2018-04-11_09-16-10_9993400,9,38.8583,-100.477,9.03278163265307,158.88030000000003,0.35801394234371986,201.11969999999997,80.96721836734693,-29.82551836734693,-100.64269999999999,29.82551836734693,100.64269999999999,6.508025328550099,170.0,False
4-9-18_Schnable_49-528-js131-1-190_2018-04-11_09-18-26_9993500,0,92.9508,-107.23,33.57371836734695,118.87419999999997,0.3259361164339734,61.1258,56.42628163265305,-59.37708163265305,-133.8958,59.37708163265305,133.8958,2.2424922435337025,151.0,True
4-9-18_Schnable_49-528-js131-1-190_2018-04-11_09-18-26_9993500,1,34.7079,-6.37449,52.435593877551,-18.108600000000024,0.36944053175186314,198.1086,37.564406122449,17.727693877550998,-11.734110000000015,17.727693877550998,11.734110000000015,1.9890335336962865,155.0,True
4-9-18_Schnable_49-528-js131-1-190_2018-04-11_09-18-26_9993500,2,34.7205,-158.459,26.927832653061202,145.4488,0.3184722216564219,34.551199999999994,63.0721673469388,-7.792667346938799,-56.09219999999999,7.792667346938799,56.09219999999999,2.131903678699163,135.0,True
4-9-18_Schnable_49-528-js131-1-190_2018-04-11_09-18-26_9993500,3,26.8713,9.22145,45.792738775510216,-15.14919999999995,0.41959280506924657,195.14919999999998,44.207261224489784,18.921438775510214,-24.370649999999955,18.921438775510214,24.370649999999955,2.8072112810235117,174.0,True
4-9-18_Schnable_49-528-js131-1-190_2018-04-11_09-18-26_9993500,4,36.1526,-150.639,30.065928571428586,129.3943,0.46242151558555766,50.6057,59.934071428571414,-6.086671428571414,-79.9667,6.086671428571414,79.9667,3.7638112566590656,199.0,True
4-9-18_Schnable_49-528-js131-1-190_2018-04-11_09-18-26_9993500,5,27.6231,-1.87636,34.04334489795921,-23.04239999999993,0.5401161818941725,203.04239999999993,55.95665510204079,6.420244897959208,-21.166039999999924,6.420244897959208,21.166039999999924,3.5727304543465364,236.0,True
4-9-18_Schnable_49-528-js131-1-190_2018-04-11_09-18-26_9993500,6,27.207,-153.073,8.146122448979597,-5.450799999999958,0.28417002457506907,185.4508,81.8538775510204,-19.060877551020404,147.62220000000002,19.060877551020404,147.62220000000002,2.2521596120973384,147.0,True
4-9-18_Schnable_49-528-js131-1-190_2018-04-11_09-18-26_9993500,7,24.5597,21.0292,11.967918367346954,147.5924,0.44695326359860355,32.40760000000001,78.03208163265305,-12.591781632653046,126.5632,12.591781632653046,126.5632,4.694530060737545,208.0,True
4-9-18_Schnable_49-529-js90-127_2018-04-11_09-20-46_9993600,0,36.169,4.06994,26.224234693877577,14.34740000000005,0.15796866271685622,345.65259999999995,63.77576530612242,-9.94476530612242,10.277460000000048,9.94476530612242,10.277460000000048,0.9757860062434743,64.0,True
4-9-18_Schnable_49-529-js90-127_2018-04-11_09-20-46_9993600,1,24.6225,154.445,26.71581020408164,158.82260000000002,0.3089198749034738,201.17739999999998,63.28418979591836,2.093310204081643,4.3776000000000295,2.093310204081643,4.3776000000000295,2.3614829981888947,134.0,True
4-9-18_Schnable_49-529-js90-127_2018-04-11_09-20-46_9993600,2,33.5819,-25.2566,25.487444897959193,-29.546899999999994,0.15093405147685726,29.5469,64.5125551020408,-8.094455102040804,-4.290300000000002,8.094455102040804,4.290300000000002,1.116057073170434,63.0,True
4-9-18_Schnable_49-529-js90-127_2018-04-11_09-20-46_9993600,3,21.632,154.585,22.355997959183668,164.13910000000004,0.38407340132748896,195.86089999999996,67.64400204081633,0.7239979591836665,9.554100000000034,0.7239979591836665,9.554100000000034,2.5633104139810152,172.0,True
4-9-18_Schnable_49-529-js90-127_2018-04-11_09-20-46_9993600,4,11.7302,-0.0613363,14.956397959183661,-23.67070000000001,0.4315735843346055,23.670700000000007,75.04360204081634,3.2261979591836614,-23.609363700000017,3.2261979591836614,23.609363700000017,3.1363653553603896,203.0,True
4-9-18_Schnable_49-529-js90-127_2018-04-11_09-20-46_9993600,5,25.0292,136.885,16.045169387755067,175.4635,0.43368852136197683,184.5365,73.95483061224493,-8.984030612244933,38.57850000000002,8.984030612244933,38.57850000000002,3.1767272749095152,205.0,True
4-9-18_Schnable_49-529-js90-127_2018-04-11_09-20-46_9993600,6,22.8003,-44.9382,7.388153061224486,-59.60839999999996,0.2140027907042147,59.60839999999997,82.61184693877551,-15.412146938775514,-14.670199999999966,15.412146938775514,14.670199999999966,3.26244413356672,100.0,True
4-9-18_Schnable_49-530-js52-81_2018-04-11_09-22-57_9993700,0,14.181,-59.472,19.519267346938776,-58.821,0.38523418250567093,58.82099999999999,70.48073265306122,5.3382673469387765,0.6510000000000105,5.3382673469387765,0.6510000000000105,5.32090065713391,170.0,True
4-9-18_Schnable_49-530-js52-81_2018-04-11_09-22-57_9993700,1,9.69899,-44.8035,10.3220775510204,-50.71520000000001,0.5551465139672335,50.7152,79.6779224489796,0.623087551020399,-5.911699999999996,0.623087551020399,5.911699999999996,8.419391397688171,260.0,False
4-9-18_Schnable_49-530-js52-81_2018-04-11_09-22-57_9993700,2,72.8988,167.868,84.29650408163266,173.26909999999998,0.5207258440073218,186.7309,5.703495918367336,11.397704081632668,5.401099999999985,11.397704081632668,5.401099999999985,3.134687538624837,262.0,True
4-9-18_Schnable_49-530-js52-81_2018-04-11_09-22-57_9993700,3,5.40805,31.2544,7.993391836734702,12.141599999999983,0.5381030150909532,347.8584,82.0066081632653,2.5853418367347016,-19.11280000000002,2.5853418367347016,19.11280000000002,5.6344462141183005,272.0,False
4-9-18_Schnable_49-530-js52-81_2018-04-11_09-22-57_9993700,4,41.8406,-108.989,36.522159183673416,-121.6369,0.16620060797704683,121.6369,53.477840816326584,-5.318440816326586,-12.647899999999993,5.318440816326586,12.647899999999993,1.7355472114195067,74.0,True
4-9-18_Schnable_49-530-js52-81_2018-04-11_09-22-57_9993700,5,62.9356,-171.666,66.28464285714284,-177.9032,0.5382509363024566,177.9032,23.715357142857158,3.349042857142841,-6.237200000000001,3.349042857142841,6.237200000000001,4.73705277331585,248.0,True
4-9-18_Schnable_49-530-js52-81_2018-04-11_09-22-57_9993700,6,112.224,148.723,94.52596326530625,-128.55180000000001,0.11256613977809933,128.55180000000001,-4.525963265306248,-17.69803673469376,82.72519999999997,17.69803673469376,82.72519999999997,3.4658761870417027,59.0,True
4-9-18_Schnable_49-530-js52-81_2018-04-11_09-22-57_9993700,7,115.447,-132.48,93.28779387755102,172.90030000000002,0.24230355972900194,187.09969999999998,-3.287793877551018,-22.15920612244898,-54.619699999999966,22.15920612244898,54.619699999999966,3.6290163321381663,106.0,True
4-9-18_Schnable_49-530-js52-81_2018-04-11_09-22-57_9993700,8,5.9364,146.69,33.39398979591841,-158.3936,0.5162298691436008,158.3936,56.60601020408159,27.45758979591841,54.91640000000001,27.45758979591841,54.91640000000001,10.813729720243987,240.0,False
4-9-18_Schnable_49-530-js52-81_2018-04-11_09-22-57_9993700,9,57.0127,-152.903,2.4050591836734725,-139.02519999999998,0.3693487279135696,139.02519999999998,87.59494081632653,-54.60764081632653,13.877800000000008,54.60764081632653,13.877800000000008,4.271167497211122,192.0,True
4-9-18_Schnable_49-530-js52-81_2018-04-11_09-22-57_9993700,10,52.0444,19.4776,25.706475510203887,-40.95140000000001,0.10054692465361831,40.95140000000001,64.29352448979611,-26.337924489796116,-60.429,26.337924489796116,60.429,1.426018550366357,51.0,True
4-9-18_Schnable_49-530-js52-81_2018-04-11_09-22-57_9993700,11,55.0466,-39.2819,25.205357142856997,26.689100000000053,0.06510441985427981,333.31089999999995,64.794642857143,-29.841242857143,65.97100000000006,29.841242857143,65.97100000000006,0.780712140590139,34.0,True
4-9-18_Schnable_49-531-js85-122_2018-04-11_09-25-13_9993800,0,53.661,-168.483,52.59089387755103,-162.8402,0.26410610490606246,162.8402,37.40910612244897,-1.0701061224489692,5.642799999999994,1.0701061224489692,5.642799999999994,1.0025147670613255,119.0,True
4-9-18_Schnable_49-531-js85-122_2018-04-11_09-25-13_9993800,1,31.0639,-46.0851,32.76062653061222,-44.65839999999997,0.33052109650977485,44.658399999999986,57.23937346938778,1.6967265306122208,1.4267000000000394,1.6967265306122208,1.4267000000000394,4.880570355288399,153.0,True
4-9-18_Schnable_49-531-js85-122_2018-04-11_09-25-13_9993800,2,48.9312,179.68,46.45009795918367,173.82659999999998,0.3823131019323022,186.1734,43.54990204081633,-2.4811020408163245,-5.853400000000022,2.4811020408163245,5.853400000000022,3.1124687187987594,168.0,True
4-9-18_Schnable_49-531-js85-122_2018-04-11_09-25-13_9993800,3,24.8735,-24.2735,20.15434285714285,-15.587999999999994,0.3952439706912023,15.588000000000006,69.84565714285715,-4.719157142857149,8.68549999999999,4.719157142857149,8.68549999999999,4.331354442423375,176.0,True
4-9-18_Schnable_49-531-js85-122_2018-04-11_09-25-13_9993800,4,37.753,140.406,21.8290224489796,161.8254,0.5081190325273159,198.1746,68.1709775510204,-15.9239775510204,21.419399999999996,15.9239775510204,21.419399999999996,11.562152248683462,238.0,False
4-9-18_Schnable_49-531-js85-122_2018-04-11_09-25-13_9993800,5,24.957,-31.5875,0.9404877551020263,-63.707100000000196,0.15241359626342857,63.707100000000196,89.05951224489797,-24.016512244897974,-32.11960000000019,24.016512244897974,32.11960000000019,3.699817709314511,69.0,True
4-9-18_Schnable_49-531-js85-122_2018-04-11_09-25-13_9993800,6,42.9782,93.5286,17.320634693877523,118.93370000000004,0.41535425181535507,241.06629999999996,72.67936530612248,-25.65756530612248,25.40510000000006,25.65756530612248,25.40510000000006,10.906834679458902,191.0,False
4-9-18_Schnable_49-531-js85-122_2018-04-11_09-25-13_9993800,7,46.6327,-158.673,38.61178979591832,-155.2503,0.14313607126224748,155.2503,51.38821020408168,-8.02091020408168,3.422699999999992,8.02091020408168,3.422699999999992,0.7069772053386021,66.0,True
4-9-18_Schnable_49-531-js85-122_2018-04-11_09-25-13_9993800,8,49.7369,62.0111,35.08250408163275,53.371699999999976,0.1940715562364192,306.6283,54.91749591836725,-14.65439591836725,-8.639400000000023,14.65439591836725,8.639400000000023,1.8573071222248894,94.0,True
4-9-18_Schnable_49-531-js85-122_2018-04-11_09-25-13_9993800,9,66.0901,-15.0571,57.846985714285594,-11.773300000000006,0.16041139984448877,11.773299999999999,32.153014285714406,-8.243114285714412,3.283799999999985,8.243114285714412,3.283799999999985,0.790391128328398,65.0,True
4-9-18_Schnable_49-532-js245-393_2018-04-11_09-27-28_9993900,0,40.0597,-150.862,43.27414489795919,-153.80640000000002,0.26292305944080574,153.80640000000002,46.72585510204081,3.21444489795919,-2.94440000000003,3.21444489795919,2.94440000000003,1.2498540933742701,107.0,True
4-9-18_Schnable_49-532-js245-393_2018-04-11_09-27-28_9993900,1,41.7815,52.7147,51.61349591836736,59.80099999999999,0.339622076558075,300.199,38.38650408163264,9.831995918367362,7.086299999999994,9.831995918367362,7.086299999999994,2.8254389977724985,166.0,True
4-9-18_Schnable_49-532-js245-393_2018-04-11_09-27-28_9993900,2,35.5084,-123.593,45.18280408163265,-129.3721,0.38958857279186004,129.3721,44.81719591836735,9.674404081632652,-5.779099999999971,9.674404081632652,5.779099999999971,2.228580285893773,173.0,True
4-9-18_Schnable_49-532-js245-393_2018-04-11_09-27-28_9993900,3,33.6409,37.3062,43.528253061224476,49.926199999999994,0.4220521173527858,310.0738,46.471746938775524,9.887353061224474,12.620000000000005,9.887353061224474,12.620000000000005,1.9360124172182045,190.0,True
4-9-18_Schnable_49-532-js245-393_2018-04-11_09-27-28_9993900,4,25.3887,-125.75,35.406034693877544,-123.66929999999999,0.47447649352800314,123.66929999999999,54.593965306122456,10.017334693877544,2.0807000000000073,10.017334693877544,2.0807000000000073,3.5167098262903576,225.0,True
4-9-18_Schnable_49-532-js245-393_2018-04-11_09-27-28_9993900,5,24.0099,48.1388,25.18301632653062,39.11610000000002,0.49972421264126715,320.8839,64.81698367346938,1.1731163265306215,-9.022699999999986,1.1731163265306215,9.022699999999986,6.248611569545262,231.0,False
4-9-18_Schnable_49-532-js245-393_2018-04-11_09-27-28_9993900,6,24.6056,-103.68,20.76968163265306,-121.1384,0.48245809621454516,121.1384,69.23031836734694,-3.835918367346938,-17.458399999999983,3.835918367346938,17.458399999999983,3.6255563532807122,220.0,True
4-9-18_Schnable_49-532-js245-393_2018-04-11_09-27-28_9993900,7,37.8473,25.9968,17.630589795918354,34.96010000000001,0.4198250966440079,325.0399,72.36941020408165,-20.216710204081643,8.963300000000004,20.216710204081643,8.963300000000004,4.199627897307918,206.0,True
4-9-18_Schnable_49-532-js245-393_2018-04-11_09-27-28_9993900,8,14.0665,-115.225,0.8871448979591889,-44.220900000000114,0.2225295148595404,44.220900000000114,89.11285510204081,-13.17935510204081,71.00409999999988,13.17935510204081,71.00409999999988,3.1380718822049105,113.0,True
4-9-18_Schnable_49-533-js218-341_2018-04-11_09-29-43_9994000,0,26.6086,159.538,20.030710204081615,172.7217,0.18481062584037172,187.2783,69.96928979591839,-6.577889795918384,13.183699999999988,6.577889795918384,13.183699999999988,2.081943431832911,87.0,True
4-9-18_Schnable_49-533-js218-341_2018-04-11_09-29-43_9994000,1,18.2277,-45.6062,15.179793877551006,-41.5608,0.24885497428043304,41.5608,74.820206122449,-3.0479061224489925,4.045400000000001,3.0479061224489925,4.045400000000001,1.8650686717912675,123.0,True
4-9-18_Schnable_49-533-js218-341_2018-04-11_09-29-43_9994000,2,18.3808,41.4327,0.4564938775510541,26.86170000000004,0.0719477448819711,333.13829999999996,89.54350612244895,-17.924306122448947,-14.57099999999997,17.924306122448947,14.57099999999997,0.9039550290130283,36.0,True
4-9-18_Schnable_49-533-js218-341_2018-04-11_09-29-43_9994000,3,22.7112,101.768,22.78046938775512,137.2527,0.35826379854627455,222.74729999999997,67.21953061224488,0.06926938775511715,35.484700000000004,0.06926938775511715,35.484700000000004,2.1366571400873657,168.0,True
4-9-18_Schnable_49-533-js218-341_2018-04-11_09-29-43_9994000,4,25.7532,-19.8012,18.013740816326532,-31.279599999999988,0.36806205646326307,31.2796,71.98625918367347,-7.739459183673468,-11.478399999999993,7.739459183673468,11.478399999999993,5.6293119298187015,167.0,False
4-9-18_Schnable_49-533-js218-341_2018-04-11_09-29-43_9994000,5,26.7813,159.969,17.467036734693863,155.17740000000003,0.49232483113857795,204.82259999999997,72.53296326530614,-9.314263265306138,-4.79159999999996,9.314263265306138,4.79159999999996,5.532264992020146,245.0,False
4-9-18_Schnable_49-533-js218-341_2018-04-11_09-29-43_9994000,6,36.4344,167.363,21.4450367346939,173.9533,0.28861870881512736,186.04669999999996,68.5549632653061,-14.989363265306096,6.590300000000013,14.989363265306096,6.590300000000013,1.4780937364381304,138.0,True
4-9-18_Schnable_49-533-js218-341_2018-04-11_09-29-43_9994000,7,24.9717,-15.0016,14.045202040816307,-47.684199999999976,0.3512190092085472,47.68419999999999,75.9547979591837,-10.926497959183692,-32.68259999999998,10.926497959183692,32.68259999999998,3.8041026950615766,175.0,True
4-9-18_Schnable_49-534-js202-315_2018-04-11_09-31-58_9994100,0,49.1404,98.1903,35.34325102040815,98.42759999999998,0.07321058659068118,261.5724,54.65674897959185,-13.797148979591853,0.23730000000000473,13.797148979591853,0.23730000000000473,0.8810623293921743,31.0,True
4-9-18_Schnable_49-534-js202-315_2018-04-11_09-31-58_9994100,1,37.2241,175.53,19.96344693877552,165.9389,0.12040790706256764,194.0611,70.03655306122448,-17.26065306122448,-9.591100000000012,17.26065306122448,9.591100000000012,1.8028107763150674,43.0,True
4-9-18_Schnable_49-534-js202-315_2018-04-11_09-31-58_9994100,2,29.1561,39.0199,28.444159183673463,40.009900000000016,0.16501560442317337,319.9901,61.55584081632654,-0.7119408163265355,0.9900000000000091,0.7119408163265355,0.9900000000000091,0.8862538682658252,80.0,True
4-9-18_Schnable_49-534-js202-315_2018-04-11_09-31-58_9994100,3,29.2592,-152.169,25.821124489795935,-160.411,0.24392851669376328,160.411,64.17887551020407,-3.438075510204065,-8.24199999999999,3.438075510204065,8.24199999999999,2.4195982959180387,112.0,True
4-9-18_Schnable_49-534-js202-315_2018-04-11_09-31-58_9994100,4,10.888,-148.582,21.35725510204084,47.10759999999999,0.18902641951819574,312.8924,68.64274489795916,10.469255102040838,-164.31040000000002,10.469255102040838,164.31040000000002,1.0775888388621475,87.0,True
4-9-18_Schnable_49-534-js202-315_2018-04-11_09-31-58_9994100,5,26.6186,41.9614,0.07919183673467955,21.708100000001878,0.20017418900870793,338.2918999999981,89.92080816326532,-26.53940816326532,-20.25329999999812,26.53940816326532,20.25329999999812,2.272955127097808,102.0,True
4-9-18_Schnable_49-535-js84-121_2018-04-11_09-34-13_9994200,0,34.386,-116.195,40.43373061224487,-124.07980000000002,0.3969679823880899,124.07980000000002,49.56626938775513,6.0477306122448695,-7.884800000000041,6.0477306122448695,7.884800000000041,1.9278660038309339,162.0,True
4-9-18_Schnable_49-535-js84-121_2018-04-11_09-34-13_9994200,1,25.0664,51.0971,38.323255102040804,59.462800000000016,0.5103540330766392,300.5372,51.676744897959196,13.256855102040802,8.365700000000004,13.256855102040802,8.365700000000004,3.1141455969544642,235.0,True
4-9-18_Schnable_49-535-js84-121_2018-04-11_09-34-13_9994200,2,32.058,-139.612,46.58286530612243,-140.2158,0.5466096276091055,140.2158,43.41713469387757,14.524865306122429,-0.6038000000000068,14.524865306122429,0.6038000000000068,4.847515648941355,251.0,True
4-9-18_Schnable_49-535-js84-121_2018-04-11_09-34-13_9994200,3,30.473,53.7816,27.72329591836735,65.72720000000004,0.49068921333166104,294.27279999999996,62.27670408163265,-2.7497040816326503,11.945600000000042,2.7497040816326503,11.945600000000042,3.15248847704373,231.0,True
4-9-18_Schnable_49-535-js84-121_2018-04-11_09-34-13_9994200,4,39.6769,-152.235,25.875695918367356,-176.3137,0.5034474934475321,176.3137,64.12430408163264,-13.801204081632648,-24.078699999999998,13.801204081632648,24.078699999999998,7.401872753825323,222.0,False
4-9-18_Schnable_49-535-js84-121_2018-04-11_09-34-13_9994200,5,25.7689,85.1508,33.15789183673467,104.74019999999996,0.41466019634898665,255.2598,56.84210816326533,7.388991836734672,19.589399999999955,7.388991836734672,19.589399999999955,2.789688490133801,196.0,True
4-9-18_Schnable_49-535-js84-121_2018-04-11_09-34-13_9994200,6,25.9045,-109.619,15.313173469387763,-168.26339999999996,0.28011850535570004,168.26339999999996,74.68682653061224,-10.591326530612236,-58.64439999999996,10.591326530612236,58.64439999999996,3.665547184309268,127.0,True
4-9-18_Schnable_49-536-js159-3-228_2018-04-11_09-36-30_9994300,0,21.3818,-3.00781,23.323955102040813,9.451400000000035,0.2590746979400889,350.54859999999996,66.67604489795919,1.9421551020408145,12.459210000000041,1.9421551020408145,12.459210000000041,1.5537500643637943,114.0,True
4-9-18_Schnable_49-536-js159-3-228_2018-04-11_09-36-30_9994300,1,25.3477,21.694,8.188985714285721,13.644000000000062,0.10526535491987958,346.35599999999994,81.81101428571428,-17.15871428571428,-8.049999999999926,17.15871428571428,8.049999999999926,0.8496669964645532,44.0,True
4-9-18_Schnable_49-536-js159-3-228_2018-04-11_09-36-30_9994300,2,46.7391,-155.752,44.50551428571435,-174.71679999999998,0.24521211515169866,174.71679999999998,45.49448571428565,-2.2335857142856526,-18.96479999999997,2.2335857142856526,18.96479999999997,1.5282736283630778,102.0,True
4-9-18_Schnable_49-536-js159-3-228_2018-04-11_09-36-30_9994300,3,30.6416,-134.033,15.687624489795894,-106.16790000000002,0.3831252161698741,106.16790000000002,74.3123755102041,-14.953975510204106,27.865099999999984,14.953975510204106,27.865099999999984,4.19085225023868,187.0,True
4-9-18_Schnable_49-536-js159-3-228_2018-04-11_09-36-30_9994300,4,39.6954,1.42495,19.965059183673432,64.08600000000007,0.19622487613517728,295.91399999999993,70.03494081632657,-19.730340816326567,62.661050000000074,19.730340816326567,62.661050000000074,1.8249139121987132,85.0,True
4-9-18_Schnable_49-536-js159-3-228_2018-04-11_09-36-30_9994300,5,21.9178,65.8921,33.22697142857146,2.0330000000000723,0.2530565520625824,357.9669999999999,56.77302857142854,11.30917142857146,-63.85909999999993,11.30917142857146,63.85909999999993,1.5823616590696996,101.0,True
4-9-18_Schnable_49-537-js250-402_2018-04-11_09-38-46_9994400,0,42.9169,-144.164,46.51825102040818,-146.9651,0.27287641777458893,146.9651,43.48174897959182,3.601351020408181,-2.8011000000000195,3.601351020408181,2.8011000000000195,1.1110369970506029,133.0,True
4-9-18_Schnable_49-537-js250-402_2018-04-11_09-38-46_9994400,1,44.1274,-3.87539,53.03265918367347,-8.707400000000007,0.29926835105107136,8.7074,36.96734081632653,8.905259183673472,-4.832009999999997,8.905259183673472,4.832009999999997,2.7130588500976347,128.0,True
4-9-18_Schnable_49-537-js250-402_2018-04-11_09-38-46_9994400,2,49.7847,-148.289,56.99831836734694,-150.6133,0.3269466857187155,150.6133,33.00168163265306,7.213618367346939,-2.3243000000000222,7.213618367346939,2.3243000000000222,2.270217211286495,159.0,True
4-9-18_Schnable_49-537-js250-402_2018-04-11_09-38-46_9994400,3,38.7559,15.0874,47.174387755102046,11.243499999999983,0.49394425775433026,348.7565,42.825612244897954,8.41848775510205,-3.843900000000019,8.41848775510205,3.843900000000019,5.6050895406731955,214.0,False
4-9-18_Schnable_49-537-js250-402_2018-04-11_09-38-46_9994400,4,41.2771,-154.576,46.68057551020406,-155.9538,0.45466203649798903,155.9538,43.31942448979594,5.403475510204061,-1.3778000000000077,5.403475510204061,1.3778000000000077,3.338552310297972,213.0,True
4-9-18_Schnable_49-537-js250-402_2018-04-11_09-38-46_9994400,5,34.7335,12.096,28.278102040816336,6.977599999999995,0.532350366178253,353.0224,61.721897959183664,-6.455397959183664,-5.118400000000008,6.455397959183664,5.118400000000008,4.893147673338501,234.0,True
4-9-18_Schnable_49-537-js250-402_2018-04-11_09-38-46_9994400,6,33.7829,-145.293,23.87555918367346,-141.6468,0.445974487391413,141.6468,66.12444081632654,-9.907340816326538,3.6461999999999932,9.907340816326538,3.6461999999999932,4.458340303130102,207.0,True
4-9-18_Schnable_49-537-js250-402_2018-04-11_09-38-46_9994400,7,26.838,59.5409,12.341187755102055,6.5855999999999995,0.391050033406065,353.4144,77.65881224489794,-14.496812244897946,-52.955299999999994,14.496812244897946,52.955299999999994,2.1607390110235905,173.0,True
4-9-18_Schnable_49-538-js284-177_2018-04-11_09-41-02_9994500,0,16.2124,-69.921,10.481879591836716,-70.7439,0.1930399591100969,70.7439,79.51812040816328,-5.730520408163283,-0.8229000000000042,5.730520408163283,0.8229000000000042,1.1835951892215169,82.0,True
4-9-18_Schnable_49-538-js284-177_2018-04-11_09-41-02_9994500,1,39.1542,130.099,39.91510612244899,126.28190000000001,0.20608523390843547,233.7181,50.08489387755101,0.7609061224489864,-3.817099999999982,0.7609061224489864,3.817099999999982,1.1511628914631733,98.0,True
4-9-18_Schnable_49-538-js284-177_2018-04-11_09-41-02_9994500,2,27.2467,-82.7731,30.81412244897959,-87.2238,0.2989462248286373,87.2238,59.18587755102041,3.5674224489795883,-4.4506999999999834,3.5674224489795883,4.4506999999999834,2.2272424133621094,136.0,True
4-9-18_Schnable_49-538-js284-177_2018-04-11_09-41-02_9994500,3,34.0792,119.054,32.332665306122436,107.46789999999999,0.19749120500171236,252.5321,57.667334693877564,-1.7465346938775639,-11.586100000000016,1.7465346938775639,11.586100000000016,1.1786643308140234,82.0,True
4-9-18_Schnable_49-538-js284-177_2018-04-11_09-41-02_9994500,4,21.3038,112.326,0.9702163265306183,83.09019999999998,0.0998506383969618,276.9098,89.02978367346938,-20.33358367346938,-29.235800000000012,20.33358367346938,29.235800000000012,0.9380303748107719,48.0,True
4-9-18_Schnable_49-538-js284-177_2018-04-11_09-41-02_9994500,5,29.4568,145.956,6.394412244897978,-71.68970000000002,0.1454314369411011,71.68970000000002,83.60558775510202,-23.062387755102023,142.35429999999997,23.062387755102023,142.35429999999997,1.1023267714159923,75.0,True
4-9-18_Schnable_49-538-js284-177_2018-04-11_09-41-02_9994500,6,26.6246,-70.5739,6.914385714285743,160.31530000000004,0.20162418945140462,199.68469999999996,83.08561428571426,-19.710214285714258,-129.11079999999998,19.710214285714258,129.11079999999998,1.8684931999467937,106.0,True
4-9-18_Schnable_49-539-js37-3-63_2018-04-11_09-43-16_9994600,0,31.4109,-70.7424,30.99080816326532,-69.30359999999999,0.24947477799887138,69.30359999999999,59.00919183673468,-0.42009183673468087,1.4388000000000147,0.42009183673468087,1.4388000000000147,1.4390155576597123,115.0,True
4-9-18_Schnable_49-539-js37-3-63_2018-04-11_09-43-16_9994600,1,21.6173,69.8478,26.163785714285694,73.18970000000002,0.2960989873368177,286.8103,63.836214285714306,4.546485714285694,3.3419000000000096,4.546485714285694,3.3419000000000096,1.3408876900128273,127.0,True
4-9-18_Schnable_49-539-js37-3-63_2018-04-11_09-43-16_9994600,2,18.8247,-69.8702,27.085238775510213,-81.1281,0.38549726127073897,81.1281,62.91476122448979,8.260538775510213,-11.257900000000006,8.260538775510213,11.257900000000006,4.442687323948068,170.0,True
4-9-18_Schnable_49-539-js37-3-63_2018-04-11_09-43-16_9994600,3,38.09,77.0424,28.970532653061213,88.99780000000004,0.45075602079544436,271.00219999999996,61.02946734693879,-9.11946734693879,11.955400000000054,9.11946734693879,11.955400000000054,3.4067609541751196,198.0,True
4-9-18_Schnable_49-539-js37-3-63_2018-04-11_09-43-16_9994600,4,38.1422,40.8296,22.662824489795923,35.96949999999998,0.10957304184062659,324.0305,67.33717551020408,-15.479375510204079,-4.860100000000017,15.479375510204079,4.860100000000017,0.4867000682907497,57.0,True
4-9-18_Schnable_49-539-js37-3-63_2018-04-11_09-43-16_9994600,5,29.4188,-83.8074,25.320885714285737,-80.4255,0.5250908414048924,80.4255,64.67911428571426,-4.097914285714264,3.3819000000000017,4.097914285714264,3.3819000000000017,4.896422621260936,234.0,True
4-9-18_Schnable_49-539-js37-3-63_2018-04-11_09-43-16_9994600,6,31.0623,-114.479,33.47286530612239,-110.6098,0.10633732624670157,110.6098,56.52713469387761,2.410565306122386,3.869199999999978,2.410565306122386,3.869199999999978,1.5979476177603424,55.0,True
4-9-18_Schnable_49-539-js37-3-63_2018-04-11_09-43-16_9994600,7,44.2835,100.726,25.558063265306117,97.98989999999998,0.4806621220425674,262.0101,64.44193673469388,-18.72543673469388,-2.7361000000000217,18.72543673469388,2.7361000000000217,3.903770860193295,229.0,True
4-9-18_Schnable_49-539-js37-3-63_2018-04-11_09-43-16_9994600,8,52.1215,-128.293,21.134269387755126,-115.5938,0.40125963666292397,115.5938,68.86573061224487,-30.987230612244872,12.699200000000019,30.987230612244872,12.699200000000019,5.324072842300933,199.0,True
4-9-18_Schnable_49-540-js23-3-38_2018-04-11_09-45-31_9994700,0,41.2203,11.1442,41.0889224489796,9.812400000000025,0.24664133097013327,350.1876,48.9110775510204,-0.1313775510203996,-1.331799999999987,0.1313775510203996,1.331799999999987,1.0457022863549108,114.0,True
4-9-18_Schnable_49-540-js23-3-38_2018-04-11_09-45-31_9994700,1,40.1031,-5.34014,42.685808163265314,9.982899999999972,0.3098259996849172,350.0171,47.314191836734686,2.582708163265316,15.323039999999963,2.582708163265316,15.323039999999963,2.6266819605063483,143.0,True
4-9-18_Schnable_49-540-js23-3-38_2018-04-11_09-45-31_9994700,2,10.9048,156.063,18.54225714285714,175.35220000000004,0.442354941644368,184.64779999999996,71.45774285714286,7.637457142857139,19.28920000000005,7.637457142857139,19.28920000000005,3.0785485790338205,195.0,True
4-9-18_Schnable_49-540-js23-3-38_2018-04-11_09-45-31_9994700,3,32.8642,17.0547,32.8485775510204,11.343000000000018,0.34006010469501813,348.657,57.1514224489796,-0.015622448979598857,-5.711699999999979,0.015622448979598857,5.711699999999979,2.260303622984803,144.0,True
4-9-18_Schnable_49-540-js23-3-38_2018-04-11_09-45-31_9994700,4,43.3204,-28.9011,48.145040816326514,-63.07730000000004,0.06621853078194927,63.07730000000003,41.854959183673486,4.824640816326514,-34.17620000000005,4.824640816326514,34.17620000000005,1.654356844495496,30.0,True
4-9-18_Schnable_49-540-js23-3-38_2018-04-11_09-45-31_9994700,5,50.9597,-174.33,44.65649591836735,-168.9973,0.18743619882897397,168.9973,45.34350408163265,-6.30320408163265,5.332700000000017,6.30320408163265,5.332700000000017,1.9993687951764298,94.0,True
4-9-18_Schnable_49-540-js23-3-38_2018-04-11_09-45-31_9994700,6,36.4323,-138.926,9.591040816326554,-133.60879999999997,0.1283532040885833,133.60879999999997,80.40895918367345,-26.841259183673444,5.317200000000014,26.841259183673444,5.317200000000014,2.3305270930171127,56.0,True
4-9-18_Schnable_49-540-js23-3-38_2018-04-11_09-45-31_9994700,7,3.40272,-13.1203,17.539930612244873,9.017200000000003,0.29873307132549937,350.9828,72.46006938775513,14.137210612244873,22.13749999999999,14.137210612244873,22.13749999999999,2.5136365529905165,142.0,True
4-9-18_Schnable_49-540-js23-3-38_2018-04-11_09-45-31_9994700,8,29.319,-160.228,12.623697959183673,-159.7961,0.3530663031015792,159.7961,77.37630204081633,-16.695302040816326,0.43190000000001305,16.695302040816326,0.43190000000001305,2.4251288820664616,162.0,True
4-9-18_Schnable_49-541-js133-194_2018-04-11_09-47-47_9994800,0,26.5194,-72.0636,24.717546938775513,-74.2311,0.23324669931277459,74.2311,65.28245306122449,-1.801853061224488,-2.167500000000018,1.801853061224488,2.167500000000018,0.8677608251058908,110.0,True
4-9-18_Schnable_49-541-js133-194_2018-04-11_09-47-47_9994800,1,30.8015,83.8928,32.629165306122445,89.4846,0.2647071264231687,270.5154,57.370834693877555,1.8276653061224444,5.591800000000006,1.8276653061224444,5.591800000000006,1.717327234482067,128.0,True
4-9-18_Schnable_49-541-js133-194_2018-04-11_09-47-47_9994800,2,25.227,-46.1654,16.710004081632675,-48.737899999999996,0.15369753587416177,48.7379,73.28999591836732,-8.516995918367325,-2.572499999999991,8.516995918367325,2.572499999999991,1.4870187056267878,74.0,True
4-9-18_Schnable_49-541-js133-194_2018-04-11_09-47-47_9994800,3,20.3622,132.325,19.990977551020393,130.8655,0.33802801256302667,229.13449999999997,70.00902244897961,-0.37122244897960854,-1.4594999999999914,0.37122244897960854,1.4594999999999914,2.919668577414998,145.0,True
4-9-18_Schnable_49-541-js133-194_2018-04-11_09-47-47_9994800,4,24.9879,-31.8346,18.90515714285712,-45.26909999999998,0.3646088913794209,45.269099999999995,71.09484285714288,-6.082742857142879,-13.434499999999986,6.082742857142879,13.434499999999986,3.0572559961214627,176.0,True
4-9-18_Schnable_49-541-js133-194_2018-04-11_09-47-47_9994800,5,15.3222,136.037,22.04567959183673,115.03559999999999,0.5129321962276603,244.9644,67.95432040816327,6.72347959183673,-21.001400000000018,6.72347959183673,21.001400000000018,3.608980574802899,229.0,True
4-9-18_Schnable_49-541-js133-194_2018-04-11_09-47-47_9994800,6,38.5179,-98.7308,20.316785714285743,150.1359,0.303179239491244,209.86410000000004,69.68321428571426,-18.201114285714254,-111.13330000000002,18.201114285714254,111.13330000000002,5.306304479662161,131.0,True
4-9-18_Schnable_49-541-js133-194_2018-04-11_09-47-47_9994800,7,35.6567,147.723,21.885295918367348,-101.147,0.48194325080535594,101.147,68.11470408163265,-13.771404081632653,111.13,13.771404081632653,111.13,3.6074774164691217,222.0,True
4-9-18_Schnable_49-542-js292-381_2018-04-11_09-50-02_9994900,0,43.3565,-22.2446,25.021797959183644,-14.769200000000012,0.09545605569207681,14.769200000000005,64.97820204081636,-18.334702040816353,7.475399999999979,18.334702040816353,7.475399999999979,1.401180137766104,46.0,True
4-9-18_Schnable_49-542-js292-381_2018-04-11_09-50-02_9994900,1,49.101,-165.429,44.66632448979595,-164.7534,0.1541159985017521,164.7534,45.33367551020405,-4.434675510204052,0.6756000000000029,4.434675510204052,0.6756000000000029,0.837411011033458,70.0,True
4-9-18_Schnable_49-542-js292-381_2018-04-11_09-50-02_9994900,2,51.2629,-11.8741,55.78081632653062,-11.688999999999993,0.2302624169236532,11.689,34.21918367346938,4.517916326530617,0.1851000000000056,4.517916326530617,0.1851000000000056,1.942408301187257,103.0,True
4-9-18_Schnable_49-542-js292-381_2018-04-11_09-50-02_9994900,3,38.1648,-166.857,41.83094285714288,-169.9251,0.26108737192385045,169.9251,48.16905714285712,3.66614285714288,-3.068099999999987,3.66614285714288,3.068099999999987,1.585667509329033,109.0,True
4-9-18_Schnable_49-542-js292-381_2018-04-11_09-50-02_9994900,4,40.0535,-7.69115,39.44589795918366,-5.284699999999987,0.30395318456043413,5.2847,50.55410204081634,-0.6076020408163387,2.4064500000000066,0.6076020408163387,2.4064500000000066,1.5915019229775933,126.0,True
4-9-18_Schnable_49-542-js292-381_2018-04-11_09-50-02_9994900,5,25.2269,175.177,38.38061020408163,175.1621,0.4241557655425672,184.83789999999996,51.61938979591837,13.153710204081627,-0.014899999999983038,13.153710204081627,0.014899999999983038,4.3612342426520465,186.0,True
4-9-18_Schnable_49-542-js292-381_2018-04-11_09-50-02_9994900,6,3.53446,143.907,6.578179591836729,167.7081,0.42486107533830775,192.2919,83.42182040816327,3.0437195918367292,23.80109999999999,3.0437195918367292,23.80109999999999,5.076011191732109,209.0,True
4-9-18_Schnable_49-542-js292-381_2018-04-11_09-50-02_9994900,7,26.2074,-31.2018,7.969569387755101,-34.009300000000025,0.3732818063251006,34.009300000000025,82.0304306122449,-18.2378306122449,-2.807500000000033,18.2378306122449,2.807500000000033,4.402962403811786,184.0,True
4-9-18_Schnable_49-543-js131-3-190_2018-04-11_09-52-18_9995000,0,36.1848,13.8565,33.98595102040816,14.11059999999992,0.2488256715465108,345.8894000000001,56.01404897959184,-2.198848979591844,0.25409999999990873,2.198848979591844,0.25409999999990873,1.734289290088296,110.0,True
4-9-18_Schnable_49-543-js131-3-190_2018-04-11_09-52-18_9995000,1,37.8115,158.105,37.55004693877548,147.4219,0.3051743372200805,212.5781,52.44995306122452,-0.26145306122452183,-10.683099999999996,0.26145306122452183,10.683099999999996,1.7111868645522843,141.0,True
4-9-18_Schnable_49-543-js131-3-190_2018-04-11_09-52-18_9995000,2,29.3292,-4.89206,32.04030000000001,1.920500000000061,0.3710393960414605,358.07949999999994,57.95969999999999,2.711100000000009,6.8125600000000475,2.711100000000009,6.8125600000000475,5.0418627145167925,169.0,True
4-9-18_Schnable_49-543-js131-3-190_2018-04-11_09-52-18_9995000,3,28.5909,156.905,30.944093877551026,157.41870000000006,0.38748917372617414,202.58129999999997,59.055906122448974,2.353193877551025,0.5137000000000569,2.353193877551025,0.5137000000000569,3.205828436671574,175.0,True
4-9-18_Schnable_49-543-js131-3-190_2018-04-11_09-52-18_9995000,4,26.777,-19.7206,36.55856326530615,-9.855700000000013,0.4453214612950633,9.855700000000002,53.44143673469385,9.781563265306147,9.864899999999977,9.781563265306147,9.864899999999977,3.962907508404609,182.0,True
4-9-18_Schnable_49-543-js131-3-190_2018-04-11_09-52-18_9995000,5,23.7613,-173.736,25.535842857142853,151.22440000000006,0.4921589426135659,208.77559999999997,64.46415714285715,1.7745428571428548,-35.03959999999995,1.7745428571428548,35.03959999999995,4.295896078335009,217.0,True
4-9-18_Schnable_49-543-js131-3-190_2018-04-11_09-52-18_9995000,6,20.9334,9.47696,20.50225918367346,29.055999999999983,0.3453043867155731,330.944,69.49774081632654,-0.4311408163265398,19.579039999999992,0.4311408163265398,19.579039999999992,2.226275872930435,161.0,True
4-9-18_Schnable_49-543-js131-3-190_2018-04-11_09-52-18_9995000,7,12.8008,-149.238,10.592510204081634,158.85000000000002,0.36976580546155646,201.14999999999998,79.40748979591837,-2.2082897959183665,-51.91199999999998,2.2082897959183665,51.91199999999998,5.009191409191724,164.0,True
4-9-18_Schnable_49-544-js163-234_2018-04-11_09-54-34_9995100,0,36.1307,-146.143,32.453059183673474,-142.40749999999997,0.20418200203270517,142.40749999999997,57.546940816326526,-3.677640816326523,3.7355000000000302,3.677640816326523,3.7355000000000302,0.8127103875731647,82.0,True
4-9-18_Schnable_49-544-js163-234_2018-04-11_09-54-34_9995100,1,26.417,24.084,27.1982142857143,23.495499999999993,0.2566590231205366,336.5045,62.8017857142857,0.7812142857142987,-0.5885000000000105,0.7812142857142987,0.5885000000000105,1.4691617019678127,111.0,True
4-9-18_Schnable_49-544-js163-234_2018-04-11_09-54-34_9995100,2,29.4546,-162.95,37.00099387755104,-157.3524,0.38986365583952254,157.3524,52.99900612244896,7.54639387755104,5.5976,7.54639387755104,5.5976,2.027185670773566,180.0,True
4-9-18_Schnable_49-544-js163-234_2018-04-11_09-54-34_9995100,3,18.3172,26.1537,21.598081632653034,44.358299999999986,0.38681044671755227,315.6417,68.40191836734697,3.280881632653035,18.20459999999997,3.280881632653035,18.20459999999997,3.3256809162025336,182.0,True
4-9-18_Schnable_49-544-js163-234_2018-04-11_09-54-34_9995100,4,19.7771,179.423,21.86638979591838,-157.4456,0.44291543374354825,157.4456,68.13361020408162,2.089289795918379,23.131399999999985,2.089289795918379,23.131399999999985,3.251904789211011,208.0,True
4-9-18_Schnable_49-544-js163-234_2018-04-11_09-54-34_9995100,5,25.1386,33.0634,6.44134693877551,32.11669999999998,0.5443258139668912,327.8833,83.55865306122449,-18.69725306122449,-0.9467000000000212,18.69725306122449,0.9467000000000212,9.44028617563373,272.0,False
4-9-18_Schnable_49-544-js163-234_2018-04-11_09-54-34_9995100,6,43.1398,-109.252,21.588797959183623,-110.3151,0.11129968025223426,110.3151,68.41120204081638,-21.55100204081638,-1.06310000000002,21.55100204081638,1.06310000000002,1.177967053147822,54.0,True
4-9-18_Schnable_49-544-js163-234_2018-04-11_09-54-34_9995100,7,31.906,-127.376,10.884767346938773,56.02760000000001,0.45131189890233614,303.9724,79.11523265306123,-21.021232653061226,-176.59640000000002,21.021232653061226,176.59640000000002,5.866020349332218,227.0,False
4-9-18_Schnable_49-544-js163-234_2018-04-11_09-54-34_9995100,8,12.4966,54.1696,21.792253061224486,-156.1403,0.49171025225229936,156.1403,68.20774693877551,9.295653061224485,149.69010000000003,9.295653061224485,149.69010000000003,2.9324643404610105,229.0,True
4-9-18_Schnable_49-545-js208-327_2018-04-11_09-56-50_9995200,0,42.573,16.6511,55.678116326530606,0.5110000000000241,0.24436174848059306,359.489,34.321883673469394,13.105116326530606,-16.14009999999996,13.105116326530606,16.14009999999996,1.8303739222676523,81.0,True
4-9-18_Schnable_49-545-js208-327_2018-04-11_09-56-50_9995200,1,29.2656,178.358,27.897206122448964,-176.93270000000004,0.2962339983750952,176.93270000000004,62.102793877551036,-1.3683938775510356,4.709299999999985,1.3683938775510356,4.709299999999985,4.288483497590246,132.0,True
4-9-18_Schnable_49-545-js208-327_2018-04-11_09-56-50_9995200,2,23.1841,10.9269,28.52441836734691,22.652499999999975,0.4037397670533048,337.3475,61.47558163265309,5.34031836734691,11.725599999999986,5.34031836734691,11.725599999999986,3.650142538619177,182.0,True
4-9-18_Schnable_49-545-js208-327_2018-04-11_09-56-50_9995200,3,19.5432,159.165,25.568985714285745,174.45270000000005,0.5464495301304001,185.54729999999998,64.43101428571426,6.025785714285746,15.287700000000058,6.025785714285746,15.287700000000058,8.420509354883706,257.0,False
4-9-18_Schnable_49-545-js208-327_2018-04-11_09-56-50_9995200,4,18.4079,-18.1617,27.07156734693877,7.111499999999978,0.5901630762837031,352.8885,62.92843265306123,8.66366734693877,25.273199999999974,8.66366734693877,25.273199999999974,4.577069771796699,255.0,True
4-9-18_Schnable_49-545-js208-327_2018-04-11_09-56-50_9995200,5,22.4849,-164.844,26.619820408163264,-174.8479,0.5324403724709612,174.8479,63.380179591836736,4.134920408163264,-10.003900000000016,4.134920408163264,10.003900000000016,9.015717717407473,245.0,False
4-9-18_Schnable_49-545-js208-327_2018-04-11_09-56-50_9995200,6,14.8447,36.5156,14.79390612244896,-15.126599999999996,0.3365898360192613,15.126600000000002,75.20609387755104,-0.05079387755104037,-51.6422,0.05079387755104037,51.6422,2.4287277008103896,168.0,True
4-9-18_Schnable_49-545-js208-327_2018-04-11_09-56-50_9995200,7,20.3419,150.976,11.934681632653039,159.07150000000001,0.17835385202359325,200.9285,78.06531836734696,-8.40721836734696,8.095500000000015,8.40721836734696,8.095500000000015,1.1549889899988974,87.0,True
4-9-18_Schnable_49-547-js135-196_2018-04-11_10-01-20_9995400,0,51.0281,-90.0209,43.20423877551019,-89.281,0.2706613106711193,89.281,46.79576122448981,-7.823861224489811,0.7398999999999774,7.823861224489811,0.7398999999999774,1.2630848505431491,103.0,True
4-9-18_Schnable_49-547-js135-196_2018-04-11_10-01-20_9995400,1,39.2254,75.2557,41.98274285714285,75.15780000000001,0.2581009498516814,284.8422,48.01725714285715,2.757342857142852,-0.09789999999998145,2.757342857142852,0.09789999999998145,1.313925683875632,118.0,True
4-9-18_Schnable_49-547-js135-196_2018-04-11_10-01-20_9995400,2,38.6613,-114.817,40.494506122448975,-121.7721,0.3554976706829539,121.7721,49.505493877551025,1.8332061224489777,-6.955100000000016,1.8332061224489777,6.955100000000016,1.557591821813575,161.0,True
4-9-18_Schnable_49-547-js135-196_2018-04-11_10-01-20_9995400,3,31.6705,81.8338,31.11810408163263,83.40560000000005,0.2753494947459623,276.59439999999995,58.88189591836737,-0.5523959183673703,1.571800000000053,0.5523959183673703,1.571800000000053,2.5385767001043478,107.0,True
4-9-18_Schnable_49-547-js135-196_2018-04-11_10-01-20_9995400,4,34.906,-82.5464,37.503014285714286,-89.3664,0.37800141291844835,89.3664,52.496985714285714,2.5970142857142875,-6.819999999999993,2.5970142857142875,6.819999999999993,1.9238014495281186,166.0,True
4-9-18_Schnable_49-547-js135-196_2018-04-11_10-01-20_9995400,5,30.5557,82.5333,28.889122448979563,84.98880000000008,0.33041167669216137,275.0111999999999,61.11087755102044,-1.6665775510204384,2.455500000000086,1.6665775510204384,2.455500000000086,2.0671333641111813,141.0,True
4-9-18_Schnable_49-547-js135-196_2018-04-11_10-01-20_9995400,6,28.5552,-91.9671,24.477242857142855,-100.9428,0.499907437903246,100.9428,65.52275714285715,-4.077957142857144,-8.975700000000018,4.077957142857144,8.975700000000018,2.5485810526533297,228.0,True
4-9-18_Schnable_49-547-js135-196_2018-04-11_10-01-20_9995400,7,18.945,94.8624,18.618289795918372,93.56890000000004,0.5847266878054999,266.43109999999996,71.38171020408163,-0.3267102040816283,-1.2934999999999377,0.3267102040816283,1.2934999999999377,4.706571674545687,267.0,True
4-9-18_Schnable_49-547-js135-196_2018-04-11_10-01-20_9995400,8,12.8192,-97.3701,8.855291836734722,160.05510000000004,0.35363134288378884,199.9449,81.14470816326528,-3.9639081632652786,-102.57479999999998,3.9639081632652786,102.57479999999998,3.007004780411793,177.0,True
4-9-18_Schnable_49-547-js135-196_2018-04-11_10-01-20_9995400,9,21.9099,19.9276,9.702204081632686,55.997199999999964,0.2117037949333668,304.00280000000004,80.29779591836731,-12.207695918367314,36.06959999999998,12.207695918367314,36.06959999999998,1.4990707245390913,102.0,True
4-9-18_Schnable_49-548-js150-217_2018-04-11_10-03-36_9995500,0,15.5039,127.704,25.9207857142857,-66.10199999999998,0.35978605442975303,246.10199999999998,64.0792142857143,10.4168857142857,166.19400000000002,10.4168857142857,166.19400000000002,2.1499177262837463,160.0,True
4-9-18_Schnable_49-548-js150-217_2018-04-11_10-03-36_9995500,1,31.4767,37.836,30.95915714285715,-110.19119999999998,0.2968010846642811,290.1912,59.04084285714285,-0.5175428571428498,-148.0272,0.5175428571428498,148.0272,3.17745230986431,127.0,True
4-9-18_Schnable_49-548-js150-217_2018-04-11_10-03-36_9995500,2,23.6845,19.0933,26.952097959183682,-154.88170000000002,0.2523806377560073,334.8817,63.04790204081632,3.267597959183682,-173.97500000000002,3.267597959183682,173.97500000000002,1.5116691237419446,110.0,True
4-9-18_Schnable_49-548-js150-217_2018-04-11_10-03-36_9995500,3,38.7358,-18.9678,29.979922448979593,-20.683199999999943,0.382194459355021,200.6832,60.02007755102041,-8.755877551020404,-1.7153999999999314,8.755877551020404,1.7153999999999314,3.2262702750969887,186.0,True
4-9-18_Schnable_49-548-js150-217_2018-04-11_10-03-36_9995500,4,27.1551,154.909,25.81834489795918,150.23310000000004,0.4450141562420901,29.766899999999993,64.18165510204082,-1.3367551020408222,-4.675899999999956,1.3367551020408222,4.675899999999956,2.986204201111949,209.0,True
4-9-18_Schnable_49-548-js150-217_2018-04-11_10-03-36_9995500,5,25.395,-174.453,0.2340877551020384,-91.11199999999997,0.3663414717387024,271.11199999999997,89.76591224489796,-25.16091224489796,83.34100000000001,25.16091224489796,83.34100000000001,3.948877744352639,185.0,True
4-9-18_Schnable_49-548-js150-217_2018-04-11_10-03-36_9995500,6,11.0538,-4.3001,25.64634897959185,2.624900000000025,0.4483252184702017,177.37509999999997,64.35365102040815,14.592548979591848,6.925000000000011,14.592548979591848,6.925000000000011,3.2169614571505676,200.0,True
4-9-18_Schnable_49-550-js289-293_2018-04-11_10-08-08_9995700,0,21.6218,-51.9184,21.10169795918368,-30.21210000000002,0.28790081554371455,30.212100000000014,68.89830204081632,-0.5201020408163188,21.70629999999997,0.5201020408163188,21.70629999999997,2.509372783449445,131.0,True
4-9-18_Schnable_49-550-js289-293_2018-04-11_10-08-08_9995700,1,28.2249,102.267,32.22077755102041,90.06030000000004,0.3893777253623967,269.93969999999996,57.77922244897959,3.99587755102041,-12.206699999999955,3.99587755102041,12.206699999999955,3.026459738834185,167.0,True
4-9-18_Schnable_49-550-js289-293_2018-04-11_10-08-08_9995700,2,27.1931,-93.3578,17.69551020408163,-37.02079999999998,0.46433513577575874,37.02079999999999,72.30448979591837,-9.497589795918373,56.33700000000002,9.497589795918373,56.33700000000002,7.184940439022901,213.0,False
4-9-18_Schnable_49-550-js289-293_2018-04-11_10-08-08_9995700,3,35.7994,115.046,28.21425918367347,113.43450000000001,0.42175046336733124,246.5655,61.78574081632653,-7.585140816326529,-1.6114999999999782,7.585140816326529,1.6114999999999782,2.003271127355367,191.0,True
4-9-18_Schnable_49-550-js289-293_2018-04-11_10-08-08_9995700,4,22.3852,-76.4192,21.484502040816324,-37.605999999999995,0.5188033251138926,37.60600000000001,68.51549795918368,-0.9006979591836775,38.813199999999995,0.9006979591836775,38.813199999999995,7.249881448645584,244.0,False
4-9-18_Schnable_49-550-js289-293_2018-04-11_10-08-08_9995700,5,32.9343,109.748,21.322544897959204,120.67009999999993,0.39800529859483297,239.32990000000004,68.6774551020408,-11.611755102040796,10.922099999999944,11.611755102040796,10.922099999999944,3.236168505971294,192.0,True
4-9-18_Schnable_49-550-js289-293_2018-04-11_10-08-08_9995700,6,24.3248,-95.6063,6.80031020408164,-39.4581,0.2053371518475032,39.458100000000016,83.19968979591836,-17.52448979591836,56.1482,17.52448979591836,56.1482,2.0646653857606645,99.0,True
4-9-18_Schnable_49-551-js153-222_2018-04-11_10-10-21_9995800,0,35.9635,172.253,30.073171428571406,166.644,0.19102114548958274,193.35599999999997,59.926828571428594,-5.890328571428597,-5.6089999999999804,5.890328571428597,5.6089999999999804,0.867814228633069,82.0,True
4-9-18_Schnable_49-551-js153-222_2018-04-11_10-10-21_9995800,1,25.6016,27.6807,24.80705306122448,29.6918,0.2791877106913086,330.3082,65.19294693877552,-0.7945469387755217,2.011099999999999,0.7945469387755217,2.011099999999999,2.6836938817463607,116.0,True
4-9-18_Schnable_49-551-js153-222_2018-04-11_10-10-21_9995800,2,33.4051,179.654,29.45201428571429,-171.5614,0.33710387863445446,171.5614,60.54798571428571,-3.953085714285706,8.784600000000012,3.953085714285706,8.784600000000012,1.906163026342828,155.0,True
4-9-18_Schnable_49-551-js153-222_2018-04-11_10-10-21_9995800,3,25.4081,21.5732,26.03183877551021,15.361699999999985,0.4099308202147205,344.6383,63.96816122448979,0.6237387755102084,-6.211500000000001,0.6237387755102084,6.211500000000001,3.1135853781641463,167.0,True
4-9-18_Schnable_49-551-js153-222_2018-04-11_10-10-21_9995800,4,22.3017,166.973,20.19511020408163,168.55600000000004,0.4718610293834369,191.44399999999996,69.80488979591837,-2.106589795918371,1.5830000000000268,2.106589795918371,1.5830000000000268,3.3529329895477162,239.0,True
4-9-18_Schnable_49-551-js153-222_2018-04-11_10-10-21_9995800,5,22.1831,35.1176,9.331940816326565,-172.7688,0.35137595819274586,172.7688,80.66805918367344,-12.851159183673435,152.11360000000002,12.851159183673435,152.11360000000002,3.389338196744377,186.0,True
4-9-18_Schnable_49-551-js153-222_2018-04-11_10-10-21_9995800,6,10.6599,-170.655,15.421165306122475,25.422900000000027,0.41988399230709006,334.5771,74.57883469387752,4.761265306122475,-163.9221,4.761265306122475,163.9221,4.00477786504653,186.0,True
4-9-18_Schnable_49-552-js172-249_2018-04-11_10-12-34_9995900,0,34.0411,80.6808,37.57392857142857,84.73590000000002,0.2426838496932448,275.2641,52.42607142857143,3.532828571428567,4.05510000000001,3.532828571428567,4.05510000000001,1.3637312139582034,115.0,True
4-9-18_Schnable_49-552-js172-249_2018-04-11_10-12-34_9995900,1,38.0626,-174.334,45.635563265306125,-178.1113,0.3661294208350558,178.1113,44.364436734693875,7.572963265306122,-3.7772999999999968,7.572963265306122,3.7772999999999968,2.419970895046665,175.0,True
4-9-18_Schnable_49-552-js172-249_2018-04-11_10-12-34_9995900,2,29.4043,46.8434,35.09309387755101,59.93810000000002,0.36557292664938273,300.0619,54.90690612244899,5.688793877551014,13.094700000000017,5.688793877551014,13.094700000000017,2.220704727978537,161.0,True
4-9-18_Schnable_49-552-js172-249_2018-04-11_10-12-34_9995900,3,25.33,171.677,34.05628571428573,-157.0249,0.3632573405714201,157.0249,55.94371428571427,8.72628571428573,31.298099999999977,8.72628571428573,31.298099999999977,4.387773532766963,174.0,True
4-9-18_Schnable_49-552-js172-249_2018-04-11_10-12-34_9995900,4,30.7689,36.1294,26.61418367346939,48.2971,0.4413132563524888,311.7029,63.38581632653061,-4.1547163265306075,12.167699999999996,4.1547163265306075,12.167699999999996,3.0495860585986962,188.0,True
4-9-18_Schnable_49-552-js172-249_2018-04-11_10-12-34_9995900,5,18.7289,-145.209,20.279497959183715,-168.95690000000002,0.36793130001415225,168.95690000000002,69.72050204081629,1.5505979591837153,-23.747900000000016,1.5505979591837153,23.747900000000016,3.2200079198144578,176.0,True
4-9-18_Schnable_49-552-js172-249_2018-04-11_10-12-34_9995900,6,15.6528,18.8744,7.747704081632662,45.0077,0.1782805453992381,314.9923,82.25229591836734,-7.905095918367337,26.13329999999999,7.905095918367337,26.13329999999999,1.5072168223743276,83.0,True
4-9-18_Schnable_49-553-js11-21_2018-04-11_10-14-49_9996000,0,39.1289,153.905,36.02266530612242,158.0424,0.19608986336442835,201.9576,53.97733469387758,-3.1062346938775818,4.137399999999985,3.1062346938775818,4.137399999999985,0.7281111723170488,87.0,True
4-9-18_Schnable_49-553-js11-21_2018-04-11_10-14-49_9996000,1,40.1547,-75.632,43.26807959183675,-78.575,0.2765988607984753,78.575,46.73192040816325,3.113379591836754,-2.9429999999999836,3.113379591836754,2.9429999999999836,1.4608522964314463,110.0,True
4-9-18_Schnable_49-553-js11-21_2018-04-11_10-14-49_9996000,2,25.7913,105.127,28.866765306122453,114.3204,0.3155694266604784,245.6796,61.13323469387755,3.075465306122453,9.193399999999997,3.075465306122453,9.193399999999997,1.890275870652408,141.0,True
4-9-18_Schnable_49-553-js11-21_2018-04-11_10-14-49_9996000,3,20.8892,-49.6665,28.846689795918387,-53.547799999999995,0.3757285865814205,53.5478,61.15331020408161,7.957489795918388,-3.88130000000001,7.957489795918388,3.88130000000001,2.487991641028764,160.0,True
4-9-18_Schnable_49-553-js11-21_2018-04-11_10-14-49_9996000,4,17.426,65.9552,19.808636734693877,79.0498,0.3538868893714152,280.9502,70.19136326530612,2.382636734693879,13.094600000000014,2.382636734693879,13.094600000000014,2.3353123248603724,158.0,True
4-9-18_Schnable_49-553-js11-21_2018-04-11_10-14-49_9996000,5,18.4954,-64.5301,19.238244897959177,-79.9409,0.37634510333481574,79.9409,70.76175510204082,0.7428448979591771,-15.410799999999995,0.7428448979591771,15.410799999999995,2.337813180187339,168.0,True
4-9-18_Schnable_49-553-js11-21_2018-04-11_10-14-49_9996000,6,17.1606,120.87,8.042930612244888,104.32,0.2163780793773637,255.68,81.95706938775511,-9.117669387755111,-16.55000000000001,9.117669387755111,16.55000000000001,1.557458072181973,97.0,True
4-9-18_Schnable_49-554-js55-84_2018-04-11_10-17-02_9996100,0,38.4671,-34.7375,43.907030612244895,-31.9957,0.31571085006339517,31.995700000000003,46.092969387755105,5.439930612244893,2.741800000000012,5.439930612244893,2.741800000000012,1.7023805485578938,151.0,True
4-9-18_Schnable_49-554-js55-84_2018-04-11_10-17-02_9996100,1,48.1422,156.277,60.853157142857114,158.5476,0.32226843671710714,201.45239999999998,29.146842857142882,12.710957142857112,2.2706000000000017,12.710957142857112,2.2706000000000017,1.549848572688196,157.0,True
4-9-18_Schnable_49-554-js55-84_2018-04-11_10-17-02_9996100,2,30.0534,-10.7209,37.17885918367346,-4.388900000000007,0.41760301222930063,4.3889,52.82114081632654,7.12545918367346,6.331999999999994,7.12545918367346,6.331999999999994,2.2550964102218787,190.0,True
4-9-18_Schnable_49-554-js55-84_2018-04-11_10-17-02_9996100,3,33.613,166.17,36.50725306122449,169.99080000000004,0.4789239079107631,190.0092,53.49274693877551,2.8942530612244894,3.820800000000048,2.8942530612244894,3.820800000000048,3.3893837955139143,212.0,True
4-9-18_Schnable_49-554-js55-84_2018-04-11_10-17-02_9996100,4,25.5986,-4.04605,23.134693877551015,-5.860500000000002,0.5599995879254898,5.8605,66.86530612244898,-2.4639061224489858,-1.8144499999999937,2.4639061224489858,1.8144499999999937,3.6157299377608747,276.0,True
4-9-18_Schnable_49-554-js55-84_2018-04-11_10-17-02_9996100,5,26.5711,-176.517,17.81707755102039,171.24710000000005,0.38994985732371135,188.75289999999998,72.18292244897961,-8.754022448979612,-12.235899999999901,8.754022448979612,12.235899999999901,4.015347704670746,184.0,True
4-9-18_Schnable_49-554-js55-84_2018-04-11_10-17-02_9996100,6,31.1969,-46.3036,9.733477551020414,-39.96090000000001,0.2450972119797056,39.9609,80.26652244897959,-21.463422448979586,6.342699999999979,21.463422448979586,6.342699999999979,2.900609651603435,120.0,True
4-9-18_Schnable_49-555-js4-12_2018-04-11_10-19-15_9996200,0,46.8527,-142.458,30.442908163265315,-158.39239999999998,0.36173398922420325,158.39239999999998,59.557091836734685,-16.409791836734684,-15.934399999999982,16.409791836734684,15.934399999999982,5.466922152502001,162.0,False
4-9-18_Schnable_49-555-js4-12_2018-04-11_10-19-15_9996200,1,18.559,83.1922,18.65048367346938,72.3852,0.33959303341431957,287.6148,71.34951632653062,0.09148367346938002,-10.807000000000016,0.09148367346938002,10.807000000000016,5.45044673328124,161.0,False
4-9-18_Schnable_49-555-js4-12_2018-04-11_10-19-15_9996200,2,40.2297,-139.312,35.50306938775511,-141.7633,0.39254153199518865,141.7633,54.49693061224489,-4.72663061224489,-2.451299999999975,4.72663061224489,2.451299999999975,6.936487615127378,185.0,False
4-9-18_Schnable_49-555-js4-12_2018-04-11_10-19-15_9996200,3,33.4075,49.0095,11.904755102040824,62.50140000000005,0.4534922399635247,297.49859999999995,78.09524489795918,-21.502744897959175,13.491900000000044,21.502744897959175,13.491900000000044,9.445901268733612,209.0,False
4-9-18_Schnable_49-555-js4-12_2018-04-11_10-19-15_9996200,4,37.4974,-151.53,22.274299999999997,-151.2216,0.551844398865955,151.2216,67.7257,-15.223100000000002,0.308400000000006,15.223100000000002,0.308400000000006,13.073038256592923,260.0,False
4-9-18_Schnable_49-555-js4-12_2018-04-11_10-19-15_9996200,5,27.4635,139.434,6.067030612244878,143.7569000000001,0.11351399619090957,216.24309999999988,83.93296938775512,-21.396469387755122,4.3229000000000894,21.396469387755122,4.3229000000000894,0.9116274830455885,55.0,True
4-9-18_Schnable_49-555-js4-12_2018-04-11_10-19-15_9996200,6,21.8065,14.9602,2.90118367346939,-68.55319999999998,0.17416200930941197,68.55319999999998,87.09881632653061,-18.90531632653061,-83.51339999999998,18.90531632653061,83.51339999999998,3.670541313988375,82.0,True
4-9-18_Schnable_49-555-js4-12_2018-04-11_10-19-15_9996200,7,38.2666,-102.995,34.962342857142865,-108.9546,0.46000667621203933,108.9546,55.037657142857135,-3.304257142857132,-5.959599999999995,3.304257142857132,5.959599999999995,5.112031491615504,218.0,True
4-9-18_Schnable_49-555-js4-12_2018-04-11_10-19-15_9996200,8,58.5006,158.727,31.538722448979577,175.53360000000004,0.24839923099557779,184.46639999999996,58.46127755102042,-26.96187755102042,16.80660000000003,26.96187755102042,16.80660000000003,3.260281787828736,109.0,True
4-9-18_Schnable_49-555-js4-12_2018-04-11_10-19-15_9996200,9,58.9095,-32.064,13.416291836734771,20.274,0.17609892466445026,339.726,76.58370816326523,-45.49320816326523,52.337999999999994,45.49320816326523,52.337999999999994,3.555996656145467,90.0,True
4-9-18_Schnable_49-555-js4-12_2018-04-11_10-19-15_9996200,10,10.5762,75.9473,49.71655918367342,-48.3785,0.2115721372600132,48.3785,40.28344081632658,39.14035918367342,-124.3258,39.14035918367342,124.3258,2.3526270900890123,91.0,True
4-9-18_Schnable_49-556-js213-334_2018-04-11_10-21-29_9996300,0,38.9062,25.0651,31.99166326530615,23.39339999999993,0.1456982394295517,336.60660000000007,58.00833673469385,-6.914536734693847,-1.6717000000000724,6.914536734693847,1.6717000000000724,0.7578507580509428,57.0,True
4-9-18_Schnable_49-556-js213-334_2018-04-11_10-21-29_9996300,1,27.8774,168.13,25.00687346938774,171.8274,0.2160556658571254,188.1726,64.99312653061226,-2.87052653061226,3.697400000000016,2.87052653061226,3.697400000000016,2.2445927401692316,95.0,True
4-9-18_Schnable_49-556-js213-334_2018-04-11_10-21-29_9996300,2,28.2477,-6.96479,33.90874489795919,-1.731899999999996,0.2880194056343902,1.7319,56.09125510204081,5.66104489795919,5.232889999999998,5.66104489795919,5.232889999999998,2.2941401048512953,127.0,True
4-9-18_Schnable_49-556-js213-334_2018-04-11_10-21-29_9996300,3,27.9998,-175.296,27.955404081632665,-176.552,0.3497140128210373,176.552,62.044595918367335,-0.044395918367335696,-1.2560000000000002,0.044395918367335696,1.2560000000000002,3.0473938715604385,147.0,True
4-9-18_Schnable_49-556-js213-334_2018-04-11_10-21-29_9996300,4,25.5815,4.11032,24.616248979591816,-5.291300000000007,0.27631888120877984,5.291300000000003,65.38375102040818,-0.9652510204081821,-9.401620000000008,0.9652510204081821,9.401620000000008,1.8173296855049668,125.0,True
4-9-18_Schnable_49-556-js213-334_2018-04-11_10-21-29_9996300,5,29.5004,-126.538,2.417651020408144,-105.8124,0.35530942399263254,105.8124,87.58234897959186,-27.082748979591855,20.725599999999986,27.082748979591855,20.725599999999986,2.9726175329702587,176.0,True
4-9-18_Schnable_49-556-js213-334_2018-04-11_10-21-29_9996300,6,11.3902,20.0114,18.933014285714307,-129.4553,0.3481009897757662,129.4553,71.06698571428569,7.542814285714307,-149.4667,7.542814285714307,149.4667,2.7047039690413484,185.0,True
4-9-18_Schnable_49-557-js134-195_2018-04-11_10-23-42_9996400,0,29.3242,145.514,34.037628571428584,141.47049999999996,0.266289955698466,218.52950000000004,55.962371428571416,4.713428571428583,-4.043500000000051,4.713428571428583,4.043500000000051,3.3382436378015843,118.0,True
4-9-18_Schnable_49-557-js134-195_2018-04-11_10-23-42_9996400,1,32.5406,-4.62482,35.121681632653065,-2.6422000000000025,0.2208736763262397,2.6422,54.878318367346935,2.581081632653067,1.9826199999999972,2.581081632653067,1.9826199999999972,1.154192290048598,97.0,True
4-9-18_Schnable_49-557-js134-195_2018-04-11_10-23-42_9996400,2,28.3464,159.358,24.95284285714287,140.31169999999997,0.30778533336835223,219.6883,65.04715714285713,-3.39355714285713,-19.04630000000003,3.39355714285713,19.04630000000003,3.247364514506404,143.0,True
4-9-18_Schnable_49-557-js134-195_2018-04-11_10-23-42_9996400,3,28.2114,-30.629,26.981397959183695,-19.79759999999999,0.3222638165498899,19.797599999999996,63.018602040816305,-1.2300020408163057,10.831400000000002,1.2300020408163057,10.831400000000002,2.809742781334758,148.0,True
4-9-18_Schnable_49-557-js134-195_2018-04-11_10-23-42_9996400,4,27.3298,168.049,20.904893877551046,148.1331,0.3932573475897629,211.86689999999996,69.09510612244895,-6.424906122448952,-19.915899999999993,6.424906122448952,19.915899999999993,5.822674497315754,178.0,False
4-9-18_Schnable_49-557-js134-195_2018-04-11_10-23-42_9996400,5,31.5529,-4.95282,11.374967346938803,0.7391999999999825,0.3681716528280806,359.2608,78.6250326530612,-20.177932653061198,5.692019999999985,20.177932653061198,5.692019999999985,4.504785558696779,176.0,True
4-9-18_Schnable_49-557-js134-195_2018-04-11_10-23-42_9996400,6,28.0918,134.133,29.70970816326534,111.7849,0.2781982893074906,248.21509999999998,60.29029183673466,1.6179081632653407,-22.348100000000017,1.6179081632653407,22.348100000000017,2.316137234447585,122.0,True
4-9-18_Schnable_49-558-js94-131_2018-04-11_10-25-57_9996500,0,24.5461,-28.9876,25.047987755102028,-20.126300000000015,0.22517446539900557,20.12630000000001,64.95201224489797,0.5018877551020289,8.861299999999972,0.5018877551020289,8.861299999999972,1.2012142617545858,110.0,True
4-9-18_Schnable_49-558-js94-131_2018-04-11_10-25-57_9996500,1,22.0332,-2.53718,45.731800000000014,-11.407700000000006,0.3026058826026099,11.407699999999998,44.268199999999986,23.698600000000013,-8.870519999999999,23.698600000000013,8.870519999999999,2.4957504520094846,148.0,True
4-9-18_Schnable_49-558-js94-131_2018-04-11_10-25-57_9996500,2,36.1903,-22.7511,19.933581632653045,99.21190000000001,0.124001218015344,260.7881,70.06641836734696,-16.256718367346956,121.96300000000002,16.256718367346956,121.96300000000002,0.6561010684972707,54.0,True
4-9-18_Schnable_49-558-js94-131_2018-04-11_10-25-57_9996500,3,30.2748,102.741,32.058473469387785,-16.518,0.2996100337697902,16.518,57.941526530612215,1.7836734693877858,-119.259,1.7836734693877858,119.259,2.2104549455129017,144.0,True
4-9-18_Schnable_49-558-js94-131_2018-04-11_10-25-57_9996500,4,29.4824,-17.0258,0.6365387755101892,-147.19590000000036,0.15683034837229254,147.19590000000036,89.36346122448981,-28.84586122448981,-130.17010000000036,28.84586122448981,130.17010000000036,1.5511427265854834,80.0,True
4-9-18_Schnable_49-558-js94-131_2018-04-11_10-25-57_9996500,5,14.0093,13.1593,22.937302040816277,135.17129999999997,0.2320245040913928,224.8287,67.06269795918372,8.928002040816278,122.01199999999994,8.928002040816278,122.01199999999994,1.5391816563479999,114.0,True
4-9-18_Schnable_49-559-js53-82_2018-04-11_10-28-12_9996600,0,57.8742,105.897,70.10945918367344,98.5822,0.21623263999141007,261.4178,19.890540816326563,12.235259183673435,-7.314799999999991,12.235259183673435,7.314799999999991,1.4301934211970244,107.0,True
4-9-18_Schnable_49-559-js53-82_2018-04-11_10-28-12_9996600,1,33.5156,-102.695,33.27071428571426,-98.63810000000001,0.23316221590448113,98.63810000000001,56.72928571428574,-0.24488571428573636,4.056899999999985,0.24488571428573636,4.056899999999985,1.2505311358955549,97.0,True
4-9-18_Schnable_49-559-js53-82_2018-04-11_10-28-12_9996600,2,40.3695,135.838,56.63365102040815,130.49740000000008,0.3627935669113578,229.50259999999994,33.36634897959185,16.26415102040815,-5.34059999999991,16.26415102040815,5.34059999999991,3.0678411600098965,175.0,True
4-9-18_Schnable_49-559-js53-82_2018-04-11_10-28-12_9996600,3,40.6022,-50.0829,48.37784081632654,-57.414700000000025,0.3160771208658883,57.414700000000025,41.62215918367346,7.775640816326536,-7.331800000000015,7.775640816326536,7.331800000000015,2.0937374927762953,157.0,True
4-9-18_Schnable_49-559-js53-82_2018-04-11_10-28-12_9996600,4,45.7285,141.013,53.656379591836725,127.25130000000001,0.35265741161537795,232.74869999999996,36.343620408163275,7.927879591836728,-13.76169999999999,7.927879591836728,13.76169999999999,2.340983533968061,174.0,True
4-9-18_Schnable_49-559-js53-82_2018-04-11_10-28-12_9996600,5,36.8654,-59.0698,42.7330306122449,-61.52450000000002,0.488782601400179,61.52450000000001,47.2669693877551,5.867630612244902,-2.4547000000000025,5.867630612244902,2.4547000000000025,3.732030651866575,236.0,True
4-9-18_Schnable_49-559-js53-82_2018-04-11_10-28-12_9996600,6,24.726,112.464,29.453826530612247,116.75599999999997,0.4904019296345743,243.24400000000003,60.54617346938775,4.727826530612248,4.291999999999973,4.727826530612248,4.291999999999973,4.92847278355838,228.0,True
4-9-18_Schnable_49-559-js53-82_2018-04-11_10-28-12_9996600,7,38.362,-45.4935,20.778610204081588,104.35140000000001,0.26946653113835467,255.6486,69.22138979591841,-17.583389795918414,149.8449,17.583389795918414,149.8449,2.016953483520395,127.0,True
4-9-18_Schnable_49-559-js53-82_2018-04-11_10-28-12_9996600,8,26.3415,96.7347,19.176191836734702,-55.287800000000004,0.37694845994681414,55.287800000000004,70.8238081632653,-7.165308163265298,-152.0225,7.165308163265298,152.0225,2.616253586584037,178.0,True
4-9-18_Schnable_49-560-js9-17_2018-04-11_10-30-26_9996700,0,35.3663,20.0511,32.36813877551021,23.413200000000074,0.35636084192889833,336.5867999999999,57.63186122448979,-2.9981612244897917,3.3621000000000834,2.9981612244897917,3.3621000000000834,1.7863847396318606,167.0,True
4-9-18_Schnable_49-560-js9-17_2018-04-11_10-30-26_9996700,1,29.5237,169.766,32.11411020408162,174.15370000000001,0.39904484141090263,185.84629999999999,57.88588979591838,2.5904102040816177,4.387700000000024,2.5904102040816177,4.387700000000024,5.401775965672936,192.0,True
4-9-18_Schnable_49-560-js9-17_2018-04-11_10-30-26_9996700,2,32.698,20.016,25.224508163265313,9.284299999999973,0.4413281079234568,350.7157,64.77549183673469,-7.473491836734688,-10.731700000000018,7.473491836734688,10.731700000000018,2.592806440821721,209.0,True
4-9-18_Schnable_49-560-js9-17_2018-04-11_10-30-26_9996700,3,30.6016,168.742,15.749797959183681,-174.1165,0.5091600623925793,174.1165,74.25020204081632,-14.85180204081632,17.141500000000008,14.85180204081632,17.141500000000008,9.633519351758354,231.0,False
4-9-18_Schnable_49-560-js9-17_2018-04-11_10-30-26_9996700,4,36.1689,109.145,7.70754897959182,148.5188,0.20193910392615091,211.4812,82.29245102040818,-28.46135102040818,39.37380000000002,28.46135102040818,39.37380000000002,1.3837392329874971,100.0,True
4-9-18_Schnable_49-560-js9-17_2018-04-11_10-30-26_9996700,5,59.7945,-0.174737,19.334538775510197,-21.579700000000003,0.5382588717284393,21.579699999999995,70.6654612244898,-40.4599612244898,-21.40496300000001,40.4599612244898,21.40496300000001,4.602780280306783,264.0,True
4-9-18_Schnable_49-560-js9-17_2018-04-11_10-30-26_9996700,6,61.6684,-17.3415,27.20767142857141,-124.78939999999999,0.43687294553591277,124.78939999999999,62.79232857142859,-34.46072857142859,-107.44789999999999,34.46072857142859,107.44789999999999,4.515473428589276,200.0,True
4-9-18_Schnable_49-560-js9-17_2018-04-11_10-30-26_9996700,7,28.372,-151.917,20.585551020408175,-17.94460000000001,0.5451312099732978,17.944599999999998,69.41444897959182,-7.786448979591825,133.9724,7.786448979591825,133.9724,2.885421735260111,243.0,True
4-9-18_Schnable_49-561-js71-101_2018-04-11_10-32-39_9996800,0,13.4918,4.92275,10.480661224489793,5.035300000000063,0.26074798052059295,354.96469999999994,79.5193387755102,-3.011138775510206,0.11255000000005566,3.011138775510206,0.11255000000005566,2.6066066341254133,124.0,True
4-9-18_Schnable_49-561-js71-101_2018-04-11_10-32-39_9996800,1,22.2193,153.691,21.155642857142865,156.18400000000003,0.2754410263480861,203.81599999999997,68.84435714285713,-1.063657142857135,2.4930000000000234,1.063657142857135,2.4930000000000234,1.4623693933139132,110.0,True
4-9-18_Schnable_49-561-js71-101_2018-04-11_10-32-39_9996800,2,13.6127,5.26346,14.05656326530611,9.27800000000002,0.38147711344875024,350.722,75.94343673469389,0.44386326530610987,4.014540000000011,0.44386326530610987,4.014540000000011,3.989546010974717,177.0,True
4-9-18_Schnable_49-561-js71-101_2018-04-11_10-32-39_9996800,3,9.24624,-177.102,18.64863469387754,179.2953,0.34752865162177865,180.70469999999997,71.35136530612246,9.40239469387754,-3.602700000000027,9.40239469387754,3.602700000000027,2.313120977791157,161.0,True
4-9-18_Schnable_49-561-js71-101_2018-04-11_10-32-39_9996800,4,16.5776,7.14387,15.511175510204097,-5.036100000000005,0.4078914224536634,5.0361,74.4888244897959,-1.066424489795903,-12.179969999999997,1.066424489795903,12.179969999999997,3.05038741771429,196.0,True
4-9-18_Schnable_49-561-js71-101_2018-04-11_10-32-39_9996800,5,30.6536,174.022,19.52916530612248,-171.90579999999997,0.36155294829575213,171.90579999999997,70.47083469387752,-11.124434693877522,14.072200000000066,11.124434693877522,14.072200000000066,1.9751879523945388,161.0,True
4-9-18_Schnable_49-561-js71-101_2018-04-11_10-32-39_9996800,6,30.2524,35.4715,13.835767346938795,-152.4396,0.24224459441096158,152.4396,76.1642326530612,-16.416632653061207,172.08889999999997,16.416632653061207,172.08889999999997,1.9770796487008937,123.0,True
4-9-18_Schnable_49-561-js71-101_2018-04-11_10-32-39_9996800,7,23.7916,-151.568,19.555091836734718,63.45060000000001,0.27833654632023425,296.5494,70.44490816326528,-4.236508163265281,-144.9814,4.236508163265281,144.9814,1.8139891381506499,130.0,True
4-9-18_Schnable_49-562-js206-322_2018-04-11_10-34-53_9996900,0,30.328,164.491,4.8288306122449,174.65009999999995,0.10759164771100121,185.34990000000002,85.1711693877551,-25.4991693877551,10.159099999999938,25.4991693877551,10.159099999999938,2.0088914747904747,41.0,True
4-9-18_Schnable_49-562-js206-322_2018-04-11_10-34-53_9996900,1,33.6119,34.1163,35.832897959183676,32.84889999999996,0.2176560344871185,327.15110000000004,54.167102040816324,2.220997959183677,-1.2674000000000376,2.220997959183677,1.2674000000000376,0.9818338257727297,90.0,True
4-9-18_Schnable_49-562-js206-322_2018-04-11_10-34-53_9996900,2,20.5273,-173.688,14.750824489795903,-159.9783,0.2567030105800891,159.9783,75.2491755102041,-5.776475510204097,13.709699999999998,5.776475510204097,13.709699999999998,2.833271804626643,122.0,True
4-9-18_Schnable_49-562-js206-322_2018-04-11_10-34-53_9996900,3,24.7436,-3.92314,33.69916734693879,7.494399999999985,0.37258813674922936,352.5056,56.30083265306121,8.955567346938793,11.417539999999974,8.955567346938793,11.417539999999974,2.9778520735914333,167.0,True
4-9-18_Schnable_49-562-js206-322_2018-04-11_10-34-53_9996900,4,14.0336,168.018,33.96258163265308,172.65100000000007,0.49135891366555323,187.34899999999996,56.03741836734692,19.928981632653077,4.633000000000067,19.928981632653077,4.633000000000067,9.741604273977714,228.0,False
4-9-18_Schnable_49-562-js206-322_2018-04-11_10-34-53_9996900,5,14.3266,-23.5854,16.706136734693885,1.501199999999983,0.35947026438102164,358.4988,73.29386326530611,2.379536734693886,25.086599999999976,2.379536734693886,25.086599999999976,2.6944828930830926,165.0,True
4-9-18_Schnable_49-562-js206-322_2018-04-11_10-34-53_9996900,6,44.3153,101.76,19.312316326530606,-8.986099999999993,0.16832523733550434,8.986100000000004,70.6876836734694,-25.002983673469394,-110.7461,25.002983673469394,110.7461,3.5136596577117727,76.0,True
4-9-18_Schnable_49-562-js206-322_2018-04-11_10-34-53_9996900,7,38.4895,-4.17554,19.92394081632655,89.00080000000003,0.34532105766412663,270.9992,70.07605918367345,-18.56555918367345,93.17634000000004,18.56555918367345,93.17634000000004,3.831164823829493,159.0,True
4-9-18_Schnable_49-563-js73-104_2018-04-11_10-37-07_9997000,0,170.667,42.0155,49.527932653061214,40.228500000000054,0.1723164056051411,319.77149999999995,40.472067346938786,-121.13906734693879,-1.7869999999999493,121.13906734693879,1.7869999999999493,5.218102795135442,88.0,True
4-9-18_Schnable_49-563-js73-104_2018-04-11_10-37-07_9997000,1,38.3628,163.103,36.70808163265307,165.0951,0.1990722254790442,194.9049,53.29191836734693,-1.6547183673469306,1.9920999999999935,1.6547183673469306,1.9920999999999935,1.7648108840547578,89.0,True
4-9-18_Schnable_49-563-js73-104_2018-04-11_10-37-07_9997000,2,28.7989,-41.7753,30.807877551020418,-44.69560000000001,0.26928517890570963,44.6956,59.19212244897958,2.0089775510204184,-2.9202999999999975,2.0089775510204184,2.9202999999999975,1.3356170714005176,123.0,True
4-9-18_Schnable_49-563-js73-104_2018-04-11_10-37-07_9997000,3,22.5233,-179.733,34.031457142857136,173.11750000000006,0.41906405688980003,186.88249999999996,55.968542857142864,11.508157142857137,-7.149499999999989,11.508157142857137,7.149499999999989,2.6222232750006813,196.0,True
4-9-18_Schnable_49-563-js73-104_2018-04-11_10-37-07_9997000,4,21.8756,-20.5345,20.849175510204063,-16.44040000000001,0.42467190443871883,16.440399999999997,69.15082448979594,-1.0264244897959358,4.094099999999997,1.0264244897959358,4.094099999999997,2.800460821798779,205.0,True
4-9-18_Schnable_49-563-js73-104_2018-04-11_10-37-07_9997000,5,11.5975,152.658,21.106046938775506,179.8551,0.516703649981358,180.14489999999998,68.8939530612245,9.508546938775506,27.197100000000006,9.508546938775506,27.197100000000006,4.750841329525552,238.0,True
4-9-18_Schnable_49-563-js73-104_2018-04-11_10-37-07_9997000,6,30.4429,-19.0087,10.986065306122455,161.04390000000006,0.2475817320427507,198.95609999999994,79.01393469387754,-19.456834693877546,-179.9473999999999,19.456834693877546,179.9473999999999,3.149102146111188,115.0,True
4-9-18_Schnable_49-563-js73-104_2018-04-11_10-37-07_9997000,7,16.046,151.704,17.283244897959207,-25.081499999999977,0.3816521799969712,25.081499999999988,72.71675510204079,1.237244897959208,-176.78549999999998,1.237244897959208,176.78549999999998,5.022930460733655,190.0,True
4-9-18_Schnable_49-564-js267-426_2018-04-11_10-39-20_9997100,0,36.5287,152.024,17.4741367346939,145.2831,0.12414592076986511,214.71690000000004,72.5258632653061,-19.0545632653061,-6.7409000000000106,19.0545632653061,6.7409000000000106,0.6715453422730001,50.0,True
4-9-18_Schnable_49-564-js267-426_2018-04-11_10-39-20_9997100,1,31.3041,134.712,25.53684693877551,144.75460000000004,0.3044838936433525,215.24539999999996,64.46315306122449,-5.767253061224487,10.04260000000005,5.767253061224487,10.04260000000005,3.209858100767015,141.0,True
4-9-18_Schnable_49-564-js267-426_2018-04-11_10-39-20_9997100,2,35.9502,-39.763,42.60573673469391,-47.832599999999985,0.1775098934186529,47.83259999999999,47.39426326530609,6.655536734693911,-8.06959999999998,6.655536734693911,8.06959999999998,2.1197598984017683,75.0,True
4-9-18_Schnable_49-564-js267-426_2018-04-11_10-39-20_9997100,3,21.6655,-16.8451,22.530773469387753,-24.5839,0.3069803465083777,24.5839,67.46922653061225,0.865273469387752,-7.738799999999998,0.865273469387752,7.738799999999998,3.526633381447676,141.0,True
4-9-18_Schnable_49-564-js267-426_2018-04-11_10-39-20_9997100,4,25.2959,152.736,29.986406122448997,137.5824,0.41564851044953194,222.41759999999996,60.013593877551,4.690506122448998,-15.153599999999983,4.690506122448998,15.153599999999983,2.2083159196559117,185.0,True
4-9-18_Schnable_49-564-js267-426_2018-04-11_10-39-20_9997100,5,15.5833,-5.92061,22.085004081632647,-5.272099999999995,0.43537898303651357,5.272100000000001,67.91499591836735,6.5017040816326475,0.6485100000000159,6.5017040816326475,0.6485100000000159,3.5996149478296666,197.0,True
4-9-18_Schnable_49-564-js267-426_2018-04-11_10-39-20_9997100,6,33.831,152.377,18.53519591836735,-44.3476,0.295429315690391,44.347599999999986,71.46480408163265,-15.295804081632653,163.2754,15.295804081632653,163.2754,1.7056083661179413,125.0,True
4-9-18_Schnable_49-564-js267-426_2018-04-11_10-39-20_9997100,7,17.5468,-19.8586,18.606291836734684,149.30970000000002,0.2943689776500879,210.69029999999998,71.39370816326532,1.0594918367346828,169.16830000000004,1.0594918367346828,169.16830000000004,1.6754961746743144,145.0,True
4-9-18_Schnable_49-565-js186-289_2018-04-11_10-41-41_9997200,0,37.0283,111.843,33.41973265306121,125.14610000000005,0.2620594383011292,234.85389999999995,56.58026734693879,-3.6085673469387913,13.303100000000029,3.6085673469387913,13.303100000000029,0.9552462573844671,118.0,True
4-9-18_Schnable_49-565-js186-289_2018-04-11_10-41-41_9997200,1,29.0528,-84.2686,39.615461224489806,-90.8126,0.38395339928394684,90.8126,50.384538775510194,10.562661224489805,-6.543999999999983,10.562661224489805,6.543999999999983,2.1257049398465058,190.0,True
4-9-18_Schnable_49-565-js186-289_2018-04-11_10-41-41_9997200,2,30.878,-123.847,41.40054081632654,-122.80920000000002,0.4626907164876307,122.80920000000002,48.59945918367346,10.52254081632654,1.0377999999999759,10.52254081632654,1.0377999999999759,3.1319248682029834,214.0,True
4-9-18_Schnable_49-565-js186-289_2018-04-11_10-41-41_9997200,3,43.6736,88.4882,44.80141428571432,90.97109999999998,0.5022214912133933,269.0289,45.19858571428568,1.1278142857143223,2.4828999999999724,1.1278142857143223,2.4828999999999724,3.2301628116243286,238.0,True
4-9-18_Schnable_49-565-js186-289_2018-04-11_10-41-41_9997200,4,27.8804,-93.0591,29.135073469387763,-128.6088,0.5209037653586103,128.6088,60.86492653061224,1.254673469387761,-35.5497,1.254673469387761,35.5497,3.296871168294492,232.0,True
4-9-18_Schnable_49-565-js186-289_2018-04-11_10-41-41_9997200,5,44.5533,65.1106,30.64744081632655,57.220399999999984,0.4989518925542656,302.7796,59.35255918367345,-13.90585918367345,-7.890200000000021,13.90585918367345,7.890200000000021,5.19659945139966,232.0,True
4-9-18_Schnable_49-565-js186-289_2018-04-11_10-41-41_9997200,6,40.6273,-129.598,27.217914285714272,-94.876,0.4551014691854142,94.876,62.78208571428573,-13.409385714285726,34.72200000000001,13.409385714285726,34.72200000000001,2.8486332643970513,216.0,True
4-9-18_Schnable_49-565-js186-289_2018-04-11_10-41-41_9997200,7,27.0436,26.0296,10.579773469387746,40.950600000000065,0.20344813532973868,319.04939999999993,79.42022653061225,-16.463826530612256,14.921000000000078,16.463826530612256,14.921000000000078,1.7944066678405826,97.0,True
4-9-18_Schnable_49-566-js155-1-224_2018-04-11_10-43-54_9997300,0,14.1685,8.74993,6.155171428571435,9.667599999999993,0.17730286642306503,350.3324,83.84482857142856,-8.013328571428564,0.9176699999999869,8.013328571428564,0.9176699999999869,3.6750741429266243,85.0,True
4-9-18_Schnable_49-566-js155-1-224_2018-04-11_10-43-54_9997300,1,27.1238,165.827,22.089381632653073,167.7967,0.19377689313672788,192.2033,67.91061836734693,-5.034418367346927,1.969699999999989,5.034418367346927,1.969699999999989,0.8685023179456741,82.0,True
4-9-18_Schnable_49-566-js155-1-224_2018-04-11_10-43-54_9997300,2,26.7347,-21.8969,27.62584897959183,-26.373700000000014,0.2744171095963046,26.373700000000014,62.37415102040817,0.8911489795918293,-4.476800000000026,0.8911489795918293,4.476800000000026,1.5850344626441324,120.0,True
4-9-18_Schnable_49-566-js155-1-224_2018-04-11_10-43-54_9997300,3,32.1993,160.901,31.353265306122452,158.3968000000001,0.3222692061709523,201.60319999999993,58.64673469387755,-0.8460346938775487,-2.504199999999912,0.8460346938775487,2.504199999999912,1.5298517520061221,121.0,True
4-9-18_Schnable_49-566-js155-1-224_2018-04-11_10-43-54_9997300,4,30.7355,-32.4047,32.52922244897961,-36.244200000000006,0.3783920593360429,36.2442,57.47077755102039,1.7937224489796115,-3.8395000000000152,1.7937224489796115,3.8395000000000152,3.2975498964474763,174.0,True
4-9-18_Schnable_49-566-js155-1-224_2018-04-11_10-43-54_9997300,5,20.2007,165.464,25.11777551020407,160.5616,0.45163289081739955,199.43839999999997,64.88222448979593,4.917075510204068,-4.9024,4.917075510204068,4.9024,3.3894294248154417,192.0,True
4-9-18_Schnable_49-566-js155-1-224_2018-04-11_10-43-54_9997300,6,19.5287,-39.9744,11.877508163265276,-172.5285,0.21253172571302742,172.5285,78.12249183673472,-7.651191836734725,-132.5541,7.651191836734725,132.5541,1.8694879278491692,98.0,True
4-9-18_Schnable_49-566-js155-1-224_2018-04-11_10-43-54_9997300,7,19.4141,170.859,15.569010204081636,-45.1653,0.3499897279354285,45.165299999999995,74.43098979591836,-3.8450897959183656,143.97569999999996,3.8450897959183656,143.97569999999996,3.65923385220183,179.0,True
4-9-18_Schnable_49-567-js42-69_2018-04-11_10-46-08_9997400,0,27.7221,149.016,27.312206122448977,141.38080000000002,0.19360579000689637,218.61919999999998,62.68779387755102,-0.40989387755102413,-7.635199999999969,0.40989387755102413,7.635199999999969,0.9633266887314763,88.0,True
4-9-18_Schnable_49-567-js42-69_2018-04-11_10-46-08_9997400,1,27.695,-72.6546,22.513069387755138,-76.98830000000001,0.27330035363433225,76.98830000000001,67.48693061224486,-5.181930612244862,-4.333700000000022,5.181930612244862,4.333700000000022,1.6822792970326552,136.0,True
4-9-18_Schnable_49-567-js42-69_2018-04-11_10-46-08_9997400,2,35.6886,101.27,38.53506122448978,102.24970000000008,0.33185578530510196,257.7502999999999,51.46493877551022,2.8464612244897793,0.9797000000000935,2.8464612244897793,0.9797000000000935,2.0830346758490883,161.0,True
4-9-18_Schnable_49-567-js42-69_2018-04-11_10-46-08_9997400,3,17.8443,-57.9257,19.725183673469388,-62.158399999999986,0.4884589638890772,62.158399999999986,70.27481632653061,1.8808836734693877,-4.232699999999994,1.8808836734693877,4.232699999999994,4.953752742376471,225.0,True
4-9-18_Schnable_49-567-js42-69_2018-04-11_10-46-08_9997400,4,36.8737,15.4274,14.459157142857137,-31.19579999999999,0.4313087236549331,31.195800000000002,75.54084285714286,-22.414542857142862,-46.6232,22.414542857142862,46.6232,4.960344106533582,203.0,True
4-9-18_Schnable_49-567-js42-69_2018-04-11_10-46-08_9997400,5,45.3301,75.6149,25.122065306122465,90.4289,0.4227676567047791,269.5711,64.87793469387753,-20.208034693877536,14.813999999999993,20.208034693877536,14.813999999999993,3.999806547564496,179.0,True
4-9-18_Schnable_49-567-js42-69_2018-04-11_10-46-08_9997400,6,21.2792,109.179,0.44213673469386094,-11.439899999999739,0.12457579645807874,11.439899999999751,89.55786326530614,-20.83706326530614,-120.61889999999974,20.83706326530614,120.61889999999974,2.2234787668175673,60.0,True
4-9-18_Schnable_49-568-js57-86_2018-04-11_10-48-27_9997500,0,33.759,161.891,35.52331224489796,143.20159999999998,0.18066336107300188,216.79840000000002,54.47668775510204,1.7643122448979582,-18.689400000000006,1.7643122448979582,18.689400000000006,0.8043950552300604,78.0,True
4-9-18_Schnable_49-568-js57-86_2018-04-11_10-48-27_9997500,1,24.5708,41.258,7.642495918367359,17.969499999999982,0.2948156554160645,342.0305,82.35750408163264,-16.92830408163264,-23.288500000000028,16.92830408163264,23.288500000000028,5.2979742603559625,141.0,True
4-9-18_Schnable_49-568-js57-86_2018-04-11_10-48-27_9997500,2,22.8666,177.672,28.22452857142857,163.01440000000002,0.265728566593976,196.98559999999998,61.77547142857143,5.357928571428573,-14.657599999999974,5.357928571428573,14.657599999999974,1.7205027950689857,115.0,True
4-9-18_Schnable_49-568-js57-86_2018-04-11_10-48-27_9997500,3,25.9297,-0.512918,2.8567816326530533,-35.82140000000001,0.4365839016750971,35.821400000000004,87.14321836734695,-23.072918367346947,-35.308482000000026,23.072918367346947,35.308482000000026,8.596014941808138,203.0,False
4-9-18_Schnable_49-568-js57-86_2018-04-11_10-48-27_9997500,4,25.6318,-161.492,26.419338775510184,158.28449999999998,0.466310117648211,201.7155,63.580661224489816,0.7875387755101855,-40.22350000000006,0.7875387755101855,40.22350000000006,2.4540999264258323,193.0,True
4-9-18_Schnable_49-568-js57-86_2018-04-11_10-48-27_9997500,5,34.169,12.6523,13.257612244897956,-97.75979999999998,0.39062066244329263,97.75979999999998,76.74238775510204,-20.91138775510204,-110.41209999999998,20.91138775510204,110.41209999999998,3.4376631405529032,187.0,True
4-9-18_Schnable_49-568-js57-86_2018-04-11_10-48-27_9997500,6,38.8606,-23.4075,2.8499959183673695,-101.21579999999999,0.25448129303842076,101.21579999999999,87.15000408163263,-36.01060408163263,-77.80829999999999,36.01060408163263,77.80829999999999,2.111803708333192,128.0,True
4-9-18_Schnable_49-568-js57-86_2018-04-11_10-48-27_9997500,7,31.3587,-153.338,27.620348979591903,172.57849999999996,0.2691607005863363,187.4215,62.3796510204081,-3.7383510204080963,-34.08350000000007,3.7383510204080963,34.08350000000007,1.498654634212355,118.0,True
4-9-18_Schnable_49-568-js57-86_2018-04-11_10-48-27_9997500,8,14.1198,39.4354,95.62244897959118,23.384799999999927,0.024732154802721822,336.6152000000001,-5.62244897959118,81.50264897959119,-16.050600000000088,81.50264897959119,16.050600000000088,3.341082753207844,13.0,False
4-9-18_Schnable_49-569-js195-304_2018-04-11_10-50-37_9997600,0,40.4112,-99.6071,14.64614285714282,-91.78400000000002,0.09148444409073186,91.78400000000002,75.35385714285718,-25.76505714285718,7.823099999999982,25.76505714285718,7.823099999999982,1.0176346284119988,38.0,True
4-9-18_Schnable_49-569-js195-304_2018-04-11_10-50-37_9997600,1,28.867,-48.6526,22.455118367346927,-35.79429999999999,0.1656329191955944,35.79429999999999,67.54488163265307,-6.411881632653074,12.858300000000014,6.411881632653074,12.858300000000014,1.502162949585479,81.0,True
4-9-18_Schnable_49-569-js195-304_2018-04-11_10-50-37_9997600,2,30.4964,168.412,25.19575102040818,175.11379999999997,0.2117568383176554,184.8862,64.80424897959182,-5.30064897959182,6.701799999999963,5.30064897959182,6.701799999999963,1.2968954209630297,95.0,True
4-9-18_Schnable_49-569-js195-304_2018-04-11_10-50-37_9997600,3,29.9836,-14.298,33.52936734693876,-11.455600000000004,0.30465547670069354,11.4556,56.47063265306124,3.5457673469387636,2.842399999999998,3.5457673469387636,2.842399999999998,1.9986506835242894,139.0,True
4-9-18_Schnable_49-569-js195-304_2018-04-11_10-50-37_9997600,4,21.0421,162.439,25.9819551020408,161.9497,0.35742552911530656,198.05029999999996,64.0180448979592,4.939855102040799,-0.48929999999998586,4.939855102040799,0.48929999999998586,2.5662620555697013,170.0,True
4-9-18_Schnable_49-569-js195-304_2018-04-11_10-50-37_9997600,5,22.1986,-23.2834,26.604940816326547,-18.87979999999999,0.4400408557202632,18.879799999999992,63.39505918367345,4.406340816326548,4.4036000000000115,4.406340816326548,4.4036000000000115,2.918983009805738,213.0,True
4-9-18_Schnable_49-569-js195-304_2018-04-11_10-50-37_9997600,6,24.9178,175.95,27.22154897959185,158.66930000000002,0.45296888975724686,201.33069999999998,62.77845102040815,2.3037489795918518,-17.280699999999968,2.3037489795918518,17.280699999999968,3.3653894156762427,211.0,True
4-9-18_Schnable_49-569-js195-304_2018-04-11_10-50-37_9997600,7,20.6857,3.39037,19.967422448979562,125.59039999999999,0.28009638694346506,234.4096,70.03257755102044,-0.7182775510204387,122.20002999999997,0.7182775510204387,122.20002999999997,2.5206215884615597,140.0,True
4-9-18_Schnable_49-569-js195-304_2018-04-11_10-50-37_9997600,8,25.8199,155.109,16.536377551020408,-6.083499999999987,0.4225065227616115,6.0835,73.46362244897959,-9.283522448979593,-161.1925,9.283522448979593,161.1925,2.6873103555963076,201.0,True
4-9-18_Schnable_49-570-js223-353_2018-04-11_10-52-54_9997700,0,20.7285,88.6815,18.534522448979587,94.3843,0.26775962066349307,265.6157,71.46547755102041,-2.1939775510204136,5.702799999999996,2.1939775510204136,5.702799999999996,2.7805832701302347,116.0,True
4-9-18_Schnable_49-570-js223-353_2018-04-11_10-52-54_9997700,1,8.17202,107.877,12.802959183673465,140.51150000000007,0.37605193296300166,219.48849999999996,77.19704081632653,4.6309391836734655,32.63450000000006,4.6309391836734655,32.63450000000006,2.70955967238342,174.0,True
4-9-18_Schnable_49-570-js223-353_2018-04-11_10-52-54_9997700,2,96.2138,-23.7777,24.391469387755123,-0.005899999999996908,0.3666098921410549,0.005899999999999997,65.60853061224488,-71.82233061224488,23.771800000000013,71.82233061224488,23.771800000000013,3.4912986336527494,173.0,True
4-9-18_Schnable_49-570-js223-353_2018-04-11_10-52-54_9997700,3,30.5516,-45.89,24.05352653061226,-10.521500000000003,0.4300535691992995,10.521499999999998,65.94647346938774,-6.498073469387741,35.36849999999998,6.498073469387741,35.36849999999998,2.9707194171877354,200.0,True
4-9-18_Schnable_49-570-js223-353_2018-04-11_10-52-54_9997700,4,34.1873,151.974,21.117561224489805,153.0322,0.40374447439273176,206.9678,68.8824387755102,-13.069738775510196,1.0581999999999994,13.069738775510196,1.0581999999999994,2.7281989614980877,189.0,True
4-9-18_Schnable_49-570-js223-353_2018-04-11_10-52-54_9997700,5,37.3648,-30.827,22.352597959183655,-24.346599999999995,0.51380906427053,24.346599999999995,67.64740204081635,-15.012202040816348,6.480400000000003,15.012202040816348,6.480400000000003,3.364094144322153,247.0,True
4-9-18_Schnable_49-570-js223-353_2018-04-11_10-52-54_9997700,6,50.8664,-61.0792,17.554826530612246,-35.40810000000002,0.5581122276435179,35.40810000000001,72.44517346938775,-33.31157346938775,25.671099999999967,33.31157346938775,25.671099999999967,12.420771233608285,271.0,False
4-9-18_Schnable_49-570-js223-353_2018-04-11_10-52-54_9997700,7,43.6519,135.423,26.419163265306132,-138.5841,0.25058591965859306,138.5841,63.58083673469387,-17.232736734693866,85.99289999999996,17.232736734693866,85.99289999999996,2.582944669874154,103.0,True
4-9-18_Schnable_49-570-js223-353_2018-04-11_10-52-54_9997700,8,32.1568,-141.754,32.37066938775509,153.6078,0.4427842607131206,206.39219999999997,57.62933061224491,0.21386938775509634,-64.63819999999998,0.21386938775509634,64.63819999999998,4.699486861306014,216.0,True
4-9-18_Schnable_49-571-js265-424_2018-04-11_10-55-07_9997800,0,36.4777,167.715,30.846053061224474,167.7468,0.2676551695218467,192.25319999999996,59.153946938775526,-5.631646938775525,0.03180000000000405,5.631646938775525,0.03180000000000405,4.5094834651246964,122.0,True
4-9-18_Schnable_49-571-js265-424_2018-04-11_10-55-07_9997800,1,25.3387,-169.102,25.718128571428565,171.9425,0.2974394014058416,188.05749999999998,64.28187142857143,0.3794285714285657,-18.95550000000003,0.3794285714285657,18.95550000000003,1.7288542775769582,129.0,True
4-9-18_Schnable_49-571-js265-424_2018-04-11_10-55-07_9997800,2,56.9369,30.147,45.216281632653114,22.34140000000002,0.22543937288420599,337.6586,44.783718367346886,-11.720618367346887,-7.80559999999997,11.720618367346887,7.80559999999997,1.1569783180013065,101.0,True
4-9-18_Schnable_49-571-js265-424_2018-04-11_10-55-07_9997800,3,21.8951,-37.7143,21.481667346938792,-11.552400000000006,0.2091753210307421,11.5524,68.51833265306121,-0.41343265306120713,26.161900000000003,0.41343265306120713,26.161900000000003,1.7398626902495613,84.0,True
4-9-18_Schnable_49-571-js265-424_2018-04-11_10-55-07_9997800,4,50.0294,-151.881,45.63698367346939,-147.5188,0.23019925683904746,147.5188,44.36301632653061,-4.392416326530615,4.362200000000001,4.392416326530615,4.362200000000001,0.5962626010401751,96.0,True
4-9-18_Schnable_49-571-js265-424_2018-04-11_10-55-07_9997800,5,7.19369,118.255,33.38991428571425,-21.736699999999985,0.3187847373126652,21.7367,56.61008571428575,26.196224285714248,-139.99169999999998,26.196224285714248,139.99169999999998,2.1487996447428483,137.0,True
4-9-18_Schnable_49-571-js265-424_2018-04-11_10-55-07_9997800,6,33.6389,-19.8413,0.971934693877543,-97.50809999999997,0.26555219355609583,97.50809999999997,89.02806530612246,-32.66696530612246,-77.66679999999997,32.66696530612246,77.66679999999997,2.275008436495178,137.0,True
4-9-18_Schnable_49-572-js132-191_2018-04-11_10-57-24_9997900,0,23.2223,-19.6605,24.158810204081647,-29.605399999999975,0.2463578479125841,29.60539999999998,65.84118979591835,0.936510204081646,-9.944899999999961,0.936510204081646,9.944899999999961,1.617646865799908,117.0,True
4-9-18_Schnable_49-572-js132-191_2018-04-11_10-57-24_9997900,1,24.2223,161.331,32.46170816326534,171.38230000000004,0.36899275252101016,188.61769999999996,57.53829183673466,8.239408163265342,10.051300000000055,8.239408163265342,10.051300000000055,3.571392637603279,153.0,True
4-9-18_Schnable_49-572-js132-191_2018-04-11_10-57-24_9997900,2,24.1569,-52.0811,25.72296530612246,-45.79559999999998,0.40448188890628894,45.79559999999999,64.27703469387754,1.5660653061224608,6.285500000000013,1.5660653061224608,6.285500000000013,3.583737220198106,201.0,True
4-9-18_Schnable_49-572-js132-191_2018-04-11_10-57-24_9997900,3,26.0727,170.017,22.01148367346937,148.0312,0.41993633807645475,211.96879999999996,67.98851632653063,-4.06121632653063,-21.985799999999983,4.06121632653063,21.985799999999983,7.848154213983088,193.0,False
4-9-18_Schnable_49-572-js132-191_2018-04-11_10-57-24_9997900,4,33.7008,-34.8191,23.693391836734705,-37.0934,0.45932243118329324,37.093399999999995,66.3066081632653,-10.007408163265296,-2.274300000000011,10.007408163265296,2.274300000000011,8.068611981742649,212.0,False
4-9-18_Schnable_49-572-js132-191_2018-04-11_10-57-24_9997900,5,35.7371,133.915,20.12428163265308,142.89930000000004,0.5488492817809777,217.1007,69.87571836734692,-15.612818367346918,8.984300000000047,15.612818367346918,8.984300000000047,5.284115292656575,256.0,True
4-9-18_Schnable_49-572-js132-191_2018-04-11_10-57-24_9997900,6,37.3896,-37.3923,22.06450204081635,164.601,0.2592470948094778,195.399,67.93549795918365,-15.325097959183651,-158.00670000000002,15.325097959183651,158.00670000000002,3.235099424319537,121.0,True
4-9-18_Schnable_49-572-js132-191_2018-04-11_10-57-24_9997900,7,37.0362,153.456,20.01274693877552,-75.1634,0.4568038364944473,75.1634,69.98725306122448,-17.02345306122448,131.38060000000002,17.02345306122448,131.38060000000002,2.8699630286192273,203.0,True
4-9-18_Schnable_49-573-js225-357_2018-04-11_10-59-38_9998000,0,157.321,-74.5259,39.035046938776375,124.58259999999956,0.002813937547039802,235.41740000000044,50.964953061223625,-118.28595306122362,-160.89150000000046,118.28595306122362,160.89150000000046,1.405223847444541,2.0,False
4-9-18_Schnable_49-573-js225-357_2018-04-11_10-59-38_9998000,1,30.2423,173.21,36.27996938775511,165.28859999999997,0.31716416759636346,194.7114,53.72003061224489,6.037669387755109,-7.921400000000034,6.037669387755109,7.921400000000034,2.214567836621012,140.0,True
4-9-18_Schnable_49-573-js225-357_2018-04-11_10-59-38_9998000,2,53.0929,29.8305,41.67527959183675,51.793799999999976,0.20788690498817106,308.2062,48.32472040816325,-11.417620408163252,21.963299999999975,11.417620408163252,21.963299999999975,2.9123003610596156,98.0,True
4-9-18_Schnable_49-573-js225-357_2018-04-11_10-59-38_9998000,3,21.1017,27.3384,28.416395918367336,16.804700000000025,0.3241990846124472,343.1953,61.583604081632664,7.314695918367335,-10.533699999999982,7.314695918367335,10.533699999999982,1.4689090443474757,148.0,True
4-9-18_Schnable_49-573-js225-357_2018-04-11_10-59-38_9998000,4,32.4886,-173.594,46.76774897959186,168.317,0.43239980689983565,191.683,43.23225102040814,14.27914897959186,-18.088999999999942,14.27914897959186,18.088999999999942,2.4647656988623217,194.0,True
4-9-18_Schnable_49-573-js225-357_2018-04-11_10-59-38_9998000,5,30.1239,6.73501,33.32869999999999,-1.3185000000000002,0.3665550008776448,1.3185000000000002,56.67130000000001,3.2047999999999917,-8.053509999999989,3.2047999999999917,8.053509999999989,3.222477123872642,159.0,True
4-9-18_Schnable_49-573-js225-357_2018-04-11_10-59-38_9998000,6,26.6609,175.388,30.347616326530627,179.164,0.476983728020196,180.83599999999998,59.65238367346937,3.6867163265306253,3.775999999999982,3.6867163265306253,3.775999999999982,2.9885824427984686,207.0,True
4-9-18_Schnable_49-573-js225-357_2018-04-11_10-59-38_9998000,7,64.0487,5.20402,7.643373469387768,-44.490200000000016,0.16807174254722174,44.490200000000016,82.35662653061223,-56.40532653061223,-49.69422000000003,56.40532653061223,49.69422000000003,1.2749196387107407,86.0,True
4-9-18_Schnable_49-573-js225-357_2018-04-11_10-59-38_9998000,8,37.174,-166.191,29.283010204081656,-176.82649999999998,0.33488135415644116,176.82649999999998,60.716989795918344,-7.890989795918344,-10.635499999999979,7.890989795918344,10.635499999999979,2.574024571400959,150.0,True
4-9-18_Schnable_49-573-js225-357_2018-04-11_10-59-38_9998000,9,21.3658,-10.5654,33.585744897959195,12.607100000000003,0.4080430989042545,347.3929,56.414255102040805,12.219944897959195,23.172500000000014,12.219944897959195,23.172500000000014,2.2808776314701142,205.0,True
4-9-18_Schnable_49-575-js144-210_2018-04-11_11-04-05_9998200,0,38.2271,-143.78,37.94350000000001,-138.04540000000003,0.21914516135428602,138.04540000000003,52.05649999999999,-0.28359999999999275,5.734599999999972,0.28359999999999275,5.734599999999972,2.111061837796929,100.0,True
4-9-18_Schnable_49-575-js144-210_2018-04-11_11-04-05_9998200,1,34.4888,-18.3883,33.95387551020409,-10.426999999999992,0.26865691443799666,10.426999999999996,56.04612448979591,-0.5349244897959053,7.961299999999994,0.5349244897959053,7.961299999999994,1.4270222420675565,112.0,True
4-9-18_Schnable_49-575-js144-210_2018-04-11_11-04-05_9998200,2,44.6321,-115.924,45.152755102040835,-125.86820000000002,0.34134066261719975,125.86820000000002,44.847244897959165,0.5206551020408341,-9.944200000000023,0.5206551020408341,9.944200000000023,1.7073693860593269,156.0,True
4-9-18_Schnable_49-575-js144-210_2018-04-11_11-04-05_9998200,3,48.5466,20.0022,28.50911020408163,-0.06059999999999377,0.3845955735598058,0.060600000000000015,61.49088979591837,-20.03748979591837,-20.06279999999998,20.03748979591837,20.06279999999998,2.723669754918669,168.0,True
4-9-18_Schnable_49-575-js144-210_2018-04-11_11-04-05_9998200,4,38.757,-166.038,2.707977551020406,-12.77660000000003,0.10065314694353288,12.776600000000021,87.2920224489796,-36.04902244897959,153.26139999999998,36.04902244897959,153.26139999999998,1.867491971590458,53.0,True
4-9-18_Schnable_49-575-js144-210_2018-04-11_11-04-05_9998200,5,3.29865,172.111,27.40122244897959,-161.56889999999999,0.15442334187561757,161.56889999999999,62.59877755102041,24.10257244897959,26.320100000000025,24.10257244897959,26.320100000000025,1.3432913774332182,72.0,True
4-9-18_Schnable_49-575-js144-210_2018-04-11_11-04-05_9998200,6,21.2545,-132.478,25.7856755102041,-160.3897,0.36182830275123873,160.3897,64.2143244897959,4.5311755102041005,-27.911699999999996,4.5311755102041005,27.911699999999996,2.682602548670646,161.0,True
4-9-18_Schnable_49-575-js144-210_2018-04-11_11-04-05_9998200,7,34.9163,22.8378,19.899497959183677,15.267999999999972,0.38968329246764655,344.732,70.10050204081632,-15.016802040816323,-7.569800000000043,15.016802040816323,7.569800000000043,3.686212213374692,182.0,True
4-9-18_Schnable_49-575-js144-210_2018-04-11_11-04-05_9998200,8,33.2548,176.0,11.13582040816327,165.48800000000006,0.2248278886258469,194.51199999999997,78.86417959183673,-22.118979591836734,-10.511999999999944,22.118979591836734,10.511999999999944,1.650819371087769,107.0,True
4-9-18_Schnable_49-575-js144-210_2018-04-11_11-04-05_9998200,9,18.6056,72.5665,5.988253061224498,78.2679,0.18504737283309436,281.7321,84.0117469387755,-12.617346938775501,5.701399999999978,12.617346938775501,5.701399999999978,1.8602473025730508,84.0,True
4-9-18_Schnable_49-576-js227-359_2018-04-11_11-06-19_9998300,0,20.9345,168.757,25.13817142857144,165.08619999999996,0.2752182111976237,194.9138,64.86182857142856,4.20367142857144,-3.6708000000000425,4.20367142857144,3.6708000000000425,1.912373228969196,131.0,True
4-9-18_Schnable_49-576-js227-359_2018-04-11_11-06-19_9998300,1,43.3735,-25.4667,35.28961836734691,-23.23600000000002,0.10383505941125415,23.23600000000003,54.71038163265309,-8.083881632653089,2.2306999999999846,8.083881632653089,2.2306999999999846,0.6320538809174687,45.0,True
4-9-18_Schnable_49-576-js227-359_2018-04-11_11-06-19_9998300,2,26.5635,168.917,10.25086938775516,165.18650000000002,0.11238384227389606,194.8135,79.74913061224484,-16.312630612244842,-3.730499999999978,16.312630612244842,3.730499999999978,0.9498359761086964,49.0,True
4-9-18_Schnable_49-576-js227-359_2018-04-11_11-06-19_9998300,3,29.4131,-11.2996,28.216738775510187,-10.551400000000001,0.19540654640190763,10.551400000000003,61.78326122448981,-1.196361224489813,0.7481999999999971,1.196361224489813,0.7481999999999971,0.8028138492966855,89.0,True
4-9-18_Schnable_49-576-js227-359_2018-04-11_11-06-19_9998300,4,15.7317,155.188,13.266279591836721,125.21190000000007,0.3059729256207399,234.78809999999993,76.73372040816328,-2.465420408163279,-29.976099999999917,2.465420408163279,29.976099999999917,5.1507649602598535,153.0,True
4-9-18_Schnable_49-576-js227-359_2018-04-11_11-06-19_9998300,5,14.2541,2.86742,0.09298571428571734,1.5267999999999233,0.14312957854759062,358.4732000000001,89.90701428571428,-14.161114285714282,-1.3406200000000865,14.161114285714282,1.3406200000000865,1.2128438671896984,74.0,True
4-9-18_Schnable_49-577-js268-427_2018-04-11_11-08-35_9998400,0,14.6531,10.7978,10.033565306122455,25.733000000000004,0.15440358630999076,334.267,79.96643469387755,-4.6195346938775455,14.935200000000009,4.6195346938775455,14.935200000000009,1.0668832006520035,63.0,True
4-9-18_Schnable_49-577-js268-427_2018-04-11_11-08-35_9998400,1,48.3406,121.227,44.10473469387758,119.15550000000002,0.1413074143851286,240.84449999999998,45.89526530612242,-4.23586530612242,-2.071499999999986,4.23586530612242,2.071499999999986,0.47541921717986935,57.0,True
4-9-18_Schnable_49-577-js268-427_2018-04-11_11-08-35_9998400,2,30.098,-52.8171,38.11672857142854,-48.171899999999994,0.4654310301572769,48.1719,51.88327142857146,8.01872857142854,4.645200000000017,8.01872857142854,4.645200000000017,4.671110151990959,224.0,True
4-9-18_Schnable_49-577-js268-427_2018-04-11_11-08-35_9998400,3,39.6468,128.275,55.87084489795914,125.75720000000007,0.5677960643238616,234.24279999999993,34.12915510204086,16.22404489795914,-2.517799999999937,16.22404489795914,2.517799999999937,3.749497804779241,253.0,True
4-9-18_Schnable_49-577-js268-427_2018-04-11_11-08-35_9998400,4,28.3175,-64.7798,38.56873469387751,-53.96260000000001,0.5713517485016112,53.9626,51.43126530612249,10.25123469387751,10.817199999999985,10.25123469387751,10.817199999999985,4.699260357827093,271.0,True
4-9-18_Schnable_49-577-js268-427_2018-04-11_11-08-35_9998400,5,37.9588,134.001,40.63821632653058,132.93510000000003,0.6115308701560439,227.06489999999997,49.36178367346942,2.6794163265305855,-1.0658999999999708,2.6794163265305855,1.0658999999999708,5.484377970077414,255.0,False
4-9-18_Schnable_49-577-js268-427_2018-04-11_11-08-35_9998400,6,18.8683,-157.551,0.5710326530612377,-176.53360000000004,0.13377573550525218,176.53360000000004,89.42896734693876,-18.297267346938764,-18.982600000000048,18.297267346938764,18.982600000000048,1.4419912110181374,71.0,True
4-9-18_Schnable_49-577-js268-427_2018-04-11_11-08-35_9998400,7,26.5954,97.3424,21.620975510204033,109.51660000000004,0.3743985366946376,250.4834,68.37902448979597,-4.974424489795968,12.174200000000042,4.974424489795968,12.174200000000042,2.9381762618195038,166.0,True
4-9-18_Schnable_49-577-js268-427_2018-04-11_11-08-35_9998400,8,18.7881,-87.1814,7.263146938775506,-105.59320000000001,0.18421071684263937,105.59320000000001,82.7368530612245,-11.524953061224494,-18.411800000000028,11.524953061224494,18.411800000000028,1.3848519599921152,95.0,True
4-9-18_Schnable_49-577-js268-427_2018-04-11_11-08-35_9998400,9,117.342,37.1917,1.6172632653061498,40.99609999999984,0.033727101050395315,319.00390000000016,88.38273673469385,-115.72473673469385,3.804399999999845,115.72473673469385,3.804399999999845,1.0167167042992398,14.0,False
4-9-18_Schnable_49-577-js268-427_2018-04-11_11-08-35_9998400,10,50.4625,51.9123,70.3105530612165,21.967399999999827,0.006261707561358411,338.0326000000002,19.689446938783508,19.848053061216497,-29.94490000000019,19.848053061216497,29.94490000000019,1.243981757100813,3.0,False
4-9-18_Schnable_49-578-js40-66_2018-04-11_11-10-48_9998500,0,27.0694,-168.027,31.2032836734694,-163.73020000000002,0.2618875988678841,163.73020000000002,58.7967163265306,4.1338836734693984,4.296799999999962,4.1338836734693984,4.296799999999962,1.1053848690201624,109.0,True
4-9-18_Schnable_49-578-js40-66_2018-04-11_11-10-48_9998500,1,40.1379,20.4858,34.46048979591835,19.49430000000001,0.17696457465040463,340.5057,55.53951020408165,-5.677410204081653,-0.991500000000002,5.677410204081653,0.991500000000002,1.5095742181793097,74.0,True
4-9-18_Schnable_49-578-js40-66_2018-04-11_11-10-48_9998500,2,45.2947,-177.775,43.08728979591837,-176.2416,0.28706706552783723,176.2416,46.91271020408163,-2.2074102040816257,1.5334000000000003,2.2074102040816257,1.5334000000000003,1.7739336880033394,142.0,True
4-9-18_Schnable_49-578-js40-66_2018-04-11_11-10-48_9998500,3,25.2268,-171.674,24.12000204081633,-177.445,0.20269582935562763,177.445,65.87999795918367,-1.1067979591836696,-5.770999999999987,1.1067979591836696,5.770999999999987,2.068862341777166,89.0,True
4-9-18_Schnable_49-578-js40-66_2018-04-11_11-10-48_9998500,4,26.0881,17.3765,32.83257755102043,7.314099999999996,0.3668158008426703,352.6859,57.16742244897957,6.744477551020427,-10.062399999999997,6.744477551020427,10.062399999999997,2.4632101743052264,178.0,True
4-9-18_Schnable_49-578-js40-66_2018-04-11_11-10-48_9998500,5,14.4412,-6.66221,3.059408163265303,10.25060000000002,0.13443670200942562,349.7494,86.9405918367347,-11.381791836734697,16.912810000000036,11.381791836734697,16.912810000000036,0.9520058771958322,55.0,True
4-9-18_Schnable_49-578-js40-66_2018-04-11_11-10-48_9998500,6,27.673,171.132,11.67804081632653,176.5367,0.11737521274536447,183.46329999999998,78.32195918367347,-15.994959183673469,5.404699999999991,15.994959183673469,5.404699999999991,0.7731987888912228,53.0,True
4-9-18_Schnable_49-579-js211-331_2018-04-11_11-13-02_9998600,0,32.1429,25.4187,23.88483061224487,-18.61850000000001,0.24316189947058092,18.6185,66.11516938775513,-8.258069387755128,-44.03720000000001,8.258069387755128,44.03720000000001,1.2782747759711035,114.0,True
4-9-18_Schnable_49-579-js211-331_2018-04-11_11-13-02_9998600,1,24.4749,165.012,31.131124489795923,-152.2339,0.3229480729994554,152.2339,58.86887551020408,6.656224489795921,42.754099999999994,6.656224489795921,42.754099999999994,1.2796537185924546,144.0,True
4-9-18_Schnable_49-579-js211-331_2018-04-11_11-13-02_9998600,2,31.3632,22.9113,27.152324489795923,-22.459699999999998,0.41581466864534755,22.459700000000005,62.84767551020408,-4.210875510204076,-45.37099999999998,4.210875510204076,45.37099999999998,5.039771203582016,190.0,True
4-9-18_Schnable_49-579-js211-331_2018-04-11_11-13-02_9998600,3,19.3415,164.744,33.40257346938778,-153.98110000000003,0.5417472530410432,153.98110000000003,56.59742653061222,14.061073469387782,41.2749,14.061073469387782,41.2749,5.472334620826467,242.0,False
4-9-18_Schnable_49-579-js211-331_2018-04-11_11-13-02_9998600,4,31.1761,15.1119,23.766797959183663,0.2857999999999947,0.4563831952116681,359.7142,66.23320204081634,-7.409302040816339,-14.826099999999997,7.409302040816339,14.826099999999997,4.98778042018161,220.0,True
4-9-18_Schnable_49-579-js211-331_2018-04-11_11-13-02_9998600,5,24.0263,171.76,18.567012244897967,-59.187799999999996,0.13732453040543427,59.187799999999996,71.43298775510203,-5.459287755102032,129.05220000000003,5.459287755102032,129.05220000000003,0.9302439155748407,70.0,True
4-9-18_Schnable_49-579-js211-331_2018-04-11_11-13-02_9998600,6,35.2543,115.853,22.693697959183666,175.45100000000002,0.6477432451233057,184.54899999999998,67.30630204081633,-12.560602040816335,59.59800000000001,12.560602040816335,59.59800000000001,4.804681376638721,303.0,True
4-9-18_Schnable_49-579-js211-331_2018-04-11_11-13-02_9998600,7,26.7744,13.046,18.631414285714314,45.936000000000035,0.5988421745606649,314.06399999999996,71.36858571428569,-8.142985714285686,32.89000000000004,8.142985714285686,32.89000000000004,7.987951311820882,285.0,False
4-9-18_Schnable_49-579-js211-331_2018-04-11_11-13-02_9998600,8,39.3485,-136.595,6.4383693877551025,168.59789999999998,0.2499151853785771,191.40210000000002,83.5616306122449,-32.9101306122449,-54.80709999999999,32.9101306122449,54.80709999999999,3.0345256305790693,114.0,True
4-9-18_Schnable_49-580-js56-85_2018-04-11_11-15-16_9998700,0,34.1827,-27.2599,19.49264897959182,-24.401999999999987,0.10478738980678227,24.401999999999983,70.50735102040818,-14.690051020408177,2.8579000000000008,14.690051020408177,2.8579000000000008,2.933343570769118,50.0,True
4-9-18_Schnable_49-580-js56-85_2018-04-11_11-15-16_9998700,1,24.7983,153.25,26.215989795918368,143.3863,0.30816727319417275,216.61369999999997,63.78401020408163,1.417689795918367,-9.863699999999994,1.417689795918367,9.863699999999994,1.7570093344800002,133.0,True
4-9-18_Schnable_49-580-js56-85_2018-04-11_11-15-16_9998700,2,24.7658,-15.244,24.104395918367345,-9.317499999999995,0.3037141435691219,9.317500000000003,65.89560408163265,-0.6614040816326536,5.926500000000004,0.6614040816326536,5.926500000000004,2.050078737153997,128.0,True
4-9-18_Schnable_49-580-js56-85_2018-04-11_11-15-16_9998700,3,19.6125,152.241,18.72074693877549,150.41039999999998,0.34435284519277276,209.5896,71.27925306122451,-0.8917530612245095,-1.8306000000000324,0.8917530612245095,1.8306000000000324,2.4083073283693777,157.0,True
4-9-18_Schnable_49-580-js56-85_2018-04-11_11-15-16_9998700,4,29.427,-2.89728,0.8392367346938698,106.81520000000023,0.14525868261651054,253.1847999999998,89.16076326530613,-28.58776326530613,109.71248000000026,28.58776326530613,109.71248000000026,1.624496547719271,74.0,True
4-9-18_Schnable_49-580-js56-85_2018-04-11_11-15-16_9998700,5,15.0771,132.964,21.450879591836753,25.937599999999975,0.37295434383334963,334.0624,68.54912040816325,6.373779591836753,-107.02640000000002,6.373779591836753,107.02640000000002,3.1109219974865048,178.0,True
4-9-18_Schnable_49-581-js86-123_2018-04-11_11-17-30_9998800,0,34.0717,178.97,40.9518142857143,-179.0359,0.31609174800867007,179.0359,49.0481857142857,6.880114285714299,1.994100000000003,6.880114285714299,1.994100000000003,1.7701198696121678,132.0,True
4-9-18_Schnable_49-581-js86-123_2018-04-11_11-17-30_9998800,1,30.6894,2.91489,29.858248979591806,-5.388499999999993,0.32059325314723647,5.388500000000001,60.14175102040819,-0.8311510204081927,-8.303389999999979,0.8311510204081927,8.303389999999979,2.840754683399113,144.0,True
4-9-18_Schnable_49-581-js86-123_2018-04-11_11-17-30_9998800,2,26.3001,177.073,20.437210204081637,163.2799,0.4895666420837145,196.72009999999997,69.56278979591836,-5.862889795918363,-13.79310000000001,5.862889795918363,13.79310000000001,8.306898839532627,230.0,False
4-9-18_Schnable_49-581-js86-123_2018-04-11_11-17-30_9998800,3,28.9018,-6.85962,33.32574693877552,-1.476300000000009,0.4921060771009739,1.4763000000000002,56.67425306122448,4.423946938775515,5.383319999999998,4.423946938775515,5.383319999999998,6.098695457042477,217.0,False
4-9-18_Schnable_49-581-js86-123_2018-04-11_11-17-30_9998800,4,23.2608,142.072,15.352412244897963,145.42809999999997,0.6251323273467252,214.5719,74.64758775510204,-7.908387755102037,3.3560999999999694,7.908387755102037,3.3560999999999694,12.495292923462332,282.0,False
4-9-18_Schnable_49-581-js86-123_2018-04-11_11-17-30_9998800,5,28.9128,11.1811,26.883275510204065,14.05090000000007,0.4765095429444348,345.94909999999993,63.116724489795935,-2.0295244897959357,2.8698000000000548,2.0295244897959357,2.8698000000000548,3.7334817713547084,214.0,True
4-9-18_Schnable_49-581-js86-123_2018-04-11_11-17-30_9998800,6,25.5369,154.533,7.06532857142858,-73.05029999999998,0.2441784260667032,73.05029999999998,82.93467142857142,-18.47157142857142,132.41670000000005,18.47157142857142,132.41670000000005,2.0380726730637275,130.0,True
4-9-18_Schnable_49-581-js86-123_2018-04-11_11-17-30_9998800,7,21.8705,-42.5352,14.828144897959177,156.18439999999998,0.394498152358804,203.8156,75.17185510204082,-7.042355102040823,-161.2804,7.042355102040823,161.2804,2.760035257455719,185.0,True
4-9-18_Schnable_49-582-js127-186_2018-04-11_11-19-45_9998900,0,29.9698,27.0782,26.22277959183672,26.756100000000004,0.22107902180869266,333.2439,63.77722040816328,-3.74702040816328,-0.32210000000000605,3.74702040816328,0.32210000000000605,0.7751497116099895,101.0,True
4-9-18_Schnable_49-582-js127-186_2018-04-11_11-19-45_9998900,1,21.7462,-144.098,20.544512244897945,-136.3342,0.2657606788511251,136.3342,69.45548775510206,-1.201687755102057,7.763800000000003,1.201687755102057,7.763800000000003,1.7505522694990676,119.0,True
4-9-18_Schnable_49-582-js127-186_2018-04-11_11-19-45_9998900,2,23.0219,33.1805,21.774320408163263,25.424600000000055,0.22547466556270107,334.57539999999995,68.22567959183674,-1.247579591836736,-7.75589999999994,1.247579591836736,7.75589999999994,1.5367104949913808,104.0,True
4-9-18_Schnable_49-582-js127-186_2018-04-11_11-19-45_9998900,3,19.6926,40.7091,4.364440816326535,55.891999999999996,0.19428441818758294,304.108,85.63555918367346,-15.328159183673463,15.18289999999999,15.328159183673463,15.18289999999999,3.757141874236373,94.0,True
4-9-18_Schnable_49-582-js127-186_2018-04-11_11-19-45_9998900,4,9.22111,-136.298,0.7481795918367311,61.19939999999974,0.2795657412975436,298.80060000000026,89.25182040816327,-8.472930408163268,-162.50260000000026,8.472930408163268,162.50260000000026,2.485328824144554,149.0,True
4-9-18_Schnable_49-582-js127-186_2018-04-11_11-19-45_9998900,5,17.5793,86.288,3.1077489795918467,87.55130000000003,0.1365899609785041,272.4487,86.89225102040815,-14.471551020408153,1.2633000000000152,14.471551020408153,1.2633000000000152,1.3574197162797903,68.0,True
4-9-18_Schnable_49-583-js55-84_2018-04-11_11-21-58_9999000,0,46.1027,-10.8563,60.19913877551021,-7.449700000000007,0.3458039893655269,7.449699999999998,29.80086122448979,14.096438775510208,3.4065999999999974,14.096438775510208,3.4065999999999974,2.104242247014622,162.0,True
4-9-18_Schnable_49-583-js55-84_2018-04-11_11-21-58_9999000,1,43.937,-169.206,47.785659183673474,-163.38,0.2769386484819876,163.38,42.214340816326526,3.848659183673476,5.825999999999993,3.848659183673476,5.825999999999993,2.7884445338939803,118.0,True
4-9-18_Schnable_49-583-js55-84_2018-04-11_11-21-58_9999000,2,39.7894,-8.35464,48.025181632653094,-12.986500000000007,0.45851185286291507,12.986499999999998,41.974818367346906,8.235781632653094,-4.631860000000017,8.235781632653094,4.631860000000017,2.385551191873216,194.0,True
4-9-18_Schnable_49-583-js55-84_2018-04-11_11-21-58_9999000,3,34.1648,-167.048,37.38463265306119,-154.5955,0.4822464127043196,154.5955,52.61536734693881,3.2198326530611894,12.452500000000015,3.2198326530611894,12.452500000000015,4.2269028649558695,202.0,True
4-9-18_Schnable_49-583-js55-84_2018-04-11_11-21-58_9999000,4,31.6932,-4.63665,26.40430408163263,-14.266099999999994,0.5110717749572398,14.266099999999996,63.59569591836737,-5.28889591836737,-9.629449999999991,5.28889591836737,9.629449999999991,4.35720493174359,225.0,True
4-9-18_Schnable_49-583-js55-84_2018-04-11_11-21-58_9999000,5,23.6502,178.37,16.77547755102043,-173.62840000000003,0.4397373969464602,173.62840000000003,73.22452244897957,-6.874722448979572,8.00159999999994,6.874722448979572,8.00159999999994,4.299822691204309,209.0,True
4-9-18_Schnable_49-583-js55-84_2018-04-11_11-21-58_9999000,6,16.6672,6.97437,13.198220408163294,26.798400000000072,0.2631427070635595,333.2015999999999,76.8017795918367,-3.468979591836707,19.82403000000008,3.468979591836707,19.82403000000008,2.0261402679460554,133.0,True
4-9-18_Schnable_49-584-js176-257_2018-04-11_11-24-26_9999100,0,74.4065,-118.429,83.37755102040816,-119.3818,0.06426905124193046,119.3818,6.6224489795918355,8.971051020408169,-0.9527999999999963,8.971051020408169,0.9527999999999963,3.069511629347179,32.0,True
4-9-18_Schnable_49-584-js176-257_2018-04-11_11-24-26_9999100,1,25.9708,50.3428,15.197626530612268,59.644000000000005,0.2141089658493904,300.356,74.80237346938773,-10.773173469387732,9.301199999999994,10.773173469387732,9.301199999999994,2.4813055533654635,98.0,True
4-9-18_Schnable_49-584-js176-257_2018-04-11_11-24-26_9999100,2,23.7167,-103.318,22.683734693877568,-102.8573,0.2823768598047041,102.8573,67.31626530612243,-1.0329653061224313,0.4607000000000028,1.0329653061224313,0.4607000000000028,2.53292665080166,137.0,True
4-9-18_Schnable_49-584-js176-257_2018-04-11_11-24-26_9999100,3,18.3164,45.5646,21.920318367346923,56.264999999999986,0.2951984721491315,303.735,68.07968163265308,3.603918367346921,10.700400000000002,3.603918367346921,10.700400000000002,1.7998019895410797,138.0,True
4-9-18_Schnable_49-584-js176-257_2018-04-11_11-24-26_9999100,4,15.6871,77.8146,19.804518367346958,73.15910000000008,0.25805979339536506,286.8408999999999,70.19548163265304,4.117418367346959,-4.655499999999904,4.117418367346959,4.655499999999904,1.7010234266383526,117.0,True
4-9-18_Schnable_49-584-js176-257_2018-04-11_11-24-26_9999100,5,23.1069,-102.416,22.591832653061246,-99.5913,0.2833628476691108,99.5913,67.40816734693875,-0.5150673469387534,2.824700000000007,0.5150673469387534,2.824700000000007,1.6361333536413984,126.0,True
4-9-18_Schnable_49-584-js176-257_2018-04-11_11-24-26_9999100,6,26.6627,74.9363,14.388357142857203,79.45030000000008,0.24612267316477368,280.5496999999999,75.6116428571428,-12.274342857142798,4.514000000000067,12.274342857142798,4.514000000000067,1.969104816296019,122.0,True
4-9-18_Schnable_49-584-js176-257_2018-04-11_11-24-26_9999100,7,21.0737,-113.058,4.724228571428569,-73.32870000000003,0.1722988954998173,73.32870000000003,85.27577142857143,-16.34947142857143,39.72929999999997,16.34947142857143,39.72929999999997,1.7328031829171884,92.0,True
4-9-18_Schnable_49-585-js249-400_2018-04-11_11-26-39_9999200,0,84.8183,-59.2882,95.62244897959184,-28.77619999999999,0.022730984036543528,28.776199999999985,-5.622448979591831,10.804148979591844,30.512,10.804148979591844,30.512,1.3408974818522479,9.0,False
4-9-18_Schnable_49-585-js249-400_2018-04-11_11-26-39_9999200,1,26.9353,154.513,0.4143918367346515,-54.30669999999762,0.043266213582481394,54.30669999999761,89.58560816326535,-26.52090816326535,151.18030000000238,26.52090816326535,151.18030000000238,1.0469349776784846,18.0,False
4-9-18_Schnable_49-585-js249-400_2018-04-11_11-26-39_9999200,2,32.241,-24.9242,29.07319999999998,-18.322699999999998,0.20396401907727119,18.322700000000005,60.92680000000002,-3.167800000000021,6.601499999999987,3.167800000000021,6.601499999999987,0.8292333060124373,95.0,True
4-9-18_Schnable_49-585-js249-400_2018-04-11_11-26-39_9999200,3,28.1743,137.513,35.001910204081625,145.9601,0.33426632435397924,214.0399,54.998089795918375,6.827610204081626,8.447100000000006,6.827610204081626,8.447100000000006,3.1768063498273444,151.0,True
4-9-18_Schnable_49-585-js249-400_2018-04-11_11-26-39_9999200,4,22.4246,-14.4804,29.480155102040847,-8.865200000000016,0.41538692029393004,8.865200000000002,60.51984489795915,7.055555102040845,5.615199999999987,7.055555102040845,5.615199999999987,2.2936824816057784,193.0,True
4-9-18_Schnable_49-585-js249-400_2018-04-11_11-26-39_9999200,5,26.8778,136.602,29.551273469387766,150.35480000000007,0.4247743301211445,209.64519999999993,60.448726530612234,2.6734734693877655,13.752800000000065,2.6734734693877655,13.752800000000065,3.4797015923582237,194.0,True
4-9-18_Schnable_49-585-js249-400_2018-04-11_11-26-39_9999200,6,32.2477,-2.24274,22.590828571428574,-20.04509999999999,0.4432080854309554,20.045100000000005,67.40917142857143,-9.656871428571428,-17.802359999999993,9.656871428571428,17.802359999999993,2.9784486804259,204.0,True
4-9-18_Schnable_49-585-js249-400_2018-04-11_11-26-39_9999200,7,35.1001,141.245,23.709695918367345,160.74060000000003,0.3580213347875212,199.25939999999997,66.29030408163266,-11.390404081632653,19.495600000000024,11.390404081632653,19.495600000000024,3.099270068152642,168.0,True
4-9-18_Schnable_49-585-js249-400_2018-04-11_11-26-39_9999200,8,31.7262,-57.7712,21.588773469387732,-60.616200000000006,0.18602504101409023,60.616200000000006,68.41122653061227,-10.137426530612267,-2.844999999999999,10.137426530612267,2.844999999999999,0.9961459750173915,86.0,True
4-9-18_Schnable_49-586-js252-405_2018-04-11_11-28-52_9999300,0,45.2409,-1.34341,47.74032653061225,3.4062999999999874,0.31990430125518726,356.5937,42.25967346938775,2.499426530612247,4.749709999999993,2.499426530612247,4.749709999999993,1.6676430798722022,151.0,True
4-9-18_Schnable_49-586-js252-405_2018-04-11_11-28-52_9999300,1,32.4109,-160.287,36.19048367346939,-166.7293,0.37665160132147696,166.7293,53.80951632653061,3.7795836734693893,-6.442299999999989,3.7795836734693893,6.442299999999989,3.959113752710431,171.0,True
4-9-18_Schnable_49-586-js252-405_2018-04-11_11-28-52_9999300,2,30.8599,-25.0072,34.23712857142857,-14.947499999999991,0.44769984523896883,14.94749999999999,55.76287142857143,3.377228571428571,10.05970000000002,3.377228571428571,10.05970000000002,5.011972574110648,214.0,True
4-9-18_Schnable_49-586-js252-405_2018-04-11_11-28-52_9999300,3,24.8268,-158.795,29.81583061224491,-161.9694,0.5099448709821333,161.9694,60.18416938775509,4.98903061224491,-3.17440000000002,4.98903061224491,3.17440000000002,7.935447218662969,220.0,False
4-9-18_Schnable_49-586-js252-405_2018-04-11_11-28-52_9999300,4,22.0097,-12.304,23.791465306122447,-6.343099999999993,0.501185076694645,6.343099999999998,66.20853469387755,1.7817653061224483,5.960900000000009,1.7817653061224483,5.960900000000009,6.785285190955551,241.0,False
4-9-18_Schnable_49-586-js252-405_2018-04-11_11-28-52_9999300,5,54.7107,-87.3074,13.721283673469387,162.84660000000002,0.49114988856827596,197.15339999999998,76.27871632653061,-40.989416326530616,-109.846,40.989416326530616,109.846,8.708612332454807,236.0,False
4-9-18_Schnable_49-586-js252-405_2018-04-11_11-28-52_9999300,6,12.466,132.62,33.68997142857147,-58.455100000000016,0.20733043992519476,58.455100000000016,56.31002857142853,21.223971428571467,168.92489999999998,21.223971428571467,168.92489999999998,2.856186697277676,106.0,True
4-9-18_Schnable_49-586-js252-405_2018-04-11_11-28-52_9999300,7,36.6037,26.7507,36.072257142857175,143.8896000000001,0.3068903190681668,216.11039999999994,53.927742857142825,-0.531442857142828,117.13890000000009,0.531442857142828,117.13890000000009,1.193363426813713,128.0,True
4-9-18_Schnable_49-586-js252-405_2018-04-11_11-28-52_9999300,8,75.4341,125.421,22.994355102040814,39.27600000000001,0.414096025020968,320.724,67.00564489795919,-52.43974489795919,-86.145,52.43974489795919,86.145,6.578064786107,189.0,False
4-9-18_Schnable_49-588-js168-240_2018-04-11_11-33-20_9999500,0,39.8443,31.3972,2.1097061224489977,88.51390000000004,0.05759720231205851,271.48609999999996,87.890293877551,-37.734593877551,57.11670000000004,37.734593877551,57.11670000000004,0.9821293333329327,17.0,False
4-9-18_Schnable_49-588-js168-240_2018-04-11_11-33-20_9999500,1,34.4551,84.7198,53.714632653061244,37.13720000000001,0.2995906211927843,322.8628,36.285367346938756,19.259532653061243,-47.58260000000001,19.259532653061243,47.58260000000001,1.69102563192105,143.0,True
4-9-18_Schnable_49-588-js168-240_2018-04-11_11-33-20_9999500,2,57.0406,12.5942,63.4960244897959,21.835699999999974,0.3987852515374896,338.1643,26.503975510204096,6.455424489795902,9.241499999999974,6.455424489795902,9.241499999999974,1.7908466660676339,198.0,True
4-9-18_Schnable_49-588-js168-240_2018-04-11_11-33-20_9999500,3,38.2483,-172.042,49.40053469387756,-173.9404,0.36176470289561163,173.9404,40.59946530612244,11.15223469387756,-1.8984000000000094,11.15223469387756,1.8984000000000094,2.0382485812622955,167.0,True
4-9-18_Schnable_49-588-js168-240_2018-04-11_11-33-20_9999500,4,54.9873,167.973,56.47131836734694,169.3829,0.27435414827950033,190.6171,33.52868163265306,1.4840183673469411,1.4098999999999933,1.4840183673469411,1.4098999999999933,1.7613748297041574,116.0,True
4-9-18_Schnable_49-588-js168-240_2018-04-11_11-33-20_9999500,5,53.3157,138.37,32.511308163265255,141.96439999999996,0.13300151270926325,218.03560000000002,57.488691836734745,-20.804391836734744,3.5943999999999505,20.804391836734744,3.5943999999999505,1.2200717405969985,60.0,True
4-9-18_Schnable_49-588-js168-240_2018-04-11_11-33-20_9999500,6,47.2601,23.5597,57.494442857142836,20.099699999999984,0.3736171646525182,339.9003,32.505557142857164,10.234342857142835,-3.460000000000008,10.234342857142835,3.460000000000008,2.9701054236184654,186.0,True
4-9-18_Schnable_49-588-js168-240_2018-04-11_11-33-20_9999500,7,27.0326,-170.047,39.56170408163264,-178.7405,0.443953968319894,178.7405,50.43829591836736,12.529104081632642,-8.6935,12.529104081632642,8.6935,2.311067206051876,198.0,True
4-9-18_Schnable_49-588-js168-240_2018-04-11_11-33-20_9999500,8,38.7187,11.6619,41.56065102040815,8.26060000000001,0.5249839028531699,351.7394,48.43934897959185,2.8419510204081533,-3.401299999999992,2.8419510204081533,3.401299999999992,3.2382962478489623,251.0,True
4-9-18_Schnable_49-588-js168-240_2018-04-11_11-33-20_9999500,9,36.2809,5.49225,44.80838367346936,13.160900000000083,0.5445251781703776,346.8390999999999,45.19161632653064,8.527483673469355,7.668650000000071,8.527483673469355,7.668650000000071,5.851398270945611,256.0,False
4-9-18_Schnable_49-588-js168-240_2018-04-11_11-33-20_9999500,10,21.8273,-63.1302,7.007257142857171,-22.796299999999974,0.19378302928972072,22.796299999999977,82.99274285714283,-14.82004285714283,40.33390000000003,14.82004285714283,40.33390000000003,1.1877960439439652,82.0,True
4-9-18_Schnable_49-588-js168-240_2018-04-11_11-33-20_9999500,11,36.2126,125.48,30.04000408163271,177.92920000000004,0.3261012226055129,182.07079999999996,59.95999591836729,-6.172595918367293,52.44920000000002,6.172595918367293,52.44920000000002,3.4185925694543298,141.0,True
4-9-18_Schnable_49-588-js168-240_2018-04-11_11-33-20_9999500,12,21.8243,-157.413,37.024818367346974,150.3274,0.5170053526409103,209.6726,52.975181632653026,15.200518367346973,-52.25959999999998,15.200518367346973,52.25959999999998,6.605502357219069,250.0,False
4-9-18_Schnable_49-589-js49-3-78_2018-04-11_11-35-34_9999600,0,51.7321,-55.7676,54.657087755102054,-60.134300000000025,0.18641381262718665,60.13430000000002,35.342912244897946,2.924987755102052,-4.366700000000037,2.924987755102052,4.366700000000037,0.9912190957789837,81.0,True
4-9-18_Schnable_49-589-js49-3-78_2018-04-11_11-35-34_9999600,1,58.9152,-141.415,66.57716938775512,-135.375,0.2132449192713781,135.375,23.422830612244876,7.661969387755121,6.039999999999992,7.661969387755121,6.039999999999992,1.0704161254492366,92.0,True
4-9-18_Schnable_49-589-js49-3-78_2018-04-11_11-35-34_9999600,2,47.8463,-23.1466,62.895242857142875,-9.534199999999998,0.34409089537060944,9.5342,27.104757142857125,15.048942857142876,13.612400000000008,15.048942857142876,13.612400000000008,2.37773506434463,178.0,True
4-9-18_Schnable_49-589-js49-3-78_2018-04-11_11-35-34_9999600,3,61.4265,-149.39,69.95677755102041,-161.802,0.35063868719057545,161.802,20.043222448979595,8.530277551020411,-12.412000000000006,8.530277551020411,12.412000000000006,1.8178365761412427,166.0,True
4-9-18_Schnable_49-589-js49-3-78_2018-04-11_11-35-34_9999600,4,45.9796,-11.8686,53.74922244897956,-8.465699999999998,0.45115401677760875,8.465700000000005,36.25077755102044,7.769622448979561,3.4028999999999883,7.769622448979561,3.4028999999999883,2.7296782333495004,232.0,True
4-9-18_Schnable_49-589-js49-3-78_2018-04-11_11-35-34_9999600,5,46.8707,-154.699,43.556204081632636,-159.641,0.3607176960488946,159.641,46.443795918367364,-3.3144959183673635,-4.941999999999979,3.3144959183673635,4.941999999999979,2.3735405086471317,169.0,True
4-9-18_Schnable_49-589-js49-3-78_2018-04-11_11-35-34_9999600,6,40.4642,-22.0811,41.35302653061225,-13.150000000000006,0.45841850661700156,13.149999999999999,48.64697346938775,0.8888265306122491,8.931099999999986,0.8888265306122491,8.931099999999986,3.508379060030504,225.0,True
4-9-18_Schnable_49-589-js49-3-78_2018-04-11_11-35-34_9999600,7,42.2844,-136.794,30.040961224489834,26.425400000000025,0.3446161982077424,333.5746,59.959038775510166,-12.243438775510164,163.21940000000006,12.243438775510164,163.21940000000006,2.2743416744039813,146.0,True
4-9-18_Schnable_49-589-js49-3-78_2018-04-11_11-35-34_9999600,8,24.1727,-27.9513,26.715604081632677,178.53930000000003,0.4243999214546677,181.46069999999995,63.28439591836732,2.5429040816326776,-153.50939999999997,2.5429040816326776,153.50939999999997,3.152134871638156,216.0,True
4-9-18_Schnable_49-590-js225-357_2018-04-11_11-37-47_9999700,0,25.9998,99.2165,18.610848979591836,131.81780000000003,0.2103173607114,228.18219999999997,71.38915102040816,-7.3889510204081645,32.60130000000004,7.3889510204081645,32.60130000000004,2.0024331375992968,99.0,True
4-9-18_Schnable_49-590-js225-357_2018-04-11_11-37-47_9999700,1,21.8308,-92.3529,21.741936734693894,-85.8981,0.3212565998459594,85.8981,68.2580632653061,-0.08886326530610589,6.454800000000006,0.08886326530610589,6.454800000000006,3.7976395110125925,150.0,True
4-9-18_Schnable_49-590-js225-357_2018-04-11_11-37-47_9999700,2,21.5839,107.141,32.827428571428555,100.90589999999997,0.3745343812796207,259.0941,57.172571428571445,11.243528571428556,-6.235100000000045,11.243528571428556,6.235100000000045,3.006863247635929,169.0,True
4-9-18_Schnable_49-590-js225-357_2018-04-11_11-37-47_9999700,3,23.2176,-79.3423,29.30492244897961,-87.27339999999998,0.46300092061422027,87.27339999999998,60.69507755102039,6.087322448979609,-7.9310999999999865,6.087322448979609,7.9310999999999865,5.807349636389324,205.0,False
4-9-18_Schnable_49-590-js225-357_2018-04-11_11-37-47_9999700,4,26.2821,122.019,31.39850204081634,112.47649999999999,0.47268674599330673,247.5235,58.60149795918366,5.1164020408163395,-9.542500000000018,5.1164020408163395,9.542500000000018,4.195953046394429,218.0,True
4-9-18_Schnable_49-590-js225-357_2018-04-11_11-37-47_9999700,5,42.6934,-109.065,22.640906122448982,-77.78599999999999,0.5065086475168629,77.78599999999999,67.35909387755102,-20.052493877551015,31.278999999999996,20.052493877551015,31.278999999999996,4.99278962399392,237.0,True
4-9-18_Schnable_49-590-js225-357_2018-04-11_11-37-47_9999700,6,22.4993,67.9902,14.88969387755101,41.26040000000006,0.33382682860631424,318.73959999999994,75.11030612244899,-7.609606122448991,-26.729799999999955,7.609606122448991,26.729799999999955,3.6631263844730513,149.0,True
4-9-18_Schnable_49-590-js225-357_2018-04-11_11-37-47_9999700,7,37.0459,-85.1699,28.797902040816368,-96.5237,0.18132814047263354,96.5237,61.20209795918363,-8.247997959183635,-11.353800000000007,8.247997959183635,11.353800000000007,1.3721250692239486,81.0,True
4-9-18_Schnable_49-590-js225-357_2018-04-11_11-37-47_9999700,8,45.2742,-115.957,19.976824489795888,-73.42169999999999,0.20618813900075347,73.42169999999999,70.02317551020411,-25.297375510204112,42.53530000000001,25.297375510204112,42.53530000000001,1.6243679990391404,95.0,True
4-9-18_Schnable_49-591-js43-70_2018-04-11_11-40-03_9999800,0,26.6404,3.65282,52.9929,-54.4333,0.254027332114445,54.4333,37.0071,26.3525,-58.086119999999994,26.3525,58.086119999999994,1.2865499435125505,107.0,True
4-9-18_Schnable_49-591-js43-70_2018-04-11_11-40-03_9999800,1,90.9629,172.072,14.109104081632651,92.20170000000002,0.2254837102479788,267.7983,75.89089591836735,-76.85379591836735,-79.87029999999999,76.85379591836735,79.87029999999999,2.366416301548046,117.0,True
4-9-18_Schnable_49-591-js43-70_2018-04-11_11-40-03_9999800,2,22.0689,127.052,8.435110204081681,-114.30099999999995,0.10403647085744804,114.30099999999995,81.56488979591832,-13.633789795918318,118.64700000000005,13.633789795918318,118.64700000000005,0.8875460727233405,42.0,True
4-9-18_Schnable_49-592-js131-2-190_2018-04-11_11-42-18_9999900,0,36.2372,-1.24105,43.04625102040817,-6.2350999999999885,0.3759417760619703,6.235100000000001,46.95374897959183,6.80905102040817,-4.994049999999987,6.80905102040817,4.994049999999987,2.1543243552478537,171.0,True
4-9-18_Schnable_49-592-js131-2-190_2018-04-11_11-42-18_9999900,1,42.2642,-178.907,53.22596938775512,-176.9075,0.4535312001945418,176.9075,36.77403061224488,10.961769387755119,1.9995000000000118,10.961769387755119,1.9995000000000118,2.8388382869479907,222.0,True
4-9-18_Schnable_49-592-js131-2-190_2018-04-11_11-42-18_9999900,2,35.5289,177.586,40.37995714285713,-178.19910000000002,0.4052026795939093,178.19910000000002,49.62004285714287,4.85105714285713,4.214899999999943,4.85105714285713,4.214899999999943,2.925257072329607,178.0,True
4-9-18_Schnable_49-592-js131-2-190_2018-04-11_11-42-18_9999900,3,51.2372,7.68729,48.43210816326541,-2.3264000000000067,0.27027069017735017,2.3263999999999996,41.56789183673459,-2.80509183673459,-10.013689999999997,2.80509183673459,10.013689999999997,1.622570908218777,118.0,True
4-9-18_Schnable_49-592-js131-2-190_2018-04-11_11-42-18_9999900,4,22.6416,7.96049,5.716632653061254,9.63740000000007,0.16354602234297505,350.36259999999993,84.28336734693875,-16.924967346938747,1.6769100000000776,16.924967346938747,1.6769100000000776,1.7829702605060977,70.0,True
4-9-18_Schnable_49-592-js131-2-190_2018-04-11_11-42-18_9999900,5,22.7998,2.50478,22.123142857142824,-13.157399999999996,0.4192458801759085,13.157400000000006,67.87685714285718,-0.6766571428571773,-15.662180000000006,0.6766571428571773,15.662180000000006,6.9189278044970495,187.0,False
4-9-18_Schnable_49-592-js131-2-190_2018-04-11_11-42-18_9999900,6,22.2346,-172.686,4.524324489795944,179.4298,0.20768131681797677,180.57019999999997,85.47567551020406,-17.710275510204056,-7.884199999999964,17.710275510204056,7.884199999999964,1.5203259870311991,104.0,True
4-9-18_Schnable_49-593-js93-3-130_2018-04-11_11-44-31_10000000,0,47.9192,-178.976,27.31225510204085,-178.57369999999997,0.1292063006786393,178.57369999999997,62.68774489795915,-20.606944897959146,0.4023000000000252,20.606944897959146,0.4023000000000252,0.8107268918124577,61.0,True
4-9-18_Schnable_49-593-js93-3-130_2018-04-11_11-44-31_10000000,1,31.94,-4.37419,29.76597346938776,1.7531000000000745,0.25073713564910005,358.2468999999999,60.23402653061224,-2.1740265306122417,6.127290000000073,2.1740265306122417,6.127290000000073,0.6984863906033996,111.0,True
4-9-18_Schnable_49-593-js93-3-130_2018-04-11_11-44-31_10000000,2,26.1483,51.5759,6.409893877551028,72.65660000000008,0.10458212665651571,287.3433999999999,83.59010612244897,-19.73840612244897,21.080700000000093,19.73840612244897,21.080700000000093,1.4487895237893575,40.0,True
4-9-18_Schnable_49-593-js93-3-130_2018-04-11_11-44-31_10000000,3,34.5077,143.803,31.371457142857153,-146.6744,0.4243102794204539,146.6744,58.62854285714285,-3.1362428571428467,69.52260000000001,3.1362428571428467,69.52260000000001,8.199561392886586,199.0,False
4-9-18_Schnable_49-593-js93-3-130_2018-04-11_11-44-31_10000000,4,42.6408,-170.033,37.54231836734689,-173.799,0.11093237317459168,173.799,52.45768163265311,-5.098481632653112,-3.7660000000000196,5.098481632653112,3.7660000000000196,1.0729789092078894,54.0,True
4-9-18_Schnable_49-593-js93-3-130_2018-04-11_11-44-31_10000000,5,21.9148,-145.74,1.0433469387755139,70.36999999999989,0.44667993488798513,289.6300000000001,88.95665306122449,-20.871453061224486,-143.8900000000001,20.871453061224486,143.8900000000001,8.788147445433573,208.0,False
4-9-18_Schnable_49-593-js93-3-130_2018-04-11_11-44-31_10000000,6,28.2368,-171.898,28.848742857142874,-166.1253,0.4387488658617941,166.1253,61.151257142857126,0.6119428571428749,5.772699999999986,0.6119428571428749,5.772699999999986,3.7593956141350073,202.0,True
4-9-18_Schnable_49-593-js93-3-130_2018-04-11_11-44-31_10000000,7,5.30485,117.667,26.763200000000012,7.529899999999998,0.35995532134397706,352.4701,63.23679999999999,21.45835000000001,-110.1371,21.45835000000001,110.1371,2.4876627788563055,181.0,True
4-9-18_Schnable_49-593-js93-3-130_2018-04-11_11-44-31_10000000,8,44.801,20.6446,21.300210204081566,27.694200000000023,0.12914611682912744,332.3058,68.69978979591843,-23.500789795918436,7.0496000000000265,23.500789795918436,7.0496000000000265,2.846662654983227,56.0,True
4-9-18_Schnable_49-593-js93-3-130_2018-04-11_11-44-31_10000000,9,51.3886,-171.771,0.42211428571430076,103.34280000000012,0.17808197623853766,256.6571999999999,89.5778857142857,-50.966485714285696,-84.88619999999992,50.966485714285696,84.88619999999992,2.4914982903210094,91.0,True
4-9-18_Schnable_49-593-js93-3-130_2018-04-11_11-44-31_10000000,10,5.21346,45.6145,26.798330612244918,-160.9256,0.2001625433927408,160.9256,63.20166938775508,21.584870612244917,153.4599,21.584870612244917,153.4599,2.4084047991010564,96.0,True
4-9-18_Schnable_49-594-js60-89_2018-04-11_11-46-45_10000100,0,39.8757,-43.7125,32.80366734693879,-48.04910000000001,0.25318648053676285,48.04910000000001,57.19633265306121,-7.072032653061214,-4.336600000000004,7.072032653061214,4.336600000000004,2.863043731519772,118.0,True
4-9-18_Schnable_49-594-js60-89_2018-04-11_11-46-45_10000100,1,33.6116,-175.556,33.723314285714295,-174.6209,0.36391607822787025,174.6209,56.276685714285705,0.11171428571429232,0.9351000000000056,0.11171428571429232,0.9351000000000056,5.59394214875193,163.0,False
4-9-18_Schnable_49-594-js60-89_2018-04-11_11-46-45_10000100,2,41.3224,-23.4384,37.424095918367335,-22.295799999999986,0.2435467395753505,22.295799999999996,52.575904081632665,-3.8983040816326664,1.1426000000000158,3.8983040816326664,1.1426000000000158,1.6177079344628316,108.0,True
4-9-18_Schnable_49-594-js60-89_2018-04-11_11-46-45_10000100,3,29.9684,176.209,30.52810612244899,-177.6348,0.2358985400290278,177.6348,59.47189387755101,0.5597061224489899,6.1562000000000126,0.5597061224489899,6.1562000000000126,2.6654687777516872,101.0,True
4-9-18_Schnable_49-594-js60-89_2018-04-11_11-46-45_10000100,4,38.7426,-23.6067,28.308461224489854,-28.919699999999978,0.14925870662737709,28.91969999999999,61.691538775510146,-10.43413877551015,-5.312999999999988,10.43413877551015,5.312999999999988,1.2536097053952489,63.0,True
4-9-18_Schnable_49-594-js60-89_2018-04-11_11-46-45_10000100,5,45.1883,179.213,39.18289999999998,178.4869,0.4243836138399666,181.5131,50.81710000000002,-6.005400000000016,-0.7261000000000024,6.005400000000016,0.7261000000000024,4.286298091312378,183.0,True
4-9-18_Schnable_49-594-js60-89_2018-04-11_11-46-45_10000100,6,24.0477,-13.2974,23.05665714285712,-18.306700000000006,0.5323501347090103,18.306699999999996,66.94334285714288,-0.9910428571428795,-5.009299999999996,0.9910428571428795,5.009299999999996,5.654417812118013,252.0,False
4-9-18_Schnable_49-594-js60-89_2018-04-11_11-46-45_10000100,7,23.6544,148.302,20.083706122449,36.41610000000003,0.28612546056414667,323.58389999999997,69.916293877551,-3.5706938775509975,-111.88589999999996,3.5706938775509975,111.88589999999996,1.7451144628519801,131.0,True
4-9-18_Schnable_49-594-js60-89_2018-04-11_11-46-45_10000100,8,25.3669,0.560516,19.996724489795938,129.08440000000002,0.40818130586139584,230.91559999999998,70.00327551020406,-5.370175510204064,128.523884,5.370175510204064,128.523884,2.7394438500949208,199.0,True
4-9-18_Schnable_49-595-js142-208_2018-04-11_11-48-59_10000200,0,150.949,153.205,1.1723857142852978,179.1181999999999,0.005435497211961813,180.88180000000014,88.8276142857147,-149.77661428571471,25.913199999999875,149.77661428571471,25.913199999999875,1.2075935939301223,3.0,False
4-9-18_Schnable_49-595-js142-208_2018-04-11_11-48-59_10000200,1,21.4071,48.1381,8.324799999999996,53.61009999999999,0.1343571235945962,306.3899,81.6752,-13.082300000000004,5.47199999999998,13.082300000000004,5.47199999999998,,,False
4-9-18_Schnable_49-595-js142-208_2018-04-11_11-48-59_10000200,2,23.4329,-91.8618,17.183483673469397,-86.05789999999999,0.20783456628904562,86.05789999999999,72.8165163265306,-6.2494163265306035,5.803899999999999,6.2494163265306035,5.803899999999999,2.159256704928243,58.0,True
4-9-18_Schnable_49-595-js142-208_2018-04-11_11-48-59_10000200,3,22.426,79.8439,10.867467346938767,86.20370000000003,0.24219243014401184,273.7963,79.13253265306123,-11.558532653061231,6.359800000000007,11.558532653061231,6.359800000000007,2.12955069586202,100.0,True
4-9-18_Schnable_49-595-js142-208_2018-04-11_11-48-59_10000200,4,17.6959,35.5204,0.9095530612245,34.998499999999694,0.06363400350308802,325.0015000000003,89.0904469387755,-16.7863469387755,-0.5219000000003007,16.7863469387755,0.5219000000003007,4.136142535193518,109.0,True
4-9-18_Schnable_49-595-js142-208_2018-04-11_11-48-59_10000200,5,25.4034,-69.094,16.88857755102042,-76.16800000000002,0.33544865879679553,76.16800000000002,73.11142244897958,-8.514822448979583,-7.074000000000012,8.514822448979583,7.074000000000012,0.7021847135125018,33.0,True
4-9-18_Schnable_49-595-js142-208_2018-04-11_11-48-59_10000200,6,47.3291,110.735,8.053269387755066,-141.29529999999997,0.11954116624897716,141.29529999999997,81.94673061224493,-39.27583061224493,107.96970000000005,39.27583061224493,107.96970000000005,4.92389666275033,147.0,True
4-9-18_Schnable_49-595-js142-208_2018-04-11_11-48-59_10000200,7,24.2616,-140.037,22.09228775510205,144.07910000000004,0.32123437906636587,215.9209,67.90771224489795,-2.1693122448979523,-75.88389999999993,2.1693122448979523,75.88389999999993,0.8143198515645624,52.0,True
4-9-18_Schnable_49-596-js36-62_2018-04-11_11-51-12_10000300,0,30.3,140.506,12.497863265306123,139.6712000000001,0.1045693140529848,220.32879999999992,77.50213673469388,-17.802136734693878,-0.8347999999998876,17.802136734693878,0.8347999999998876,0.7842635545511378,47.0,True
4-9-18_Schnable_49-596-js36-62_2018-04-11_11-51-12_10000300,1,46.0919,-20.7841,42.25206122448979,-20.1635,0.24395529061694093,20.1635,47.74793877551021,-3.8398387755102092,0.620599999999996,3.8398387755102092,0.620599999999996,1.0820167886503251,103.0,True
4-9-18_Schnable_49-596-js36-62_2018-04-11_11-51-12_10000300,2,31.1103,163.301,18.48840816326532,178.43860000000006,0.1250043804236229,181.56139999999994,71.51159183673468,-12.62189183673468,15.137600000000077,12.62189183673468,15.137600000000077,1.6707969645117788,49.0,True
4-9-18_Schnable_49-596-js36-62_2018-04-11_11-51-12_10000300,3,23.024,-1.75999,21.642269387755093,-10.980700000000013,0.2890441437968893,10.9807,68.35773061224491,-1.3817306122449082,-9.220710000000025,1.3817306122449082,9.220710000000025,2.0195549135753663,140.0,True
4-9-18_Schnable_49-596-js36-62_2018-04-11_11-51-12_10000300,4,29.5124,152.746,10.681861224489822,35.36110000000008,0.21609050431208504,324.6388999999999,79.31813877551018,-18.830538775510178,-117.38489999999993,18.830538775510178,117.38489999999993,1.5465124411716906,93.0,True
4-9-18_Schnable_49-596-js36-62_2018-04-11_11-51-12_10000300,5,27.6321,24.8645,24.727769387755075,154.70799999999997,0.397705909475265,205.292,65.27223061224493,-2.9043306122449266,129.84349999999995,2.9043306122449266,129.84349999999995,3.8133323489166626,178.0,True
4-9-18_Schnable_49-597-js10-1-19_2018-04-11_11-53-27_10000400,0,34.372,176.41,38.21947959183673,-177.33689999999999,0.3283621830561026,177.33689999999999,51.78052040816327,3.8474795918367306,6.253100000000018,3.8474795918367306,6.253100000000018,1.4590701499291834,149.0,True
4-9-18_Schnable_49-597-js10-1-19_2018-04-11_11-53-27_10000400,1,33.9151,-35.3958,13.614269387755115,-8.569900000000018,0.10195871686935906,8.569900000000013,76.38573061224488,-20.300830612244887,26.82589999999999,20.300830612244887,26.82589999999999,1.2204804226701287,45.0,True
4-9-18_Schnable_49-597-js10-1-19_2018-04-11_11-53-27_10000400,2,38.686,-17.7644,35.48147346938778,-5.965399999999988,0.3583896084759986,5.965400000000001,54.51852653061222,-3.2045265306122204,11.799000000000007,3.2045265306122204,11.799000000000007,3.632988600380026,173.0,True
4-9-18_Schnable_49-597-js10-1-19_2018-04-11_11-53-27_10000400,3,47.0359,-163.862,41.11057142857144,-174.1276,0.3754421539675587,174.1276,48.88942857142856,-5.925328571428558,-10.265600000000006,5.925328571428558,10.265600000000006,1.4743904831078074,180.0,True
4-9-18_Schnable_49-597-js10-1-19_2018-04-11_11-53-27_10000400,4,36.5637,-159.861,28.20276326530611,162.2717,0.41749057878396045,197.7283,61.79723673469389,-8.360936734693887,-37.8673,8.360936734693887,37.8673,5.557594501667817,195.0,False
4-9-18_Schnable_49-597-js10-1-19_2018-04-11_11-53-27_10000400,5,17.1976,151.552,8.404683673469407,163.67989999999998,0.1458669906070875,196.3201,81.5953163265306,-8.792916326530595,12.127899999999983,8.792916326530595,12.127899999999983,1.7514576001417554,67.0,True
4-9-18_Schnable_49-597-js10-1-19_2018-04-11_11-53-27_10000400,6,22.7074,-136.228,44.758387755102106,8.256500000000074,0.28216522365165664,351.7434999999999,45.241612244897894,22.050987755102106,144.48450000000008,22.050987755102106,144.48450000000008,1.8406527984614303,145.0,True
4-9-18_Schnable_49-597-js10-1-19_2018-04-11_11-53-27_10000400,7,49.0767,-3.17561,10.860261224489818,7.251600000000053,0.35483750388974905,352.74839999999995,79.13973877551018,-38.216438775510184,10.42721000000006,38.216438775510184,10.42721000000006,3.319053532828421,163.0,True
4-9-18_Schnable_49-597-js10-1-19_2018-04-11_11-53-27_10000400,8,37.2796,74.1731,6.222367346938782,73.30070000000006,0.11190148759476308,286.69929999999994,83.77763265306122,-31.05723265306122,-0.8723999999999421,31.05723265306122,0.8723999999999421,0.8604922341164276,51.0,True
4-9-18_Schnable_49-597-js10-1-19_2018-04-11_11-53-27_10000400,9,45.2817,168.511,30.043542857142818,143.10630000000003,0.43304452727154247,216.8937,59.95645714285718,-15.238157142857183,-25.404699999999963,15.238157142857183,25.404699999999963,4.911721903977472,201.0,True
4-9-18_Schnable_49-597-js10-1-19_2018-04-11_11-53-27_10000400,10,33.1473,12.8474,27.68389591836732,39.84710000000001,0.32807189810277443,320.1529,62.31610408163268,-5.463404081632682,26.99970000000002,5.463404081632682,26.99970000000002,2.469644453617997,148.0,True
4-9-18_Schnable_49-598-js123-181_2018-04-11_11-55-42_10000500,0,47.2653,153.757,2.9843387755101958,136.88940000000002,0.09834193212172812,223.1106,87.0156612244898,-44.28096122448981,-16.86759999999998,44.28096122448981,16.86759999999998,1.1131768832872888,43.0,True
4-9-18_Schnable_49-598-js123-181_2018-04-11_11-55-42_10000500,1,38.6648,141.836,41.03750000000001,158.02650000000006,0.26677379642347204,201.97349999999997,48.96249999999999,2.372700000000009,16.190500000000043,2.372700000000009,16.190500000000043,4.817002628697914,130.0,True
4-9-18_Schnable_49-598-js123-181_2018-04-11_11-55-42_10000500,2,43.7223,2.02933,42.7703897959184,5.547300000000007,0.28557190028883744,354.4527,47.2296102040816,-0.9519102040815994,3.5179700000000196,0.9519102040815994,3.5179700000000196,1.7836791147257856,139.0,True
4-9-18_Schnable_49-598-js123-181_2018-04-11_11-55-42_10000500,3,31.7066,1.76294,27.786591836734672,17.89930000000004,0.22015760385752448,342.10069999999996,62.21340816326533,-3.9200081632653294,16.136360000000025,3.9200081632653294,16.136360000000025,1.46746266572131,106.0,True
4-9-18_Schnable_49-598-js123-181_2018-04-11_11-55-42_10000500,4,29.3279,174.599,33.713253061224464,178.52790000000005,0.2969968933045457,181.47209999999998,56.286746938775536,4.385353061224464,3.9289000000000556,4.385353061224464,3.9289000000000556,1.5189447971082939,131.0,True
4-9-18_Schnable_49-598-js123-181_2018-04-11_11-55-42_10000500,5,26.068,-7.96682,28.578948979591836,0.7649000000000683,0.35966425907140886,359.23509999999993,61.421051020408164,2.5109489795918343,8.731720000000081,2.5109489795918343,8.731720000000081,3.3764561415647454,157.0,True
4-9-18_Schnable_49-598-js123-181_2018-04-11_11-55-42_10000500,6,26.8099,-131.965,27.192857142857186,-138.4967,0.32359132356076875,138.4967,62.807142857142814,0.38295714285718674,-6.531700000000001,0.38295714285718674,6.531700000000001,2.243346031635923,143.0,True
4-9-18_Schnable_49-598-js123-181_2018-04-11_11-55-42_10000500,7,28.9652,-6.91282,19.850606122448937,-12.075199999999995,0.24872381802165458,12.075200000000004,70.14939387755106,-9.114593877551062,-5.162379999999985,9.114593877551062,5.162379999999985,1.5187628728950393,122.0,True
4-9-18_Schnable_49-599-js177-258_2018-04-11_11-57-57_10000600,0,44.8614,-136.877,10.875751020408188,-161.95770000000002,0.07318789773333761,161.95770000000002,79.12424897959181,-33.985648979591815,-25.080700000000007,33.985648979591815,25.080700000000007,0.5949838155465059,31.0,True
4-9-18_Schnable_49-599-js177-258_2018-04-11_11-57-57_10000600,1,32.4055,17.9087,27.011942857142863,-3.4677000000000078,0.17665328859382365,3.4676999999999985,62.98805714285714,-5.393557142857141,-21.376400000000018,5.393557142857141,21.376400000000018,0.6326115006344815,86.0,True
4-9-18_Schnable_49-599-js177-258_2018-04-11_11-57-57_10000600,2,18.4025,-170.37,19.102779591836736,163.30910000000006,0.27078166713362467,196.69089999999994,70.89722040816326,0.7002795918367362,-26.320899999999938,0.7002795918367362,26.320899999999938,2.003967991096474,128.0,True
4-9-18_Schnable_49-599-js177-258_2018-04-11_11-57-57_10000600,3,15.8932,25.6768,10.914748979591835,161.6255,0.3396031291421673,198.3745,79.08525102040817,-4.978451020408166,135.94869999999997,4.978451020408166,135.94869999999997,3.7779108509225896,156.0,True
4-9-18_Schnable_49-599-js177-258_2018-04-11_11-57-57_10000600,4,8.34831,177.68,15.969836734693885,-9.440699999999993,0.3264945267110612,9.440699999999993,74.03016326530611,7.6215267346938855,172.8793,7.6215267346938855,172.8793,2.2511119201593486,163.0,True
4-9-18_Schnable_49-600-js233-371_2018-04-11_12-00-11_10000700,0,43.8863,-158.016,48.173859183673464,-160.5093,0.23823885860615232,160.5093,41.826140816326536,4.287559183673466,-2.493300000000005,4.287559183673466,2.493300000000005,1.420651072227993,117.0,True
4-9-18_Schnable_49-600-js233-371_2018-04-11_12-00-11_10000700,1,33.3522,-13.6103,35.50517755102042,-5.580600000000004,0.2811932229305049,5.580599999999999,54.49482244897958,2.152977551020413,8.029699999999991,2.152977551020413,8.029699999999991,1.7232631561776715,134.0,True
4-9-18_Schnable_49-600-js233-371_2018-04-11_12-00-11_10000700,2,31.5075,-145.867,54.48524285714287,157.1717,0.3669533866171199,202.8283,35.51475714285713,22.97774285714287,-56.96130000000005,22.97774285714287,56.96130000000005,4.245628367381837,164.0,True
4-9-18_Schnable_49-600-js233-371_2018-04-11_12-00-11_10000700,3,45.242,167.08,39.27014285714285,149.06100000000004,0.4631537692179863,210.93899999999996,50.72985714285715,-5.9718571428571465,-18.018999999999977,5.9718571428571465,18.018999999999977,3.4664120972928916,214.0,True
4-9-18_Schnable_49-600-js233-371_2018-04-11_12-00-11_10000700,4,35.9265,5.61673,34.873195918367344,2.637800000000027,0.46512175227594,357.3622,55.126804081632656,-1.0533040816326533,-2.9789299999999628,1.0533040816326533,2.9789299999999628,3.8614110438262115,236.0,True
4-9-18_Schnable_49-600-js233-371_2018-04-11_12-00-11_10000700,5,79.1211,78.6644,47.22481836734703,74.9375,0.13406312574463938,285.0625,42.77518163265297,-31.896281632652972,-3.7269000000000005,31.896281632652972,3.7269000000000005,3.401624901295334,61.0,True
4-9-18_Schnable_49-600-js233-371_2018-04-11_12-00-11_10000700,6,86.0387,16.274,78.26590408163264,7.519400000000019,0.1930982930715437,352.4806,11.734095918367364,-7.772795918367365,-8.754599999999982,7.772795918367365,8.754599999999982,0.5915029748762431,104.0,True
4-9-18_Schnable_49-600-js233-371_2018-04-11_12-00-11_10000700,7,84.919,-39.072,88.30435510204093,-44.74280000000002,0.10870774798577998,44.74280000000001,1.6956448979590677,3.3853551020409327,-5.670800000000014,3.3853551020409327,5.670800000000014,2.7766086218488715,54.0,True
4-9-18_Schnable_49-600-js233-371_2018-04-11_12-00-11_10000700,8,55.3473,134.339,44.27460612244894,117.3306,0.4561796509392568,242.6694,45.72539387755106,-11.07269387755106,-17.008399999999995,11.07269387755106,17.008399999999995,5.639404523959512,223.0,False
4-9-18_Schnable_49-600-js233-371_2018-04-11_12-00-11_10000700,9,30.9961,9.0939,13.64306326530614,163.49880000000002,0.20421198007763833,196.50119999999998,76.35693673469386,-17.35303673469386,154.4049,17.35303673469386,154.4049,2.1469027569730477,106.0,True
4-9-18_Schnable_49-600-js233-371_2018-04-11_12-00-11_10000700,10,20.8693,175.328,19.810069387755107,22.510000000000048,0.4080437419487403,337.48999999999995,70.1899306122449,-1.0592306122448925,-152.81799999999996,1.0592306122448925,152.81799999999996,2.9270105407471214,192.0,True
4-9-18_Schnable_49-601-js138-200_2018-04-11_12-02-25_10000800,0,41.4879,-31.9401,22.70559387755104,-29.214400000000012,0.13668450767152793,29.214399999999998,67.29440612244896,-18.782306122448965,2.725699999999989,18.782306122448965,2.725699999999989,0.8743164224162449,55.0,True
4-9-18_Schnable_49-601-js138-200_2018-04-11_12-02-25_10000800,1,25.4859,-115.894,0.8445204081632767,-133.17030000000014,0.06484058167240578,133.17030000000014,89.15547959183672,-24.641379591836724,-17.276300000000134,24.641379591836724,17.276300000000134,0.9356310796211184,30.0,True
4-9-18_Schnable_49-601-js138-200_2018-04-11_12-02-25_10000800,2,34.9049,133.503,35.65541020408164,136.59529999999995,0.19428890911738644,223.40470000000002,54.34458979591836,0.7505102040816425,3.092299999999966,0.7505102040816425,3.092299999999966,0.977886779606236,83.0,True
4-9-18_Schnable_49-601-js138-200_2018-04-11_12-02-25_10000800,3,40.8562,-26.2463,38.231089795918365,-25.018699999999995,0.3220257840130545,25.0187,51.768910204081635,-2.6251102040816363,1.2275999999999954,2.6251102040816363,1.2275999999999954,2.6275231019234035,156.0,True
4-9-18_Schnable_49-601-js138-200_2018-04-11_12-02-25_10000800,4,24.9203,-47.5293,13.548212244897982,-51.88820000000001,0.21057929418711874,51.88820000000001,76.45178775510202,-11.372087755102019,-4.3589000000000055,11.372087755102019,4.3589000000000055,1.5509376622805728,112.0,True
4-9-18_Schnable_49-601-js138-200_2018-04-11_12-02-25_10000800,5,33.7945,124.896,18.977999999999966,119.79770000000002,0.220931646148568,240.20229999999998,71.02200000000003,-14.816500000000033,-5.098299999999995,14.816500000000033,5.098299999999995,1.2957314287509694,99.0,True
4-9-18_Schnable_49-603-js147-1-214_2018-04-11_12-06-53_10001000,0,6.17406,-47.7725,95.62244897959187,147.15370000000001,0.0533443210536336,212.84629999999999,-5.62244897959187,89.44838897959187,-165.0738,89.44838897959187,165.0738,3.5281298104165444,26.0,True
4-9-18_Schnable_49-603-js147-1-214_2018-04-11_12-06-53_10001000,1,33.215,-42.1058,42.21706326530614,-58.29170000000002,0.3611009189239224,58.29170000000002,47.78293673469386,9.002063265306134,-16.185900000000004,9.002063265306134,16.185900000000004,2.193999823982883,162.0,True
4-9-18_Schnable_49-603-js147-1-214_2018-04-11_12-06-53_10001000,2,33.9669,-37.4325,31.78947551020412,-65.3166,0.31288378552180107,65.3166,58.21052448979588,-2.1774244897958823,-27.88409999999999,2.1774244897958823,27.88409999999999,2.7749308704606066,135.0,True
4-9-18_Schnable_49-603-js147-1-214_2018-04-11_12-06-53_10001000,3,24.5814,118.57,15.331136734693885,145.20410000000004,0.3554671530197854,214.79589999999993,74.66886326530611,-9.250263265306113,26.634100000000046,9.250263265306113,26.634100000000046,2.152842757950553,175.0,True
4-9-18_Schnable_49-603-js147-1-214_2018-04-11_12-06-53_10001000,4,43.9093,142.267,21.579436734693914,136.728,0.3760377386991046,223.272,68.42056326530609,-22.329863265306088,-5.538999999999987,22.329863265306088,5.538999999999987,6.7067811641913595,166.0,False
4-9-18_Schnable_49-603-js147-1-214_2018-04-11_12-06-53_10001000,5,31.0303,-42.1623,26.143197959183674,-60.65129999999999,0.4588794422272793,60.65129999999999,63.856802040816326,-4.887102040816327,-18.488999999999976,4.887102040816327,18.488999999999976,2.722692773973188,190.0,True
4-9-18_Schnable_49-603-js147-1-214_2018-04-11_12-06-53_10001000,6,42.1308,153.762,20.155322448979575,161.50280000000004,0.5081347146649273,198.49719999999996,69.84467755102042,-21.975477551020425,7.740800000000036,21.975477551020425,7.740800000000036,3.632988092821613,232.0,True
4-9-18_Schnable_49-603-js147-1-214_2018-04-11_12-06-53_10001000,7,28.4642,-53.2349,3.19819387755102,140.59519999999998,0.2929976410743999,219.4048,86.80180612244898,-25.26600612244898,-166.16989999999998,25.26600612244898,166.16989999999998,6.651950201942348,142.0,False
4-9-18_Schnable_49-603-js147-1-214_2018-04-11_12-06-53_10001000,8,16.4555,107.722,26.57857755102038,-70.4284,0.4586358855626776,70.4284,63.42142244897962,10.12307755102038,-178.1504,10.12307755102038,178.1504,3.5722693879418594,195.0,True
4-9-18_Schnable_49-604-js153-2-222_2018-04-11_12-09-06_10001100,0,33.4779,5.20537,36.79253469387757,7.937299999999993,0.4356151353609034,352.0627,53.20746530612243,3.314634693877572,2.7319300000000055,3.314634693877572,2.7319300000000055,3.336599715425579,199.0,True
4-9-18_Schnable_49-604-js153-2-222_2018-04-11_12-09-06_10001100,1,9.12983,-164.38,17.99828571428573,-157.3912,0.3447425592977365,157.3912,72.00171428571427,8.868455714285728,6.988799999999998,8.868455714285728,6.988799999999998,2.2137712582538414,162.0,True
4-9-18_Schnable_49-605-js18-31_2018-04-11_12-11-20_10001200,0,35.116,178.209,25.05667142857142,174.47410000000002,0.32814247049720424,185.5259,64.94332857142858,-10.05932857142858,-3.734899999999982,10.05932857142858,3.734899999999982,4.91910314838294,162.0,True
4-9-18_Schnable_49-605-js18-31_2018-04-11_12-11-20_10001200,1,39.8637,1.76816,43.927908163265315,2.197400000000016,0.4135847902900234,357.8026,46.072091836734685,4.064208163265313,0.4292400000000214,4.064208163265313,0.4292400000000214,2.0787444787310623,173.0,True
4-9-18_Schnable_49-605-js18-31_2018-04-11_12-11-20_10001200,2,26.8933,172.473,31.393687755102057,165.5164000000001,0.41519450323198975,194.48359999999994,58.60631224489794,4.500387755102057,-6.9565999999999235,4.500387755102057,6.9565999999999235,3.454059474087554,188.0,True
4-9-18_Schnable_49-605-js18-31_2018-04-11_12-11-20_10001200,3,29.5195,-122.346,2.5130551020408376,-101.12959999999991,0.08039793581763387,101.12959999999991,87.48694489795916,-27.006444897959163,21.21640000000008,27.006444897959163,21.21640000000008,1.2733158089858805,37.0,True
4-9-18_Schnable_49-605-js18-31_2018-04-11_12-11-20_10001200,4,23.9357,23.6608,33.23640408163267,4.2818000000000325,0.5435043112305478,355.71819999999997,56.76359591836733,9.30070408163267,-19.378999999999962,9.30070408163267,19.378999999999962,6.9136007345297,235.0,False
4-9-18_Schnable_49-605-js18-31_2018-04-11_12-11-20_10001200,5,25.1582,154.915,28.02081428571428,-178.40079999999998,0.6468324185221981,178.40079999999998,61.97918571428572,2.8626142857142796,26.684200000000033,2.8626142857142796,26.684200000000033,5.79001523912188,313.0,False
4-9-18_Schnable_49-605-js18-31_2018-04-11_12-11-20_10001200,6,23.5113,15.543,21.18301428571428,1.748299999999972,0.5697064503656347,358.2517,68.81698571428572,-2.3282857142857196,-13.794700000000034,2.3282857142857196,13.794700000000034,4.560212681798154,251.0,True
4-9-18_Schnable_49-605-js18-31_2018-04-11_12-11-20_10001200,7,31.8035,-145.427,18.42147959183673,-126.56229999999998,0.5048603519874311,126.56229999999998,71.57852040816327,-13.382020408163271,18.864700000000028,13.382020408163271,18.864700000000028,5.388962342159241,233.0,True
4-9-18_Schnable_49-605-js18-31_2018-04-11_12-11-20_10001200,8,33.1113,-20.3038,6.648816326530621,164.5462,0.17472552188074425,195.45380000000003,83.35118367346938,-26.46248367346938,-175.14999999999998,26.46248367346938,175.14999999999998,1.1031031230407096,91.0,True
4-9-18_Schnable_49-605-js18-31_2018-04-11_12-11-20_10001200,9,16.9741,-171.321,21.942404081632688,-16.812000000000012,0.36578957266461193,16.812000000000005,68.05759591836731,4.968304081632688,154.50900000000001,4.968304081632688,154.50900000000001,2.1601357935084105,154.0,True
4-9-18_Schnable_49-606-js198-307_2018-04-11_12-13-34_10001300,0,30.0752,28.3154,18.166983673469403,29.317500000000052,0.23573615750990778,330.68249999999995,71.8330163265306,-11.908216326530596,1.0021000000000413,11.908216326530596,1.0021000000000413,3.149466753924347,106.0,True
4-9-18_Schnable_49-606-js198-307_2018-04-11_12-13-34_10001300,1,35.7231,-154.406,31.187273469387762,-153.5371,0.31270694122108994,153.5371,58.81272653061224,-4.5358265306122405,0.8688999999999965,4.5358265306122405,0.8688999999999965,5.263103903816102,137.0,True
4-9-18_Schnable_49-606-js198-307_2018-04-11_12-13-34_10001300,2,24.8353,32.5357,25.248353061224492,12.94029999999998,0.3877156698633656,347.0597,64.75164693877551,0.4130530612244918,-19.595400000000012,0.4130530612244918,19.595400000000012,4.6410741423616875,175.0,True
4-9-18_Schnable_49-606-js198-307_2018-04-11_12-13-34_10001300,3,40.4289,-165.233,31.23789387755101,-144.95360000000002,0.3945188475185909,144.95360000000002,58.76210612244899,-9.19100612244899,20.27939999999998,9.19100612244899,20.27939999999998,6.341253029739537,184.0,False
4-9-18_Schnable_49-606-js198-307_2018-04-11_12-13-34_10001300,4,33.3669,18.7259,23.309351020408187,8.870100000000036,0.4179735324348712,351.12989999999996,66.69064897959181,-10.057548979591814,-9.85579999999996,10.057548979591814,9.85579999999996,6.765176048897691,193.0,False
4-9-18_Schnable_49-606-js198-307_2018-04-11_12-13-34_10001300,5,78.3718,-130.304,36.2110918367347,-147.3461,0.4672514698510025,147.3461,53.7889081632653,-42.16070816326529,-17.042100000000005,42.16070816326529,17.042100000000005,5.844460498908738,221.0,False
4-9-18_Schnable_49-606-js198-307_2018-04-11_12-13-34_10001300,6,42.148,-131.98,25.866438775510247,-146.9589,0.3122023566936404,146.9589,64.13356122448975,-16.281561224489757,-14.97890000000001,16.281561224489757,14.97890000000001,1.8908327010587267,150.0,True
4-9-18_Schnable_49-606-js198-307_2018-04-11_12-13-34_10001300,7,45.1027,17.6851,60.435953061224645,-45.421400000000006,0.18327055659049407,45.421400000000006,29.564046938775355,15.333253061224646,-63.10650000000001,15.333253061224646,63.10650000000001,1.7718385409655006,96.0,True
4-9-18_Schnable_49-606-js198-307_2018-04-11_12-13-34_10001300,8,61.7481,-52.2599,41.10885306122452,7.56490000000008,0.3168868075842706,352.4350999999999,48.89114693877548,-20.63924693877548,59.824800000000096,20.63924693877548,59.824800000000096,3.899122446595974,153.0,True
4-9-18_Schnable_49-607-js149-216_2018-04-11_12-15-48_10001400,0,32.4464,141.482,29.76184489795918,146.716,0.32110077868919146,213.28399999999996,60.23815510204082,-2.684555102040818,5.234000000000009,2.684555102040818,5.234000000000009,1.342565252147945,147.0,True
4-9-18_Schnable_49-607-js149-216_2018-04-11_12-15-48_10001400,1,35.2609,-52.2829,39.325459183673466,-55.49560000000001,0.28666809883594296,55.49560000000001,50.674540816326534,4.064559183673467,-3.2127000000000123,4.064559183673467,3.2127000000000123,1.2094746883224738,130.0,True
4-9-18_Schnable_49-607-js149-216_2018-04-11_12-15-48_10001400,2,36.0764,-45.9415,31.168395918367352,-47.12960000000001,0.418303538508667,47.1296,58.83160408163265,-4.908004081632647,-1.18810000000002,4.908004081632647,1.18810000000002,3.3062305433971866,187.0,True
4-9-18_Schnable_49-607-js149-216_2018-04-11_12-15-48_10001400,3,51.2195,122.436,27.57873061224491,111.20500000000004,0.42421966917439186,248.79499999999996,62.42126938775509,-23.640769387755086,-11.230999999999966,23.640769387755086,11.230999999999966,3.1911553339345105,191.0,True
4-9-18_Schnable_49-607-js149-216_2018-04-11_12-15-48_10001400,4,23.0903,125.43,39.320871428571415,120.07830000000001,0.3180663420364005,239.9217,50.679128571428585,16.230571428571416,-5.351699999999994,16.230571428571416,5.351699999999994,2.8203545082381387,150.0,True
4-9-18_Schnable_49-607-js149-216_2018-04-11_12-15-48_10001400,5,33.2113,-25.1326,25.096691836734692,-54.163899999999984,0.4516271827762163,54.16389999999999,64.90330816326531,-8.11460816326531,-29.031299999999987,8.11460816326531,29.031299999999987,4.03076453186635,199.0,True
4-9-18_Schnable_49-607-js149-216_2018-04-11_12-15-48_10001400,6,31.9135,121.945,19.45916122448979,134.25559999999996,0.4024038743077352,225.7444,70.54083877551021,-12.454338775510209,12.310599999999965,12.454338775510209,12.310599999999965,3.0058660714956598,202.0,True
4-9-18_Schnable_49-607-js149-216_2018-04-11_12-15-48_10001400,7,32.3229,-48.2373,18.21807755102043,-90.8693,0.29038683119699804,90.8693,71.78192244897957,-14.104822448979569,-42.632000000000005,14.104822448979569,42.632000000000005,2.362550990358331,144.0,True
4-9-18_Schnable_49-608-js251-404_2018-04-11_12-18-07_10001500,0,43.5933,27.7516,47.00948775510202,27.50090000000006,0.24927533606444108,332.49909999999994,42.99051224489798,3.4161877551020225,-0.250699999999938,3.4161877551020225,0.250699999999938,0.9561348088819711,104.0,True
4-9-18_Schnable_49-608-js251-404_2018-04-11_12-18-07_10001500,1,45.2179,-127.389,55.99823877551023,-126.46069999999996,0.3243841282874081,126.46069999999996,34.00176122448977,10.78033877551023,0.9283000000000357,10.78033877551023,0.9283000000000357,2.79814791158786,152.0,True
4-9-18_Schnable_49-608-js251-404_2018-04-11_12-18-07_10001500,2,40.3579,34.6272,51.70805918367346,34.32979999999998,0.31982863460500355,325.6702,38.29194081632654,11.350159183673462,-0.29740000000003874,11.350159183673462,0.29740000000003874,1.7475332254243685,142.0,True
4-9-18_Schnable_49-608-js251-404_2018-04-11_12-18-07_10001500,3,35.4693,-138.088,40.78544693877551,-132.7289,0.3352899835324044,132.7289,49.21455306122449,5.3161469387755105,5.359099999999984,5.3161469387755105,5.359099999999984,1.6932100297601145,148.0,True
4-9-18_Schnable_49-608-js251-404_2018-04-11_12-18-07_10001500,4,25.6476,43.6296,37.19656734693877,32.761799999999994,0.4293032537192865,327.2382,52.80343265306123,11.54896734693877,-10.867800000000017,11.54896734693877,10.867800000000017,2.8896901849373373,193.0,True
4-9-18_Schnable_49-608-js251-404_2018-04-11_12-18-07_10001500,5,29.9548,-132.764,26.222834693877537,-140.08790000000002,0.4031050930821686,140.08790000000002,63.77716530612246,-3.7319653061224614,-7.323900000000009,3.7319653061224614,7.323900000000009,2.9184342393075795,176.0,True
4-9-18_Schnable_49-608-js251-404_2018-04-11_12-18-07_10001500,6,23.7184,11.7151,22.197679591836746,38.94459999999998,0.4221377141099122,321.0554,67.80232040816325,-1.5207204081632533,27.229499999999973,1.5207204081632533,27.229499999999973,3.255453539059821,199.0,True
4-9-18_Schnable_49-608-js251-404_2018-04-11_12-18-07_10001500,7,6.42459,-133.569,7.435351020408177,108.37010000000004,0.25467517430242814,251.62989999999996,82.56464897959182,1.010761020408177,-118.06089999999995,1.010761020408177,118.06089999999995,1.906785322451279,125.0,True
4-9-18_Schnable_49-608-js251-404_2018-04-11_12-18-07_10001500,8,24.4688,95.0198,12.662020408163272,-162.8074,0.39859897002469363,162.8074,77.33797959183673,-11.80677959183673,102.1728,11.80677959183673,102.1728,4.709168671669924,193.0,True
4-9-18_Schnable_49-610-js104-2-150_2018-04-11_12-22-31_10001700,0,44.7724,-8.6584,61.568555102040804,-5.5563999999999965,0.4353570920702325,5.5564,28.4314448979592,16.796155102040807,3.102000000000004,16.796155102040807,3.102000000000004,2.565522724651939,192.0,True
4-9-18_Schnable_49-610-js104-2-150_2018-04-11_12-22-31_10001700,1,30.0376,-174.049,35.34322244897962,-175.2988,0.42519178995136303,175.2988,54.65677755102038,5.305622448979616,-1.2497999999999934,5.305622448979616,1.2497999999999934,4.3002450100656215,203.0,True
4-9-18_Schnable_49-610-js104-2-150_2018-04-11_12-22-31_10001700,2,25.005,-8.59952,35.31187755102039,-9.256,0.48244895436326896,9.256,54.68812244897961,10.306877551020388,-0.6564799999999877,10.306877551020388,0.6564799999999877,2.780453302521766,210.0,True
4-9-18_Schnable_49-610-js104-2-150_2018-04-11_12-22-31_10001700,3,28.7252,-155.186,30.09512653061227,-161.5818,0.48280237089607736,161.5818,59.90487346938773,1.3699265306122683,-6.39579999999998,1.3699265306122683,6.39579999999998,6.132313298805456,233.0,False
4-9-18_Schnable_49-610-js104-2-150_2018-04-11_12-22-31_10001700,4,19.7674,12.8782,21.87118367346939,21.675700000000063,0.35887510629807984,338.32429999999994,68.12881632653061,2.1037836734693904,8.79750000000007,2.1037836734693904,8.79750000000007,2.58263061998062,165.0,True
4-9-18_Schnable_49-610-js104-2-150_2018-04-11_12-22-31_10001700,5,32.959,-6.98503,11.046779591836753,-102.72400000000002,0.4169416848931068,102.72400000000002,78.95322040816325,-21.91222040816325,-95.73897000000002,21.91222040816325,95.73897000000002,4.765449252442024,208.0,True
4-9-18_Schnable_49-610-js104-2-150_2018-04-11_12-22-31_10001700,6,26.0867,-149.591,23.87538367346943,-13.881200000000007,0.24437776581228898,13.881200000000002,66.12461632653057,-2.2113163265305715,135.70979999999997,2.2113163265305715,135.70979999999997,0.9551471738191323,107.0,True
4-9-18_Schnable_49-611-js176-257_2018-04-11_12-24-45_10001800,0,29.8651,-146.094,26.11449795918368,-151.8272,0.18752737160498076,151.8272,63.88550204081632,-3.7506020408163216,-5.733200000000011,3.7506020408163216,5.733200000000011,0.47591320482049004,82.0,True
4-9-18_Schnable_49-611-js176-257_2018-04-11_12-24-45_10001800,1,21.2908,-10.4491,20.2888530612245,-11.135099999999994,0.24206542155713048,11.135099999999994,69.7111469387755,-1.0019469387755002,-0.686000000000007,1.0019469387755002,0.686000000000007,1.8109783833881294,115.0,True
4-9-18_Schnable_49-611-js176-257_2018-04-11_12-24-45_10001800,2,22.7545,178.399,29.091908163265302,165.70869999999996,0.35164464475879187,194.29130000000004,60.9080918367347,6.337408163265302,-12.690300000000036,6.337408163265302,12.690300000000036,2.627740823893934,170.0,True
4-9-18_Schnable_49-611-js176-257_2018-04-11_12-24-45_10001800,3,17.0975,-14.8798,23.35578979591837,-4.864699999999999,0.3789524183196958,4.864700000000001,66.64421020408163,6.258289795918369,10.01509999999999,6.258289795918369,10.01509999999999,2.5801414151253086,188.0,True
4-9-18_Schnable_49-611-js176-257_2018-04-11_12-24-45_10001800,4,33.1189,167.133,23.678702040816333,161.87290000000002,0.38083088346281047,198.12709999999998,66.32129795918367,-9.440197959183664,-5.260099999999994,9.440197959183664,5.260099999999994,4.1296116550930115,176.0,True
4-9-18_Schnable_49-611-js176-257_2018-04-11_12-24-45_10001800,5,23.9877,-17.2473,18.916714285714306,16.85250000000002,0.3614368081277424,343.1475,71.0832857142857,-5.070985714285694,34.099800000000016,5.070985714285694,34.099800000000016,1.714685138961391,151.0,True
4-9-18_Schnable_49-611-js176-257_2018-04-11_12-24-45_10001800,6,19.0606,145.787,12.35922448979592,94.88189999999997,0.35221052519919577,265.1181,77.64077551020408,-6.70137551020408,-50.90510000000003,6.70137551020408,50.90510000000003,2.221298221254571,159.0,True
4-9-18_Schnable_49-612-js14-1-24_2018-04-11_12-26-58_10001900,0,31.4378,9.7554,31.423195918367348,9.767600000000016,0.34268603254185076,350.2324,58.57680408163265,-0.014604081632651145,0.012200000000007094,0.014604081632651145,0.012200000000007094,2.8457770797271382,160.0,True
4-9-18_Schnable_49-612-js14-1-24_2018-04-11_12-26-58_10001900,1,25.0829,-160.681,36.034359183673466,-154.6114,0.4361444928218161,154.6114,53.965640816326534,10.951459183673467,6.069600000000008,10.951459183673467,6.069600000000008,3.7535351970291764,190.0,True
4-9-18_Schnable_49-612-js14-1-24_2018-04-11_12-26-58_10001900,2,28.2027,13.8693,28.331048979591827,15.078800000000001,0.516822011829915,344.9212,61.66895102040817,0.12834897959182712,1.2094999999999914,0.12834897959182712,1.2094999999999914,5.657491197160872,232.0,False
4-9-18_Schnable_49-612-js14-1-24_2018-04-11_12-26-58_10001900,3,22.7106,-165.122,25.289510204081623,-158.4386,0.5274973948462427,158.4386,64.71048979591838,2.578910204081623,6.683400000000006,2.578910204081623,6.683400000000006,4.327838720444081,247.0,True
4-9-18_Schnable_49-612-js14-1-24_2018-04-11_12-26-58_10001900,4,28.9768,23.4812,21.059700000000007,13.910200000000032,0.5152293350488193,346.08979999999997,68.9403,-7.917099999999994,-9.57099999999997,7.917099999999994,9.57099999999997,3.5276517046610825,232.0,True
4-9-18_Schnable_49-612-js14-1-24_2018-04-11_12-26-58_10001900,5,26.1228,-144.843,17.032036734693875,-140.1997,0.5042931552070844,140.1997,72.96796326530612,-9.090763265306126,4.643299999999982,9.090763265306126,4.643299999999982,2.9980402780363526,233.0,True
4-9-18_Schnable_49-612-js14-1-24_2018-04-11_12-26-58_10001900,6,32.016,16.7755,15.704753061224494,-148.6285,0.34965953192166094,148.6285,74.2952469387755,-16.311246938775504,-165.404,16.311246938775504,165.404,2.367911412508174,164.0,True
4-9-18_Schnable_49-612-js14-1-24_2018-04-11_12-26-58_10001900,7,23.1231,-127.29,11.89977551020408,-10.5856,0.4807256619904601,10.585599999999994,78.10022448979592,-11.223324489795921,116.70440000000002,11.223324489795921,116.70440000000002,5.46059535037258,236.0,False
4-9-18_Schnable_49-613-js28-3-48_2018-04-11_12-29-13_10002000,0,27.1132,36.9373,32.17213061224491,31.870200000000068,0.23915781499652358,328.12979999999993,57.82786938775509,5.0589306122449145,-5.067099999999925,5.0589306122449145,5.067099999999925,2.069740881405189,101.0,True
4-9-18_Schnable_49-613-js28-3-48_2018-04-11_12-29-13_10002000,1,36.3708,124.397,43.77665306122449,120.57280000000003,0.31175941262835866,239.42719999999997,46.22334693877551,7.405853061224491,-3.824199999999962,7.405853061224491,3.824199999999962,1.775652870785596,138.0,True
4-9-18_Schnable_49-613-js28-3-48_2018-04-11_12-29-13_10002000,2,34.0443,20.6025,47.41619795918366,29.19100000000003,0.39508519505257944,330.80899999999997,42.58380204081634,13.371897959183663,8.588500000000039,13.371897959183663,8.588500000000039,2.7861175843612176,176.0,True
4-9-18_Schnable_49-613-js28-3-48_2018-04-11_12-29-13_10002000,3,37.4539,132.171,42.26319999999999,131.34540000000004,0.42115762004969615,228.6546,47.73680000000001,4.809299999999993,-0.8255999999999517,4.809299999999993,0.8255999999999517,3.2959166644615108,193.0,True
4-9-18_Schnable_49-613-js28-3-48_2018-04-11_12-29-13_10002000,4,35.9941,9.99803,34.24360816326535,-4.4572,0.3988051748810799,4.457199999999998,55.75639183673465,-1.7504918367346534,-14.45523,1.7504918367346534,14.45523,3.491332246573408,190.0,True
4-9-18_Schnable_49-613-js28-3-48_2018-04-11_12-29-13_10002000,5,32.2306,132.982,30.672353061224477,164.1802,0.4731932153736581,195.8198,59.32764693877552,-1.5582469387755253,31.198200000000014,1.5582469387755253,31.198200000000014,3.111415853355468,226.0,True
4-9-18_Schnable_49-613-js28-3-48_2018-04-11_12-29-13_10002000,6,31.5304,-41.3285,27.86012040816329,-34.89359999999999,0.4463640776988613,34.893600000000006,62.13987959183671,-3.67027959183671,6.434899999999999,3.67027959183671,6.434899999999999,4.149237250066333,202.0,True
4-9-18_Schnable_49-613-js28-3-48_2018-04-11_12-29-13_10002000,7,39.3746,153.142,24.12374081632656,167.9432,0.40035429851187415,192.0568,65.87625918367344,-15.250859183673441,14.801199999999994,15.250859183673441,14.801199999999994,2.1235498290171986,189.0,True
4-9-18_Schnable_49-613-js28-3-48_2018-04-11_12-29-13_10002000,8,14.2292,-29.0423,11.128455102040817,-24.49770000000001,0.18801585726551442,24.49770000000001,78.87154489795918,-3.100744897959183,4.544600000000003,3.100744897959183,4.544600000000003,1.406879896587996,90.0,True
4-9-18_Schnable_49-615-js89-126_2018-04-11_12-33-41_10002200,0,31.1524,126.327,34.0298530612245,114.90160000000003,0.32839806066347194,245.09839999999997,55.9701469387755,2.8774530612245,-11.425399999999968,2.8774530612245,11.425399999999968,4.22804282848672,153.0,True
4-9-18_Schnable_49-615-js89-126_2018-04-11_12-33-41_10002200,1,29.7204,-31.6526,37.12198571428573,-27.08619999999999,0.4377073204528407,27.086199999999998,52.87801428571427,7.401585714285726,4.566400000000016,7.401585714285726,4.566400000000016,3.3551822203786887,192.0,True
4-9-18_Schnable_49-615-js89-126_2018-04-11_12-33-41_10002200,2,37.4769,163.498,34.073112244897985,154.61210000000005,0.28153242241572723,205.38789999999997,55.926887755102015,-3.403787755102016,-8.885899999999936,3.403787755102016,8.885899999999936,1.6706369906996632,126.0,True
4-9-18_Schnable_49-615-js89-126_2018-04-11_12-33-41_10002200,3,27.9735,-68.7489,19.919828571428567,-78.32000000000001,0.39899436576027225,78.32000000000001,70.08017142857143,-8.053671428571434,-9.571100000000001,8.053671428571434,9.571100000000001,4.59836033910009,192.0,True
4-9-18_Schnable_49-615-js89-126_2018-04-11_12-33-41_10002200,4,24.5867,177.842,18.412069387755096,-163.8447,0.40702484691025986,163.8447,71.5879306122449,-6.174630612244904,18.313300000000027,6.174630612244904,18.313300000000027,5.410198324078995,200.0,True
4-9-18_Schnable_49-615-js89-126_2018-04-11_12-33-41_10002200,5,18.9255,-57.806,21.320744897959173,-32.42230000000001,0.6018558841598044,32.4223,68.67925510204083,2.3952448979591736,25.383699999999976,2.3952448979591736,25.383699999999976,5.115513942220757,278.0,True
4-9-18_Schnable_49-615-js89-126_2018-04-11_12-33-41_10002200,6,17.3769,-168.553,6.388493877551028,-0.1331000000000131,0.3884953206490609,0.13309999999999997,83.61150612244897,-10.988406122448971,168.41989999999998,10.988406122448971,168.41989999999998,3.1095401933865348,198.0,True
4-9-18_Schnable_49-615-js89-126_2018-04-11_12-33-41_10002200,7,6.28141,-63.1792,15.795675510204063,-176.3257,0.5048341513770926,176.3257,74.20432448979594,9.514265510204062,-113.1465,9.514265510204062,113.1465,4.42863985607683,251.0,True
4-9-18_Schnable_49-616-js174-1-252_2018-04-11_12-35-56_10002300,0,32.8389,-151.135,41.48841632653063,-174.99769999999998,0.2661395665379294,174.99769999999998,48.51158367346937,8.64951632653063,-23.86269999999999,8.64951632653063,23.86269999999999,2.494524350429196,134.0,True
4-9-18_Schnable_49-616-js174-1-252_2018-04-11_12-35-56_10002300,1,22.5001,4.00457,22.12538163265306,17.95440000000002,0.21270829252476772,342.0456,67.87461836734694,-0.3747183673469401,13.94983000000002,0.3747183673469401,13.94983000000002,1.5235187389829923,94.0,True
4-9-18_Schnable_49-616-js174-1-252_2018-04-11_12-35-56_10002300,2,25.8433,-164.741,20.809602040816316,-168.474,0.27761862151451583,168.474,69.19039795918368,-5.033697959183684,-3.7329999999999757,5.033697959183684,3.7329999999999757,2.590447839219283,125.0,True
4-9-18_Schnable_49-616-js174-1-252_2018-04-11_12-35-56_10002300,3,22.8713,29.0003,24.780385714285742,27.274200000000008,0.33372551983931686,332.7258,65.21961428571426,1.909085714285741,-1.7261000000000024,1.909085714285741,1.7261000000000024,3.5604289535089153,156.0,True
4-9-18_Schnable_49-616-js174-1-252_2018-04-11_12-35-56_10002300,4,20.6029,-173.49,12.3111693877551,-171.7822,0.20177460837915995,171.7822,77.6888306122449,-8.291730612244901,1.7078000000000202,8.291730612244901,1.7078000000000202,1.6573683343506083,104.0,True
4-9-18_Schnable_49-617-js274-55_2018-04-11_12-38-11_10002400,0,36.5892,10.7367,33.09610612244898,11.077999999999975,0.32401295135663605,348.922,56.90389387755102,-3.4930938775510185,0.3412999999999613,3.4930938775510185,0.3412999999999613,2.4389815643979027,159.0,True
4-9-18_Schnable_49-617-js274-55_2018-04-11_12-38-11_10002400,1,56.7342,138.646,2.288704081632659,132.5074999999997,0.1439523832730894,227.4925000000003,87.71129591836734,-54.44549591836734,-6.138500000000278,54.44549591836734,6.138500000000278,2.9468907738268975,67.0,True
4-9-18_Schnable_49-617-js274-55_2018-04-11_12-38-11_10002400,2,43.6077,10.2417,35.084993877551035,-0.8555000000000064,0.39283961831847086,0.8554999999999999,54.915006122448965,-8.522706122448966,-11.097200000000015,8.522706122448966,11.097200000000015,4.448741797701626,177.0,True
4-9-18_Schnable_49-617-js274-55_2018-04-11_12-38-11_10002400,3,40.379,48.2043,18.12416326530611,43.6712,0.13659971689546954,316.3288,71.87583673469389,-22.25483673469389,-4.53309999999999,22.25483673469389,4.53309999999999,1.3491967551568804,60.0,True
4-9-18_Schnable_49-617-js274-55_2018-04-11_12-38-11_10002400,4,40.3023,18.357,33.10826326530615,11.994600000000048,0.36224211956394475,348.00539999999995,56.89173673469385,-7.194036734693853,-6.362399999999951,7.194036734693853,6.362399999999951,4.514987486474055,178.0,True
4-9-18_Schnable_49-617-js274-55_2018-04-11_12-38-11_10002400,5,66.8682,-176.356,48.848161224489886,178.04930000000002,0.23400125292638402,181.9507,41.151838775510114,-18.020038775510116,-5.594699999999989,18.020038775510116,5.594699999999989,5.219363616546882,108.0,True
4-9-18_Schnable_49-617-js274-55_2018-04-11_12-38-11_10002400,6,42.6593,163.215,30.28773877551027,172.6381,0.16886215572308025,187.36189999999996,59.71226122448973,-12.371561224489732,9.423100000000005,12.371561224489732,9.423100000000005,1.034346716636822,73.0,True
4-9-18_Schnable_49-617-js274-55_2018-04-11_12-38-11_10002400,7,102.286,-78.0435,82.26294897959171,-79.55649999999999,0.1379108280928819,79.55649999999999,7.737051020408283,-20.02305102040829,-1.5129999999999768,20.02305102040829,1.5129999999999768,3.6355793089399846,64.0,True
4-9-18_Schnable_49-617-js274-55_2018-04-11_12-38-11_10002400,8,33.7807,-171.433,25.689299999999974,-161.4628,0.3955293656173001,161.4628,64.31070000000003,-8.091400000000029,9.970200000000006,8.091400000000029,9.970200000000006,3.175819862494945,180.0,True
4-9-18_Schnable_49-617-js274-55_2018-04-11_12-38-11_10002400,9,33.4516,-0.02184,26.641508163265293,-13.065300000000008,0.4171098900453204,13.065299999999999,63.35849183673471,-6.810091836734706,-13.04346000000001,6.810091836734706,13.04346000000001,3.049047812167889,204.0,True
4-9-18_Schnable_49-617-js274-55_2018-04-11_12-38-11_10002400,10,28.9758,147.494,0.4603163265306165,-93.59599999999996,0.1909374367022825,93.59599999999996,89.53968367346938,-28.515483673469383,118.91000000000003,28.515483673469383,118.91000000000003,4.909118614191543,90.0,True
4-9-18_Schnable_49-617-js274-55_2018-04-11_12-38-11_10002400,11,17.5208,-68.0824,7.020706122448971,-123.2602,0.3426989060827769,123.2602,82.97929387755103,-10.50009387755103,-55.17779999999999,10.50009387755103,55.17779999999999,6.069182386432008,146.0,False
4-9-18_Schnable_49-618-js90-127_2018-04-11_12-40-28_10002500,0,27.7403,-68.2761,26.578830612244914,-62.637399999999985,0.2486179393265045,62.63739999999999,63.421169387755086,-1.161469387755087,5.6387000000000285,1.161469387755087,5.6387000000000285,2.8058287266169843,112.0,True
4-9-18_Schnable_49-618-js90-127_2018-04-11_12-40-28_10002500,1,30.8876,123.768,29.848767346938793,120.23120000000006,0.2997198725024558,239.76879999999994,60.15123265306121,-1.0388326530612062,-3.5367999999999427,1.0388326530612062,3.5367999999999427,3.837495443634093,147.0,True
4-9-18_Schnable_49-618-js90-127_2018-04-11_12-40-28_10002500,2,15.9617,123.251,13.370889795918359,115.31080000000003,0.19268308722226926,244.68919999999997,76.62911020408164,-2.5908102040816416,-7.940199999999976,2.5908102040816416,7.940199999999976,1.269905487835582,99.0,True
4-9-18_Schnable_49-618-js90-127_2018-04-11_12-40-28_10002500,3,16.3323,-87.6582,18.18751020408162,-70.368,0.4009363603901611,70.368,71.81248979591838,1.8552102040816187,17.2902,1.8552102040816187,17.2902,3.294776419577927,181.0,True
4-9-18_Schnable_49-618-js90-127_2018-04-11_12-40-28_10002500,4,25.1773,134.869,11.415193877551062,-84.59249999999999,0.19107154632346288,84.59249999999999,78.58480612244894,-13.762106122448937,140.5385,13.762106122448937,140.5385,1.3793166483543748,86.0,True
4-9-18_Schnable_49-618-js90-127_2018-04-11_12-40-28_10002500,5,21.9687,-81.4069,14.595679591836742,115.35239999999999,0.32741731316013145,244.6476,75.40432040816326,-7.373020408163256,-163.2407,7.373020408163256,163.2407,2.5617843237975197,162.0,True
4-9-18_Schnable_49-619-js255-409_2018-04-11_12-42-41_10002600,0,154.512,20.0461,83.37755102040816,17.14440000000002,0.17038619707812855,342.8556,6.622448979591833,-71.13444897959184,-2.901699999999977,71.13444897959184,2.901699999999977,4.586732457110381,85.0,True
4-9-18_Schnable_49-619-js255-409_2018-04-11_12-42-41_10002600,1,42.9656,-159.652,40.26361020408164,-159.2002,0.23959964878540185,159.2002,49.73638979591836,-2.701989795918365,0.45179999999999154,2.701989795918365,0.45179999999999154,0.9762315389648594,113.0,True
4-9-18_Schnable_49-619-js255-409_2018-04-11_12-42-41_10002600,2,23.6692,-33.947,1.4952959183673755,-49.637400000000525,0.07015177578107004,49.63740000000052,88.50470408163262,-22.173904081632624,-15.690400000000523,22.173904081632624,15.690400000000523,0.8006212736089275,24.0,True
4-9-18_Schnable_49-619-js255-409_2018-04-11_12-42-41_10002600,3,41.7495,41.8933,47.948497959183676,30.24459999999999,0.3250762220802886,329.7554,42.051502040816324,6.198997959183679,-11.64870000000002,6.198997959183679,11.64870000000002,2.141670032283175,154.0,True
4-9-18_Schnable_49-619-js255-409_2018-04-11_12-42-41_10002600,4,28.8626,164.653,3.372861224489796,-157.82029999999972,0.09174614382016621,157.82029999999972,86.6271387755102,-25.489738775510205,37.52670000000029,25.489738775510205,37.52670000000029,1.4699496461544725,43.0,True
4-9-18_Schnable_49-619-js255-409_2018-04-11_12-42-41_10002600,5,37.4359,-164.254,38.60013673469389,-167.7428,0.30081512958919715,167.7428,51.39986326530611,1.164236734693894,-3.4887999999999977,1.164236734693894,3.4887999999999977,2.2974198603784846,149.0,True
4-9-18_Schnable_49-619-js255-409_2018-04-11_12-42-41_10002600,6,40.5906,27.8675,38.56351224489798,22.246600000000058,0.2831814589236835,337.75339999999994,51.43648775510202,-2.0270877551020234,-5.620899999999949,2.0270877551020234,5.620899999999949,1.5724265990322215,130.0,True
4-9-18_Schnable_49-619-js255-409_2018-04-11_12-42-41_10002600,7,34.8836,-168.443,32.54618571428574,-179.2341,0.3822710580780572,179.2341,57.45381428571426,-2.33741428571426,-10.7911,2.33741428571426,10.7911,2.0565316943747645,167.0,True
4-9-18_Schnable_49-619-js255-409_2018-04-11_12-42-41_10002600,8,29.0671,11.4942,37.95424489795917,4.44560000000007,0.49942119467280943,355.55439999999993,52.04575510204083,8.887144897959171,-7.0485999999999365,8.887144897959171,7.0485999999999365,3.024325138314944,237.0,True
4-9-18_Schnable_49-619-js255-409_2018-04-11_12-42-41_10002600,9,35.1538,162.1,28.4966530612245,163.7999000000001,0.44258231016984845,196.20009999999994,61.5033469387755,-6.657146938775497,1.699900000000099,6.657146938775497,1.699900000000099,3.055130996168053,175.0,True
4-9-18_Schnable_49-619-js255-409_2018-04-11_12-42-41_10002600,10,30.7757,-43.8928,19.817377551020442,-19.640000000000015,0.36468038896918203,19.640000000000008,70.18262244897956,-10.958322448979558,24.25279999999998,10.958322448979558,24.25279999999998,6.471019226266998,169.0,False
4-9-18_Schnable_49-619-js255-409_2018-04-11_12-42-41_10002600,11,34.8528,163.327,23.6073673469388,155.80240000000003,0.24413217716718935,204.1976,66.3926326530612,-11.2454326530612,-7.524599999999964,11.2454326530612,7.524599999999964,3.93988607730074,109.0,True
4-9-18_Schnable_49-620-js124-183_2018-04-11_12-44-57_10002700,0,36.2697,157.371,37.909942857142866,154.889,0.2594271449896755,205.111,52.090057142857134,1.6402428571428658,-2.4819999999999993,1.6402428571428658,2.4819999999999993,1.3864770855523194,124.0,True
4-9-18_Schnable_49-620-js124-183_2018-04-11_12-44-57_10002700,1,36.0652,-26.5364,44.948379591836726,-23.7466,0.33223597439237745,23.7466,45.051620408163274,8.88317959183673,2.789800000000014,8.88317959183673,2.789800000000014,2.3985627134868968,159.0,True
4-9-18_Schnable_49-620-js124-183_2018-04-11_12-44-57_10002700,2,37.5876,162.622,46.264036734693875,151.2375,0.4097812934124822,208.7625,43.735963265306125,8.676436734693873,-11.384500000000003,8.676436734693873,11.384500000000003,2.559060215120735,203.0,True
4-9-18_Schnable_49-620-js124-183_2018-04-11_12-44-57_10002700,3,33.5061,8.85681,41.98754285714287,4.441199999999981,0.48594304484865214,355.5588,48.01245714285713,8.481442857142866,-4.415610000000015,8.481442857142866,4.415610000000015,7.324836019566266,221.0,False
4-9-18_Schnable_49-620-js124-183_2018-04-11_12-44-57_10002700,4,27.8471,157.13,27.354920408163245,156.69010000000003,0.5147756746260536,203.3099,62.645079591836755,-0.49217959183675575,-0.439899999999966,0.49217959183675575,0.439899999999966,3.8722512663195383,253.0,True
4-9-18_Schnable_49-620-js124-183_2018-04-11_12-44-57_10002700,5,29.7726,59.3569,20.970246938775503,75.1909,0.4390875645932107,284.8091,69.0297530612245,-8.802353061224498,15.834000000000003,8.802353061224498,15.834000000000003,5.901421718555953,188.0,False
4-9-18_Schnable_49-620-js124-183_2018-04-11_12-44-57_10002700,6,12.2848,-101.62,11.267948979591864,-176.114,0.35541189451142335,176.114,78.73205102040814,-1.0168510204081365,-74.494,1.0168510204081365,74.494,3.8071380224246982,176.0,True
4-9-18_Schnable_49-621-js124-183_2018-04-11_12-47-10_10002800,0,44.4239,164.083,49.46218163265307,164.0761,0.29783349930857783,195.92389999999997,40.53781836734693,5.038281632653067,-0.0069000000000016826,5.038281632653067,0.0069000000000016826,1.31800938058717,144.0,True
4-9-18_Schnable_49-621-js124-183_2018-04-11_12-47-10_10002800,1,36.1662,-13.9041,41.04937346938778,-14.239100000000008,0.3294346760847466,14.239099999999995,48.95062653061222,4.883173469387778,-0.33500000000000796,4.883173469387778,0.33500000000000796,3.4610863067101287,155.0,True
4-9-18_Schnable_49-621-js124-183_2018-04-11_12-47-10_10002800,2,38.8371,164.238,45.43242040816328,157.10480000000007,0.4738313889776203,202.89519999999996,44.56757959183672,6.595320408163282,-7.133199999999931,6.595320408163282,7.133199999999931,4.064553515967488,211.0,True
4-9-18_Schnable_49-621-js124-183_2018-04-11_12-47-10_10002800,3,37.334,15.2538,39.25505918367347,-4.640600000000006,0.5205660168734619,4.640599999999999,50.74494081632653,1.9210591836734636,-19.89440000000002,1.9210591836734636,19.89440000000002,7.942902332828271,225.0,False
4-9-18_Schnable_49-621-js124-183_2018-04-11_12-47-10_10002800,4,33.404,146.064,28.993585714285707,141.30000000000007,0.37711978430953774,218.69999999999996,61.00641428571429,-4.410414285714296,-4.763999999999925,4.410414285714296,4.763999999999925,2.7392987697466604,173.0,True
4-9-18_Schnable_49-621-js124-183_2018-04-11_12-47-10_10002800,5,24.5027,-9.27888,26.129771428571402,-7.2379999999999995,0.45303463417811973,7.238,63.8702285714286,1.6270714285714014,2.040879999999987,1.6270714285714014,2.040879999999987,3.9010085038226947,201.0,True
4-9-18_Schnable_49-621-js124-183_2018-04-11_12-47-10_10002800,6,16.1573,160.117,6.244693877551043,-115.0226,0.28949348219323107,115.0226,83.75530612244896,-9.912606122448956,84.86040000000003,9.912606122448956,84.86040000000003,2.4910446511004323,147.0,True
4-9-18_Schnable_49-622-js103-2-147_2018-04-11_12-49-25_10002900,0,25.9166,-168.295,25.586695918367354,-172.7015,0.27895539333104724,172.7015,64.41330408163265,-0.3299040816326446,-4.4065000000000225,0.3299040816326446,4.4065000000000225,1.5436974770978218,122.0,True
4-9-18_Schnable_49-622-js103-2-147_2018-04-11_12-49-25_10002900,1,35.0379,15.7265,31.345414285714305,25.3331,0.3465436220089128,334.6669,58.654585714285695,-3.692485714285695,9.606600000000014,3.692485714285695,9.606600000000014,2.535128943747823,150.0,True
4-9-18_Schnable_49-622-js103-2-147_2018-04-11_12-49-25_10002900,2,26.0474,164.86,5.117679591836733,-138.2647,0.13235218427349224,138.2647,84.88232040816327,-20.929720408163266,56.87529999999998,20.929720408163266,56.87529999999998,1.081421518039728,65.0,True
4-9-18_Schnable_49-622-js103-2-147_2018-04-11_12-49-25_10002900,3,14.0038,-126.734,23.687865306122447,-177.71019999999996,0.37874150632726983,177.71019999999996,66.31213469387755,9.684065306122447,-50.97619999999995,9.684065306122447,50.97619999999995,1.801388897251708,173.0,True
4-9-18_Schnable_49-622-js103-2-147_2018-04-11_12-49-25_10002900,4,31.9836,17.5262,28.05512448979595,17.866199999999992,0.4596238450164586,342.1338,61.94487551020405,-3.9284755102040485,0.3400000000000034,3.9284755102040485,0.3400000000000034,5.858753607896151,213.0,False
4-9-18_Schnable_49-622-js103-2-147_2018-04-11_12-49-25_10002900,5,28.5846,-178.018,21.5192857142857,-145.3667,0.5135803635664001,145.3667,68.4807142857143,-7.065314285714297,32.65129999999999,7.065314285714297,32.65129999999999,3.9056253983040294,259.0,True
4-9-18_Schnable_49-622-js103-2-147_2018-04-11_12-49-25_10002900,6,39.9548,19.0084,26.32145306122448,-6.519200000000012,0.5294684583430614,6.5192000000000005,63.67854693877552,-13.633346938775517,-25.527600000000007,13.633346938775517,25.527600000000007,3.685641642562675,248.0,True
4-9-18_Schnable_49-622-js103-2-147_2018-04-11_12-49-25_10002900,7,57.7818,-116.783,24.75346938775509,-108.7596,0.5038199031243942,108.7596,65.24653061224491,-33.02833061224491,8.023399999999981,33.02833061224491,8.023399999999981,1.8087852219369625,233.0,True
4-9-18_Schnable_49-622-js103-2-147_2018-04-11_12-49-25_10002900,8,34.8739,13.41,6.631659183673477,-142.14260000000004,0.2373747033741706,142.14260000000004,83.36834081632652,-28.24224081632652,-155.55260000000004,28.24224081632652,155.55260000000004,4.048328043085369,119.0,True
4-9-18_Schnable_49-622-js103-2-147_2018-04-11_12-49-25_10002900,9,27.5006,-156.466,20.708477551020394,-17.31190000000001,0.4389700380810636,17.3119,69.2915224489796,-6.792122448979605,139.15409999999997,6.792122448979605,139.15409999999997,4.30627149466577,207.0,True
4-9-18_Schnable_49-623-js277-103_2018-04-11_12-51-40_10003000,0,32.6492,0.948371,30.330273469387755,-6.359100000000012,0.22508723936222758,6.3591,59.669726530612245,-2.318926530612245,-7.307471000000021,2.318926530612245,7.307471000000021,0.9293182038190214,105.0,True
4-9-18_Schnable_49-623-js277-103_2018-04-11_12-51-40_10003000,1,48.6875,9.36264,36.65173265306123,2.5820000000000505,0.3260751974508395,357.41799999999995,53.34826734693877,-12.03576734693877,-6.7806399999999485,12.03576734693877,6.7806399999999485,3.021466586774836,136.0,True
4-9-18_Schnable_49-623-js277-103_2018-04-11_12-51-40_10003000,2,42.1543,-162.534,41.931718367346946,-178.12559999999996,0.25290748217097325,178.12559999999996,48.068281632653054,-0.22258163265305342,-15.591599999999971,0.22258163265305342,15.591599999999971,2.1830139057626945,117.0,True
4-9-18_Schnable_49-623-js277-103_2018-04-11_12-51-40_10003000,3,8.47139,-151.017,14.097706122448997,-155.77789999999996,0.2961551489846662,155.77789999999996,75.902293877551,5.626316122448998,-4.760899999999964,5.626316122448998,4.760899999999964,2.3723360612912674,153.0,True
4-9-18_Schnable_49-623-js277-103_2018-04-11_12-51-40_10003000,4,28.2683,3.02987,18.8014163265306,-7.596800000000002,0.2154997901888398,7.596800000000001,71.1985836734694,-9.4668836734694,-10.62666999999999,9.4668836734694,10.62666999999999,1.3940718825324472,102.0,True
4-9-18_Schnable_49-624-js294-413_2018-04-11_12-53-52_10003100,0,21.0145,-136.895,20.047606122448983,-135.733,0.28350615142854013,135.733,69.95239387755102,-0.9668938775510192,1.1620000000000061,0.9668938775510192,1.1620000000000061,1.4768616347572185,132.0,True
4-9-18_Schnable_49-624-js294-413_2018-04-11_12-53-52_10003100,1,20.7701,42.6684,15.615510204081644,20.177300000000002,0.35577553570046827,339.8227,74.38448979591836,-5.154589795918355,-22.49109999999999,5.154589795918355,22.49109999999999,2.5027007551580547,149.0,True
4-9-18_Schnable_49-624-js294-413_2018-04-11_12-53-52_10003100,2,22.8432,-155.566,21.109414285714294,-141.4876,0.3968648825372434,141.4876,68.8905857142857,-1.7337857142857054,14.078400000000016,1.7337857142857054,14.078400000000016,3.9041501652789488,190.0,True
4-9-18_Schnable_49-624-js294-413_2018-04-11_12-53-52_10003100,3,17.2767,65.3109,17.23643877551021,48.11189999999999,0.410954639888228,311.8881,72.76356122448979,-0.04026122448979308,-17.199000000000012,0.04026122448979308,17.199000000000012,3.053606980193274,188.0,True
4-9-18_Schnable_49-624-js294-413_2018-04-11_12-53-52_10003100,4,13.1919,97.9296,0.8663857142857125,107.18760000000032,0.11399433180305585,252.81239999999968,89.13361428571429,-12.325514285714288,9.258000000000322,12.325514285714288,9.258000000000322,0.9096066100881826,59.0,True
4-9-18_Schnable_49-624-js294-413_2018-04-11_12-53-52_10003100,5,18.3251,-119.612,16.694693877551003,-137.82399999999998,0.4813912170104147,137.82399999999998,73.305306122449,-1.6304061224489956,-18.21199999999999,1.6304061224489956,18.21199999999999,3.648270944072439,231.0,True
4-9-18_Schnable_49-624-js294-413_2018-04-11_12-53-52_10003100,6,29.7586,157.068,10.108502040816362,152.91570000000002,0.1342867834245084,207.0843,79.89149795918364,-19.65009795918364,-4.152299999999997,19.65009795918364,4.152299999999997,1.1296082071853837,64.0,True
4-9-18_Schnable_49-624-js294-413_2018-04-11_12-53-52_10003100,7,30.5173,56.6401,14.762646938775532,-170.2872,0.312893878631039,170.2872,75.23735306122447,-15.754653061224467,133.0727,15.754653061224467,133.0727,4.310368658728812,141.0,True
4-9-18_Schnable_49-624-js294-413_2018-04-11_12-53-52_10003100,8,30.006,-155.652,18.947308163265305,85.6001,0.4550836428399699,274.3999,71.0526918367347,-11.058691836734695,-118.74790000000002,11.058691836734695,118.74790000000002,3.7573457882378927,204.0,True
4-9-18_Schnable_49-625-js153-3-222_2018-04-11_12-56-06_10003200,0,27.1238,-124.569,24.803351020408172,-119.41420000000002,0.22131164481916676,119.41420000000002,65.19664897959183,-2.320448979591827,5.154799999999966,2.320448979591827,5.154799999999966,1.9624090155834673,103.0,True
4-9-18_Schnable_49-625-js153-3-222_2018-04-11_12-56-06_10003200,1,31.4719,1.9697,29.214912244897974,1.8220000000000027,0.2390376058058946,358.178,60.785087755102026,-2.2569877551020276,-0.14769999999998618,2.2569877551020276,0.14769999999998618,1.185075624003064,109.0,True
4-9-18_Schnable_49-625-js153-3-222_2018-04-11_12-56-06_10003200,2,31.0431,-157.946,31.387940816326534,-155.8109,0.3087753934074461,155.8109,58.612059183673466,0.34484081632653485,2.1350999999999942,0.34484081632653485,2.1350999999999942,1.7371341752435963,132.0,True
4-9-18_Schnable_49-625-js153-3-222_2018-04-11_12-56-06_10003200,3,34.7849,42.672,29.56725714285716,14.921600000000012,0.40395626071185686,345.0784,60.43274285714284,-5.217642857142842,-27.750399999999985,5.217642857142842,27.750399999999985,2.741516360838705,183.0,True
4-9-18_Schnable_49-625-js153-3-222_2018-04-11_12-56-06_10003200,4,32.5838,-155.666,28.646965306122432,-154.1507,0.38626686861081216,154.1507,61.35303469387757,-3.9368346938775645,1.5152999999999963,3.9368346938775645,1.5152999999999963,2.087410032677611,167.0,True
4-9-18_Schnable_49-625-js153-3-222_2018-04-11_12-56-06_10003200,5,23.2138,34.5316,19.52987755102039,40.26799999999997,0.3187519988254971,319.732,70.47012244897961,-3.683922448979608,5.736399999999975,3.683922448979608,5.736399999999975,2.602296399398883,156.0,True
4-9-18_Schnable_49-625-js153-3-222_2018-04-11_12-56-06_10003200,6,0.757439,-59.3736,0.550163265306125,-57.04720000000003,0.34193338810631,57.04720000000004,89.44983673469387,-0.20727573469387495,2.3263999999999783,0.20727573469387495,2.3263999999999783,3.1692732946058886,182.0,True
4-9-18_Schnable_49-625-js153-3-222_2018-04-11_12-56-06_10003200,7,25.802,-171.148,13.542687755102037,-168.3067,0.29115422039743893,168.3067,76.45731224489796,-12.259312244897963,2.8412999999999897,12.259312244897963,2.8412999999999897,1.8833299389077474,130.0,True
4-9-18_Schnable_49-626-js225-357_2018-04-11_12-58-21_10003300,0,28.5754,-31.0183,25.985836734693876,-28.27680000000001,0.3621730265910114,28.276799999999998,64.01416326530612,-2.589563265306122,2.741500000000002,2.589563265306122,2.741500000000002,1.768767416777816,168.0,True
4-9-18_Schnable_49-626-js225-357_2018-04-11_12-58-21_10003300,1,25.7289,179.495,30.188261224489793,167.47160000000002,0.38139718008803475,192.52839999999998,59.81173877551021,4.459361224489793,-12.023399999999981,4.459361224489793,12.023399999999981,5.529546873722032,174.0,False
4-9-18_Schnable_49-626-js225-357_2018-04-11_12-58-21_10003300,2,22.031,-61.9821,27.9829163265306,-40.15359999999998,0.4072980857975638,40.15359999999999,62.0170836734694,5.9519163265306005,21.82850000000002,5.9519163265306005,21.82850000000002,1.9808094600207498,183.0,True
4-9-18_Schnable_49-626-js225-357_2018-04-11_12-58-21_10003300,3,16.4735,179.653,17.344818367346946,163.01210000000003,0.5425619395032459,196.9879,72.65518163265305,0.8713183673469445,-16.64089999999996,0.8713183673469445,16.64089999999996,8.860848237578251,246.0,False
4-9-18_Schnable_49-626-js225-357_2018-04-11_12-58-21_10003300,4,27.7681,-32.4318,27.262095918367336,-29.69290000000001,0.5055859464697617,29.69290000000001,62.737904081632664,-0.5060040816326641,2.738900000000001,0.5060040816326641,2.738900000000001,3.3712070791410467,231.0,True
4-9-18_Schnable_49-626-js225-357_2018-04-11_12-58-21_10003300,5,30.2501,-95.4139,14.195293877551052,-94.4797,0.08749482928107273,94.4797,75.80470612244895,-16.054806122448948,0.9342000000000041,16.054806122448948,0.9342000000000041,0.3849185583565238,45.0,True
4-9-18_Schnable_49-626-js225-357_2018-04-11_12-58-21_10003300,6,23.4751,164.488,21.12026122448981,155.61740000000003,0.4272871300153761,204.38259999999997,68.87973877551019,-2.354838775510192,-8.870599999999968,2.354838775510192,8.870599999999968,4.848784313825883,202.0,True
4-9-18_Schnable_49-626-js225-357_2018-04-11_12-58-21_10003300,7,46.2272,135.447,22.639146938775525,-8.835100000000011,0.5035696629393465,8.8351,67.36085306122447,-23.58805306122448,-144.2821,23.58805306122448,144.2821,5.581785899973246,248.0,False
4-9-18_Schnable_49-626-js225-357_2018-04-11_12-58-21_10003300,8,22.1644,-24.0609,34.678020408163235,117.06269999999995,0.3819729040356017,242.93730000000002,55.321979591836765,12.513620408163234,141.12359999999995,12.513620408163234,141.12359999999995,2.032642856346929,174.0,True
4-9-18_Schnable_49-627-js70-100_2018-04-11_01-00-37_10003400,0,20.0524,-170.708,29.02162448979592,-162.143,0.3805943120905262,162.143,60.97837551020408,8.96922448979592,8.564999999999998,8.96922448979592,8.564999999999998,2.2351687781406193,185.0,True
4-9-18_Schnable_49-627-js70-100_2018-04-11_01-00-37_10003400,1,40.9317,22.3973,50.577404081632636,21.626700000000028,0.4477157523232319,338.3733,39.422595918367364,9.645704081632637,-0.7705999999999733,9.645704081632637,0.7705999999999733,3.3398722108118077,211.0,True
4-9-18_Schnable_49-627-js70-100_2018-04-11_01-00-37_10003400,2,35.6081,170.818,43.147106122448996,170.8653,0.47450812762319344,189.1347,46.852893877551004,7.5390061224489955,0.04729999999997858,7.5390061224489955,0.04729999999997858,2.9086668057021896,216.0,True
4-9-18_Schnable_49-627-js70-100_2018-04-11_01-00-37_10003400,3,41.4062,-15.4872,49.6401775510204,-10.323499999999996,0.5487224526468075,10.323499999999997,40.3598224489796,8.233977551020402,5.163700000000006,8.233977551020402,5.163700000000006,4.561025936470991,260.0,True
4-9-18_Schnable_49-627-js70-100_2018-04-11_01-00-37_10003400,4,22.6397,-170.061,22.803626530612263,179.9479,0.5247792448815601,180.05209999999997,67.19637346938774,0.1639265306122617,-9.99109999999996,0.1639265306122617,9.99109999999996,4.259422952669048,240.0,True
4-9-18_Schnable_49-627-js70-100_2018-04-11_01-00-37_10003400,5,30.37,-4.61078,15.025881632653068,0.9733000000000516,0.5152009983251922,359.02669999999995,74.97411836734693,-15.344118367346933,5.584080000000057,15.344118367346933,5.584080000000057,4.358440423340083,246.0,True
4-9-18_Schnable_49-627-js70-100_2018-04-11_01-00-37_10003400,6,26.3825,135.512,12.878448979591823,146.6997,0.289128864706185,213.3003,77.12155102040818,-13.504051020408177,11.187700000000007,13.504051020408177,11.187700000000007,2.319884163188855,139.0,True
4-9-18_Schnable_49-628-js199-310_2018-04-11_01-02-52_10003500,0,21.2084,15.2483,46.443187755102024,-20.029799999999994,0.35913353183915697,20.0298,43.556812244897976,25.234787755102023,-35.278099999999995,25.234787755102023,35.278099999999995,1.953694788835102,176.0,True
4-9-18_Schnable_49-628-js199-310_2018-04-11_01-02-52_10003500,1,73.4924,-127.504,86.85011632653064,-130.5959,0.43535554031922385,130.5959,3.1498836734693607,13.357716326530635,-3.0919000000000096,13.357716326530635,3.0919000000000096,1.8809947312414101,208.0,True
4-9-18_Schnable_49-628-js199-310_2018-04-11_01-02-52_10003500,2,58.2825,24.9866,74.82025306122449,26.498200000000054,0.4529171086271253,333.50179999999995,15.179746938775502,16.537753061224493,1.511600000000044,16.537753061224493,1.511600000000044,2.483854355523099,192.0,True
4-9-18_Schnable_49-628-js199-310_2018-04-11_01-02-52_10003500,3,38.9687,-135.829,51.77495306122448,-136.0519,0.5310593703722399,136.0519,38.22504693877552,12.806253061224481,-0.22289999999998145,12.806253061224481,0.22289999999998145,3.7647115868468894,256.0,True
4-9-18_Schnable_49-628-js199-310_2018-04-11_01-02-52_10003500,4,35.9373,47.8814,37.059018367346965,38.51420000000002,0.5327632095239551,321.4858,52.940981632653035,1.1217183673469648,-9.367199999999968,1.1217183673469648,9.367199999999968,3.408471208136859,223.0,True
4-9-18_Schnable_49-628-js199-310_2018-04-11_01-02-52_10003500,5,12.7397,-140.821,17.722565306122462,-144.8055,0.493749911921213,144.8055,72.27743469387754,4.982865306122463,-3.984499999999997,4.982865306122463,3.984499999999997,3.4018985436972593,226.0,True
4-9-18_Schnable_49-628-js199-310_2018-04-11_01-02-52_10003500,6,34.7908,47.519,18.307528571428577,11.407700000000034,0.5309573029114909,348.59229999999997,71.69247142857142,-16.48327142857142,-36.11129999999997,16.48327142857142,36.11129999999997,4.293842584446398,256.0,True
4-9-18_Schnable_49-628-js199-310_2018-04-11_01-02-52_10003500,7,30.0815,-138.087,9.655434693877524,-90.7959,0.3795760472162261,90.7959,80.34456530612248,-20.426065306122474,47.29109999999997,20.426065306122474,47.29109999999997,3.736634890561118,183.0,True
4-9-18_Schnable_49-628-js199-310_2018-04-11_01-02-52_10003500,8,16.1056,22.887,0.6352408163265295,-19.097599999999773,0.21175874425155064,19.097599999999776,89.36475918367347,-15.47035918367347,-41.98459999999977,15.47035918367347,41.98459999999977,2.8127332623363017,112.0,True
4-9-18_Schnable_49-631-js193-302_2018-04-11_01-09-34_10003800,0,21.1865,157.591,13.032459183673467,157.78560000000004,0.21212239967696697,202.21439999999998,76.96754081632653,-8.154040816326532,0.19460000000003674,8.154040816326532,0.19460000000003674,2.2730879586669337,106.0,True
4-9-18_Schnable_49-631-js193-302_2018-04-11_01-09-34_10003800,1,25.552,10.4095,17.37541836734694,31.02019999999999,0.2572694692537031,328.9798,72.62458163265306,-8.176581632653061,20.61069999999998,8.176581632653061,20.61069999999998,2.103676122492807,122.0,True
4-9-18_Schnable_49-631-js193-302_2018-04-11_01-09-34_10003800,2,23.8387,-152.881,19.52793469387757,-162.3066,0.30054640726608184,162.3066,70.47206530612243,-4.3107653061224305,-9.425600000000003,4.3107653061224305,9.425600000000003,2.1809837876418143,133.0,True
4-9-18_Schnable_49-631-js193-302_2018-04-11_01-09-34_10003800,3,23.3385,29.6896,15.886534693877564,31.09129999999999,0.3103896968012377,328.9087,74.11346530612244,-7.451965306122435,1.4017000000000053,7.451965306122435,1.4017000000000053,4.147232446615588,142.0,True
4-9-18_Schnable_49-631-js193-302_2018-04-11_01-09-34_10003800,4,17.901,-159.042,20.191914285714304,-161.4073,0.40701399336655675,161.4073,69.8080857142857,2.2909142857143046,-2.3652999999999906,2.2909142857143046,2.3652999999999906,4.65467224047865,186.0,True
4-9-18_Schnable_49-631-js193-302_2018-04-11_01-09-34_10003800,5,29.937,-125.232,3.632471428571421,-25.654300000000006,0.453787328903321,25.65430000000001,86.36752857142858,-26.30452857142858,99.5777,26.30452857142858,99.5777,9.829398061148519,224.0,False
4-9-18_Schnable_49-631-js193-302_2018-04-11_01-09-34_10003800,6,6.16437,131.653,31.955651020408155,150.90610000000004,0.2717184623702771,209.09389999999996,58.044348979591845,25.791281020408157,19.253100000000046,25.791281020408157,19.253100000000046,10.62090987534451,129.0,False
4-9-18_Schnable_49-632-js114-169_2018-04-11_01-11-49_10003900,0,24.7604,24.3381,12.87310408163269,16.10469999999998,0.19389272285065315,343.8953,77.12689591836731,-11.887295918367311,-8.233400000000017,11.887295918367311,8.233400000000017,2.9676615850459327,83.0,True
4-9-18_Schnable_49-632-js114-169_2018-04-11_01-11-49_10003900,1,112.397,-14.9613,28.879185714285697,-4.892899999999997,0.23298842266542763,4.8928999999999965,61.1208142857143,-83.51781428571431,10.068399999999997,83.51781428571431,10.068399999999997,1.7907167267142678,96.0,True
4-9-18_Schnable_49-632-js114-169_2018-04-11_01-11-49_10003900,2,65.6883,15.6059,41.876334693877546,118.79520000000002,0.14403367656746546,241.2048,48.123665306122454,-23.811965306122453,103.1893,23.811965306122453,103.1893,0.5283589160744663,63.0,True
4-9-18_Schnable_49-633-js244-392_2018-04-11_01-14-04_10004000,0,41.9571,-138.784,45.39472653061221,-139.8982,0.2390110234962038,139.8982,44.60527346938779,3.4376265306122136,-1.114200000000011,3.4376265306122136,1.114200000000011,1.0258090996553333,114.0,True
4-9-18_Schnable_49-633-js244-392_2018-04-11_01-14-04_10004000,1,42.1133,30.3423,41.799793877551004,35.25060000000002,0.2973070369452296,324.7494,48.200206122448996,-0.3135061224489988,4.908300000000025,0.3135061224489988,4.908300000000025,3.56901072633539,125.0,True
4-9-18_Schnable_49-633-js244-392_2018-04-11_01-14-04_10004000,2,24.262,-113.543,37.799620408163264,-129.6329,0.34265000755619907,129.6329,52.200379591836736,13.537620408163264,-16.0899,13.537620408163264,16.0899,2.0592870974279998,167.0,True
4-9-18_Schnable_49-633-js244-392_2018-04-11_01-14-04_10004000,3,36.6627,18.6261,44.68450612244897,15.112099999999998,0.3947995462532806,344.8879,45.31549387755103,8.021806122448972,-3.51400000000001,8.021806122448972,3.51400000000001,4.3782152642924075,178.0,True
4-9-18_Schnable_49-633-js244-392_2018-04-11_01-14-04_10004000,4,35.1358,-148.799,41.43916326530612,-147.902,0.48270269717514597,147.902,48.56083673469388,6.303363265306118,0.8970000000000198,6.303363265306118,0.8970000000000198,3.2443986208885542,218.0,True
4-9-18_Schnable_49-633-js244-392_2018-04-11_01-14-04_10004000,5,21.9809,27.179,16.1125857142857,6.897400000000005,0.3588133470340538,353.1026,73.8874142857143,-5.868314285714298,-20.281599999999997,5.868314285714298,20.281599999999997,5.1063154889989635,174.0,True
4-9-18_Schnable_49-633-js244-392_2018-04-11_01-14-04_10004000,6,25.69,-155.019,23.12728979591833,-158.634,0.3706773119214293,158.634,66.87271020408167,-2.5627102040816716,-3.6149999999999807,2.5627102040816716,3.6149999999999807,2.4021910544519427,163.0,True
4-9-18_Schnable_49-633-js244-392_2018-04-11_01-14-04_10004000,7,12.6635,-0.0652748,0.6780632653061218,-20.48850000000033,0.1166080736522286,20.488500000000315,89.32193673469388,-11.985436734693879,-20.42322520000033,11.985436734693879,20.42322520000033,1.6849799145888376,61.0,True
4-9-18_Schnable_49-634-js254-408_2018-04-11_01-16-16_10004100,0,15.2543,16.9752,5.205351020408173,36.52860000000004,0.20882480590073926,323.47139999999996,84.79464897959183,-10.048948979591827,19.55340000000004,10.048948979591827,19.55340000000004,2.4964117813241558,93.0,True
4-9-18_Schnable_49-634-js254-408_2018-04-11_01-16-16_10004100,1,26.2086,79.4882,0.5462244897959323,52.62889999999874,0.079692681003491,307.37110000000126,89.45377551020407,-25.66237551020407,-26.85930000000127,25.66237551020407,26.85930000000127,0.6863244586967812,41.0,True
4-9-18_Schnable_49-634-js254-408_2018-04-11_01-16-16_10004100,2,22.8435,170.205,16.874442857142853,152.67520000000002,0.2739171087880646,207.3248,73.12555714285715,-5.969057142857146,-17.529799999999994,5.969057142857146,17.529799999999994,2.828849663175043,129.0,True
4-9-18_Schnable_49-634-js254-408_2018-04-11_01-16-16_10004100,3,23.0518,21.8069,7.8273326530612195,54.76139999999998,0.3695728856852531,305.2386,82.17266734693878,-15.22446734693878,32.954499999999996,15.22446734693878,32.954499999999996,6.292648810704808,181.0,False
4-9-18_Schnable_49-634-js254-408_2018-04-11_01-16-16_10004100,4,28.4417,54.1862,8.151485714285727,82.44220000000001,0.21684470714331028,277.5578,81.84851428571427,-20.290214285714274,28.25600000000003,20.290214285714274,28.25600000000003,2.1366287789681024,103.0,True
4-9-18_Schnable_49-634-js254-408_2018-04-11_01-16-16_10004100,5,70.0448,-175.996,25.69622448979591,-177.7719,0.3238078373938487,177.7719,64.30377551020409,-44.348575510204086,-1.7758999999999787,44.348575510204086,1.7758999999999787,4.30211188944049,156.0,True
4-9-18_Schnable_49-634-js254-408_2018-04-11_01-16-16_10004100,6,29.8173,-159.421,7.3469591836734764,-160.0991,0.6124048261067785,160.0991,82.65304081632652,-22.470340816326523,-0.6781000000000006,22.470340816326523,0.6781000000000006,10.986377468306296,281.0,False
4-9-18_Schnable_49-634-js254-408_2018-04-11_01-16-16_10004100,7,12.3322,-175.253,0.26198163265306107,-178.9649,0.16016000171167147,178.9649,89.73801836734694,-12.07021836734694,-3.711900000000014,12.07021836734694,3.711900000000014,2.0198570927291097,83.0,True
4-9-18_Schnable_49-634-js254-408_2018-04-11_01-16-16_10004100,8,26.5606,-75.4841,22.250951020408195,163.37620000000004,0.19230999975895668,196.6238,67.7490489795918,-4.309648979591806,-121.13969999999995,4.309648979591806,121.13969999999995,0.7952965730462351,89.0,True
4-9-18_Schnable_49-634-js254-408_2018-04-11_01-16-16_10004100,9,53.0507,178.082,32.28141020408163,-98.24179999999998,0.37681431451724706,98.24179999999998,57.71858979591837,-20.769289795918368,83.6762,20.769289795918368,83.6762,5.086168979600877,175.0,True
4-9-18_Schnable_49-634-js254-408_2018-04-11_01-16-16_10004100,10,7.55333,122.759,8.890220408163259,-51.12379999999999,0.3608876332566669,51.12379999999998,81.10977959183674,1.336890408163259,-173.88279999999997,1.336890408163259,173.88279999999997,2.0565683137962942,173.0,True
4-9-18_Schnable_49-634-js254-408_2018-04-11_01-16-16_10004100,11,20.1715,21.7384,13.488040816326532,0.22100000000000364,0.2628509918004869,359.779,76.51195918367347,-6.68345918367347,-21.51740000000001,6.68345918367347,21.51740000000001,2.279303320143833,116.0,True
4-9-18_Schnable_49-635-js87-124_2018-04-11_01-18-28_10004200,0,47.166,-150.004,56.48286326530615,-149.8237,0.3191353871920101,149.8237,33.51713673469385,9.316863265306154,0.18029999999998836,9.316863265306154,0.18029999999998836,2.143907972841962,157.0,True
4-9-18_Schnable_49-635-js87-124_2018-04-11_01-18-28_10004200,1,38.3064,30.266,51.16566530612247,31.54759999999999,0.39107935348502004,328.4524,38.83433469387753,12.859265306122474,1.2815999999999974,12.859265306122474,1.2815999999999974,3.3999964181509252,190.0,True
4-9-18_Schnable_49-635-js87-124_2018-04-11_01-18-28_10004200,2,45.8869,-139.057,57.104469387755074,-136.4041,0.4665864287934595,136.4041,32.895530612244926,11.217569387755077,2.6528999999999883,11.217569387755077,2.6528999999999883,4.54922261009925,222.0,True
4-9-18_Schnable_49-635-js87-124_2018-04-11_01-18-28_10004200,3,33.7582,22.5849,42.946293877551,23.2543,0.5229420547855858,336.7457,47.053706122449,9.188093877550997,0.669399999999996,9.188093877550997,0.669399999999996,4.36472401150895,240.0,True
4-9-18_Schnable_49-635-js87-124_2018-04-11_01-18-28_10004200,4,32.2787,-131.184,28.07714081632652,-118.66829999999999,0.5887352362377913,118.66829999999999,61.92285918367348,-4.201559183673481,12.51570000000001,4.201559183673481,12.51570000000001,7.038787688037229,254.0,False
4-9-18_Schnable_49-635-js87-124_2018-04-11_01-18-28_10004200,5,27.5749,31.3294,24.470395918367345,3.2760000000000105,0.46566961960901615,356.724,65.52960408163266,-3.104504081632655,-28.053399999999982,3.104504081632655,28.053399999999982,5.455791842583559,218.0,False
4-9-18_Schnable_49-635-js87-124_2018-04-11_01-18-28_10004200,6,21.6911,-169.057,13.888148979591818,-147.6824,0.2572511605454608,147.6824,76.11185102040818,-7.80295102040818,21.374599999999987,7.80295102040818,21.374599999999987,2.3201711901374584,125.0,True
4-9-18_Schnable_49-636-js115-170_2018-04-11_01-20-40_10004300,0,26.5262,87.0892,27.56597755102041,83.66470000000004,0.27719510331348246,276.33529999999996,62.43402244897959,1.0397775510204106,-3.4244999999999663,1.0397775510204106,3.4244999999999663,3.4023553594232676,116.0,True
4-9-18_Schnable_49-636-js115-170_2018-04-11_01-20-40_10004300,1,30.2184,-110.825,29.991055102040796,-108.3334,0.28241441146916985,108.3334,60.0089448979592,-0.22734489795920254,2.4916000000000054,0.22734489795920254,2.4916000000000054,1.7729005715970647,133.0,True
4-9-18_Schnable_49-636-js115-170_2018-04-11_01-20-40_10004300,2,28.2562,84.2377,31.275846938775494,73.94069999999999,0.32085406858469356,286.0593,58.724153061224506,3.0196469387754945,-10.297000000000025,3.0196469387754945,10.297000000000025,2.280704060691894,153.0,True
4-9-18_Schnable_49-636-js115-170_2018-04-11_01-20-40_10004300,3,22.4953,104.434,9.659895918367354,128.78570000000002,0.16221154484411054,231.21429999999998,80.34010408163265,-12.835404081632646,24.351700000000022,12.835404081632646,24.351700000000022,1.1503860942187465,84.0,True
4-9-18_Schnable_49-636-js115-170_2018-04-11_01-20-40_10004300,4,41.419,-97.66,10.839289795918376,137.1572,0.10439461094999766,222.84279999999998,79.16071020408162,-30.57971020408162,-125.18280000000004,30.57971020408162,125.18280000000004,0.840288321134643,56.0,True
4-9-18_Schnable_49-636-js115-170_2018-04-11_01-20-40_10004300,5,15.3083,139.274,21.10504285714282,-120.44199999999998,0.27392318033817065,120.44199999999998,68.89495714285718,5.796742857142821,100.28399999999999,5.796742857142821,100.28399999999999,2.327252939475139,126.0,True
4-9-18_Schnable_49-636-js115-170_2018-04-11_01-20-40_10004300,6,20.0582,-94.701,11.604795918367387,-64.4864,0.16719125506443563,64.4864,78.39520408163261,-8.453404081632613,30.21459999999999,8.453404081632613,30.21459999999999,2.5546449533493925,73.0,True
4-9-18_Schnable_49-636-js115-170_2018-04-11_01-20-40_10004300,7,43.9258,-96.0725,11.228712244897977,12.34190000000001,0.32893224208441574,347.6581,78.77128775510202,-32.697087755102025,108.4144,32.697087755102025,108.4144,5.952391611542063,166.0,False
4-9-18_Schnable_49-636-js115-170_2018-04-11_01-20-40_10004300,8,38.8026,86.1252,29.02416530612247,-93.9338,0.3366669284185581,93.9338,60.97583469387753,-9.778434693877529,179.94099999999997,9.778434693877529,179.94099999999997,2.3004718839408964,141.0,True
4-9-18_Schnable_49-638-js17-30_2018-04-11_01-25-03_10004500,0,40.6405,172.13,39.25736326530612,171.70550000000003,0.34778637095266285,188.29449999999997,50.74263673469388,-1.3831367346938848,-0.42449999999996635,1.3831367346938848,0.42449999999996635,4.434578641370535,162.0,True
4-9-18_Schnable_49-638-js17-30_2018-04-11_01-25-03_10004500,1,27.6574,-21.1968,26.331646938775506,-25.230999999999995,0.4594130223131128,25.23100000000001,63.668353061224494,-1.3257530612244928,-4.0341999999999985,1.3257530612244928,4.0341999999999985,5.5861253466371386,233.0,False
4-9-18_Schnable_49-638-js17-30_2018-04-11_01-25-03_10004500,2,31.9348,-120.71,3.3917918367347113,-128.60250000000002,0.09616983491608497,128.60250000000002,86.60820816326529,-28.543008163265288,-7.892500000000041,28.543008163265288,7.892500000000041,0.9472754607316974,48.0,True
4-9-18_Schnable_49-638-js17-30_2018-04-11_01-25-03_10004500,3,46.2106,167.328,43.35280408163266,178.87930000000006,0.4366615567037384,181.12069999999994,46.64719591836734,-2.857795918367337,11.551300000000055,2.857795918367337,11.551300000000055,6.55034190347738,207.0,False
4-9-18_Schnable_49-638-js17-30_2018-04-11_01-25-03_10004500,4,22.196,-15.9329,17.433610204081646,-12.093199999999996,0.44961119811035277,12.093199999999996,72.56638979591835,-4.762389795918356,3.8396999999999935,4.762389795918356,3.8396999999999935,4.887217493353684,209.0,True
4-9-18_Schnable_49-638-js17-30_2018-04-11_01-25-03_10004500,5,36.8531,124.409,24.441230612245022,127.11849999999998,0.13728815746221085,232.88150000000002,65.55876938775498,-12.411869387754976,2.7094999999999914,12.411869387754976,2.7094999999999914,0.6896767901270429,71.0,True
4-9-18_Schnable_49-638-js17-30_2018-04-11_01-25-03_10004500,6,15.048,31.8053,1.4354693877550915,-161.62949999999992,0.22760776678812136,161.62949999999992,88.56453061224491,-13.612530612244909,166.56520000000012,13.612530612244909,166.56520000000012,3.244288250250533,121.0,True
4-9-18_Schnable_49-638-js17-30_2018-04-11_01-25-03_10004500,7,57.5216,-140.173,50.310687755102094,-136.9011,0.31150552619758365,136.9011,39.689312244897906,-7.210912244897905,3.271899999999988,7.210912244897905,3.271899999999988,2.9953317372327852,139.0,True
4-9-18_Schnable_49-638-js17-30_2018-04-11_01-25-03_10004500,8,21.0946,113.424,39.93995306122446,-170.0535,0.4745969471166889,170.0535,50.06004693877554,18.845353061224458,76.52249999999998,18.845353061224458,76.52249999999998,5.154807829928712,215.0,True
4-9-18_Schnable_49-638-js17-30_2018-04-11_01-25-03_10004500,9,33.5887,-65.3977,46.28105306122466,-12.147700000000015,0.23425735567582642,12.147700000000004,43.71894693877534,12.692353061224658,53.25,12.692353061224658,53.25,2.1338325640426836,93.0,True
4-9-18_Schnable_49-638-js17-30_2018-04-11_01-25-03_10004500,10,48.4848,5.86771,38.07453673469381,-24.7294,0.3525774574125495,24.729400000000005,51.92546326530619,-10.410263265306192,-30.597109999999986,10.410263265306192,30.597109999999986,2.3479016673211643,157.0,True
4-9-18_Schnable_49-639-js153-1-222_2018-04-11_01-27-16_10004600,0,37.976,168.539,27.503306122448976,163.4758,0.20384891409805944,196.5242,62.496693877551024,-10.472693877551023,-5.063199999999995,10.472693877551023,5.063199999999995,1.3913220832967996,99.0,True
4-9-18_Schnable_49-639-js153-1-222_2018-04-11_01-27-16_10004600,1,27.9384,-16.4773,26.49295918367347,-15.18610000000001,0.28095093462848536,15.186100000000005,63.50704081632653,-1.4454408163265313,1.2912000000000035,1.4454408163265313,1.2912000000000035,1.661822532600588,134.0,True
4-9-18_Schnable_49-639-js153-1-222_2018-04-11_01-27-16_10004600,2,35.993,146.354,34.330569387755105,148.22490000000005,0.31949793276361294,211.77509999999998,55.669430612244895,-1.662430612244897,1.8709000000000344,1.662430612244897,1.8709000000000344,2.3023518872607296,142.0,True
4-9-18_Schnable_49-639-js153-1-222_2018-04-11_01-27-16_10004600,3,35.2161,-8.23794,37.59784081632653,-9.1524,0.3431567027559199,9.1524,52.40215918367347,2.381740816326534,-0.9144599999999912,2.381740816326534,0.9144599999999912,2.2930644483968123,156.0,True
4-9-18_Schnable_49-639-js153-1-222_2018-04-11_01-27-16_10004600,4,33.7303,-177.646,30.478608163265292,174.02890000000002,0.31464293611277117,185.9711,59.52139183673471,-3.2516918367347074,-8.32510000000002,3.2516918367347074,8.32510000000002,1.8557300748684897,142.0,True
4-9-18_Schnable_49-639-js153-1-222_2018-04-11_01-27-16_10004600,5,18.2454,-29.7629,24.525155102040827,-26.54169999999999,0.47530606535834324,26.541700000000006,65.47484489795917,6.279755102040827,3.2212000000000103,6.279755102040827,3.2212000000000103,5.433424129792675,227.0,False
4-9-18_Schnable_49-639-js153-1-222_2018-04-11_01-27-16_10004600,6,44.7214,122.2,7.484473469387737,51.14280000000002,0.23420847468831568,308.8572,82.51552653061226,-37.236926530612266,-71.05719999999998,37.236926530612266,71.05719999999998,1.8876079450070347,118.0,True
4-9-18_Schnable_49-639-js153-1-222_2018-04-11_01-27-16_10004600,7,21.0079,29.7643,0.32208979591835885,-109.8965999999998,0.300676170969572,109.8965999999998,89.67791020408164,-20.68581020408164,-139.6608999999998,20.68581020408164,139.6608999999998,6.079027971985103,160.0,False
4-9-18_Schnable_49-641-js267-426_2018-04-11_01-31-39_10004800,0,29.6632,34.5219,26.160289795918366,37.19630000000001,0.34082972241290416,322.8037,63.83971020408163,-3.5029102040816333,2.6743999999999915,3.5029102040816333,2.6743999999999915,4.477925772548968,147.0,True
4-9-18_Schnable_49-641-js267-426_2018-04-11_01-31-39_10004800,1,28.8874,-136.539,28.664571428571442,-144.53070000000002,0.3245565961549438,144.53070000000002,61.33542857142856,-0.2228285714285576,-7.991700000000037,0.2228285714285576,7.991700000000037,2.424828001496178,146.0,True
4-9-18_Schnable_49-641-js267-426_2018-04-11_01-31-39_10004800,2,19.8925,-118.185,1.427012244897952,-95.51219999999998,0.10024058399980389,95.51219999999998,88.57298775510205,-18.465487755102046,22.672800000000024,18.465487755102046,22.672800000000024,2.022298340142671,44.0,True
4-9-18_Schnable_49-641-js267-426_2018-04-11_01-31-39_10004800,3,34.4299,33.4809,22.50268367346942,32.204000000000065,0.1620237173982466,327.79599999999994,67.49731632653058,-11.927216326530584,-1.2768999999999266,11.927216326530584,1.2768999999999266,1.5587677098459782,80.0,True
4-9-18_Schnable_49-641-js267-426_2018-04-11_01-31-39_10004800,4,26.5078,42.2083,15.429146938775474,47.97860000000003,0.17893103951437744,312.02139999999997,74.57085306122453,-11.078653061224525,5.77030000000002,11.078653061224525,5.77030000000002,1.3805369225292827,93.0,True
4-9-18_Schnable_49-641-js267-426_2018-04-11_01-31-39_10004800,5,32.5401,-167.247,24.38597551020409,-155.1068,0.1926545310760779,155.1068,65.61402448979591,-8.154124489795912,12.140200000000021,8.154124489795912,12.140200000000021,0.8961362103381977,84.0,True
4-9-18_Schnable_49-641-js267-426_2018-04-11_01-31-39_10004800,6,8.7699,-161.993,0.4728734693877499,166.32670000000007,0.11641483952037138,193.67329999999995,89.52712653061225,-8.29702653061225,-31.68029999999993,8.29702653061225,31.68029999999993,1.2452429272337602,60.0,True
4-9-18_Schnable_49-642-js136-198_2018-04-11_01-33-50_10004900,0,31.9675,-170.605,30.67869183673468,-173.4855,0.3287821935501297,173.4855,59.32130816326532,-1.2888081632653225,-2.880500000000012,1.2888081632653225,2.880500000000012,1.9471138125075529,153.0,True
4-9-18_Schnable_49-642-js136-198_2018-04-11_01-33-50_10004900,1,15.8077,31.0352,8.729048979591838,-35.86279999999999,0.4238447022851669,35.8628,81.27095102040816,-7.078651020408163,-66.898,7.078651020408163,66.898,8.876191626472176,194.0,False
4-9-18_Schnable_49-642-js136-198_2018-04-11_01-33-50_10004900,2,39.9355,179.529,36.590114285714264,-178.1746,0.3991988697021802,178.1746,53.409885714285736,-3.345385714285733,2.2964000000000055,3.345385714285733,2.2964000000000055,5.040925134949026,189.0,True
4-9-18_Schnable_49-642-js136-198_2018-04-11_01-33-50_10004900,3,18.2037,-46.0343,1.0616836734693749,1.8940000000000055,0.20899246344613986,358.106,88.93831632653063,-17.142016326530626,47.92830000000001,17.142016326530626,47.92830000000001,2.8238365613985827,114.0,True
4-9-18_Schnable_49-642-js136-198_2018-04-11_01-33-50_10004900,4,72.8345,144.159,23.370861224489786,176.10180000000003,0.5103212157877894,183.89819999999997,66.62913877551021,-49.46363877551022,31.942800000000034,49.46363877551022,31.942800000000034,13.156642880342801,261.0,False
4-9-18_Schnable_49-642-js136-198_2018-04-11_01-33-50_10004900,5,28.4155,-159.509,22.77792448979592,128.40360000000004,0.47929471486813424,231.59639999999996,67.22207551020408,-5.63757551020408,-72.0874,5.63757551020408,72.0874,5.2839649143648435,233.0,True
4-9-18_Schnable_49-642-js136-198_2018-04-11_01-33-50_10004900,6,29.5242,10.7585,19.465359183673485,15.429200000000037,0.3371479258527263,344.57079999999996,70.53464081632652,-10.058840816326516,4.670700000000039,10.058840816326516,4.670700000000039,6.019013680338312,159.0,False
4-9-18_Schnable_49-642-js136-198_2018-04-11_01-33-50_10004900,7,43.3189,-49.5225,42.40239387755107,-35.2431,0.19494446241961033,35.24309999999999,47.59760612244893,-0.9165061224489293,14.27940000000001,0.9165061224489293,14.27940000000001,1.4449047914831419,83.0,True
4-9-18_Schnable_49-642-js136-198_2018-04-11_01-33-50_10004900,8,60.5926,51.9486,44.281514285714216,27.89530000000002,0.26665571797859605,332.1047,45.718485714285784,-16.31108571428578,-24.05329999999998,16.31108571428578,24.05329999999998,2.8867285725485603,140.0,True
4-9-18_Schnable_49-643-js82-115_2018-04-11_01-36-02_10005000,0,27.257,142.284,22.540202040816325,133.45230000000004,0.3188885553005433,226.54769999999996,67.45979795918367,-4.716797959183676,-8.831699999999955,4.716797959183676,8.831699999999955,4.058229098448578,154.0,True
4-9-18_Schnable_49-643-js82-115_2018-04-11_01-36-02_10005000,1,26.4918,-16.2198,23.494279591836744,-24.345,0.3522968922788749,24.34499999999999,66.50572040816326,-2.9975204081632576,-8.125200000000007,2.9975204081632576,8.125200000000007,2.066352627223837,151.0,True
4-9-18_Schnable_49-643-js82-115_2018-04-11_01-36-02_10005000,2,29.6545,160.016,26.74977142857142,171.1092,0.363191939525828,188.89079999999998,63.25022857142858,-2.9047285714285778,11.093199999999996,2.9047285714285778,11.093199999999996,3.2926511439118684,172.0,True
4-9-18_Schnable_49-643-js82-115_2018-04-11_01-36-02_10005000,3,22.0586,-19.4068,15.720740816326526,-21.2534,0.4287690023615045,21.253400000000003,74.27925918367347,-6.337859183673473,-1.8465999999999951,6.337859183673473,1.8465999999999951,3.0857073128703383,196.0,True
4-9-18_Schnable_49-643-js82-115_2018-04-11_01-36-02_10005000,4,41.326,85.7978,38.0210081632655,87.63049999999998,0.11938017682103244,272.3695,51.9789918367345,-3.3049918367345015,1.8326999999999884,3.3049918367345015,1.8326999999999884,2.4835901685308177,60.0,True
4-9-18_Schnable_49-643-js82-115_2018-04-11_01-36-02_10005000,5,19.1919,-138.142,23.819102040816304,-176.5647,0.4567576171404963,176.5647,66.1808979591837,4.627202040816304,-38.42269999999999,4.627202040816304,38.42269999999999,3.109212281826788,222.0,True
4-9-18_Schnable_49-643-js82-115_2018-04-11_01-36-02_10005000,6,33.5107,9.02121,18.462591836734703,9.752899999999954,0.5015352414086119,350.24710000000005,71.5374081632653,-15.048108163265297,0.7316899999999578,15.048108163265297,0.7316899999999578,3.2921890790126946,231.0,True
4-9-18_Schnable_49-643-js82-115_2018-04-11_01-36-02_10005000,7,25.1228,-170.723,4.4359734693877755,58.287600000000054,0.31003325076105126,301.71239999999995,85.56402653061222,-20.686826530612226,-130.98939999999993,20.686826530612226,130.98939999999993,2.8444317167065463,156.0,True
4-9-18_Schnable_49-643-js82-115_2018-04-11_01-36-02_10005000,8,14.4949,45.8587,11.986671428571427,172.47609999999997,0.4750078687827985,187.5239,78.01332857142857,-2.508228571428573,126.61739999999998,2.508228571428573,126.61739999999998,5.065884561314411,243.0,True
4-9-18_Schnable_49-644-js191-300_2018-04-11_01-38-13_10005100,0,27.3038,149.857,21.294548979591838,155.74309999999997,0.20835431601383664,204.25690000000003,68.70545102040816,-6.009251020408161,5.886099999999971,6.009251020408161,5.886099999999971,1.3097069973098685,90.0,True
4-9-18_Schnable_49-644-js191-300_2018-04-11_01-38-13_10005100,1,21.2306,-16.8882,21.21474489795918,-13.360399999999998,0.28446000789755865,13.3604,68.78525510204082,-0.015855102040820412,3.5278000000000134,0.015855102040820412,3.5278000000000134,1.8451328171506878,124.0,True
4-9-18_Schnable_49-644-js191-300_2018-04-11_01-38-13_10005100,2,23.7871,-179.968,18.262322448979603,179.6904,0.22779973493480984,180.3096,71.7376775510204,-5.524777551020396,-0.34159999999997126,5.524777551020396,0.34159999999997126,1.4005570247642782,106.0,True
4-9-18_Schnable_49-644-js191-300_2018-04-11_01-38-13_10005100,3,18.7317,-28.6637,14.96678571428572,-23.875400000000013,0.2857868598908081,23.875400000000003,75.03321428571428,-3.76491428571428,4.7882999999999925,3.76491428571428,4.7882999999999925,2.7333937954215455,135.0,True
4-9-18_Schnable_49-644-js191-300_2018-04-11_01-38-13_10005100,4,23.1261,-164.956,18.098379591836746,-169.6639,0.3205136276045019,169.6639,71.90162040816325,-5.027720408163255,-4.7079000000000235,5.027720408163255,4.7079000000000235,2.3522258683870616,155.0,True
4-9-18_Schnable_49-644-js191-300_2018-04-11_01-38-13_10005100,5,22.9536,-16.5381,12.662975510204078,-3.4269999999999925,0.2800872340420878,3.4270000000000023,77.33702448979592,-10.290624489795924,13.111100000000022,10.290624489795924,13.111100000000022,1.7377239362004278,142.0,True
4-9-18_Schnable_49-644-js191-300_2018-04-11_01-38-13_10005100,6,16.7175,162.834,7.873181632653072,166.29179999999997,0.1782229131333776,193.7082,82.12681836734693,-8.84431836734693,3.4577999999999633,8.84431836734693,3.4577999999999633,1.4249180494145028,93.0,True
4-9-18_Schnable_49-JS42-2-69_2018-04-11_02-01-32_9973900,0,29.9379,-167.774,29.28258775510205,-168.61420000000004,0.37463921449560456,168.61420000000004,60.71741224489795,-0.6553122448979494,-0.8402000000000385,0.6553122448979494,0.8402000000000385,2.6707824364102075,163.0,True
4-9-18_Schnable_49-JS42-2-69_2018-04-11_02-01-32_9973900,1,21.4543,-15.2563,29.649563265306135,-11.122899999999987,0.4396164217417817,11.122899999999996,60.350436734693865,8.195263265306135,4.133400000000023,8.195263265306135,4.133400000000023,3.36092494917654,195.0,True
4-9-18_Schnable_49-JS42-2-69_2018-04-11_02-01-32_9973900,2,40.92,-9.6304,18.411710204081643,-20.773500000000013,0.09538244681962901,20.773500000000016,71.58828979591836,-22.50828979591836,-11.143100000000004,22.50828979591836,11.143100000000004,1.3906848504774905,43.0,True
4-9-18_Schnable_49-JS42-2-69_2018-04-11_02-01-32_9973900,3,27.5757,-163.485,31.405883673469397,-165.92970000000003,0.46239831615022264,165.92970000000003,58.5941163265306,3.8301836734693957,-2.4447000000000116,3.8301836734693957,2.4447000000000116,4.67917382012537,216.0,True
4-9-18_Schnable_49-JS42-2-69_2018-04-11_02-01-32_9973900,4,30.4137,8.32835,29.052167346938788,-0.3591000000000122,0.3954989267222949,0.35909999999999986,60.94783265306121,-1.3615326530612109,-8.687450000000013,1.3615326530612109,8.687450000000013,3.479936783658787,174.0,True
4-9-18_Schnable_49-JS42-2-69_2018-04-11_02-01-32_9973900,5,34.6037,-174.533,29.44867142857146,-150.1104,0.5219210858902237,150.1104,60.55132857142854,-5.155028571428545,24.42259999999999,5.155028571428545,24.42259999999999,4.039379849114263,236.0,True
4-9-18_Schnable_49-JS42-2-69_2018-04-11_02-01-32_9973900,6,27.1548,21.6473,29.0313306122449,158.78740000000005,0.3894922487349115,201.21259999999998,60.9686693877551,1.876530612244899,137.14010000000007,1.876530612244899,137.14010000000007,4.965694906344152,186.0,True
4-9-18_Schnable_49-JS42-2-69_2018-04-11_02-01-32_9973900,7,23.4191,-152.862,13.03219591836735,30.927999999999997,0.546136548024586,329.072,76.96780408163265,-10.38690408163265,-176.21000000000004,10.38690408163265,176.21000000000004,5.164626664510873,267.0,True
